focalLoss,contrastive_loss,loss
0.10064370185136795,0.7039104700088501,1.7103475332260132
0.12069126218557358,0.9359829425811768,2.1428956985473633
0.09850828349590302,0.7089805603027344,1.694063425064087
0.09931739419698715,0.8375157117843628,1.8306896686553955
0.10138159990310669,0.7028698921203613,1.7166858911514282
0.1011938601732254,0.9387257099151611,1.9506642818450928
0.11079833656549454,0.9460012912750244,2.0539846420288086
0.10547129064798355,0.8367191553115845,1.8914320468902588
0.10111638158559799,0.7065871953964233,1.7177510261535645
0.1045469269156456,1.0153191089630127,2.06078839302063
0.11376016587018967,1.0735098123550415,2.211111545562744
0.09621185064315796,0.5450550317764282,1.5071735382080078
0.1129136011004448,0.9900997877120972,2.1192357540130615
0.09691128134727478,0.8349047899246216,1.8040175437927246
0.10899852961301804,1.0202066898345947,2.110191822052002
0.10547351092100143,0.709097146987915,1.7638322114944458
0.10436155647039413,0.6947756409645081,1.7383911609649658
0.10707797110080719,0.9260504841804504,1.9968302249908447
0.10516992956399918,0.8402985334396362,1.8919978141784668
0.09816493839025497,0.3560587167739868,1.3377081155776978
0.09597282856702805,0.7100849151611328,1.6698131561279297
0.10451706498861313,0.8372478485107422,1.8824185132980347
0.12270311266183853,1.0375831127166748,2.2646141052246094
0.10823812335729599,0.9365236759185791,2.0189049243927
0.11081789433956146,1.0091028213500977,2.117281913757324
0.09982281178236008,0.8338618874549866,1.8320900201797485
0.10693635791540146,1.0153510570526123,2.084714651107788
0.10504551231861115,1.0394597053527832,2.0899147987365723
0.09754792600870132,1.0513813495635986,2.0268607139587402
0.1107933446764946,0.9418177604675293,2.0497512817382812
0.10725316405296326,0.9428683519363403,2.015399932861328
0.10966604948043823,0.836000919342041,1.9326614141464233
0.10639433562755585,1.0578811168670654,2.1218245029449463
0.10325843095779419,0.8333611488342285,1.8659454584121704
0.10211319476366043,0.7089955806732178,1.7301275730133057
0.10142670571804047,1.0558099746704102,2.0700769424438477
0.09892521053552628,0.9375442266464233,1.926796317100525
0.10716135054826736,0.9376119375228882,2.009225368499756
0.09429335594177246,0.7070887684822083,1.650022268295288
0.09923155605792999,0.8399614691734314,1.8322770595550537
0.10336033254861832,0.9418932795524597,1.975496530532837
0.10559654235839844,0.9413400888442993,1.9973055124282837
0.1111251711845398,1.0036635398864746,2.114915370941162
0.09910169988870621,0.705848753452301,1.6968657970428467
0.10940153896808624,1.0684607028961182,2.162476062774658
0.10279020667076111,0.9393563270568848,1.9672584533691406
0.10126551240682602,0.6910245418548584,1.7036796808242798
0.10668551921844482,0.7011129260063171,1.7679681777954102
0.10242123156785965,0.8330512046813965,1.8572635650634766
0.10545212030410767,0.8435713648796082,1.89809250831604
0.09735476225614548,0.8083603382110596,1.7819080352783203
0.10066258162260056,0.939295768737793,1.945921540260315
0.10033047199249268,0.9424821138381958,1.9457868337631226
0.09898057579994202,0.8398563861846924,1.8296620845794678
0.1084340363740921,0.939035177230835,2.0233755111694336
0.09303370118141174,0.703953742980957,1.6342906951904297
0.09613968431949615,0.5444432497024536,1.5058400630950928
0.0933140367269516,0.7062915563583374,1.6394319534301758
0.1113620400428772,1.0543445348739624,2.1679649353027344
0.09716663509607315,0.8364266157150269,1.8080929517745972
0.09787524491548538,0.5491008758544922,1.52785325050354
0.09922827035188675,0.8392434120178223,1.8315260410308838
0.09896886348724365,1.0079655647277832,1.9976541996002197
0.09874972701072693,0.9391064047813416,1.9266036748886108
0.09985393285751343,0.8356916904449463,1.8342310190200806
0.0996374860405922,0.5477129817008972,1.5440878868103027
0.10126691311597824,0.6993674039840698,1.7120364904403687
0.10186649858951569,0.9314516186714172,1.9501166343688965
0.10030774027109146,0.7026560306549072,1.7057334184646606
0.10533586144447327,0.936294674873352,1.98965322971344
0.09636075794696808,0.7093673944473267,1.672974944114685
0.10417475551366806,1.0045305490493774,2.0462779998779297
0.10989607870578766,1.0317151546478271,2.130675792694092
0.09859766811132431,0.8244812488555908,1.8104579448699951
0.09832516312599182,1.0117912292480469,1.9950428009033203
0.10690171271562576,1.0164506435394287,2.08546781539917
0.10383875668048859,0.7012389898300171,1.7396265268325806
0.10029856115579605,1.0546729564666748,2.0576586723327637
0.10345436632633209,0.9283148646354675,1.9628584384918213
0.10027097165584564,1.0120213031768799,2.014730930328369
0.10925110429525375,0.5469192266464233,1.639430284500122
0.10532774776220322,0.547500491142273,1.6007779836654663
0.10804976522922516,0.6987760066986084,1.7792736291885376
0.09951015561819077,0.8305628299713135,1.8256644010543823
0.0879473015666008,0.35399317741394043,1.2334661483764648
0.10395161807537079,0.7041847705841064,1.7437009811401367
0.12326477468013763,1.034327745437622,2.2669754028320312
0.1233871653676033,1.0245997905731201,2.2584714889526367
0.11313528567552567,1.0057979822158813,2.137150764465332
0.09489751607179642,0.7055865526199341,1.6545617580413818
0.09654873609542847,0.9351146817207336,1.900602102279663
0.10369034856557846,0.3561776876449585,1.3930811882019043
0.10601852089166641,0.6990635395050049,1.7592487335205078
0.09940357506275177,1.0436856746673584,2.0377213954925537
0.11209242790937424,0.5388345718383789,1.6597588062286377
0.10267313569784164,0.9966193437576294,2.023350715637207
0.10504286736249924,0.5462749004364014,1.5967035293579102
0.10046633332967758,0.8366917967796326,1.8413550853729248
0.09672151505947113,0.5424686670303345,1.5096838474273682
0.0981326773762703,0.824091911315918,1.8054187297821045
0.10596150159835815,0.9306579828262329,1.9902729988098145
0.10600800812244415,1.0118879079818726,2.0719680786132812
0.09117087721824646,0.5443793535232544,1.4560880661010742
0.10943865031003952,1.001852035522461,2.096238613128662
0.10087292641401291,0.8323215246200562,1.8410507440567017
0.09905381500720978,0.8339102268218994,1.8244483470916748
0.1037738248705864,0.926936149597168,1.9646743535995483
0.0993034616112709,1.0081896781921387,2.0012242794036865
0.10776156187057495,1.0278651714324951,2.105480670928955
0.09528078883886337,0.7938447594642639,1.746652603149414
0.10399284958839417,0.8305846452713013,1.8705130815505981
0.09994017332792282,0.8350059390068054,1.8344076871871948
0.1042705699801445,0.818237841129303,1.8609435558319092
0.10280632227659225,0.5460331439971924,1.5740963220596313
0.10650642961263657,0.9977304339408875,2.0627946853637695
0.09118666499853134,0.35914531350135803,1.2710119485855103
0.09619960933923721,0.5400394201278687,1.5020354986190796
0.11260899156332016,1.0387628078460693,2.1648526191711426
0.0988246351480484,0.7048998475074768,1.6931462287902832
0.10205557197332382,1.0074024200439453,2.0279581546783447
0.10165240615606308,0.8324649333953857,1.8489890098571777
0.0955059826374054,0.5449005961418152,1.4999604225158691
0.09253291040658951,0.5453073978424072,1.4706364870071411
0.09690139442682266,0.6548876166343689,1.623901605606079
0.09945788234472275,0.7003320455551147,1.6949108839035034
0.10471583157777786,0.9323093891143799,1.979467749595642
0.10286230593919754,0.9318376779556274,1.9604607820510864
0.09503380954265594,0.6987215280532837,1.6490596532821655
0.0980134829878807,0.9191124439239502,1.8992472887039185
0.09296755492687225,0.699622392654419,1.6292979717254639
0.10378623753786087,0.9331687688827515,1.9710311889648438
0.10254614055156708,0.6882343292236328,1.713695764541626
0.10210465639829636,0.5346977114677429,1.5557441711425781
0.09616231918334961,0.7041217088699341,1.6657449007034302
0.095891073346138,0.826467752456665,1.7853784561157227
0.10838282108306885,1.0101048946380615,2.09393310546875
0.10029097646474838,0.9181898236274719,1.9210996627807617
0.10829158127307892,0.9978744387626648,2.0807902812957764
0.09915833920240402,0.824121356010437,1.8157048225402832
0.10370033979415894,0.9360052943229675,1.973008632659912
0.0920865535736084,0.8287769556045532,1.7496424913406372
0.10352949798107147,1.000049352645874,2.035344362258911
0.10120470821857452,1.0379904508590698,2.050037384033203
0.10123799741268158,0.9980840682983398,2.0104641914367676
0.0977187529206276,0.9342732429504395,1.9114607572555542
0.09920261800289154,1.0045915842056274,1.9966177940368652
0.09439685940742493,0.8276639580726624,1.7716325521469116
0.09613613039255142,0.9330982565879822,1.8944594860076904
0.09432107955217361,0.702512264251709,1.6457231044769287
0.09467089921236038,0.7025754451751709,1.6492843627929688
0.09129417687654495,0.827580451965332,1.7405221462249756
0.1021277904510498,0.9393966197967529,1.960674524307251
0.10055384784936905,0.9164953231811523,1.9220337867736816
0.10643092542886734,0.9345182776451111,1.9988274574279785
0.09510152041912079,0.45986703038215637,1.4108822345733643
0.10679976642131805,1.0225982666015625,2.0905959606170654
0.1030213013291359,0.9824849963188171,2.01269793510437
0.09648244827985764,0.6285540461540222,1.5933785438537598
0.09884136915206909,0.8120347261428833,1.8004484176635742
0.09669163078069687,0.7079607248306274,1.6748770475387573
0.10070273280143738,0.8142046928405762,1.8212320804595947
0.09620554745197296,0.9300305843353271,1.8920860290527344
0.09785950928926468,0.9223976731300354,1.900992751121521
0.10087186843156815,0.9250438213348389,1.933762550354004
0.10206728428602219,0.918118953704834,1.9387917518615723
0.09901585429906845,0.6993440985679626,1.6895027160644531
0.10352370887994766,0.8946597576141357,1.9298968315124512
0.09365453571081161,0.5425756573677063,1.4791209697723389
0.09941483289003372,0.7728248834609985,1.7669732570648193
0.0944654569029808,0.8136168122291565,1.7582714557647705
0.1101486086845398,1.0042611360549927,2.1057472229003906
0.08949440717697144,0.5442330241203308,1.4391770362854004
0.09066921472549438,0.543106198310852,1.449798345565796
0.10570542514324188,0.8312275409698486,1.8882818222045898
0.10584408789873123,0.8298478126525879,1.8882887363433838
0.10486043989658356,0.9852823615074158,2.033886671066284
0.08784407377243042,0.3664397597312927,1.2448804378509521
0.10023010522127151,0.8211780786514282,1.823479175567627
0.10215696692466736,0.8226422667503357,1.8442120552062988
0.10299984365701675,1.0288844108581543,2.058882713317871
0.10217694193124771,0.700980007648468,1.7227494716644287
0.09320051223039627,0.9185723662376404,1.850577473640442
0.10702485591173172,0.5451184511184692,1.61536705493927
0.10868983715772629,0.35539716482162476,1.4422955513000488
0.09964584559202194,0.9103318452835083,1.9067902565002441
0.10084709525108337,0.9177147150039673,1.9261857271194458
0.09579022228717804,0.6755234599113464,1.6334257125854492
0.10074482858181,0.8255980014801025,1.833046317100525
0.113433338701725,1.0243316888809204,2.158665180206299
0.09718789160251617,0.7775644063949585,1.7494432926177979
0.09273252636194229,0.5459561944007874,1.4732813835144043
0.08715458959341049,0.3713315725326538,1.24287748336792
0.099606953561306,0.8248783946037292,1.8209478855133057
0.09854240715503693,0.6972759366035461,1.6826999187469482
0.10338052362203598,0.9283273220062256,1.9621325731277466
0.10366714745759964,0.7994751334190369,1.836146593093872
0.10421420633792877,0.9743431806564331,2.0164852142333984
0.1034836620092392,1.0017132759094238,2.0365500450134277
0.09817920625209808,0.9758188724517822,1.9576109647750854
0.10432034730911255,0.19193719327449799,1.2351406812667847
0.09978802502155304,0.6999735236167908,1.6978538036346436
0.10063193738460541,0.8306373953819275,1.8369567394256592
0.09882223606109619,0.6974568367004395,1.6856791973114014
0.0935063511133194,0.9007834196090698,1.8358469009399414
0.09687171131372452,0.3660520017147064,1.3347691297531128
0.09955479204654694,1.0122370719909668,2.007784843444824
0.10153882950544357,0.9561367034912109,1.971524953842163
0.08627432584762573,0.36454227566719055,1.2272855043411255
0.09955059736967087,0.8701468110084534,1.8656527996063232
0.09495621174573898,0.821596622467041,1.7711586952209473
0.09551967680454254,0.7003040313720703,1.6555007696151733
0.09316553920507431,0.6942752599716187,1.625930666923523
0.10591191798448563,0.9727229475975037,2.0318422317504883
0.09766119718551636,0.8102246522903442,1.7868366241455078
0.1079673245549202,0.9834938049316406,2.063167095184326
0.09888768941164017,0.8116459846496582,1.800522804260254
0.09743799269199371,0.6928821802139282,1.667262077331543
0.09736321866512299,0.35752466320991516,1.331156849861145
0.0986735001206398,0.932044506072998,1.9187794923782349
0.0967373475432396,0.3627895712852478,1.3301630020141602
0.09024953097105026,0.6911596059799194,1.5936548709869385
0.0952877402305603,0.7751048803329468,1.7279822826385498
0.1005915179848671,1.0083492994308472,2.0142645835876465
0.08946974575519562,0.7827968597412109,1.6774942874908447
0.09436701983213425,0.8029757738113403,1.7466459274291992
0.09958308190107346,0.8144619464874268,1.8102927207946777
0.09176171571016312,0.7873320579528809,1.704949140548706
0.09599234163761139,0.897099494934082,1.8570228815078735
0.10162042826414108,0.8137263655662537,1.8299305438995361
0.09442594647407532,0.6980136632919312,1.642273187637329
0.09554331004619598,0.8943090438842773,1.8497421741485596
0.11198293417692184,0.9142636060714722,2.034092903137207
0.09234530478715897,0.5451295375823975,1.4685826301574707
0.09677261859178543,0.5536041259765625,1.5213303565979004
0.09600164741277695,0.6699239015579224,1.629940390586853
0.0995495542883873,0.5549947023391724,1.5504902601242065
0.11484821885824203,0.9743423461914062,2.1228246688842773
0.0912582278251648,0.6909393072128296,1.6035215854644775
0.09809846431016922,0.5361652374267578,1.5171499252319336
0.09742751717567444,0.5327533483505249,1.507028579711914
0.09445508569478989,0.9144437909126282,1.858994722366333
0.11047688871622086,0.8684802055358887,1.973249077796936
0.09101271629333496,0.9676446318626404,1.8777718544006348
0.1001371294260025,0.8958851099014282,1.8972563743591309
0.0965891107916832,0.9443337917327881,1.9102249145507812
0.10210790485143661,0.5481874942779541,1.5692665576934814
0.0997483879327774,0.6889783143997192,1.686462163925171
0.0955219715833664,0.8890817165374756,1.844301462173462
0.09766615927219391,0.5277402997016907,1.5044019222259521
0.09898924082517624,0.6594219207763672,1.6493144035339355
0.09781531989574432,0.8114331960678101,1.7895864248275757
0.09596032649278641,0.3835495710372925,1.3431527614593506
0.09564557671546936,0.677727222442627,1.6341829299926758
0.12633450329303741,0.947832465171814,2.211177349090576
0.11486952006816864,0.9595766067504883,2.108271837234497
0.08680984377861023,0.5881724953651428,1.4562709331512451
0.08431326597929001,0.5792920589447021,1.4224247932434082
0.0955597460269928,0.8068263530731201,1.7624237537384033
0.1024877205491066,0.7459031343460083,1.770780324935913
0.1014849990606308,0.9116879105567932,1.9265379905700684
0.09934160858392715,0.8829439282417297,1.8763599395751953
0.10197776556015015,0.5572688579559326,1.577046513557434
0.1027841866016388,0.599027693271637,1.6268694400787354
0.10682642459869385,0.7245833873748779,1.7928476333618164
0.0972796231508255,0.9133303165435791,1.8861265182495117
0.10688255727291107,0.25875237584114075,1.3275779485702515
0.1033288910984993,0.8133417367935181,1.8466306924819946
0.09944125264883041,0.926415205001831,1.9208277463912964
0.09638971090316772,0.7770177721977234,1.7409148216247559
0.10420980304479599,0.9042923450469971,1.9463903903961182
0.09841267019510269,0.9354485273361206,1.9195752143859863
0.09574204683303833,0.6508978605270386,1.6083183288574219
0.09786391258239746,0.8893195390701294,1.867958664894104
0.09560658037662506,0.7885775566101074,1.7446433305740356
0.09403234720230103,0.8017246723175049,1.7420481443405151
0.09976637363433838,0.7722468376159668,1.7699105739593506
0.09932881593704224,0.49098896980285645,1.4842771291732788
0.10322365909814835,1.0254716873168945,2.057708263397217
0.09978091716766357,0.8967510461807251,1.8945602178573608
0.09815007448196411,0.7708009481430054,1.7523016929626465
0.09526833891868591,0.9879610538482666,1.9406445026397705
0.0962294414639473,0.8094576597213745,1.771752119064331
0.10118260979652405,0.8865581750869751,1.8983842134475708
0.09247110038995743,0.9682066440582275,1.8929176330566406
0.09676820039749146,0.9387450814247131,1.9064271450042725
0.09219685941934586,0.7824389934539795,1.7044075727462769
0.10173580795526505,0.5469540357589722,1.5643121004104614
0.09571301192045212,0.6888042688369751,1.6459343433380127
0.09877519309520721,0.8699073791503906,1.8576593399047852
0.09460385888814926,0.545603334903717,1.4916419982910156
0.10360831022262573,0.8579663038253784,1.8940494060516357
0.09336654841899872,0.7709842920303345,1.704649806022644
0.10426317900419235,0.8744221925735474,1.9170539379119873
0.09591306000947952,0.6925646066665649,1.6516952514648438
0.10130713135004044,0.678028404712677,1.6910996437072754
0.10564099252223969,0.7875730991363525,1.8439830541610718
0.09262154996395111,0.6786426305770874,1.604858160018921
0.09750264137983322,0.74721759557724,1.7222440242767334
0.099403977394104,0.8154783248901367,1.8095180988311768
0.09706328064203262,0.6777997016906738,1.6484324932098389
0.09907449781894684,0.8271936178207397,1.8179385662078857
0.09446684271097183,0.3106629252433777,1.25533127784729
0.0993315577507019,0.8396228551864624,1.8329384326934814
0.10152813047170639,0.3005567789077759,1.315838098526001
0.10027672350406647,0.8462376594543457,1.849004864692688
0.10028347373008728,0.6933218240737915,1.696156620979309
0.1014680415391922,0.7996997833251953,1.814380168914795
0.10361718386411667,0.7474111318588257,1.7835829257965088
0.09493450075387955,0.7009190320968628,1.650264024734497
0.106926828622818,0.9587624073028564,2.0280306339263916
0.0964607372879982,0.6414977312088013,1.606105089187622
0.10494695603847504,0.8332424759864807,1.8827121257781982
0.1074041798710823,0.7697488069534302,1.8437906503677368
0.09831290692090988,0.6607943177223206,1.6439234018325806
0.10041287541389465,0.8435232639312744,1.8476519584655762
0.09899599850177765,0.8374812602996826,1.8274412155151367
0.09042446315288544,0.7980072498321533,1.70225191116333
0.095761239528656,0.8596710562705994,1.8172833919525146
0.09624053537845612,0.7818969488143921,1.7443022727966309
0.0929427295923233,0.9056576490402222,1.8350849151611328
0.09839149564504623,0.882159948348999,1.8660749197006226
0.10019737482070923,0.7081882953643799,1.7101620435714722
0.09504971653223038,0.5485243201255798,1.4990215301513672
0.09910371899604797,0.8290327787399292,1.8200700283050537
0.09670154005289078,0.7646265029907227,1.7316418886184692
0.0932842418551445,0.5501526594161987,1.4829950332641602
0.09554914385080338,0.859924852848053,1.8154163360595703
0.109258733689785,0.857660174369812,1.9502475261688232
0.09898994863033295,0.5421299934387207,1.5320295095443726
0.09906541556119919,0.7712762951850891,1.7619304656982422
0.10734385997056961,0.7832123041152954,1.856650948524475
0.10058237612247467,0.6602714657783508,1.66609525680542
0.10944660007953644,0.6845542192459106,1.7790201902389526
0.09337431937456131,0.7711669206619263,1.7049100399017334
0.09191281348466873,0.5202592611312866,1.439387321472168
0.09554079920053482,0.8598289489746094,1.8152369260787964
0.10884988307952881,0.7817237973213196,1.870222568511963
0.10097997635602951,0.6511251926422119,1.6609249114990234
0.1038283184170723,0.8138139247894287,1.8520971536636353
0.09099771082401276,0.817905068397522,1.7278821468353271
0.09890855848789215,0.8533645868301392,1.8424501419067383
0.09837043285369873,0.8588486313819885,1.842552900314331
0.0984255000948906,0.44331783056259155,1.4275728464126587
0.09319385886192322,0.6977720260620117,1.6297106742858887
0.09513296186923981,0.6047022342681885,1.5560318231582642
0.0959402397274971,0.6456814408302307,1.6050838232040405
0.0978393405675888,0.790775716304779,1.7691690921783447
0.1060585305094719,0.6477993726730347,1.70838463306427
0.09756477922201157,0.7983645796775818,1.7740123271942139
0.09872480481863022,0.7453315854072571,1.7325797080993652
0.08626945316791534,0.5793662071228027,1.4420607089996338
0.10169344395399094,0.6675373315811157,1.6844717264175415
0.0956941470503807,0.6522563099861145,1.6091978549957275
0.09550318866968155,0.5535187721252441,1.5085506439208984
0.10129855573177338,0.7485520243644714,1.7615375518798828
0.1001863032579422,0.633796215057373,1.6356592178344727
0.09615343809127808,0.7083485126495361,1.669882893562317
0.0941435843706131,0.6909959316253662,1.6324317455291748
0.10392309725284576,0.6579589247703552,1.6971898078918457
0.09617065638303757,0.6371556520462036,1.5988621711730957
0.10755359381437302,0.7756900787353516,1.8512259721755981
0.10443421453237534,0.7210204601287842,1.7653626203536987
0.09363055974245071,0.7377962470054626,1.6741018295288086
0.10566209256649017,0.7250116467475891,1.781632661819458
0.08935599774122238,0.6947749257087708,1.5883349180221558
0.10433162748813629,0.45649975538253784,1.4998159408569336
0.09682681411504745,0.7613258957862854,1.7295939922332764
0.11131316423416138,0.6349414587020874,1.7480731010437012
0.09603788703680038,0.4562857747077942,1.4166646003723145
0.09857945144176483,0.6761870384216309,1.6619815826416016
0.10679091513156891,0.7336153984069824,1.8015245199203491
0.09659314900636673,0.6852993965148926,1.651230812072754
0.10201209783554077,0.597508430480957,1.6176294088363647
0.10093151777982712,0.7566965818405151,1.7660117149353027
0.09183619171380997,0.7031960487365723,1.6215579509735107
0.10113977640867233,0.6391759514808655,1.65057373046875
0.10024280846118927,0.7620719075202942,1.7644999027252197
0.1053849309682846,0.7316375374794006,1.7854869365692139
0.09998975694179535,0.7835181355476379,1.7834157943725586
0.09287716448307037,0.5226930975914001,1.4514646530151367
0.09426867961883545,0.6265749931335449,1.5692617893218994
0.09732194989919662,0.5923930406570435,1.565612554550171
0.09258724749088287,0.7697508335113525,1.6956232786178589
0.10496477037668228,0.7066136598587036,1.7562613487243652
0.09630359709262848,0.5314845442771912,1.4945204257965088
0.09875010699033737,0.7082027196884155,1.6957037448883057
0.10026921331882477,0.7571585774421692,1.7598507404327393
0.10332898795604706,0.6069235801696777,1.6402134895324707
0.10654116421937943,0.7187014818191528,1.7841131687164307
0.09384957700967789,0.6689338684082031,1.6074296236038208
0.10519838333129883,0.6988039016723633,1.7507877349853516
0.09367933869361877,0.6902483105659485,1.6270416975021362
0.09595052897930145,0.40712714195251465,1.3666324615478516
0.1012190654873848,0.6537951231002808,1.6659858226776123
0.09831768274307251,0.5343174338340759,1.5174942016601562
0.09859807789325714,0.5852476954460144,1.5712285041809082
0.10107526183128357,0.6624313592910767,1.6731840372085571
0.09841018170118332,0.6823498010635376,1.6664516925811768
0.09516850113868713,0.5619165897369385,1.513601541519165
0.1030697152018547,0.6336086392402649,1.6643056869506836
0.11871831119060516,0.7368524074554443,1.9240355491638184
0.10575703531503677,0.7175968885421753,1.7751672267913818
0.1121625304222107,0.6882919669151306,1.8099172115325928
0.09534960240125656,0.6418087482452393,1.5953047275543213
0.09908556193113327,0.6342477798461914,1.62510347366333
0.10004635900259018,0.6575385332107544,1.6580021381378174
0.10056893527507782,0.6854472160339355,1.6911365985870361
0.10269071906805038,0.7335227727890015,1.7604299783706665
0.09758477658033371,0.6503847241401672,1.6262325048446655
0.09301342070102692,0.7839337587356567,1.7140679359436035
0.09550986438989639,0.5341464281082153,1.489245057106018
0.10385490953922272,0.7362937927246094,1.7748428583145142
0.10817397385835648,0.6658518314361572,1.7475916147232056
0.11109776049852371,0.6306488513946533,1.741626501083374
0.0965585708618164,0.6916426420211792,1.6572283506393433
0.09433604031801224,0.5569319128990173,1.5002923011779785
0.09952111542224884,0.5705081224441528,1.5657192468643188
0.11144520342350006,0.6737340688705444,1.7881860733032227
0.10571850836277008,0.7945199608802795,1.8517050743103027
0.0891684964299202,0.7205246686935425,1.6122095584869385
0.09540994465351105,0.5964069962501526,1.550506353378296
0.10185239464044571,0.7104305028915405,1.7289544343948364
0.10630350559949875,0.5612265467643738,1.6242616176605225
0.10894044488668442,0.7380276322364807,1.8274321556091309
0.10626940429210663,0.7176659107208252,1.7803599834442139
0.09586376696825027,0.7019045352935791,1.6605422496795654
0.09765242040157318,0.6672402620315552,1.6437644958496094
0.10667002946138382,0.7331821918487549,1.7998825311660767
0.09867558628320694,0.6199122071266174,1.6066679954528809
0.10310275852680206,0.6103866696357727,1.6414141654968262
0.10674271732568741,0.5509624481201172,1.61838960647583
0.09803368896245956,0.6967718005180359,1.6771087646484375
0.1026991605758667,0.730260968208313,1.75725257396698
0.09876543283462524,0.686680793762207,1.6743351221084595
0.0987863764166832,0.7287672162055969,1.7166309356689453
0.09992976486682892,0.6903442144393921,1.6896418333053589
0.099881611764431,0.7543505430221558,1.753166675567627
0.1054876446723938,0.734246015548706,1.789122462272644
0.10422693938016891,0.6399143934249878,1.6821837425231934
0.08804046362638474,0.547927737236023,1.4283323287963867
0.09872082620859146,0.616942286491394,1.6041505336761475
0.09174147248268127,0.5254781246185303,1.4428927898406982
0.09324470162391663,0.701404333114624,1.6338512897491455
0.10027387738227844,0.6898273825645447,1.692566156387329
0.09962303936481476,0.6374776363372803,1.6337080001831055
0.09879639744758606,0.5931994318962097,1.5811634063720703
0.09728545695543289,0.6278302669525146,1.6006848812103271
0.0912160724401474,0.6703546047210693,1.5825153589248657
0.0982496365904808,0.6449947357177734,1.6274911165237427
0.09931585192680359,0.4614989161491394,1.4546574354171753
0.10290427505970001,0.7145109176635742,1.743553638458252
0.10467037558555603,0.5562936067581177,1.6029974222183228
0.10023847967386246,0.6860572099685669,1.6884419918060303
0.10850758850574493,0.7150335907936096,1.8001093864440918
0.10302658379077911,0.7212108373641968,1.7514766454696655
0.09122198820114136,0.7099087834358215,1.6221287250518799
0.10135278850793839,0.7155384421348572,1.7290663719177246
0.08492948114871979,0.6132737994194031,1.4625685214996338
0.09706427156925201,0.7277777194976807,1.6984204053878784
0.09360027313232422,0.6513323187828064,1.5873351097106934
0.10630032420158386,0.6895128488540649,1.7525161504745483
0.11001547425985336,0.4982335865497589,1.5983883142471313
0.09750600904226303,0.7310023307800293,1.7060624361038208
0.0973258838057518,0.6984857320785522,1.6717445850372314
0.10290507227182388,0.6675190925598145,1.696569800376892
0.09176044166088104,0.6263097524642944,1.5439141988754272
0.09636019170284271,0.5729730129241943,1.5365749597549438
0.1008182242512703,0.6863651871681213,1.694547414779663
0.09440046548843384,0.5734645128250122,1.5174691677093506
0.0897885262966156,0.6262859106063843,1.5241711139678955
0.10475137829780579,0.7288553714752197,1.7763690948486328
0.10084553062915802,0.723236083984375,1.7316913604736328
0.09785857796669006,0.7493484616279602,1.7279342412948608
0.09908011555671692,0.6766325831413269,1.667433738708496
0.09724146127700806,0.6317524909973145,1.604167103767395
0.10231690853834152,0.6621623039245605,1.6853313446044922
0.10620158165693283,0.5340911149978638,1.5961068868637085
0.09463739395141602,0.6713907718658447,1.6177647113800049
0.08970821648836136,0.5793534517288208,1.476435661315918
0.0941619724035263,0.6034284830093384,1.5450482368469238
0.09779413044452667,0.591896653175354,1.5698379278182983
0.08957020193338394,0.6852912306785583,1.5809931755065918
0.09652776271104813,0.6811249852180481,1.6464025974273682
0.09627044945955276,0.6310657262802124,1.5937702655792236
0.10748467594385147,0.7107304334640503,1.7855771780014038
0.0965813472867012,0.6587866544723511,1.6246001720428467
0.09871132671833038,0.6607208847999573,1.647834062576294
0.10240928083658218,0.5728263854980469,1.5969191789627075
0.10071443021297455,0.7129116654396057,1.7200560569763184
0.10121875256299973,0.7040486335754395,1.7162361145019531
0.09631258994340897,0.7473940849304199,1.7105200290679932
0.09672340750694275,0.7021889090538025,1.66942298412323
0.09491488337516785,0.6682943105697632,1.6174430847167969
0.1009051725268364,0.5830369591712952,1.5920886993408203
0.10252463817596436,0.5643502473831177,1.5895966291427612
0.09427575021982193,0.6821079254150391,1.6248654127120972
0.09916184097528458,0.6794916987419128,1.6711101531982422
0.10099904239177704,0.645469069480896,1.6554595232009888
0.10123803466558456,0.6173853278160095,1.6297657489776611
0.09265860170125961,0.6368421316146851,1.5634281635284424
0.09984274208545685,0.6412582993507385,1.6396856307983398
0.10605479031801224,0.7210555672645569,1.7816035747528076
0.09694589674472809,0.5636969804763794,1.533155918121338
0.09521645307540894,0.5615867376327515,1.5137512683868408
0.10159965604543686,0.6943512558937073,1.7103478908538818
0.09557870775461197,0.6471278071403503,1.602914810180664
0.0900457352399826,0.6052425503730774,1.505699872970581
0.09554571658372879,0.7100360989570618,1.6654932498931885
0.09941334277391434,0.6274400949478149,1.6215734481811523
0.09607464075088501,0.4636746644973755,1.4244210720062256
0.10455361008644104,0.7010149955749512,1.7465510368347168
0.10115969926118851,0.6246416568756104,1.636238694190979
0.10098404437303543,0.541570246219635,1.5514106750488281
0.10989934951066971,0.48140794038772583,1.5804014205932617
0.10737506300210953,0.5826781988143921,1.6564288139343262
0.09403686970472336,0.636963427066803,1.5773321390151978
0.09626483172178268,0.6534171104431152,1.616065502166748
0.09657883644104004,0.6821601390838623,1.6479485034942627
0.097382090985775,0.6573740243911743,1.6311949491500854
0.09204556792974472,0.5397754311561584,1.460231065750122
0.10281146317720413,0.6152985095977783,1.6434131860733032
0.0915595218539238,0.5619688034057617,1.4775640964508057
0.09988714009523392,0.7241313457489014,1.7230026721954346
0.10579253733158112,0.7249420881271362,1.782867431640625
0.09494885802268982,0.4983772039413452,1.4478657245635986
0.10010599344968796,0.6583249568939209,1.659384846687317
0.10174057632684708,0.6920535564422607,1.7094593048095703
0.10426118969917297,0.7402893304824829,1.7829011678695679
0.10828710347414017,0.7622272968292236,1.8450983762741089
0.09968473762273788,0.6438186168670654,1.6406660079956055
0.09849914163351059,0.4513918161392212,1.4363832473754883
0.09562575072050095,0.6471954584121704,1.6034529209136963
0.10187152028083801,0.6263743042945862,1.6450893878936768
0.0982661321759224,0.5771785974502563,1.5598399639129639
0.09858892858028412,0.7077333927154541,1.6936227083206177
0.0922769159078598,0.7386376857757568,1.6614068746566772
0.095755435526371,0.5312293171882629,1.488783597946167
0.10682623833417892,0.735971212387085,1.8042335510253906
0.09548701345920563,0.744286835193634,1.6991569995880127
0.09688137471675873,0.5759421586990356,1.5447559356689453
0.09106919914484024,0.5444127321243286,1.4551047086715698
0.09348036348819733,0.701574444770813,1.6363780498504639
0.09237878769636154,0.6008783578872681,1.5246663093566895
0.0932355672121048,0.5441340208053589,1.4764896631240845
0.10309633612632751,0.734565258026123,1.765528678894043
0.09426700323820114,0.6876193284988403,1.6302893161773682
0.09704907238483429,0.46842849254608154,1.438919186592102
0.09457722306251526,0.6990737915039062,1.644845962524414
0.09480417519807816,0.7494487762451172,1.6974904537200928
0.09191588312387466,0.5638118982315063,1.4829707145690918
0.09448634833097458,0.7537708878517151,1.698634386062622
0.09600948542356491,0.6126696467399597,1.57276451587677
0.09478700160980225,0.7788680791854858,1.7267380952835083
0.09177719056606293,0.745136022567749,1.6629079580307007
0.1036345511674881,0.6511322855949402,1.6874778270721436
0.09760268777608871,0.5988014340400696,1.5748283863067627
0.09287979453802109,0.7141473889350891,1.6429452896118164
0.10621543228626251,0.7173498868942261,1.7795041799545288
0.09780405461788177,0.6795202493667603,1.6575608253479004
0.09515213966369629,0.5788203477859497,1.5303417444229126
0.0917297825217247,0.5158565044403076,1.4331543445587158
0.10921120643615723,0.7668325304985046,1.8589446544647217
0.10108380019664764,0.6052060127258301,1.616044044494629
0.09905079752206802,0.7173669338226318,1.7078748941421509
0.09221221506595612,0.5792564153671265,1.5013785362243652
0.11153427511453629,0.7588270902633667,1.8741698265075684
0.0914096087217331,0.6167265176773071,1.5308226346969604
0.09718351066112518,0.6536961793899536,1.6255313158035278
0.09959812462329865,0.7077770233154297,1.7037582397460938
0.1016189455986023,0.7602654695510864,1.7764549255371094
0.10504567623138428,0.6255598068237305,1.6760165691375732
0.1031169593334198,0.6706197261810303,1.701789379119873
0.08903410285711288,0.7321312427520752,1.6224722862243652
0.10134245455265045,0.6992272138595581,1.7126517295837402
0.0896427109837532,0.7455372214317322,1.641964316368103
0.09508592635393143,0.7352863550186157,1.686145544052124
0.10297500342130661,0.4759520888328552,1.505702018737793
0.10030122846364975,0.7347207069396973,1.737733006477356
0.099716916680336,0.5094195008277893,1.5065886974334717
0.09445735812187195,0.7415515184402466,1.6861250400543213
0.09241653978824615,0.7446061372756958,1.668771505355835
0.10135027021169662,0.5974437594413757,1.6109464168548584
0.10491804033517838,0.5629352331161499,1.6121156215667725
0.08843313157558441,0.614147424697876,1.4984787702560425
0.09095221757888794,0.6301805973052979,1.5397027730941772
0.10123612731695175,0.6544139385223389,1.6667752265930176
0.08472096920013428,0.5981138348579407,1.4453234672546387
0.09468656033277512,0.5820083618164062,1.5288739204406738
0.0985233336687088,0.6399211287498474,1.6251544952392578
0.09961646795272827,0.6235809922218323,1.6197457313537598
0.10291747003793716,0.6617361903190613,1.690910816192627
0.10495004057884216,0.6552706956863403,1.7047711610794067
0.08825992792844772,0.6301596164703369,1.5127589702606201
0.09639602154493332,0.6810647249221802,1.6450250148773193
0.09439564496278763,0.4959862232208252,1.4399425983428955
0.08941205590963364,0.5820691585540771,1.4761897325515747
0.09791494160890579,0.7406138777732849,1.7197632789611816
0.09858089685440063,0.6948554515838623,1.6806644201278687
0.09945860505104065,0.7140504121780396,1.7086365222930908
0.09621759504079819,0.6353309154510498,1.5975068807601929
0.0996120274066925,0.6099358797073364,1.6060562133789062
0.08617828041315079,0.7028405666351318,1.5646233558654785
0.09624243527650833,0.5155690312385559,1.477993369102478
0.0922393724322319,0.7272235155105591,1.6496171951293945
0.08674100041389465,0.5320358276367188,1.3994457721710205
0.10267222672700882,0.7034729719161987,1.7301952838897705
0.09599024802446365,0.6595087051391602,1.6194112300872803
0.10581286251544952,0.7342902421951294,1.7924188375473022
0.10596558451652527,0.637405276298523,1.6970611810684204
0.09650325775146484,0.636191725730896,1.6012243032455444
0.11036065965890884,0.6880356073379517,1.791642189025879
0.09395598620176315,0.6911771893501282,1.630737066268921
0.10183221101760864,0.5612461566925049,1.5795682668685913
0.09088040888309479,0.43990445137023926,1.3487085103988647
0.09322428703308105,0.6003845930099487,1.5326274633407593
0.10329078137874603,0.7093150615692139,1.7422229051589966
0.09432660043239594,0.6260732412338257,1.5693392753601074
0.1001516804099083,0.6983388662338257,1.6998556852340698
0.09874051809310913,0.6925113201141357,1.679916501045227
0.08500213921070099,0.5059254169464111,1.3559467792510986
0.0955999344587326,0.5861097574234009,1.5421091318130493
0.09518305212259293,0.6823861002922058,1.634216547012329
0.09542401134967804,0.6826716661453247,1.6369117498397827
0.11002631485462189,0.7065673470497131,1.8068304061889648
0.10400912165641785,0.5249993205070496,1.5650906562805176
0.10225222259759903,0.684232234954834,1.706754446029663
0.10738272964954376,0.47574764490127563,1.549574851989746
0.0969892367720604,0.6992985606193542,1.6691908836364746
0.10308689624071121,0.6428326368331909,1.6737016439437866
0.10236512869596481,0.7109107971191406,1.7345620393753052
0.09547798335552216,0.5727015137672424,1.5274813175201416
0.09004601091146469,0.6348549723625183,1.5353150367736816
0.09955186396837234,0.47223079204559326,1.4677493572235107
0.1006341204047203,0.5916544795036316,1.5979957580566406
0.08891815692186356,0.5940625071525574,1.4832440614700317
0.08834302425384521,0.5790214538574219,1.462451696395874
0.10531052947044373,0.6863574981689453,1.7394628524780273
0.09504275023937225,0.5313712358474731,1.481798768043518
0.09323352575302124,0.6074682474136353,1.5398035049438477
0.098606638610363,0.6428428888320923,1.6289093494415283
0.09713452309370041,0.6107507944107056,1.5820960998535156
0.12570886313915253,0.7593406438827515,2.0164294242858887
0.09047854691743851,0.6161152124404907,1.5209007263183594
0.10922826081514359,0.6668885350227356,1.7591712474822998
0.1059831902384758,0.7148452401161194,1.774677038192749
0.09640171378850937,0.7149782776832581,1.6789953708648682
0.09515093266963959,0.4900975227355957,1.441606879234314
0.10069727897644043,0.6113990545272827,1.618371844291687
0.08736679702997208,0.6489516496658325,1.522619605064392
0.10425429791212082,0.6155745387077332,1.6581175327301025
0.10033433139324188,0.7103705406188965,1.7137138843536377
0.08952494710683823,0.6896518468856812,1.5849013328552246
0.10117015242576599,0.6792428493499756,1.6909444332122803
0.0934140533208847,0.6332544088363647,1.5673949718475342
0.1025991439819336,0.6869022846221924,1.7128937244415283
0.09867990761995316,0.7274602651596069,1.714259386062622
0.10627086460590363,0.5874748229980469,1.6501834392547607
0.0881972387433052,0.5772846937179565,1.4592571258544922
0.09251588582992554,0.6872655749320984,1.612424373626709
0.08509643375873566,0.5785994529724121,1.4295637607574463
0.09370295703411102,0.6304352879524231,1.567464828491211
0.09321323782205582,0.47730982303619385,1.4094421863555908
0.09562806040048599,0.6935689449310303,1.649849534034729
0.09694880247116089,0.6978216171264648,1.6673096418380737
0.10208850353956223,0.6380832195281982,1.658968210220337
0.09436380863189697,0.510932981967926,1.454571008682251
0.10400265455245972,0.6057827472686768,1.645809292793274
0.091429203748703,0.7042383551597595,1.6185303926467896
0.09651516377925873,0.5085849761962891,1.4737366437911987
0.09347016364336014,0.7114512920379639,1.6461529731750488
0.09905209392309189,0.7715579271316528,1.762078881263733
0.09697601199150085,0.510383665561676,1.4801437854766846
0.09019634872674942,0.6803579926490784,1.5823214054107666
0.09636124968528748,0.716519296169281,1.6801317930221558
0.09548033773899078,0.639989972114563,1.5947933197021484
0.10136706382036209,0.7565208673477173,1.7701915502548218
0.0952339768409729,0.628616213798523,1.580955982208252
0.09546541422605515,0.7129555940628052,1.667609691619873
0.1081741452217102,0.5618489980697632,1.6435904502868652
0.1010209396481514,0.6125344038009644,1.622743844985962
0.0929667055606842,0.5573853850364685,1.4870524406433105
0.09395567327737808,0.6457581520080566,1.5853148698806763
0.09685519337654114,0.6017197370529175,1.5702717304229736
0.10235223919153214,0.6927163600921631,1.7162387371063232
0.09941165894269943,0.7185386419296265,1.7126553058624268
0.0949176549911499,0.5833973288536072,1.532573938369751
0.09543157368898392,0.5985057353973389,1.552821397781372
0.09571850299835205,0.6418409943580627,1.5990259647369385
0.09505108743906021,0.6007057428359985,1.5512166023254395
0.09171278774738312,0.6296250224113464,1.5467529296875
0.0964379608631134,0.5497845411300659,1.5141642093658447
0.087102971971035,0.6728841066360474,1.5439138412475586
0.09644406288862228,0.6228766441345215,1.5873172283172607
0.09523731470108032,0.5503244400024414,1.5026975870132446
0.09006769955158234,0.6475039720535278,1.5481809377670288
0.09158145636320114,0.4820159375667572,1.3978304862976074
0.11243703216314316,0.7661919593811035,1.8905622959136963
0.0990532711148262,0.6761786341667175,1.6667113304138184
0.09737074375152588,0.6420546770095825,1.6157621145248413
0.08629412204027176,0.560624361038208,1.4235656261444092
0.09464453160762787,0.6711947917938232,1.6176401376724243
0.09624756872653961,0.6055905222892761,1.568066120147705
0.09554664045572281,0.7107256650924683,1.6661920547485352
0.09462999552488327,0.7355045080184937,1.6818044185638428
0.09316366910934448,0.42194536328315735,1.3535820245742798
0.09625503420829773,0.6186038255691528,1.5811541080474854
0.08566222339868546,0.6307644248008728,1.487386703491211
0.0884360671043396,0.6812564134597778,1.5656170845031738
0.09611795097589493,0.5983631610870361,1.5595426559448242
0.08794178068637848,0.6832565069198608,1.5626742839813232
0.10425112396478653,0.6794304847717285,1.7219417095184326
0.10063304752111435,0.6236531734466553,1.62998366355896
0.093375563621521,0.49432533979415894,1.4280810356140137
0.09244491159915924,0.6695719957351685,1.5940210819244385
0.09251321107149124,0.7357421517372131,1.6608742475509644
0.10168080031871796,0.671160101890564,1.687968134880066
0.09733550995588303,0.7688858509063721,1.7422409057617188
0.09371824562549591,0.6048166155815125,1.541999101638794
0.09367240965366364,0.6828460693359375,1.6195701360702515
0.10064717382192612,0.6093118190765381,1.6157835721969604
0.09397467970848083,0.685775876045227,1.6255226135253906
0.0996345728635788,0.48077017068862915,1.4771158695220947
0.09718344360589981,0.7347270250320435,1.7065614461898804
0.0952514261007309,0.4674321413040161,1.4199464321136475
0.09853620827198029,0.6773061752319336,1.662668228149414
0.09283747524023056,0.6113694906234741,1.539744257926941
0.09163139015436172,0.5008725523948669,1.4171864986419678
0.09670062363147736,0.751417875289917,1.7184240818023682
0.09974808245897293,0.6066985130310059,1.6041793823242188
0.09354162961244583,0.6376744508743286,1.5730907917022705
0.0920230895280838,0.46500152349472046,1.3852324485778809
0.10307424515485764,0.6834500432014465,1.7141923904418945
0.09325725585222244,0.5754730701446533,1.5080456733703613
0.10508125275373459,0.7098885774612427,1.760701060295105
0.09703238308429718,0.6135221719741821,1.5838459730148315
0.09527041763067245,0.6710205078125,1.6237246990203857
0.10309157520532608,0.7282402515411377,1.7591559886932373
0.10120272636413574,0.6746467351913452,1.6866739988327026
0.08807987719774246,0.6713675856590271,1.5521663427352905
0.09896509349346161,0.6446472406387329,1.6342982053756714
0.09682441502809525,0.4896242320537567,1.4578683376312256
0.08959785103797913,0.4993913769721985,1.3953698873519897
0.08929677307605743,0.7335256338119507,1.6264933347702026
0.09610193222761154,0.6293057203292847,1.590325117111206
0.09550772607326508,0.5591583251953125,1.5142356157302856
0.10237226635217667,0.64072585105896,1.6644484996795654
0.09269814193248749,0.6337628364562988,1.560744285583496
0.09606800228357315,0.5226360559463501,1.4833160638809204
0.106851726770401,0.7220611572265625,1.7905783653259277
0.09510047733783722,0.7015633583068848,1.6525681018829346
0.08950238674879074,0.5622167587280273,1.4572405815124512
0.09078574180603027,0.6380338668823242,1.545891284942627
0.10639370232820511,0.7110610008239746,1.7749980688095093
0.10065724700689316,0.6248235702514648,1.6313960552215576
0.09745707362890244,0.43896257877349854,1.413533329963684
0.11208686977624893,0.7203209400177002,1.8411896228790283
0.0918794721364975,0.6208704710006714,1.5396652221679688
0.10068920254707336,0.7493067979812622,1.756198763847351
0.09713980555534363,0.622399091720581,1.593797206878662
0.09756080061197281,0.6179163455963135,1.5935243368148804
0.09442850202322006,0.7309420108795166,1.6752270460128784
0.09821785986423492,0.5969447493553162,1.5791232585906982
0.09191924333572388,0.5856621265411377,1.5048545598983765
0.08905542641878128,0.5897377133369446,1.4802919626235962
0.09913312643766403,0.5969558358192444,1.588287115097046
0.09467417746782303,0.6271893978118896,1.5739312171936035
0.09183521568775177,0.6072245836257935,1.5255767107009888
0.08858603984117508,0.6460915803909302,1.531951904296875
0.09429323673248291,0.6398818492889404,1.5828142166137695
0.09734420478343964,0.6541991233825684,1.627641201019287
0.09209252148866653,0.7246973514556885,1.6456224918365479
0.08963219076395035,0.6189884543418884,1.515310287475586
0.09492043405771255,0.6336517930030823,1.5828561782836914
0.0921141654253006,0.605469822883606,1.5266114473342896
0.09991278499364853,0.7084177136421204,1.707545518875122
0.09219499677419662,0.6740070581436157,1.5959570407867432
0.09368706494569778,0.7047643661499023,1.6416349411010742
0.09497382491827011,0.6664997339248657,1.616237998008728
0.08820220082998276,0.6529335975646973,1.534955620765686
0.1016358807682991,0.6518769860267639,1.6682357788085938
0.09248661994934082,0.6113095879554749,1.5361757278442383
0.0991182029247284,0.6479587554931641,1.6391408443450928
0.09147404879331589,0.6220991015434265,1.5368396043777466
0.0939858928322792,0.6413803100585938,1.5812392234802246
0.09182615578174591,0.617257833480835,1.5355193614959717
0.09314247220754623,0.7310090065002441,1.6624337434768677
0.08861653506755829,0.6906874179840088,1.576852798461914
0.09616587311029434,0.6116245985031128,1.573283314704895
0.09840656071901321,0.6923239231109619,1.676389455795288
0.0991830825805664,0.7065566778182983,1.6983875036239624
0.09193236380815506,0.6300852298736572,1.5494089126586914
0.09800674021244049,0.6188548803329468,1.5989222526550293
0.09353280812501907,0.5189604163169861,1.4542884826660156
0.09853672236204147,0.7250020503997803,1.710369348526001
0.10075431317090988,0.6456311941146851,1.6531742811203003
0.09729722887277603,0.6012575626373291,1.5742298364639282
0.10064162313938141,0.6014564633369446,1.607872724533081
0.0987822636961937,0.6570383310317993,1.6448609828948975
0.09705816954374313,0.6370406150817871,1.6076223850250244
0.09541954100131989,0.6489423513412476,1.603137731552124
0.09644736349582672,0.5706239938735962,1.535097599029541
0.09497185051441193,0.524098813533783,1.4738173484802246
0.10930590331554413,0.6898463368415833,1.7829053401947021
0.09150663018226624,0.6045477390289307,1.5196139812469482
0.09596926718950272,0.7213108539581299,1.6810035705566406
0.08733003586530685,0.6605711579322815,1.5338715314865112
0.09528636932373047,0.6496023535728455,1.602466106414795
0.09796137362718582,0.6169518232345581,1.5965654850006104
0.09770919382572174,0.6719570755958557,1.6490490436553955
0.09226969629526138,0.6925187706947327,1.61521577835083
0.10046086460351944,0.5797297954559326,1.5843384265899658
0.11279716342687607,0.48223233222961426,1.6102039813995361
0.09729649126529694,0.6486260294914246,1.6215908527374268
0.09140011668205261,0.6463820934295654,1.5603833198547363
0.08928608894348145,0.684799075126648,1.5776599645614624
0.09498758614063263,0.6247252225875854,1.5746010541915894
0.09783096611499786,0.6970614194869995,1.6753710508346558
0.09119369089603424,0.5663788318634033,1.4783157110214233
0.09095261245965958,0.46717023849487305,1.3766963481903076
0.10217362642288208,0.6076363921165466,1.6293725967407227
0.11058571189641953,0.718892514705658,1.8247497081756592
0.09775914251804352,0.6546600461006165,1.632251501083374
0.08969767391681671,0.6068583130836487,1.5038349628448486
0.08971011638641357,0.6635422110557556,1.5606434345245361
0.09903689473867416,0.5916831493377686,1.5820521116256714
0.09050247073173523,0.5883692502975464,1.493393898010254
0.09320582449436188,0.6945460438728333,1.6266043186187744
0.09578607231378555,0.631775975227356,1.5896366834640503
0.08559207618236542,0.6363890171051025,1.492309808731079
0.08499636501073837,0.627383828163147,1.477347493171692
0.0920286700129509,0.4480476975440979,1.368334412574768
0.09520764648914337,0.5982135534286499,1.5502899885177612
0.0926751047372818,0.5428074598312378,1.4695584774017334
0.09338698536157608,0.685213565826416,1.6190834045410156
0.09662531316280365,0.5711021423339844,1.5373553037643433
0.09973884373903275,0.7370050549507141,1.7343934774398804
0.09292186796665192,0.43832871317863464,1.3675473928451538
0.10130951553583145,0.6447643637657166,1.6578595638275146
0.09063181281089783,0.6454609036445618,1.55177903175354
0.09664301574230194,0.6421796083450317,1.6086097955703735
0.09703671187162399,0.6488839387893677,1.619251012802124
0.09611300379037857,0.5997089147567749,1.5608389377593994
0.10623826831579208,0.6675669550895691,1.729949712753296
0.09963293373584747,0.6072618961334229,1.6035912036895752
0.09794323146343231,0.6308304667472839,1.6102628707885742
0.09890282154083252,0.6558156609535217,1.6448438167572021
0.09358635544776917,0.6726007461547852,1.608464241027832
0.08816076070070267,0.5754432678222656,1.4570508003234863
0.09310812503099442,0.6372300386428833,1.5683112144470215
0.09077972173690796,0.6339594125747681,1.5417566299438477
0.10080943256616592,0.6785333156585693,1.6866276264190674
0.09427782893180847,0.7147992253303528,1.6575775146484375
0.09494195878505707,0.5455161333084106,1.4949357509613037
0.09844505786895752,0.654818058013916,1.6392686367034912
0.10415514558553696,0.6513909101486206,1.6929423809051514
0.09881217777729034,0.7040345668792725,1.6921563148498535
0.09603843837976456,0.5750560760498047,1.535440444946289
0.09742452949285507,0.5144600868225098,1.4887053966522217
0.09656841307878494,0.5666133761405945,1.5322974920272827
0.09570072591304779,0.5367527008056641,1.4937599897384644
0.0967458039522171,0.6775092482566833,1.6449673175811768
0.08416001498699188,0.5628036260604858,1.404403805732727
0.10014252364635468,0.6959688663482666,1.6973941326141357
0.10439547896385193,0.7033588290214539,1.7473137378692627
0.10602478682994843,0.7192374467849731,1.7794853448867798
0.09544964134693146,0.6832780838012695,1.6377744674682617
0.08892069011926651,0.48332977294921875,1.3725366592407227
0.09074766933917999,0.6257405281066895,1.533217191696167
0.09473136067390442,0.6459338068962097,1.593247413635254
0.09411265701055527,0.5654375553131104,1.5065641403198242
0.09247687458992004,0.6152350902557373,1.540003776550293
0.09561219066381454,0.7181118726730347,1.6742337942123413
0.09655356407165527,0.6777929067611694,1.6433285474777222
0.08793880045413971,0.5972803831100464,1.476668357849121
0.09799005836248398,0.6857463121414185,1.6656469106674194
0.10824303328990936,0.6307451725006104,1.7131755352020264
0.10086166858673096,0.567780613899231,1.5763972997665405
0.09947987645864487,0.6675162315368652,1.662315011024475
0.09998403489589691,0.7191826105117798,1.7190229892730713
0.10267119109630585,0.5108754634857178,1.5375874042510986
0.09155476093292236,0.5222675800323486,1.4378151893615723
0.09113121032714844,0.485650897026062,1.3969630002975464
0.10208514332771301,0.6966017484664917,1.717453122138977
0.09754632413387299,0.7127039432525635,1.6881672143936157
0.09640301018953323,0.46986573934555054,1.4338958263397217
0.09672394394874573,0.6978824138641357,1.6651217937469482
0.09497583657503128,0.7902740240097046,1.740032434463501
0.10231341421604156,0.7535845041275024,1.7767186164855957
0.09686607867479324,0.6229888200759888,1.5916495323181152
0.08459880948066711,0.5097042918205261,1.3556923866271973
0.09519500285387039,0.63531494140625,1.5872650146484375
0.10212638974189758,0.7194591760635376,1.7407230138778687
0.09485579282045364,0.6998364925384521,1.6483943462371826
0.0988413617014885,0.4632546305656433,1.4516682624816895
0.10283489525318146,0.5992113351821899,1.6275602579116821
0.09590917825698853,0.7128115296363831,1.671903371810913
0.1003582775592804,0.6897605657577515,1.6933432817459106
0.10101338475942612,0.6816415786743164,1.6917754411697388
0.09941859543323517,0.7017855644226074,1.6959714889526367
0.09413570165634155,0.6448568105697632,1.5862138271331787
0.0999201089143753,0.606979489326477,1.6061805486679077
0.0908968597650528,0.6696673631668091,1.5786359310150146
0.09803294390439987,0.5467890501022339,1.527118444442749
0.09962138533592224,0.6252973079681396,1.6215112209320068
0.09499912708997726,0.6908984184265137,1.6408896446228027
0.09019850939512253,0.5857698917388916,1.4877550601959229
0.10397090017795563,0.6938977241516113,1.7336066961288452
0.08549942821264267,0.6310629844665527,1.4860572814941406
0.08998186141252518,0.570641279220581,1.4704599380493164
0.09872813522815704,0.6770888566970825,1.6643701791763306
0.09243541210889816,0.7006046175956726,1.6249587535858154
0.10266184061765671,0.7283541560173035,1.7549724578857422
0.08945021778345108,0.6788997054100037,1.573401927947998
0.09574645757675171,0.6055591106414795,1.5630236864089966
0.09642764180898666,0.591696560382843,1.5559730529785156
0.0975385382771492,0.5967550277709961,1.5721404552459717
0.10313107073307037,0.5992967486381531,1.6306073665618896
0.09691284596920013,0.6282235980033875,1.5973520278930664
0.09954656660556793,0.6042476296424866,1.5997133255004883
0.09120482951402664,0.642034649848938,1.5540828704833984
0.09109855443239212,0.6464697122573853,1.55745530128479
0.10386621952056885,0.6877846121788025,1.7264468669891357
0.09180226922035217,0.581558108329773,1.4995808601379395
0.08851731568574905,0.6215255260467529,1.5066986083984375
0.09477575123310089,0.6400207281112671,1.5877782106399536
0.09272158890962601,0.6179264783859253,1.545142412185669
0.08467916399240494,0.5646545886993408,1.411446213722229
0.10687249898910522,0.6515583992004395,1.7202833890914917
0.08568918704986572,0.5883617401123047,1.445253610610962
0.09727280586957932,0.6850249171257019,1.6577529907226562
0.08469413965940475,0.42996343970298767,1.276904821395874
0.09081399440765381,0.4762929379940033,1.3844329118728638
0.08583058416843414,0.5408551096916199,1.3991608619689941
0.10544825345277786,0.6584529876708984,1.7129355669021606
0.09904487431049347,0.6343041658401489,1.6247528791427612
0.0888577327132225,0.47812190651893616,1.36669921875
0.09350963681936264,0.5500600934028625,1.485156536102295
0.09620647877454758,0.6286084055900574,1.5906732082366943
0.09663841128349304,0.6712139248847961,1.6375980377197266
0.08989167213439941,0.6954441070556641,1.5943608283996582
0.09639355540275574,0.6337354779243469,1.5976710319519043
0.0997709110379219,0.6299198269844055,1.6276289224624634
0.0928172767162323,0.5548235177993774,1.4829962253570557
0.09684228897094727,0.6762815117835999,1.6447043418884277
0.09609028697013855,0.6971976161003113,1.6581004858016968
0.09771332889795303,0.6569302082061768,1.634063482284546
0.08989869058132172,0.6521248817443848,1.5511118173599243
0.10045735538005829,0.6804937124252319,1.6850672960281372
0.09170329570770264,0.6392078995704651,1.5562407970428467
0.09591825306415558,0.5462405681610107,1.5054230690002441
0.09015535563230515,0.4962092638015747,1.3977627754211426
0.09762319177389145,0.628394603729248,1.6046265363693237
0.09110874682664871,0.6438769698143005,1.5549644231796265
0.09088731557130814,0.6297520995140076,1.5386252403259277
0.09382782876491547,0.5639341473579407,1.5022125244140625
0.10579591989517212,0.6616605520248413,1.7196197509765625
0.09698215872049332,0.6200419068336487,1.5898635387420654
0.09807030856609344,0.6213769912719727,1.6020801067352295
0.09344760328531265,0.6034287214279175,1.5379047393798828
0.09307573735713959,0.6314748525619507,1.562232255935669
0.0884656310081482,0.46015217900276184,1.3448084592819214
0.08580132573843002,0.5947390794754028,1.4527523517608643
0.09501253813505173,0.6853927969932556,1.635518193244934
0.09437590092420578,0.6271751523017883,1.5709341764450073
0.10248056054115295,0.5808746814727783,1.605680227279663
0.09261476993560791,0.7236329317092896,1.6497806310653687
0.0934099555015564,0.6307622194290161,1.56486177444458
0.08857507258653641,0.6000475883483887,1.4857983589172363
0.09091223031282425,0.7098883390426636,1.6190106868743896
0.09053497016429901,0.6775473356246948,1.5828970670700073
0.09629335254430771,0.6396880149841309,1.6026215553283691
0.09351352602243423,0.6457599401473999,1.580895185470581
0.0942743644118309,0.5804952383041382,1.5232388973236084
0.0942881852388382,0.7085306644439697,1.6514124870300293
0.0907151997089386,0.5797815918922424,1.4869335889816284
0.09043921530246735,0.4467615485191345,1.3511536121368408
0.0939011499285698,0.6165586113929749,1.555570125579834
0.09685660153627396,0.7403573989868164,1.70892333984375
0.09608697891235352,0.6802611947059631,1.6411309242248535
0.08678510040044785,0.6631302237510681,1.5309813022613525
0.09138323366641998,0.5886220335960388,1.5024542808532715
0.08692935109138489,0.6500024199485779,1.5192959308624268
0.09150570631027222,0.579085111618042,1.4941421747207642
0.0792483538389206,0.37061282992362976,1.1630964279174805
0.09112944453954697,0.6491936445236206,1.5604881048202515
0.09750894457101822,0.5763364434242249,1.5514259338378906
0.10154959559440613,0.7101271152496338,1.7256231307983398
0.10319455713033676,0.7059335112571716,1.7378790378570557
0.10395477712154388,0.7084269523620605,1.7479747533798218
0.10299057513475418,0.7017340660095215,1.7316398620605469
0.0962115004658699,0.7439320683479309,1.7060470581054688
0.09416156262159348,0.6831351518630981,1.6247508525848389
0.09779877215623856,0.7003470659255981,1.6783347129821777
0.10153379291296005,0.6951452493667603,1.710483193397522
0.0981144830584526,0.6562803983688354,1.637425184249878
0.10700348019599915,0.5925534963607788,1.6625882387161255
0.09095985442399979,0.6250587105751038,1.5346572399139404
0.09920483827590942,0.5136986970901489,1.5057470798492432
0.0947275310754776,0.6078788042068481,1.5551540851593018
0.09472019970417023,0.6386654376983643,1.5858674049377441
0.08948572725057602,0.5389276742935181,1.4337849617004395
0.09298922121524811,0.6310986280441284,1.560990810394287
0.09106859564781189,0.6834152936935425,1.5941011905670166
0.08737014979124069,0.6108637452125549,1.484565258026123
0.09385942667722702,0.6129370927810669,1.5515313148498535
0.09345551580190659,0.6530542969703674,1.5876095294952393
0.0958787128329277,0.6398742198944092,1.5986614227294922
0.0897345095872879,0.6115948557853699,1.5089399814605713
0.09447401016950607,0.6382546424865723,1.5829946994781494
0.09652576595544815,0.6718952655792236,1.637152910232544
0.09012044221162796,0.4994349479675293,1.400639295578003
0.10841260105371475,0.5291935801506042,1.6133196353912354
0.09530101716518402,0.5774271488189697,1.5304373502731323
0.10866303741931915,0.7412528991699219,1.827883243560791
0.09944122284650803,0.7353315353393555,1.7297437191009521
0.09889543056488037,0.586592435836792,1.5755467414855957
0.0965159460902214,0.5775165557861328,1.5426759719848633
0.09597707539796829,0.5871565937995911,1.5469273328781128
0.09025775641202927,0.672452449798584,1.5750300884246826
0.0871828943490982,0.49399518966674805,1.3658241033554077
0.09223224967718124,0.6017621755599976,1.5240846872329712
0.08678863197565079,0.7094590663909912,1.577345371246338
0.09307904541492462,0.6547280550003052,1.585518479347229
0.09709993749856949,0.6913694143295288,1.6623687744140625
0.08980056643486023,0.6153995990753174,1.5134053230285645
0.09291122853755951,0.6460663676261902,1.575178623199463
0.09287051856517792,0.6770747900009155,1.605780005455017
0.10326756536960602,0.7205655574798584,1.7532411813735962
0.10898269712924957,0.7179388999938965,1.8077658414840698
0.09792999923229218,0.6445184946060181,1.6238185167312622
0.09329117089509964,0.7033042907714844,1.6362159252166748
0.08926612138748169,0.6209325194358826,1.5135936737060547
0.09280825406312943,0.6334180235862732,1.5615005493164062
0.09558089077472687,0.622818112373352,1.5786269903182983
0.09554911404848099,0.5459555387496948,1.5014467239379883
0.09412825107574463,0.6822731494903564,1.6235556602478027
0.09173984825611115,0.6288150548934937,1.5462135076522827
0.09648466110229492,0.5841686725616455,1.5490152835845947
0.09604255855083466,0.6523066163063049,1.612732172012329
0.10145062208175659,0.6073169708251953,1.6218231916427612
0.08795034140348434,0.5869596004486084,1.4664630889892578
0.08991176635026932,0.6579651236534119,1.5570827722549438
0.09592621773481369,0.6472588181495667,1.6065210103988647
0.09070805460214615,0.5262563824653625,1.4333369731903076
0.1000409796833992,0.6761665344238281,1.6765763759613037
0.09637308865785599,0.6100873351097107,1.5738182067871094
0.08384813368320465,0.5974938869476318,1.435975193977356
0.09168557077646255,0.6636224389076233,1.5804781913757324
0.09727729111909866,0.6296541690826416,1.6024270057678223
0.09164091944694519,0.606587290763855,1.522996425628662
0.09372789412736893,0.6991136074066162,1.636392593383789
0.09839730709791183,0.6905075311660767,1.674480676651001
0.09766130149364471,0.6440565586090088,1.6206696033477783
0.0977306142449379,0.6803233027458191,1.6576294898986816
0.09825156629085541,0.697770357131958,1.6802860498428345
0.0983336865901947,0.682369589805603,1.6657063961029053
0.09202126413583755,0.6807020902633667,1.600914716720581
0.09193963557481766,0.7006005048751831,1.6199967861175537
0.09105747193098068,0.5881625413894653,1.4987373352050781
0.09442432969808578,0.5687564611434937,1.5129997730255127
0.09473233669996262,0.6365751028060913,1.5838985443115234
0.09466148912906647,0.6631624698638916,1.6097773313522339
0.09686576575040817,0.6705617904663086,1.6392195224761963
0.09660539031028748,0.6226859092712402,1.5887398719787598
0.09281158447265625,0.5120968222618103,1.4402127265930176
0.09102679044008255,0.5653719305992126,1.475639820098877
0.09836450964212418,0.573192834854126,1.5568379163742065
0.10774112492799759,0.5945154428482056,1.671926736831665
0.09864918887615204,0.6347396969795227,1.6212315559387207
0.09347343444824219,0.5899105668067932,1.5246448516845703
0.08638810366392136,0.5665881037712097,1.4304691553115845
0.10173533111810684,0.6208022832870483,1.6381555795669556
0.08618217706680298,0.5448119640350342,1.406633734703064
0.09765065461397171,0.6185562610626221,1.5950627326965332
0.10132776200771332,0.6614317893981934,1.674709439277649
0.08571698516607285,0.5407209396362305,1.3978908061981201
0.09057214856147766,0.5884428024291992,1.494164228439331
0.095870241522789,0.679776668548584,1.6384791135787964
0.09324216842651367,0.6165785789489746,1.5490002632141113
0.09295167773962021,0.5779755115509033,1.5074923038482666
0.09270188957452774,0.6626729965209961,1.5896918773651123
0.09691780805587769,0.6123107075691223,1.581488847732544
0.10408059507608414,0.484475702047348,1.5252816677093506
0.09558332711458206,0.6634716987609863,1.619304895401001
0.09652462601661682,0.6423087120056152,1.6075549125671387
0.09875927120447159,0.6528075933456421,1.6404002904891968
0.08829133212566376,0.568274736404419,1.451188087463379
0.0910576656460762,0.5761361718177795,1.4867128133773804
0.0955495610833168,0.6891729235649109,1.6446685791015625
0.08960874378681183,0.6062607765197754,1.5023481845855713
0.09121035784482956,0.5096456408500671,1.421749234199524
0.09624883532524109,0.6521714329719543,1.6146597862243652
0.08502386510372162,0.5022779703140259,1.3525166511535645
0.0978001281619072,0.5990088582038879,1.577010154724121
0.09162141382694244,0.6242220401763916,1.5404361486434937
0.10128284990787506,0.6452984809875488,1.658126950263977
0.10132116824388504,0.6099187135696411,1.623130440711975
0.09212852269411087,0.5514844655990601,1.4727697372436523
0.09390482306480408,0.6181261539459229,1.5571744441986084
0.10104816406965256,0.673129141330719,1.6836106777191162
0.08824990689754486,0.4269864857196808,1.3094855546951294
0.10076442360877991,0.6460505127906799,1.6536946296691895
0.09633850306272507,0.6084553003311157,1.5718402862548828
0.09358078986406326,0.6435332298278809,1.579341173171997
0.08600723743438721,0.5337710976600647,1.393843412399292
0.09891094267368317,0.6202392578125,1.6093486547470093
0.09404946863651276,0.5647052526473999,1.505199909210205
0.08919554948806763,0.6064863204956055,1.4984418153762817
0.09382282197475433,0.6108876466751099,1.5491158962249756
0.10283491015434265,0.6249674558639526,1.653316617012024
0.09288017451763153,0.6878743171691895,1.6166760921478271
0.09399773180484772,0.6529937982559204,1.5929710865020752
0.10379727929830551,0.7108404636383057,1.748813271522522
0.09541463106870651,0.7325240969657898,1.6866704225540161
0.09150519222021103,0.5883734226226807,1.5034253597259521
0.09341581910848618,0.5777922868728638,1.5119504928588867
0.09936011582612991,0.6267727613449097,1.6203739643096924
0.09703726321458817,0.5654692649841309,1.535841941833496
0.10459959506988525,0.6768879890441895,1.722883939743042
0.09583509713411331,0.6830371618270874,1.641388177871704
0.08882062882184982,0.6353380680084229,1.5235443115234375
0.0908202975988388,0.6350921392440796,1.54329514503479
0.09401077032089233,0.5131648182868958,1.4532725811004639
0.09208080172538757,0.6177718043327332,1.5385798215866089
0.08831432461738586,0.642817497253418,1.5259606838226318
0.09767663478851318,0.6696822643280029,1.6464486122131348
0.09432785958051682,0.5863614082336426,1.5296399593353271
0.09871802479028702,0.6659268140792847,1.6531070470809937
0.09523192793130875,0.6574596762657166,1.609778881072998
0.08870010077953339,0.6025913953781128,1.489592432975769
0.09573706239461899,0.6221634149551392,1.5795340538024902
0.08676572144031525,0.568977952003479,1.436635136604309
0.08688151091337204,0.5659163594245911,1.4347314834594727
0.0937889814376831,0.6840980052947998,1.6219878196716309
0.0887722447514534,0.552492618560791,1.4402151107788086
0.09475792199373245,0.6282204389572144,1.5757997035980225
0.09797240048646927,0.6849467754364014,1.664670705795288
0.08671846985816956,0.6876376867294312,1.5548224449157715
0.09784319251775742,0.6997334957122803,1.6781654357910156
0.0975252315402031,0.5843244791030884,1.5595767498016357
0.08924702554941177,0.6153305768966675,1.507800817489624
0.0936051458120346,0.4836524426937103,1.4197039604187012
0.09061647206544876,0.6754410862922668,1.5816057920455933
0.09338611364364624,0.6881916522979736,1.622052788734436
0.08913403004407883,0.5830006003379822,1.4743409156799316
0.0831596851348877,0.5607912540435791,1.392388105392456
0.08921843022108078,0.5611804723739624,1.4533648490905762
0.0949476808309555,0.6425401568412781,1.5920169353485107
0.10450777411460876,0.6799411177635193,1.7250189781188965
0.09637246280908585,0.6271673440933228,1.59089195728302
0.0915929451584816,0.5340086221694946,1.4499380588531494
0.09091875702142715,0.5717335939407349,1.4809211492538452
0.09161584824323654,0.6523734331130981,1.5685319900512695
0.0861327201128006,0.5353478193283081,1.3966749906539917
0.08520831167697906,0.5884556770324707,1.440538763999939
0.0950189083814621,0.6152401566505432,1.5654292106628418
0.08995549380779266,0.5990113019943237,1.4985662698745728
0.09206212311983109,0.6282385587692261,1.5488598346710205
0.10379493981599808,0.698630690574646,1.7365801334381104
0.09842577576637268,0.6802366971969604,1.664494514465332
0.0882604792714119,0.6831651329994202,1.565769910812378
0.09363209456205368,0.6798891425132751,1.6162101030349731
0.09047824144363403,0.7047590017318726,1.609541416168213
0.10285285115242004,0.6409072279930115,1.669435739517212
0.08971705287694931,0.6288400292396545,1.526010513305664
0.09711586683988571,0.6642909049987793,1.6354496479034424
0.08850975334644318,0.5627559423446655,1.447853446006775
0.09317008405923843,0.5929709076881409,1.5246717929840088
0.10377854853868484,0.6547659635543823,1.6925514936447144
0.0941915214061737,0.6098999977111816,1.5518152713775635
0.09722606092691422,0.6466661095619202,1.618926763534546
0.09427961707115173,0.6279146671295166,1.5707108974456787
0.08941987156867981,0.7001235485076904,1.5943222045898438
0.09579133242368698,0.6051605939865112,1.5630738735198975
0.08715757727622986,0.5877736806869507,1.4593493938446045
0.09268837422132492,0.6836469173431396,1.6105306148529053
0.10181588679552078,0.6583557724952698,1.6765146255493164
0.08316013962030411,0.6653667092323303,1.4969680309295654
0.09269235283136368,0.6213598251342773,1.548283338546753
0.08667085319757462,0.5757119655609131,1.442420482635498
0.09505393356084824,0.622764527797699,1.5733039379119873
0.08591412752866745,0.4954322874546051,1.3545736074447632
0.08874839544296265,0.6882009506225586,1.575684905052185
0.09380730241537094,0.6461136341094971,1.5841866731643677
0.09714196622371674,0.6504681706428528,1.6218879222869873
0.09660769999027252,0.634423017501831,1.6004999876022339
0.0941057801246643,0.7064732313156128,1.6475310325622559
0.09561081975698471,0.6849051117897034,1.6410133838653564
0.09515193849802017,0.5883550047874451,1.5398743152618408
0.09048367291688919,0.6080754995346069,1.5129122734069824
0.0847320705652237,0.4968988597393036,1.3442195653915405
0.0887131541967392,0.4072793126106262,1.2944109439849854
0.08838606625795364,0.6536885499954224,1.5375492572784424
0.10273684561252594,0.6910176277160645,1.7183860540390015
0.09359485656023026,0.5246980786323547,1.460646629333496
0.07728474587202072,0.401578813791275,1.1744263172149658
0.07970857620239258,0.4425264000892639,1.239612102508545
0.09581438452005386,0.645416259765625,1.6035600900650024
0.10379447788000107,0.6956488490104675,1.7335937023162842
0.10120074450969696,0.6516069173812866,1.6636143922805786
0.08823046833276749,0.5961411595344543,1.4784457683563232
0.08942795544862747,0.6402935981750488,1.5345730781555176
0.08833514153957367,0.5036408305168152,1.3869922161102295
0.0889332965016365,0.6770992279052734,1.566432237625122
0.10005486756563187,0.6814638376235962,1.6820125579833984
0.08525269478559494,0.6205203533172607,1.4730472564697266
0.08541508764028549,0.5584993362426758,1.412650227546692
0.08946128934621811,0.5487700700759888,1.443382978439331
0.08417516946792603,0.6191383004188538,1.4608900547027588
0.0918377935886383,0.6277804374694824,1.5461583137512207
0.09125889837741852,0.6196136474609375,1.5322026014328003
0.09592112898826599,0.5652567148208618,1.524467945098877
0.09484894573688507,0.6898254156112671,1.6383148431777954
0.09449347853660583,0.7507558465003967,1.695690631866455
0.08795072138309479,0.5440747737884521,1.4235819578170776
0.09460107237100601,0.723717212677002,1.6697279214859009
0.09233541041612625,0.6503651142120361,1.5737192630767822
0.0823880136013031,0.5022975206375122,1.3261775970458984
0.0949149802327156,0.5166659951210022,1.465815782546997
0.09824961423873901,0.6785018444061279,1.660997986793518
0.08588645607233047,0.6362568140029907,1.4951213598251343
0.09883009642362595,0.6824723482131958,1.6707732677459717
0.09230922162532806,0.5439161062240601,1.467008352279663
0.09708110243082047,0.6730868816375732,1.6438978910446167
0.09175091236829758,0.6200878024101257,1.5375969409942627
0.09391932189464569,0.6483537554740906,1.5875470638275146
0.08933261781930923,0.5875437259674072,1.4808698892593384
0.08302535861730576,0.4049842357635498,1.2352378368377686
0.09386824816465378,0.6427097320556641,1.5813922882080078
0.09740162640810013,0.7565665245056152,1.7305827140808105
0.09513923525810242,0.6617494821548462,1.6131417751312256
0.0917697623372078,0.6233559846878052,1.5410535335540771
0.0882062017917633,0.6040762066841125,1.4861382246017456
0.09335985034704208,0.5589702129364014,1.4925687313079834
0.0861598327755928,0.5006505250930786,1.3622488975524902
0.0916341096162796,0.6345996260643005,1.550940752029419
0.09216012060642242,0.5485290884971619,1.470130205154419
0.08647527545690536,0.6480141282081604,1.5127668380737305
0.0922887995839119,0.6709218621253967,1.5938098430633545
0.09297594428062439,0.6208897829055786,1.5506491661071777
0.10194414854049683,0.6221208572387695,1.6415623426437378
0.09308723360300064,0.6296980977058411,1.560570478439331
0.09186498075723648,0.5841660499572754,1.502815842628479
0.09159857034683228,0.6324757933616638,1.5484614372253418
0.09491235017776489,0.6673369407653809,1.6164604425430298
0.08296498656272888,0.6250841021537781,1.454733967781067
0.0916631817817688,0.5276687145233154,1.4443005323410034
0.09407296776771545,0.7432641983032227,1.6839938163757324
0.08532191812992096,0.5393146276473999,1.392533779144287
0.0962475910782814,0.6382951736450195,1.6007710695266724
0.08936911821365356,0.6596722602844238,1.5533634424209595
0.09188008308410645,0.5387230515480042,1.4575238227844238
0.10180481523275375,0.755803108215332,1.7738512754440308
0.09808406233787537,0.7263500690460205,1.707190752029419
0.09404042363166809,0.5548569560050964,1.4952611923217773
0.10331898927688599,0.7188030481338501,1.75199294090271
0.0905429795384407,0.5245809555053711,1.4300107955932617
0.09507755935192108,0.7425152659416199,1.6932909488677979
0.08540472388267517,0.507686197757721,1.3617334365844727
0.09067850559949875,0.6656678318977356,1.5724529027938843
0.09919961541891098,0.6143568754196167,1.6063530445098877
0.0952276661992073,0.6665575504302979,1.6188342571258545
0.09192775934934616,0.6212806701660156,1.5405583381652832
0.09365218877792358,0.5139474272727966,1.4504692554473877
0.10914837568998337,0.6862201690673828,1.777703881263733
0.08773772418498993,0.5990588665008545,1.4764361381530762
0.08849423378705978,0.6322691440582275,1.5172114372253418
0.09853871911764145,0.6965707540512085,1.6819579601287842
0.09026525914669037,0.5911523699760437,1.493804931640625
0.09457806497812271,0.7361437678337097,1.6819243431091309
0.08885360509157181,0.5583549737930298,1.4468910694122314
0.09673963487148285,0.6776426434516907,1.6450390815734863
0.0963209941983223,0.721520185470581,1.684730052947998
0.10018259286880493,0.7066463232040405,1.7084722518920898
0.0914265513420105,0.675032377243042,1.589297890663147
0.09177669137716293,0.6235942244529724,1.5413610935211182
0.08872482180595398,0.6957194209098816,1.5829676389694214
0.09365825355052948,0.6579546332359314,1.5945372581481934
0.08795323967933655,0.4106651544570923,1.2901976108551025
0.0901278480887413,0.4606279134750366,1.3619064092636108
0.08727870136499405,0.5068357586860657,1.3796226978302002
0.09270179271697998,0.6788191795349121,1.605837106704712
0.08320313692092896,0.37815049290657043,1.2101818323135376
0.09157391637563705,0.6877663135528564,1.6035054922103882
0.09682922065258026,0.6208086609840393,1.5891008377075195
0.08784221112728119,0.6109417676925659,1.4893639087677002
0.10500593483448029,0.6562851667404175,1.706344485282898
0.09806401282548904,0.7001056671142578,1.6807458400726318
0.08607589453458786,0.5665605068206787,1.4273195266723633
0.09017949551343918,0.6913645267486572,1.5931594371795654
0.09415234625339508,0.6083828210830688,1.5499062538146973
0.08728679269552231,0.5475447177886963,1.4204126596450806
0.09266958385705948,0.7161325216293335,1.642828345298767
0.08867309242486954,0.5789508819580078,1.465681791305542
0.08960745483636856,0.694872260093689,1.5909467935562134
0.09730754792690277,0.6137866973876953,1.5868622064590454
0.0911654531955719,0.6097882986068726,1.5214428901672363
0.09461057186126709,0.5503934025764465,1.4964990615844727
0.09033113718032837,0.5902749300003052,1.4935863018035889
0.0883931964635849,0.6048621535301208,1.4887940883636475
0.0948503389954567,0.6504933834075928,1.5989967584609985
0.0930161252617836,0.546959638595581,1.4771208763122559
0.08692840486764908,0.6257027387619019,1.4949867725372314
0.08747195452451706,0.586079478263855,1.460798978805542
0.09553562104701996,0.6823253631591797,1.6376816034317017
0.0989336371421814,0.672631561756134,1.6619679927825928
0.08701201528310776,0.5534104704856873,1.4235305786132812
0.095454640686512,0.6993762254714966,1.6539225578308105
0.08807696402072906,0.5373382568359375,1.4181078672409058
0.08708526939153671,0.49003446102142334,1.3608871698379517
0.09791015088558197,0.6841851472854614,1.6632866859436035
0.0910877138376236,0.6048344373703003,1.5157115459442139
0.09367524832487106,0.6107369661331177,1.5474894046783447
0.08665597438812256,0.6254233717918396,1.49198317527771
0.08546004444360733,0.6210658550262451,1.4756662845611572
0.09279979020357132,0.6364498138427734,1.5644476413726807
0.09088823199272156,0.5868356227874756,1.495718002319336
0.08554935455322266,0.5070710182189941,1.3625645637512207
0.09135860204696655,0.5638221502304077,1.4774081707000732
0.08683035522699356,0.6928458213806152,1.5611493587493896
0.08425574004650116,0.5326828956604004,1.3752403259277344
0.08819291740655899,0.6386569142341614,1.5205860137939453
0.0913337990641594,0.5593926906585693,1.4727306365966797
0.09382826089859009,0.5886377096176147,1.5269203186035156
0.0862514078617096,0.5691442489624023,1.4316582679748535
0.09161773324012756,0.5950974822044373,1.511274814605713
0.10309793800115585,0.5952956080436707,1.6262750625610352
0.10219272971153259,0.7115049362182617,1.7334322929382324
0.09393728524446487,0.6950234174728394,1.6343963146209717
0.08515141159296036,0.5505473017692566,1.4020614624023438
0.08156823366880417,0.6158351898193359,1.4315176010131836
0.08505365997552872,0.6255819201469421,1.476118564605713
0.08789537101984024,0.5895658135414124,1.4685194492340088
0.09234099835157394,0.5306021571159363,1.454012155532837
0.08835354447364807,0.5188109278678894,1.4023463726043701
0.09231209754943848,0.6034784317016602,1.526599407196045
0.09436464309692383,0.6798633337020874,1.6235097646713257
0.07983008027076721,0.6143863797187805,1.4126871824264526
0.0961344763636589,0.6998553276062012,1.6612000465393066
0.1017708033323288,0.6392943263053894,1.6570024490356445
0.0993371233344078,0.5857310891151428,1.5791022777557373
0.09760651737451553,0.7012091875076294,1.6772743463516235
0.09520465135574341,0.696689248085022,1.648735761642456
0.09484344720840454,0.6611239910125732,1.6095584630966187
0.09379525482654572,0.5430271625518799,1.4809796810150146
0.09002218395471573,0.644251823425293,1.544473648071289
0.09165535867214203,0.6776348352432251,1.5941884517669678
0.09026549011468887,0.6607401371002197,1.5633950233459473
0.08888648450374603,0.5924413800239563,1.4813063144683838
0.08750312030315399,0.5963441133499146,1.4713753461837769
0.09756539016962051,0.6038983464241028,1.579552173614502
0.09804180264472961,0.6167913675308228,1.5972094535827637
0.09646879136562347,0.5935568809509277,1.5582448244094849
0.09861543029546738,0.6954914331436157,1.6816457509994507
0.09548143297433853,0.6188981533050537,1.5737124681472778
0.09346815198659897,0.48591411113739014,1.420595645904541
0.08769087493419647,0.5627104043960571,1.4396191835403442
0.1038409024477005,0.6466617584228516,1.6850707530975342
0.1001318097114563,0.6501147747039795,1.6514328718185425
0.08960052579641342,0.5833474397659302,1.4793527126312256
0.09813421964645386,0.6943086981773376,1.6756508350372314
0.09629259258508682,0.6008372902870178,1.56376314163208
0.09209220856428146,0.5935616493225098,1.5144836902618408
0.09388140588998795,0.622456431388855,1.5612704753875732
0.0844729095697403,0.6396899223327637,1.4844189882278442
0.09603118896484375,0.5616921782493591,1.5220041275024414
0.09504441916942596,0.5799054503440857,1.5303497314453125
0.08240755647420883,0.5412843227386475,1.365359902381897
0.08729672431945801,0.6468616724014282,1.5198289155960083
0.0866975411772728,0.6760174036026001,1.5429928302764893
0.08154229074716568,0.4950951933860779,1.3105180263519287
0.09363845735788345,0.6047573089599609,1.5411418676376343
0.09523937851190567,0.6498697996139526,1.6022635698318481
0.09690599143505096,0.5027977824211121,1.4718577861785889
0.09315714985132217,0.6534852385520935,1.5850567817687988
0.08453921973705292,0.6063103079795837,1.45170259475708
0.0862288847565651,0.49163180589675903,1.3539206981658936
0.0863897055387497,0.673985481262207,1.5378825664520264
0.09824343770742416,0.5727609395980835,1.5551953315734863
0.09634105861186981,0.5809075236320496,1.5443181991577148
0.09193965792655945,0.4682620167732239,1.3876585960388184
0.09258539974689484,0.693561851978302,1.6194157600402832
0.10371846705675125,0.720177948474884,1.7573626041412354
0.09295738488435745,0.563927948474884,1.4935017824172974
0.10050377249717712,0.6954658031463623,1.7005035877227783
0.09185906499624252,0.6851773858070374,1.6037681102752686
0.09165485948324203,0.6643469333648682,1.5808955430984497
0.09399211406707764,0.7452375888824463,1.6851587295532227
0.09191460907459259,0.6686431169509888,1.5877891778945923
0.08447037637233734,0.5975219011306763,1.442225694656372
0.09213964641094208,0.26149338483810425,1.1828899383544922
0.08705397695302963,0.655328094959259,1.5258679389953613
0.09028355032205582,0.7452024221420288,1.6480379104614258
0.08810870349407196,0.7167444825172424,1.5978314876556396
0.09390327334403992,0.6636130213737488,1.602645754814148
0.09335248917341232,0.7017332911491394,1.6352581977844238
0.08980544656515121,0.6350778341293335,1.5331323146820068
0.08497828990221024,0.6214979887008667,1.471280813217163
0.09240330755710602,0.6676086187362671,1.5916416645050049
0.09495124965906143,0.5652375817298889,1.5147500038146973
0.09093225002288818,0.6297292709350586,1.5390517711639404
0.08660385012626648,0.64723140001297,1.5132699012756348
0.08837014436721802,0.5952374935150146,1.4789389371871948
0.09169643372297287,0.6851633787155151,1.6021277904510498
0.09526395052671432,0.6655038595199585,1.6181433200836182
0.09286913275718689,0.6930769681930542,1.6217682361602783
0.09079565107822418,0.5902736186981201,1.4982300996780396
0.08208926022052765,0.6524037718772888,1.4732964038848877
0.08948995918035507,0.5708550214767456,1.4657546281814575
0.08340972661972046,0.7093818187713623,1.543479084968567
0.1024368405342102,0.6639766693115234,1.6883450746536255
0.0892178863286972,0.6301355361938477,1.522314429283142
0.08597064018249512,0.5950921773910522,1.4547985792160034
0.09524691104888916,0.5524499416351318,1.5049190521240234
0.09178943932056427,0.7000863552093506,1.617980718612671
0.09851980209350586,0.6811888217926025,1.6663868427276611
0.09584987908601761,0.614827036857605,1.5733258724212646
0.08870741724967957,0.6518493890762329,1.5389235019683838
0.08835512399673462,0.6913631558418274,1.5749144554138184
0.09979260712862015,0.7130094766616821,1.7109355926513672
0.08948007971048355,0.6761869192123413,1.5709877014160156
0.08276735991239548,0.41322946548461914,1.2409031391143799
0.09592245519161224,0.4950931668281555,1.4543178081512451
0.08179117739200592,0.5420621633529663,1.3599739074707031
0.0922650396823883,0.6784883141517639,1.601138710975647
0.09403816610574722,0.5846089124679565,1.5249905586242676
0.09777615964412689,0.6872841119766235,1.6650457382202148
0.0925019234418869,0.6652610301971436,1.590280294418335
0.09447955340147018,0.6462321281433105,1.5910277366638184
0.09047752618789673,0.5292277336120605,1.4340029954910278
0.08490264415740967,0.5911610126495361,1.4401874542236328
0.07982311397790909,0.5894807577133179,1.3877118825912476
0.0982038676738739,0.6602709293365479,1.6423096656799316
0.09313853830099106,0.527225911617279,1.458611249923706
0.08958550542593002,0.6204683184623718,1.5163233280181885
0.08199281245470047,0.6624643802642822,1.4823925495147705
0.09846118092536926,0.6064715385437012,1.591083288192749
0.08559412509202957,0.6367734670639038,1.4927146434783936
0.09022345393896103,0.6595123410224915,1.5617468357086182
0.09450013190507889,0.6408864855766296,1.5858877897262573
0.10054191201925278,0.7299745082855225,1.7353936433792114
0.10112962126731873,0.5955249071121216,1.6068211793899536
0.09222567826509476,0.6611684560775757,1.5834252834320068
0.0973532497882843,0.58395916223526,1.557491660118103
0.08881320804357529,0.7102905511856079,1.598422646522522
0.08521687239408493,0.43468010425567627,1.286848783493042
0.08813336491584778,0.4716793894767761,1.353013038635254
0.09685098379850388,0.5308398604393005,1.4993497133255005
0.09167955070734024,0.6033398509025574,1.5201354026794434
0.09499718993902206,0.6618527770042419,1.6118247509002686
0.09144699573516846,0.7005187273025513,1.6149886846542358
0.08816622197628021,0.6096709370613098,1.491333246231079
0.08386161178350449,0.5405333042144775,1.3791494369506836
0.08850067108869553,0.6325643062591553,1.517570972442627
0.08815310150384903,0.6269603967666626,1.5084913969039917
0.08611598610877991,0.5424688458442688,1.4036287069320679
0.08534764498472214,0.541334867477417,1.3948113918304443
0.08885333687067032,0.6766945123672485,1.5652278661727905
0.09649478644132614,0.6997419595718384,1.6646897792816162
0.08740612119436264,0.5186969041824341,1.3927581310272217
0.08941978961229324,0.7224292159080505,1.6166270971298218
0.0879095196723938,0.6597117185592651,1.5388069152832031
0.08355051279067993,0.6506447196006775,1.486149787902832
0.0948236808180809,0.5471932291984558,1.4954299926757812
0.0843757763504982,0.6186760663986206,1.4624338150024414
0.0876770094037056,0.4710599482059479,1.347830057144165
0.08336678147315979,0.6121088862419128,1.4457767009735107
0.08597002923488617,0.5788343548774719,1.4385347366333008
0.08735044300556183,0.6189489364624023,1.4924533367156982
0.09780393540859222,0.6165785193443298,1.5946178436279297
0.07814400643110275,0.5344870686531067,1.3159271478652954
0.09224236756563187,0.6171244978904724,1.5395481586456299
0.08520842343568802,0.5426313877105713,1.3947155475616455
0.09359993040561676,0.685494065284729,1.6214933395385742
0.09399355947971344,0.6415165662765503,1.5814521312713623
0.0886133462190628,0.5886258482933044,1.4747593402862549
0.0844074934720993,0.6140612363815308,1.4581362009048462
0.08903687447309494,0.6130393147468567,1.5034080743789673
0.08475489169359207,0.5695165395736694,1.4170653820037842
0.0798385962843895,0.3429811894893646,1.1413671970367432
0.08749927580356598,0.5073225498199463,1.3823152780532837
0.09969863295555115,0.7342950105667114,1.7312812805175781
0.10125349462032318,0.6143959760665894,1.6269309520721436
0.08961991965770721,0.529231607913971,1.4254307746887207
0.08316824585199356,0.6244391202926636,1.456121563911438
0.07989287376403809,0.3910093605518341,1.1899380683898926
0.0979861244559288,0.6408606171607971,1.6207218170166016
0.08842461556196213,0.6512904167175293,1.535536527633667
0.09038899093866348,0.5594267249107361,1.4633166790008545
0.09335736930370331,0.6914247274398804,1.6249984502792358
0.09557989239692688,0.6318092346191406,1.5876080989837646
0.09672632068395615,0.6978049278259277,1.6650681495666504
0.09629100561141968,0.6331311464309692,1.596041202545166
0.087571881711483,0.5238391757011414,1.3995580673217773
0.08370500802993774,0.7202735543251038,1.557323694229126
0.09409227967262268,0.539400577545166,1.480323314666748
0.09751377254724503,0.6483687162399292,1.6235064268112183
0.09165843576192856,0.6580320000648499,1.5746164321899414
0.08878114074468613,0.5782372355461121,1.4660487174987793
0.08992758393287659,0.5328941941261292,1.432170033454895
0.09200389683246613,0.7288062572479248,1.6488451957702637
0.09172610193490982,0.6566188931465149,1.5738799571990967
0.09221827983856201,0.5884107947349548,1.5105936527252197
0.08614668995141983,0.6308538913726807,1.4923207759857178
0.09465399384498596,0.6406451463699341,1.5871851444244385
0.08531611412763596,0.6752282977104187,1.5283894538879395
0.09270869940519333,0.7405571937561035,1.6676442623138428
0.09236535429954529,0.6075612306594849,1.531214714050293
0.09396039694547653,0.5771133899688721,1.5167174339294434
0.09235211461782455,0.6207243204116821,1.5442454814910889
0.09144964814186096,0.6286373138427734,1.5431337356567383
0.09096737951040268,0.6118519306182861,1.5215257406234741
0.0984853208065033,0.7446231245994568,1.7294763326644897
0.09449871629476547,0.6518754959106445,1.5968626737594604
0.08656508475542068,0.6602380275726318,1.5258889198303223
0.09171626716852188,0.6210523843765259,1.5382150411605835
0.10058783739805222,0.5764670372009277,1.5823453664779663
0.09069138020277023,0.6913802623748779,1.5982940196990967
0.08647283911705017,0.5761690735816956,1.4408974647521973
0.09154875576496124,0.434192031621933,1.3496795892715454
0.08834416419267654,0.6699676513671875,1.5534093379974365
0.08855339884757996,0.5392014384269714,1.424735426902771
0.08676650375127792,0.6296432614326477,1.4973082542419434
0.09193353354930878,0.631536602973938,1.5508719682693481
0.09125224500894547,0.582295298576355,1.4948177337646484
0.08454760909080505,0.605033278465271,1.4505093097686768
0.08770191669464111,0.5337069034576416,1.4107260704040527
0.09827722609043121,0.5603179931640625,1.5430902242660522
0.082950159907341,0.6322076916694641,1.4617092609405518
0.09905688464641571,0.703787088394165,1.6943559646606445
0.08394400775432587,0.4911182224750519,1.3305583000183105
0.09497667104005814,0.6701277494430542,1.6198945045471191
0.09832167625427246,0.6913881301879883,1.674604892730713
0.08791259676218033,0.5037257671356201,1.3828517198562622
0.09515072405338287,0.7429193258285522,1.6944265365600586
0.0889766737818718,0.6319808959960938,1.5217475891113281
0.09529730677604675,0.6291944980621338,1.582167625427246
0.09570535272359848,0.5825382471084595,1.5395917892456055
0.08624648302793503,0.6724696159362793,1.5349345207214355
0.0932994931936264,0.520084798336029,1.4530797004699707
0.09566668421030045,0.5958347320556641,1.5525015592575073
0.088248610496521,0.6542675495147705,1.5367536544799805
0.0892486721277237,0.6012264490127563,1.493713140487671
0.09694574028253555,0.4729319214820862,1.4423892498016357
0.09524258971214294,0.6719918251037598,1.624417781829834
0.09251543134450912,0.5468229055404663,1.4719772338867188
0.0883495956659317,0.582535982131958,1.4660319089889526
0.09060142934322357,0.4467180669307709,1.3527324199676514
0.08836989849805832,0.6214500665664673,1.5051491260528564
0.09697911888360977,0.6462154388427734,1.61600661277771
0.09191596508026123,0.6668028235435486,1.5859625339508057
0.09136813133955002,0.5705536007881165,1.4842349290847778
0.0983712375164032,0.6974847316741943,1.681197166442871
0.08483240008354187,0.5978074073791504,1.4461314678192139
0.09447991102933884,0.6157721281051636,1.5605711936950684
0.09409842640161514,0.6364491581916809,1.5774333477020264
0.09209299832582474,0.6746926307678223,1.5956225395202637
0.08891772478818893,0.6289418339729309,1.5181190967559814
0.09309089183807373,0.5233324766159058,1.454241394996643
0.09446845948696136,0.5661609768867493,1.51084566116333
0.09078896790742874,0.6084171533584595,1.5163068771362305
0.08631409704685211,0.6636969447135925,1.5268378257751465
0.08678591251373291,0.6152573227882385,1.4831163883209229
0.09159484505653381,0.6193608045578003,1.5353093147277832
0.0776204764842987,0.6444116234779358,1.4206163883209229
0.0986204445362091,0.5409634113311768,1.527167797088623
0.092624232172966,0.6475546360015869,1.5737969875335693
0.08504685014486313,0.5452589392662048,1.3957273960113525
0.09133490920066833,0.6960974931716919,1.6094465255737305
0.08764872699975967,0.4666286110877991,1.3431158065795898
0.08787562698125839,0.5867897272109985,1.4655460119247437
0.09441330283880234,0.6112087965011597,1.5553418397903442
0.09418907016515732,0.6052101850509644,1.5471009016036987
0.09729336947202682,0.5261115431785583,1.4990452527999878
0.09837880730628967,0.6677384972572327,1.6515265703201294
0.08527836203575134,0.6298679113388062,1.4826514720916748
0.08912172168493271,0.6963120102882385,1.587529182434082
0.09661626070737839,0.6545170545578003,1.6206796169281006
0.08743739873170853,0.6953036785125732,1.5696775913238525
0.09600190818309784,0.6908788084983826,1.6508979797363281
0.0894474983215332,0.5795655846595764,1.4740405082702637
0.092832550406456,0.604670524597168,1.5329960584640503
0.08734844624996185,0.6550933718681335,1.5285778045654297
0.09152741730213165,0.6456019878387451,1.5608761310577393
0.09209218621253967,0.5217809677124023,1.4427027702331543
0.09793411940336227,0.6239370107650757,1.6032781600952148
0.0786745697259903,0.5715073943138123,1.358253002166748
0.09276363998651505,0.4650614261627197,1.392697811126709
0.09099719673395157,0.5859087705612183,1.4958807229995728
0.09528917074203491,0.6286671161651611,1.5815588235855103
0.09591998159885406,0.6597887277603149,1.6189885139465332
0.08615586161613464,0.6214205026626587,1.4829790592193604
0.09116251766681671,0.6515750288963318,1.5632002353668213
0.09412797540426254,0.6147740483283997,1.556053876876831
0.0969695970416069,0.6024969220161438,1.572192907333374
0.08942410349845886,0.5742485523223877,1.468489646911621
0.08533348888158798,0.45293474197387695,1.306269645690918
0.08322302252054214,0.5714566707611084,1.4036868810653687
0.08155206590890884,0.54963219165802,1.3651528358459473
0.08809457719326019,0.6392596960067749,1.5202054977416992
0.08560600131750107,0.6576113700866699,1.5136713981628418
0.09266743063926697,0.605758786201477,1.532433032989502
0.094481460750103,0.7119944095611572,1.6568090915679932
0.08355287462472916,0.4683268666267395,1.3038556575775146
0.08260530978441238,0.5958622097969055,1.4219152927398682
0.09215705096721649,0.6499070525169373,1.5714776515960693
0.08869973570108414,0.7207390069961548,1.607736349105835
0.0849456861615181,0.5277975797653198,1.3772544860839844
0.08299870789051056,0.5963817238807678,1.4263687133789062
0.08919960260391235,0.646836519241333,1.5388325452804565
0.09278003126382828,0.6777459383010864,1.605546236038208
0.0891709178686142,0.6670648455619812,1.5587739944458008
0.09477341920137405,0.6464782953262329,1.594212532043457
0.09196701645851135,0.6640034914016724,1.5836737155914307
0.0898454338312149,0.630386233329773,1.5288405418395996
0.09010889381170273,0.4899377226829529,1.3910267353057861
0.09094823896884918,0.5666046142578125,1.476086974143982
0.09135155379772186,0.5374629497528076,1.4509785175323486
0.0932905450463295,0.6848043203353882,1.617709755897522
0.0911988765001297,0.573112964630127,1.4851016998291016
0.08729566633701324,0.5963680148124695,1.4693245887756348
0.08478730916976929,0.6157824993133545,1.4636555910110474
0.08372241258621216,0.5901285409927368,1.4273526668548584
0.08839212357997894,0.5135756731033325,1.3974969387054443
0.08350958675146103,0.4977854788303375,1.3328813314437866
0.09166640788316727,0.6052898168563843,1.521953821182251
0.08850634843111038,0.5401865243911743,1.4252500534057617
0.09043427556753159,0.5952345728874207,1.499577283859253
0.10314779728651047,0.7197215557098389,1.75119948387146
0.09524054825305939,0.6295641660690308,1.5819696187973022
0.08654353767633438,0.5625604391098022,1.4279958009719849
0.09045704454183578,0.5330458879470825,1.4376163482666016
0.09588288515806198,0.5513886213302612,1.5102174282073975
0.09100668877363205,0.6425724029541016,1.5526392459869385
0.09555358439683914,0.38857507705688477,1.3441109657287598
0.09029538184404373,0.5288650989532471,1.431818962097168
0.08996015042066574,0.6368498206138611,1.5364513397216797
0.09354076534509659,0.5552679300308228,1.4906755685806274
0.09651684761047363,0.6809072494506836,1.64607572555542
0.09142386168241501,0.6218860149383545,1.5361247062683105
0.085282102227211,0.562868058681488,1.4156889915466309
0.08537643402814865,0.5158714056015015,1.369635820388794
0.09298702329397202,0.6329944133758545,1.5628646612167358
0.0917440801858902,0.5824653506278992,1.499906063079834
0.09653300046920776,0.7075304388999939,1.6728603839874268
0.09758775681257248,0.5962027311325073,1.572080373764038
0.10130587965250015,0.6785070300102234,1.691565752029419
0.07789474725723267,0.4622577428817749,1.2412052154541016
0.09158970415592194,0.605588436126709,1.521485447883606
0.08066584914922714,0.4963310658931732,1.3029896020889282
0.08362482488155365,0.6786282658576965,1.5148766040802002
0.09082907438278198,0.5802737474441528,1.4885644912719727
0.08884052187204361,0.6555511951446533,1.5439563989639282
0.09457802027463913,0.579318106174469,1.5250983238220215
0.09454899281263351,0.6740357875823975,1.619525671005249
0.08812286704778671,0.6238471865653992,1.5050759315490723
0.08928492665290833,0.5838451385498047,1.4766943454742432
0.07933428138494492,0.546539306640625,1.3398821353912354
0.0821174830198288,0.5828771591186523,1.4040520191192627
0.08751095086336136,0.6950914263725281,1.5702009201049805
0.09946803748607635,0.513444185256958,1.508124589920044
0.0880235955119133,0.5818396210670471,1.4620755910873413
0.08533520996570587,0.6296600103378296,1.483012080192566
0.09091924875974655,0.629734456539154,1.5389269590377808
0.08111035823822021,0.47657763957977295,1.287681221961975
0.0928279384970665,0.6340848803520203,1.5623643398284912
0.08563197404146194,0.5963574647903442,1.4526772499084473
0.08208902180194855,0.6308181285858154,1.4517083168029785
0.08679214864969254,0.6438249349594116,1.5117464065551758
0.10000717639923096,0.6547187566757202,1.6547905206680298
0.0964440330862999,0.676375687122345,1.6408159732818604
0.10059809684753418,0.702338457107544,1.7083194255828857
0.09176076203584671,0.6841015815734863,1.6017091274261475
0.08176065981388092,0.6703732013702393,1.487979769706726
0.08021131157875061,0.7068939208984375,1.5090069770812988
0.08695501834154129,0.50813889503479,1.3776891231536865
0.09169062972068787,0.5271210670471191,1.4440274238586426
0.09033743292093277,0.5514381527900696,1.4548125267028809
0.09337930381298065,0.6419926285743713,1.5757856369018555
0.09504010528326035,0.7117577195167542,1.662158727645874
0.09043633937835693,0.5071157217025757,1.411479115486145
0.08709036558866501,0.6791483759880066,1.5500520467758179
0.08803961426019669,0.5040414333343506,1.3844375610351562
0.08584988117218018,0.6425585150718689,1.5010573863983154
0.08597208559513092,0.6550546288490295,1.5147755146026611
0.09879051893949509,0.760149359703064,1.7480545043945312
0.09680289775133133,0.6511712074279785,1.6192002296447754
0.07875590026378632,0.6641746759414673,1.4517337083816528
0.09336236119270325,0.6613372564315796,1.5949609279632568
0.0890093594789505,0.5943042039871216,1.4843977689743042
0.0850096344947815,0.6686849594116211,1.518781304359436
0.08385109156370163,0.430877685546875,1.2693886756896973
0.08185093104839325,0.6007207036018372,1.4192299842834473
0.08842816203832626,0.4734051823616028,1.3576867580413818
0.09113556146621704,0.6431370973587036,1.554492712020874
0.09365058690309525,0.6010787487030029,1.5375845432281494
0.09914812445640564,0.6128709316253662,1.6043522357940674
0.0902162715792656,0.704587996006012,1.606750726699829
0.09469456970691681,0.753960371017456,1.7009060382843018
0.09002646803855896,0.561426043510437,1.4616906642913818
0.09276772290468216,0.6475141048431396,1.5751912593841553
0.09707877784967422,0.7349144220352173,1.7057021856307983
0.08151379227638245,0.6995814442634583,1.5147193670272827
0.08903292566537857,0.5776203870773315,1.467949628829956
0.08661933988332748,0.7074688673019409,1.573662281036377
0.09567316621541977,0.5762230157852173,1.5329546928405762
0.09417983144521713,0.6014190912246704,1.543217420578003
0.08985598385334015,0.5087132453918457,1.4072730541229248
0.09173145890235901,0.6151609420776367,1.532475471496582
0.08691404014825821,0.6039378643035889,1.4730782508850098
0.0900186225771904,0.5061644911766052,1.4063507318496704
0.09004215896129608,0.6304388642311096,1.530860424041748
0.09748759120702744,0.706153929233551,1.6810297966003418
0.08757355064153671,0.6480181217193604,1.5237536430358887
0.08482342213392258,0.5308763980865479,1.37911057472229
0.09482055902481079,0.7559548020362854,1.704160451889038
0.07525201141834259,0.37737178802490234,1.1298918724060059
0.08312923461198807,0.5383797883987427,1.3696720600128174
0.09733548760414124,0.6681723594665527,1.6415271759033203
0.09671085327863693,0.6828839778900146,1.6499924659729004
0.0810428038239479,0.6406553387641907,1.4510834217071533
0.0906599909067154,0.46885284781455994,1.3754527568817139
0.09839721769094467,0.6805322766304016,1.6645045280456543
0.08893083781003952,0.6532357931137085,1.5425441265106201
0.09371921420097351,0.5911769270896912,1.5283690690994263
0.09201648086309433,0.47377586364746094,1.3939406871795654
0.08986114710569382,0.6652297377586365,1.5638412237167358
0.08492999523878098,0.5798029899597168,1.429102897644043
0.08569395542144775,0.5674953460693359,1.4244349002838135
0.08862031996250153,0.685848593711853,1.572051763534546
0.09744822978973389,0.6682212352752686,1.6427035331726074
0.08329960703849792,0.6682990789413452,1.5012950897216797
0.08176851272583008,0.6597035527229309,1.477388620376587
0.09421587735414505,0.5655237436294556,1.5076825618743896
0.08255735784769058,0.6945609450340271,1.520134449005127
0.0847107395529747,0.5673493146896362,1.4144567251205444
0.08587061613798141,0.5137165784835815,1.372422695159912
0.07830902934074402,0.5142896175384521,1.297379970550537
0.09096541255712509,0.6112527847290039,1.520906925201416
0.09171688556671143,0.5345316529273987,1.4517004489898682
0.09518297761678696,0.6888391971588135,1.6406689882278442
0.08561483025550842,0.6768890023231506,1.5330373048782349
0.08935917913913727,0.6069003939628601,1.5004920959472656
0.08957664668560028,0.6524027585983276,1.5481692552566528
0.09655755013227463,0.6712366342544556,1.6368122100830078
0.08904226869344711,0.6394990682601929,1.5299217700958252
0.08629050850868225,0.5089977979660034,1.3719029426574707
0.07716397941112518,0.7363189458847046,1.5079587697982788
0.08833125978708267,0.6069115400314331,1.4902241230010986
0.09173473715782166,0.6564556360244751,1.5738029479980469
0.09579216688871384,0.5065780282020569,1.4644997119903564
0.10266899317502975,0.6796910762786865,1.7063809633255005
0.08626911789178848,0.4529644250869751,1.3156555891036987
0.09496139734983444,0.6337090134620667,1.5833230018615723
0.0871659442782402,0.5256374478340149,1.3972969055175781
0.08727508783340454,0.6090204119682312,1.4817712306976318
0.08299300819635391,0.46880149841308594,1.2987315654754639
0.08688981086015701,0.7166030406951904,1.5855011940002441
0.08095632493495941,0.6571536064147949,1.4667168855667114
0.08764590322971344,0.5894238948822021,1.4658828973770142
0.08863186836242676,0.6169031858444214,1.503221869468689
0.09576567262411118,0.5638651847839355,1.5215219259262085
0.08750420808792114,0.7088750600814819,1.5839171409606934
0.09602569043636322,0.5384407043457031,1.4986976385116577
0.09205911308526993,0.6982537508010864,1.6188448667526245
0.08552460372447968,0.5522167682647705,1.4074628353118896
0.09023471176624298,0.6776432394981384,1.5799903869628906
0.09256771951913834,0.7011914253234863,1.6268686056137085
0.08901427686214447,0.5756475925445557,1.4657903909683228
0.08929486572742462,0.5433177351951599,1.4362664222717285
0.08367747813463211,0.5101800560951233,1.3469548225402832
0.09602957218885422,0.5456973910331726,1.505993127822876
0.09480639547109604,0.6687257885932922,1.6167898178100586
0.08783180266618729,0.5955228805541992,1.4738409519195557
0.09072589129209518,0.6871447563171387,1.5944037437438965
0.08873768895864487,0.6010738611221313,1.4884507656097412
0.09479521960020065,0.7523404955863953,1.700292706489563
0.09243916720151901,0.7286202907562256,1.6530120372772217
0.09299115836620331,0.6802366971969604,1.610148310661316
0.0959421917796135,0.5963932871818542,1.5558152198791504
0.08690714091062546,0.7564620971679688,1.6255335807800293
0.09369315207004547,0.6168245077133179,1.5537559986114502
0.09734877198934555,0.6856316328048706,1.6591193675994873
0.09057752788066864,0.6633940935134888,1.5691694021224976
0.0884508341550827,0.49425947666168213,1.3787678480148315
0.08609765022993088,0.4366939067840576,1.2976703643798828
0.09120695292949677,0.7042292952537537,1.6162989139556885
0.08561878651380539,0.5585894584655762,1.4147772789001465
0.09129512310028076,0.6898094415664673,1.602760672569275
0.08576396107673645,0.6801230311393738,1.5377626419067383
0.0921124666929245,0.647765040397644,1.5688897371292114
0.09062133729457855,0.6756738424301147,1.5818872451782227
0.08707065880298615,0.562107264995575,1.4328138828277588
0.0832861065864563,0.28585729002952576,1.1187183856964111
0.08892650902271271,0.6606647968292236,1.5499298572540283
0.09934384375810623,0.6766781806945801,1.670116662979126
0.09188192337751389,0.7026875019073486,1.621506690979004
0.09022452682256699,0.5888150930404663,1.4910603761672974
0.08560702204704285,0.6044434905052185,1.460513710975647
0.08590450882911682,0.6667419075965881,1.5257869958877563
0.08797352015972137,0.678708553314209,1.5584437847137451
0.09153132140636444,0.49314308166503906,1.4084563255310059
0.09249323606491089,0.6008285880088806,1.5257608890533447
0.08926317095756531,0.6228549480438232,1.515486717224121
0.08828131854534149,0.6455202102661133,1.5283334255218506
0.08836907148361206,0.6217877864837646,1.5054785013198853
0.08401929587125778,0.5643284320831299,1.4045214653015137
0.08912590146064758,0.645681619644165,1.536940574645996
0.08538371324539185,0.5266461968421936,1.3804833889007568
0.09575433284044266,0.6356280446052551,1.5931713581085205
0.09255287051200867,0.5321072340011597,1.4576358795166016
0.08704782277345657,0.47013261914253235,1.3406108617782593
0.09183616936206818,0.49631932377815247,1.4146809577941895
0.08420766144990921,0.5464102029800415,1.3884868621826172
0.08726461976766586,0.6616727113723755,1.5343189239501953
0.09701606631278992,0.6364474296569824,1.6066081523895264
0.0895027369260788,0.6215007305145264,1.5165281295776367
0.09401591867208481,0.7027936577796936,1.6429529190063477
0.08705920726060867,0.517473578453064,1.3880655765533447
0.08572307974100113,0.6586641073226929,1.515894889831543
0.08420013636350632,0.7437903881072998,1.585791826248169
0.08928373456001282,0.592710018157959,1.4855473041534424
0.09353367239236832,0.6757529377937317,1.6110897064208984
0.08905407041311264,0.6485809087753296,1.5391216278076172
0.08050605654716492,0.7015514969825745,1.5066120624542236
0.08630626648664474,0.500432014465332,1.363494634628296
0.0952179804444313,0.5701808333396912,1.5223605632781982
0.09378262609243393,0.5493029952049255,1.4871292114257812
0.08252186328172684,0.6254158616065979,1.450634479522705
0.09749121218919754,0.6318094730377197,1.6067216396331787
0.07966659218072891,0.5715173482894897,1.3681832551956177
0.0887596383690834,0.6800252199172974,1.5676215887069702
0.08962303400039673,0.6159180402755737,1.512148380279541
0.08680282533168793,0.6546465158462524,1.522674798965454
0.08085113018751144,0.6870198845863342,1.4955312013626099
0.08413232117891312,0.5667215585708618,1.4080448150634766
0.08493049442768097,0.5648541450500488,1.4141590595245361
0.08564988523721695,0.6582180261611938,1.5147168636322021
0.08937982469797134,0.6391628980636597,1.532961130142212
0.08876249939203262,0.6246970295906067,1.512321949005127
0.08180706202983856,0.6363159418106079,1.454386591911316
0.0873190239071846,0.6271405816078186,1.5003308057785034
0.07967738062143326,0.49581456184387207,1.2925883531570435
0.08623715490102768,0.5916435718536377,1.4540151357650757
0.08387836068868637,0.6403969526290894,1.4791805744171143
0.08431317657232285,0.541215717792511,1.3843474388122559
0.09334729611873627,0.36054909229278564,1.2940220832824707
0.09602335095405579,0.7270529270172119,1.687286376953125
0.09380486607551575,0.7749533653259277,1.7130019664764404
0.07843097299337387,0.5133696794509888,1.2976794242858887
0.08878368139266968,0.6050750017166138,1.4929118156433105
0.0867743045091629,0.6292440891265869,1.4969871044158936
0.08329703658819199,0.5442914962768555,1.3772618770599365
0.08455032110214233,0.5655440092086792,1.4110472202301025
0.09118660539388657,0.7162209749221802,1.628087043762207
0.08357557654380798,0.5215144157409668,1.3572702407836914
0.08036752790212631,0.4286944270133972,1.2323696613311768
0.08405441790819168,0.6484119296073914,1.488956093788147
0.08636782318353653,0.5510811805725098,1.4147593975067139
0.0945376306772232,0.7203941345214844,1.665770411491394
0.08800169825553894,0.6454237699508667,1.5254406929016113
0.08378177881240845,0.7016158103942871,1.5394335985183716
0.09721013158559799,0.6892510652542114,1.6613523960113525
0.08495696634054184,0.7080259323120117,1.5575956106185913
0.0884145200252533,0.48938316106796265,1.3735283613204956
0.0880572721362114,0.6184817552566528,1.4990544319152832
0.07852882146835327,0.6425949335098267,1.4278831481933594
0.09292973577976227,0.7439484596252441,1.6732457876205444
0.0908903181552887,0.5140477418899536,1.4229509830474854
0.08224625885486603,0.7258061170578003,1.5482686758041382
0.08564656972885132,0.5787607431411743,1.4352264404296875
0.08597104251384735,0.6838921904563904,1.543602705001831
0.09262971580028534,0.4965050220489502,1.422802209854126
0.08823365718126297,0.6329880952835083,1.515324592590332
0.08156664669513702,0.5831118822097778,1.3987783193588257
0.08259379863739014,0.5651965141296387,1.39113450050354
0.08896784484386444,0.5817173719406128,1.4713958501815796
0.08683665096759796,0.6740487813949585,1.5424152612686157
0.08222153037786484,0.7025773525238037,1.5247926712036133
0.08877413719892502,0.6848522424697876,1.5725936889648438
0.0858105719089508,0.6175347566604614,1.4756405353546143
0.09032932668924332,0.6494033336639404,1.5526965856552124
0.08171773701906204,0.5723655819892883,1.3895429372787476
0.08448884636163712,0.7157964706420898,1.5606849193572998
0.08093036711215973,0.6020312309265137,1.4113348722457886
0.08185908943414688,0.5586826801300049,1.3772735595703125
0.08909527212381363,0.6691411733627319,1.560093879699707
0.08746092766523361,0.6986086368560791,1.5732178688049316
0.09099090099334717,0.6003347039222717,1.5102436542510986
0.08443987369537354,0.48150283098220825,1.3259015083312988
0.09869992733001709,0.6687759160995483,1.6557751893997192
0.08631118386983871,0.623180627822876,1.4862924814224243
0.08974810689687729,0.49036121368408203,1.3878422975540161
0.09041479974985123,0.5523288249969482,1.4564768075942993
0.09981174021959305,0.7420024871826172,1.7401199340820312
0.08759560436010361,0.46405884623527527,1.340014934539795
0.08607393503189087,0.6498119235038757,1.5105512142181396
0.08687762171030045,0.38289713859558105,1.2516733407974243
0.09185846149921417,0.6710720062255859,1.5896565914154053
0.08298920094966888,0.6675586104393005,1.497450590133667
0.08752255886793137,0.5976907014846802,1.4729163646697998
0.08279308676719666,0.6633506417274475,1.491281509399414
0.08553306758403778,0.6055260896682739,1.4608567953109741
0.09317901730537415,0.7066712379455566,1.6384613513946533
0.08785414695739746,0.556015133857727,1.4345566034317017
0.08348846435546875,0.6287881135940552,1.4636727571487427
0.08776646852493286,0.7088943123817444,1.5865590572357178
0.09666678309440613,0.511772871017456,1.478440761566162
0.08345746248960495,0.5688915848731995,1.4034662246704102
0.0898866280913353,0.537336528301239,1.4362027645111084
0.08393748104572296,0.6033680438995361,1.4427428245544434
0.08679676055908203,0.715860903263092,1.5838284492492676
0.09230641275644302,0.3815596401691437,1.3046237230300903
0.09146401286125183,0.5691677927970886,1.483807921409607
0.08123604953289032,0.48302000761032104,1.2953805923461914
0.0925649031996727,0.5973546504974365,1.5230036973953247
0.0855809897184372,0.5655814409255981,1.4213913679122925
0.0920654833316803,0.5985984206199646,1.5192532539367676
0.09708207100629807,0.6410806179046631,1.6119012832641602
0.08465784043073654,0.41062575578689575,1.2572041749954224
0.08466524630784988,0.545303225517273,1.3919556140899658
0.08064907044172287,0.48283764719963074,1.2893283367156982
0.09157509356737137,0.6451413631439209,1.5608923435211182
0.08702003955841064,0.6841243505477905,1.554324746131897
0.08726418018341064,0.6604882478713989,1.5331300497055054
0.07777427136898041,0.5651836395263672,1.3429263830184937
0.09387452155351639,0.7238186597824097,1.6625638008117676
0.08504123985767365,0.6468667387962341,1.497279167175293
0.10754840821027756,0.7274653315544128,1.8029494285583496
0.08957808464765549,0.6108711957931519,1.5066521167755127
0.08951378613710403,0.5958579778671265,1.4909958839416504
0.09214650839567184,0.40514254570007324,1.3266077041625977
0.0863870158791542,0.6742691993713379,1.5381393432617188
0.08723672479391098,0.6044599413871765,1.4768271446228027
0.08147493749856949,0.6969640851020813,1.5117135047912598
0.08101585507392883,0.712739109992981,1.522897720336914
0.08651915937662125,0.5228220224380493,1.3880136013031006
0.09381574392318726,0.6899840235710144,1.6281414031982422
0.0844462588429451,0.6170021295547485,1.4614646434783936
0.09195441007614136,0.6063154935836792,1.5258595943450928
0.0879107117652893,0.48677143454551697,1.3658785820007324
0.07810259610414505,0.4847707748413086,1.2657966613769531
0.08888813853263855,0.6567421555519104,1.545623540878296
0.09226027131080627,0.6393010020256042,1.561903715133667
0.09984387457370758,0.7121005058288574,1.7105392217636108
0.08728773891925812,0.6813015937805176,1.5541789531707764
0.08320984244346619,0.5534366369247437,1.3855350017547607
0.09030375629663467,0.4757562279701233,1.378793716430664
0.08279860764741898,0.6039918661117554,1.4319779872894287
0.07928447425365448,0.635094404220581,1.4279391765594482
0.09950241446495056,0.6248853206634521,1.6199095249176025
0.08424457907676697,0.5303982496261597,1.3728439807891846
0.08586534857749939,0.6309041380882263,1.4895576238632202
0.08240416646003723,0.6361873149871826,1.4602289199829102
0.08711279928684235,0.6428108215332031,1.5139387845993042
0.07725706696510315,0.6210088729858398,1.3935794830322266
0.08045347779989243,0.5838574171066284,1.3883922100067139
0.08416736125946045,0.7379828691482544,1.5796564817428589
0.09519289433956146,0.6473920941352844,1.5993211269378662
0.07891671359539032,0.5567615032196045,1.34592866897583
0.08316974341869354,0.6463598012924194,1.4780572652816772
0.0881902202963829,0.6555263996124268,1.537428617477417
0.09409046173095703,0.7035074234008789,1.6444120407104492
0.08445669710636139,0.6183630228042603,1.4629299640655518
0.0861583799123764,0.6320124864578247,1.4935963153839111
0.0836418941617012,0.5587074756622314,1.3951263427734375
0.08417817205190659,0.507258951663971,1.3490407466888428
0.08683835715055466,0.7178581953048706,1.5862417221069336
0.0814104825258255,0.6781613826751709,1.4922661781311035
0.09374767541885376,0.6065446138381958,1.5440213680267334
0.08263019472360611,0.507988691329956,1.334290623664856
0.09551974385976791,0.6150100231170654,1.5702074766159058
0.09114978462457657,0.565889835357666,1.4773876667022705
0.0966048464179039,0.7091646194458008,1.675213098526001
0.08053340017795563,0.4412531852722168,1.2465871572494507
0.09833994507789612,0.5595849752426147,1.5429844856262207
0.08660729974508286,0.6485142707824707,1.5145872831344604
0.08404739201068878,0.635671854019165,1.4761457443237305
0.08894982933998108,0.5982987284660339,1.4877970218658447
0.08007252216339111,0.5921347141265869,1.392859935760498
0.09115353226661682,0.5501548051834106,1.4616901874542236
0.07426135987043381,0.5503249168395996,1.292938470840454
0.09028410911560059,0.6743384003639221,1.5771794319152832
0.08466093242168427,0.6057177782058716,1.4523271322250366
0.0893343910574913,0.564432680606842,1.4577765464782715
0.09203428775072098,0.686931848526001,1.6072747707366943
0.09059847146272659,0.6182869672775269,1.5242717266082764
0.0831713080406189,0.6241582036018372,1.455871343612671
0.09240327775478363,0.6744167804718018,1.5984495878219604
0.09055132418870926,0.7026476860046387,1.6081609725952148
0.08767720311880112,0.6160871982574463,1.4928592443466187
0.08658812195062637,0.7121542692184448,1.5780354738235474
0.08052024245262146,0.47450119256973267,1.2797036170959473
0.09227219223976135,0.6604085564613342,1.5831304788589478
0.08716075867414474,0.602893590927124,1.474501132965088
0.08954940736293793,0.6261265873908997,1.521620750427246
0.09939873218536377,0.6964617967605591,1.6904491186141968
0.09574637562036514,0.5925488471984863,1.5500125885009766
0.0927376076579094,0.6708734035491943,1.5982494354248047
0.09013942629098892,0.5305650234222412,1.4319592714309692
0.08547165244817734,0.6042726039886475,1.458989143371582
0.08146452158689499,0.38629186153411865,1.200937032699585
0.08413976430892944,0.5648682713508606,1.4062659740447998
0.08517283946275711,0.6233652234077454,1.4750936031341553
0.08063726872205734,0.6272717118263245,1.433644413948059
0.09311899542808533,0.6170186996459961,1.5482087135314941
0.09637387841939926,0.6686897873878479,1.6324286460876465
0.09454422444105148,0.6835408210754395,1.6289830207824707
0.08472029864788055,0.5888530015945435,1.4360560178756714
0.08251533657312393,0.5030344724655151,1.3281878232955933
0.0909179076552391,0.605693519115448,1.5148725509643555
0.09140823036432266,0.565674901008606,1.4797571897506714
0.08161775022745132,0.45492371916770935,1.2711012363433838
0.09088194370269775,0.46768078207969666,1.3765002489089966
0.08143267780542374,0.5146760940551758,1.329002857208252
0.09241481870412827,0.691084086894989,1.615232229232788
0.09132416546344757,0.6359628438949585,1.5492044687271118
0.09342534095048904,0.5536329746246338,1.4878864288330078
0.0850965678691864,0.49567604064941406,1.3466417789459229
0.08646039664745331,0.5762625336647034,1.440866470336914
0.08775538951158524,0.6420897245407104,1.5196435451507568
0.08109837025403976,0.5689628720283508,1.3799465894699097
0.08325232565402985,0.6167139410972595,1.4492371082305908
0.08024556934833527,0.7328464984893799,1.5353021621704102
0.08691518753767014,0.5420951247215271,1.4112470149993896
0.09842079132795334,0.6125200986862183,1.5967280864715576
0.08633282035589218,0.6767764091491699,1.540104627609253
0.09369552135467529,0.7080820202827454,1.6450371742248535
0.08746333420276642,0.6866253614425659,1.5612586736679077
0.08211633563041687,0.6561329364776611,1.4772963523864746
0.0897059440612793,0.5494387149810791,1.446498155593872
0.08802977204322815,0.6933647394180298,1.573662519454956
0.08682061731815338,0.483212947845459,1.3514190912246704
0.08806386590003967,0.6155421733856201,1.496180772781372
0.08749856054782867,0.553508996963501,1.4284945726394653
0.0854378491640091,0.5885963439941406,1.4429748058319092
0.09835212677717209,0.5586237907409668,1.542145013809204
0.0869084820151329,0.7090432047843933,1.5781280994415283
0.09749232232570648,0.5777246952056885,1.5526479482650757
0.08356138318777084,0.6459015607833862,1.4815154075622559
0.08256802707910538,0.5470826625823975,1.37276291847229
0.08377673476934433,0.5657685995101929,1.4035359621047974
0.08283740282058716,0.5852689146995544,1.4136428833007812
0.0832042545080185,0.5394177436828613,1.3714603185653687
0.09058690816164017,0.6694187521934509,1.5752878189086914
0.08478152006864548,0.6570505499839783,1.5048657655715942
0.07944542914628983,0.5445298552513123,1.3389841318130493
0.08334854245185852,0.5405303835868835,1.3740158081054688
0.0773601159453392,0.46965131163597107,1.2432525157928467
0.09699886292219162,0.5660759210586548,1.536064624786377
0.07565958797931671,0.5257338285446167,1.2823296785354614
0.07714961469173431,0.6450936794281006,1.4165898561477661
0.09095920622348785,0.6003965735435486,1.50998854637146
0.08097411692142487,0.5804280042648315,1.3901691436767578
0.08315487951040268,0.563524603843689,1.395073413848877
0.08834756165742874,0.5353689193725586,1.41884446144104
0.07596619427204132,0.36987683176994324,1.1295387744903564
0.09194736182689667,0.6860296726226807,1.6055033206939697
0.08639108389616013,0.674933671951294,1.5388445854187012
0.08060426265001297,0.4867992401123047,1.292841911315918
0.07880344986915588,0.5510181784629822,1.339052677154541
0.0777110829949379,0.5736109614372253,1.350721836090088
0.08843269944190979,0.6719127893447876,1.5562398433685303
0.08709006011486053,0.47799164056777954,1.3488922119140625
0.08448934555053711,0.7085360884666443,1.5534296035766602
0.08636718988418579,0.6702883839607239,1.5339603424072266
0.08206435292959213,0.697614848613739,1.5182583332061768
0.07677969336509705,0.7318928241729736,1.4996898174285889
0.08990637212991714,0.7064080238342285,1.6054717302322388
0.10094697773456573,0.6644285917282104,1.6738983392715454
0.08827988058328629,0.5777626633644104,1.4605615139007568
0.09582015872001648,0.516387939453125,1.4745895862579346
0.09728474169969559,0.5838219523429871,1.5566693544387817
0.0889383852481842,0.6410066485404968,1.5303905010223389
0.08574121445417404,0.6295144557952881,1.486926555633545
0.09442974627017975,0.7036343216896057,1.6479318141937256
0.09593929350376129,0.6363016366958618,1.5956945419311523
0.08009439706802368,0.6297248005867004,1.430668830871582
0.07922215759754181,0.6425572037696838,1.4347786903381348
0.08610903471708298,0.6733463406562805,1.5344367027282715
0.07788778096437454,0.6037099361419678,1.3825876712799072
0.08452809602022171,0.6670666933059692,1.51234769821167
0.0795983150601387,0.5647582411766052,1.360741376876831
0.08497749269008636,0.5258111953735352,1.3755861520767212
0.08628567308187485,0.6156575083732605,1.4785141944885254
0.0818691998720169,0.5904754996299744,1.4091675281524658
0.08933459967374802,0.5622111558914185,1.455557107925415
0.08167758584022522,0.6680753231048584,1.4848511219024658
0.08465971052646637,0.6903339624404907,1.536931037902832
0.08840648829936981,0.6772885322570801,1.5613534450531006
0.0884939581155777,0.6391814947128296,1.5241210460662842
0.08966805785894394,0.6520088911056519,1.5486894845962524
0.08446379750967026,0.6789029836654663,1.52354097366333
0.08838223665952682,0.6007928252220154,1.4846152067184448
0.08831938356161118,0.6650241017341614,1.548218011856079
0.08003416657447815,0.3540574610233307,1.1543991565704346
0.08086790144443512,0.5063594579696655,1.3150384426116943
0.08368396759033203,0.6269519329071045,1.4637916088104248
0.08086991310119629,0.6029792428016663,1.4116783142089844
0.08321408927440643,0.5477408766746521,1.3798818588256836
0.08515438437461853,0.6159456372261047,1.46748948097229
0.08225259929895401,0.5323033332824707,1.3548293113708496
0.08796393871307373,0.53926682472229,1.4189062118530273
0.09481198340654373,0.6576147675514221,1.6057345867156982
0.08079200983047485,0.6480310559272766,1.45595121383667
0.09294961392879486,0.6697689294815063,1.5992650985717773
0.08166633546352386,0.5220915079116821,1.3387548923492432
0.08346127718687057,0.6762123703956604,1.5108251571655273
0.08813269436359406,0.708766520023346,1.5900933742523193
0.08202899992465973,0.6595128774642944,1.4798028469085693
0.09274265915155411,0.5931114554405212,1.520538091659546
0.0831483006477356,0.5025759339332581,1.3340590000152588
0.07957440614700317,0.642474889755249,1.4382189512252808
0.07981158047914505,0.6218656301498413,1.4199814796447754
0.0802004337310791,0.5610975623130798,1.3631019592285156
0.08950924873352051,0.6442134380340576,1.5393059253692627
0.09182082861661911,0.6746901273727417,1.5928983688354492
0.08223509043455124,0.6689979434013367,1.4913488626480103
0.09148909151554108,0.6158493757247925,1.5307402610778809
0.07923758774995804,0.5938381552696228,1.386214017868042
0.0928560271859169,0.6619707345962524,1.5905309915542603
0.0859781876206398,0.5784117579460144,1.4381935596466064
0.0822853073477745,0.6143823266029358,1.4372353553771973
0.08323702961206436,0.7150207757949829,1.5473910570144653
0.08139026910066605,0.5913102626800537,1.4052128791809082
0.08594244718551636,0.5814234018325806,1.4408478736877441
0.0949048176407814,0.6063647270202637,1.5554128885269165
0.08016181737184525,0.6255117654800415,1.4271299839019775
0.0809815526008606,0.7312375903129578,1.541053056716919
0.08640621602535248,0.5848695039749146,1.4489316940307617
0.0816035196185112,0.5541408658027649,1.370176076889038
0.08627846837043762,0.4751284718513489,1.337913155555725
0.08552267402410507,0.6166540384292603,1.4718807935714722
0.08735469728708267,0.6275761127471924,1.501123070716858
0.0931190699338913,0.6731725931167603,1.6043633222579956
0.08666002750396729,0.68733811378479,1.553938388824463
0.07787834852933884,0.5902722477912903,1.3690557479858398
0.07738854736089706,0.6499904990196228,1.4238760471343994
0.07513689994812012,0.5311959981918335,1.2825649976730347
0.08823438733816147,0.6340715885162354,1.5164154767990112
0.08755907416343689,0.5474125146865845,1.4230031967163086
0.09089475870132446,0.49425485730171204,1.4032024145126343
0.09068508446216583,0.6433246731758118,1.550175428390503
0.08699951320886612,0.559783399105072,1.4297785758972168
0.0905119851231575,0.619421124458313,1.524540901184082
0.08555693924427032,0.4738118648529053,1.3293812274932861
0.08815311640501022,0.5113878846168518,1.3929190635681152
0.09903169423341751,0.6679356098175049,1.658252477645874
0.08494392782449722,0.5094770789146423,1.3589162826538086
0.09353271126747131,0.6635711789131165,1.5988982915878296
0.08117222040891647,0.4459512233734131,1.2576735019683838
0.08748407661914825,0.5025525093078613,1.3773932456970215
0.08555992692708969,0.6227342486381531,1.4783334732055664
0.09351347386837006,0.6451164484024048,1.5802512168884277
0.08869319409132004,0.6399368047714233,1.5268688201904297
0.08175458759069443,0.763275146484375,1.5808210372924805
0.08376626670360565,0.5435322523117065,1.3811949491500854
0.07803275436162949,0.6941157579421997,1.4744433164596558
0.08376885950565338,0.6981379985809326,1.535826563835144
0.0844934955239296,0.5270870327949524,1.3720219135284424
0.0753684863448143,0.5740030407905579,1.3276879787445068
0.08037122339010239,0.5720093250274658,1.3757215738296509
0.08478887379169464,0.6945524215698242,1.5424411296844482
0.08474451303482056,0.5692997574806213,1.4167449474334717
0.07814444601535797,0.6977412700653076,1.479185700416565
0.08876840025186539,0.6093072295188904,1.4969911575317383
0.07755563408136368,0.6866214871406555,1.4621777534484863
0.08868689090013504,0.6960912942886353,1.5829601287841797
0.08623122423887253,0.6539986729621887,1.5163109302520752
0.08977048844099045,0.6240779161453247,1.5217828750610352
0.08638184517621994,0.5059351921081543,1.3697535991668701
0.08853505551815033,0.5411611795425415,1.4265117645263672
0.09182113409042358,0.6779495477676392,1.596160888671875
0.08664887398481369,0.6178762912750244,1.4843649864196777
0.0761524885892868,0.4097197949886322,1.171244740486145
0.08062012493610382,0.6578946709632874,1.4640958309173584
0.08069496601819992,0.5696654915809631,1.3766151666641235
0.08470654487609863,0.647646963596344,1.4947123527526855
0.08176928758621216,0.6571062803268433,1.4747991561889648
0.09477274864912033,0.5666637420654297,1.5143911838531494
0.08927024900913239,0.6434215903282166,1.5361239910125732
0.08432517945766449,0.649017333984375,1.4922691583633423
0.07669145613908768,0.6761506795883179,1.4430651664733887
0.09499480575323105,0.717237651348114,1.6671857833862305
0.08105948567390442,0.6123025417327881,1.4228973388671875
0.07622978091239929,0.49222898483276367,1.2545268535614014
0.08082086592912674,0.5385851263999939,1.3467937707901
0.0855589434504509,0.639723539352417,1.4953129291534424
0.08121354132890701,0.647329568862915,1.4594650268554688
0.08684679120779037,0.5994111895561218,1.467879056930542
0.0868324413895607,0.5907275676727295,1.4590519666671753
0.08868901431560516,0.5964490175247192,1.4833391904830933
0.08726631104946136,0.5441092252731323,1.4167723655700684
0.08694223314523697,0.6335569620132446,1.5029792785644531
0.07674136757850647,0.5539679527282715,1.3213815689086914
0.084001824259758,0.6469997763633728,1.48701810836792
0.08082828670740128,0.5417138338088989,1.3499966859817505
0.08201436698436737,0.6581612825393677,1.4783049821853638
0.07524293661117554,0.5061888098716736,1.2586181163787842
0.07605667412281036,0.6152217388153076,1.3757884502410889
0.08368408679962158,0.5591945648193359,1.3960354328155518
0.07763200253248215,0.49970823526382446,1.2760282754898071
0.0932544395327568,0.7557715177536011,1.6883158683776855
0.09133109450340271,0.6102859973907471,1.523597002029419
0.09219496697187424,0.653224766254425,1.5751744508743286
0.1024593934416771,0.7033941745758057,1.7279881238937378
0.07971134781837463,0.6108883619308472,1.4080018997192383
0.09022099524736404,0.5612248182296753,1.4634346961975098
0.08913875371217728,0.6648312211036682,1.5562187433242798
0.08281011879444122,0.6466253995895386,1.4747265577316284
0.08526067435741425,0.589099645614624,1.4417064189910889
0.09146008640527725,0.6154503226280212,1.5300512313842773
0.09104420244693756,0.6611335873603821,1.57157564163208
0.09545520693063736,0.6849031448364258,1.6394551992416382
0.08211234956979752,0.624955415725708,1.446078896522522
0.08652082085609436,0.7193947434425354,1.584602952003479
0.0866227075457573,0.4527171850204468,1.3189442157745361
0.08790542185306549,0.48269784450531006,1.3617520332336426
0.08797130733728409,0.5646224021911621,1.4443354606628418
0.07362206280231476,0.5349990129470825,1.2712196111679077
0.08487317711114883,0.5721466541290283,1.4208784103393555
0.08071267604827881,0.5210045576095581,1.3281313180923462
0.07723532617092133,0.6079725027084351,1.3803257942199707
0.08590956777334213,0.6449023485183716,1.503998041152954
0.08122706413269043,0.5701539516448975,1.3824245929718018
0.09316742420196533,0.5973008871078491,1.5289751291275024
0.08556445688009262,0.5890911817550659,1.4447357654571533
0.0851999819278717,0.6165065169334412,1.4685063362121582
0.089943066239357,0.6425968408584595,1.542027473449707
0.08419762551784515,0.5732241272926331,1.4152004718780518
0.07685217261314392,0.3928968608379364,1.1614185571670532
0.09118131548166275,0.551508903503418,1.4633220434188843
0.0865219384431839,0.6334666013717651,1.4986859560012817
0.07601752877235413,0.526540994644165,1.2867162227630615
0.08840612322092056,0.6574936509132385,1.5415549278259277
0.08421280980110168,0.6719986200332642,1.5141267776489258
0.09060172736644745,0.6336604356765747,1.5396777391433716
0.08032383769750595,0.6018760204315186,1.4051144123077393
0.09100748598575592,0.6755358576774597,1.5856106281280518
0.08733338117599487,0.6628059148788452,1.536139726638794
0.08758544921875,0.6377942562103271,1.5136487483978271
0.08183898776769638,0.5778508186340332,1.3962407112121582
0.07624709606170654,0.6670793890953064,1.4295504093170166
0.07731874287128448,0.5816010236740112,1.3547884225845337
0.08266555517911911,0.6205517053604126,1.4472072124481201
0.09212707728147507,0.6628099083900452,1.584080696105957
0.08111122995615005,0.724091649055481,1.5352039337158203
0.08220802992582321,0.6077995300292969,1.429879903793335
0.08144092559814453,0.5548192858695984,1.3692286014556885
0.08487500995397568,0.5602661967277527,1.4090163707733154
0.07748531550168991,0.5318675637245178,1.3067207336425781
0.07878007739782333,0.5249850749969482,1.3127858638763428
0.08967729657888412,0.5368432998657227,1.433616280555725
0.08751580864191055,0.4320957660675049,1.3072538375854492
0.09553039819002151,0.6264820098876953,1.5817859172821045
0.08497066050767899,0.5031952857971191,1.3529019355773926
0.0953211560845375,0.6706284284591675,1.6238399744033813
0.07342635840177536,0.5782455205917358,1.3125090599060059
0.08765488117933273,0.6531057357788086,1.5296545028686523
0.08348308503627777,0.609609842300415,1.4444407224655151
0.08603490144014359,0.599814772605896,1.4601638317108154
0.09351681917905807,0.7098727822303772,1.6450409889221191
0.0900876373052597,0.6631610989570618,1.564037561416626
0.08396000415086746,0.4784402847290039,1.318040370941162
0.08302465081214905,0.6259740591049194,1.4562206268310547
0.09064720571041107,0.5702006816864014,1.4766727685928345
0.0841723307967186,0.6749296188354492,1.5166529417037964
0.07999901473522186,0.5796671509742737,1.37965726852417
0.0897580087184906,0.7079243659973145,1.6055045127868652
0.08794446289539337,0.7027195692062378,1.5821641683578491
0.08527744561433792,0.5142372846603394,1.3670117855072021
0.08015118539333344,0.5917471051216125,1.393259048461914
0.08581466972827911,0.5971115827560425,1.4552582502365112
0.08762335777282715,0.681879460811615,1.5581130981445312
0.0735558494925499,0.6306019425392151,1.3661603927612305
0.07769758999347687,0.5628454685211182,1.3398213386535645
0.08014058321714401,0.4772705137729645,1.2786763906478882
0.08723201602697372,0.5567668676376343,1.4290870428085327
0.08033038675785065,0.701256513595581,1.5045603513717651
0.08020966500043869,0.5013461112976074,1.3034427165985107
0.08094371855258942,0.5756410360336304,1.3850781917572021
0.08250387012958527,0.524133026599884,1.3491716384887695
0.09681905061006546,0.7002124786376953,1.668402910232544
0.08172991871833801,0.5083138942718506,1.325613021850586
0.09081172198057175,0.53873610496521,1.4468533992767334
0.07973633706569672,0.626760721206665,1.4241241216659546
0.07980984449386597,0.5906314849853516,1.3887299299240112
0.07815428823232651,0.513515055179596,1.295058012008667
0.09469686448574066,0.6631121635437012,1.6100808382034302
0.0840616524219513,0.5839641690254211,1.424580693244934
0.075386643409729,0.5358899831771851,1.289756417274475
0.07467730343341827,0.5855863094329834,1.3323593139648438
0.0812278464436531,0.6841388940811157,1.4964172840118408
0.0884096771478653,0.6806694269180298,1.5647661685943604
0.07925331592559814,0.5396478176116943,1.3321809768676758
0.07843612879514694,0.46198785305023193,1.2463490962982178
0.07322509586811066,0.5012051463127136,1.2334561347961426
0.07481162995100021,0.6303696632385254,1.378485918045044
0.07799836993217468,0.6365380883216858,1.4165217876434326
0.08202975988388062,0.5353785753250122,1.3556761741638184
0.07793031632900238,0.505225419998169,1.2845286130905151
0.08368007838726044,0.560716986656189,1.3975178003311157
0.09017573297023773,0.5032880902290344,1.405045509338379
0.08687663823366165,0.6240081787109375,1.492774486541748
0.08435099571943283,0.5920559763908386,1.4355659484863281
0.08942541480064392,0.6890394687652588,1.5832936763763428
0.09464152902364731,0.5662350654602051,1.5126503705978394
0.08897582441568375,0.7070618867874146,1.5968201160430908
0.08382786065340042,0.5864948630332947,1.4247734546661377
0.07845107465982437,0.5204603672027588,1.3049710988998413
0.09313689172267914,0.6213512420654297,1.5527201890945435
0.07508356869220734,0.6728912591934204,1.4237269163131714
0.08201953023672104,0.6104860305786133,1.4306813478469849
0.08583717048168182,0.6627904176712036,1.5211621522903442
0.07794951647520065,0.6445283889770508,1.4240236282348633
0.08056147396564484,0.6656113862991333,1.4712260961532593
0.07438702136278152,0.650524914264679,1.394395112991333
0.0851779654622078,0.5367136001586914,1.388493299484253
0.08810891956090927,0.6039597988128662,1.4850490093231201
0.08891068398952484,0.668621838092804,1.5577287673950195
0.07957806438207626,0.6059681177139282,1.401748776435852
0.08754532784223557,0.5598998069763184,1.4353530406951904
0.08451522886753082,0.7178720235824585,1.5630242824554443
0.07463638484477997,0.6445306539535522,1.3908945322036743
0.08463278412818909,0.6761853694915771,1.5225131511688232
0.08969305455684662,0.6736147999763489,1.5705454349517822
0.08536489307880402,0.517210841178894,1.3708597421646118
0.08621900528669357,0.5811908841133118,1.4433809518814087
0.08915107697248459,0.5189592242240906,1.4104700088500977
0.08688424527645111,0.6358921527862549,1.5047346353530884
0.07836931943893433,0.5917426347732544,1.3754358291625977
0.07703648507595062,0.6013919115066528,1.3717567920684814
0.07679973542690277,0.5599758625030518,1.3279732465744019
0.08937704563140869,0.5804299712181091,1.4742004871368408
0.08798887580633163,0.6024737358093262,1.4823625087738037
0.0893922671675682,0.5504832863807678,1.4444060325622559
0.0766608715057373,0.5130778551101685,1.2796865701675415
0.08181078732013702,0.6556642651557922,1.4737720489501953
0.08637111634016037,0.7282705307006836,1.5919816493988037
0.09803308546543121,0.6650896072387695,1.6454204320907593
0.08414942026138306,0.5296400189399719,1.3711342811584473
0.08446258306503296,0.6790031790733337,1.5236289501190186
0.09381965547800064,0.6437973976135254,1.5819939374923706
0.08048988878726959,0.6372813582420349,1.4421801567077637
0.08315890282392502,0.6289286017417908,1.4605176448822021
0.07901247590780258,0.7055889368057251,1.495713710784912
0.07987307012081146,0.6243195533752441,1.4230502843856812
0.083185575902462,0.5164949297904968,1.3483507633209229
0.07707387208938599,0.5934057235717773,1.3641444444656372
0.07314283400774002,0.5439831018447876,1.2754113674163818
0.08635827153921127,0.6306002140045166,1.4941829442977905
0.08540553599596024,0.55926513671875,1.413320541381836
0.07859271764755249,0.6235364675521851,1.40946364402771
0.08540903776884079,0.5683570504188538,1.4224474430084229
0.08960623294115067,0.679086446762085,1.5751488208770752
0.09218011051416397,0.6977963447570801,1.6195974349975586
0.08623363077640533,0.7045848965644836,1.5669212341308594
0.07924580574035645,0.7005475163459778,1.4930055141448975
0.08442454040050507,0.532507061958313,1.376752495765686
0.07803011685609818,0.5049545764923096,1.2852556705474854
0.08005833625793457,0.6312663555145264,1.431849718093872
0.0889788269996643,0.6584593653678894,1.5482475757598877
0.0757249966263771,0.5693415403366089,1.3265914916992188
0.08399190753698349,0.49365800619125366,1.3335771560668945
0.08790773153305054,0.6024657487869263,1.4815430641174316
0.08092594146728516,0.5944642424583435,1.4037237167358398
0.08332273364067078,0.567431628704071,1.4006589651107788
0.08772153407335281,0.5883972644805908,1.4656126499176025
0.09213815629482269,0.7245868444442749,1.6459684371948242
0.09104444831609726,0.6423553228378296,1.5527998208999634
0.08291387557983398,0.6063393354415894,1.4354780912399292
0.07563555985689163,0.4493781626224518,1.2057337760925293
0.08964195102453232,0.6201999187469482,1.5166194438934326
0.08946138620376587,0.6987282633781433,1.5933420658111572
0.07602666318416595,0.6300234794616699,1.3902901411056519
0.08074365556240082,0.5754739046096802,1.3829104900360107
0.085194893181324,0.5755834579467773,1.427532434463501
0.08366744965314865,0.6764026284217834,1.5130771398544312
0.07449884712696075,0.5841763019561768,1.329164743423462
0.08716998994350433,0.5252060294151306,1.3969058990478516
0.08821964263916016,0.6610006093978882,1.5431970357894897
0.092685267329216,0.6745678186416626,1.601420521736145
0.08566725254058838,0.6044633984565735,1.4611358642578125
0.08288227766752243,0.6131158471107483,1.4419386386871338
0.08587026596069336,0.5939235687255859,1.4526262283325195
0.08720449358224869,0.6636601090431213,1.5357050895690918
0.08317733556032181,0.6325805187225342,1.4643537998199463
0.09296179562807083,0.6209945678710938,1.550612449645996
0.0750199630856514,0.5977084636688232,1.3479080200195312
0.07893448323011398,0.5823080539703369,1.3716528415679932
0.07460763305425644,0.6452212333679199,1.3912975788116455
0.0785013809800148,0.577112078666687,1.3621258735656738
0.08011145889759064,0.5897045135498047,1.3908190727233887
0.0900903046131134,0.6777558326721191,1.5786588191986084
0.09780600666999817,0.6665560007095337,1.6446161270141602
0.08518897742033005,0.631472110748291,1.4833619594573975
0.07612829655408859,0.5407705903053284,1.3020535707473755
0.084420345723629,0.5849754810333252,1.4291789531707764
0.08143085241317749,0.6042956113815308,1.4186041355133057
0.0813717171549797,0.5869013667106628,1.400618553161621
0.08480019867420197,0.6497169733047485,1.4977189302444458
0.0740305483341217,0.6662188768386841,1.406524419784546
0.0774623230099678,0.6383488774299622,1.412972092628479
0.0859694629907608,0.6645300984382629,1.5242247581481934
0.08202604949474335,0.6692429780960083,1.4895035028457642
0.08650041371583939,0.6712316870689392,1.5362358093261719
0.08691202849149704,0.6727303266525269,1.5418505668640137
0.08141845464706421,0.6906341910362244,1.5048186779022217
0.0856449231505394,0.5646541118621826,1.4211033582687378
0.08235745877027512,0.7059518098831177,1.5295264720916748
0.08563422411680222,0.5669357776641846,1.4232780933380127
0.0826755166053772,0.6356717944145203,1.4624269008636475
0.08450514823198318,0.6885789632797241,1.53363037109375
0.07914549857378006,0.6352959275245667,1.426750898361206
0.08430882543325424,0.5572060346603394,1.400294303894043
0.07647538185119629,0.602830171585083,1.367583990097046
0.09221981465816498,0.5475614666938782,1.4697597026824951
0.0881815180182457,0.5869420766830444,1.4687572717666626
0.07570324093103409,0.5762431621551514,1.333275556564331
0.07522162795066833,0.6292437314987183,1.3814599514007568
0.09311248362064362,0.6960340738296509,1.6271588802337646
0.07671940326690674,0.5595062971115112,1.3267003297805786
0.08917064964771271,0.7067753076553345,1.5984817743301392
0.07575132697820663,0.5627398490905762,1.3202531337738037
0.08010776340961456,0.5493606925010681,1.3504383563995361
0.08208837360143661,0.6429251432418823,1.4638088941574097
0.08041447401046753,0.5726398229598999,1.3767845630645752
0.08171077072620392,0.591189980506897,1.4082976579666138
0.07914561033248901,0.5606414675712585,1.352097511291504
0.08645517379045486,0.6524121761322021,1.5169639587402344
0.08787517994642258,0.5978836417198181,1.476635456085205
0.0932122990489006,0.6956053972244263,1.6277284622192383
0.07259880751371384,0.5362589359283447,1.262247085571289
0.08471698313951492,0.6885679960250854,1.5357377529144287
0.07241383194923401,0.5850136280059814,1.3091518878936768
0.07394888997077942,0.4870598018169403,1.226548671722412
0.07954459637403488,0.6316001415252686,1.4270460605621338
0.07748512178659439,0.6078131198883057,1.3826643228530884
0.08627726137638092,0.6298823356628418,1.4926549196243286
0.09465272724628448,0.5477135181427002,1.4942407608032227
0.08294035494327545,0.6778987646102905,1.5073022842407227
0.08799862116575241,0.6168960332870483,1.4968822002410889
0.07818540930747986,0.5647652745246887,1.3466193675994873
0.08486112952232361,0.6924158334732056,1.5410270690917969
0.08683854341506958,0.6446094512939453,1.5129948854446411
0.08327899128198624,0.7117253541946411,1.5445152521133423
0.09066972881555557,0.6866680383682251,1.5933653116226196
0.08955474197864532,0.55964595079422,1.455193281173706
0.08195007592439651,0.6349265575408936,1.4544272422790527
0.09273995459079742,0.7062803506851196,1.6336798667907715
0.08189220726490021,0.5556057691574097,1.3745278120040894
0.08639366179704666,0.6198132634162903,1.4837498664855957
0.08376656472682953,0.5886307954788208,1.4262964725494385
0.08608043938875198,0.6020768880844116,1.462881326675415
0.08281281590461731,0.5954707860946655,1.4235990047454834
0.08067194372415543,0.6021561622619629,1.408875584602356
0.08528915047645569,0.6170730590820312,1.4699645042419434
0.0761653259396553,0.5493141412734985,1.3109674453735352
0.08547069877386093,0.5925648212432861,1.4472718238830566
0.0896398276090622,0.5960268974304199,1.4924252033233643
0.07650473713874817,0.5805712342262268,1.3456186056137085
0.08274027705192566,0.5930099487304688,1.4204127788543701
0.0906343087553978,0.6100735664367676,1.5164166688919067
0.07922549545764923,0.6759212613105774,1.4681761264801025
0.07357742637395859,0.6433895826339722,1.3791638612747192
0.08661158382892609,0.6729581952095032,1.5390739440917969
0.09001278877258301,0.6664036512374878,1.5665315389633179
0.08777385205030441,0.6586927771568298,1.5364313125610352
0.09165053069591522,0.6777048707008362,1.594210147857666
0.08578433841466904,0.6830850839614868,1.5409284830093384
0.0792180746793747,0.6676385402679443,1.4598193168640137
0.08403873443603516,0.7093260288238525,1.549713373184204
0.08579367399215698,0.6321215033531189,1.490058183670044
0.07849717885255814,0.7370036244392395,1.5219753980636597
0.07483745366334915,0.6267961263656616,1.3751707077026367
0.08681140094995499,0.677021861076355,1.5451358556747437
0.08132686465978622,0.5714669227600098,1.3847355842590332
0.07481501251459122,0.5093815326690674,1.2575316429138184
0.09103275835514069,0.5912579298019409,1.5015854835510254
0.0863376259803772,0.467780739068985,1.3311569690704346
0.08673741668462753,0.6463663578033447,1.5137405395507812
0.08948517590761185,0.6954773664474487,1.5903291702270508
0.08315697312355042,0.5014611482620239,1.3330309391021729
0.08022545278072357,0.5952603816986084,1.3975149393081665
0.08751329034566879,0.6417911052703857,1.5169240236282349
0.07802525907754898,0.6437926292419434,1.424045205116272
0.0741729587316513,0.500038743019104,1.2417683601379395
0.09297120571136475,0.6805261373519897,1.6102381944656372
0.08024260401725769,0.6000406742095947,1.4024667739868164
0.08511798083782196,0.6057278513908386,1.4569077491760254
0.07207953929901123,0.5936079025268555,1.3144032955169678
0.080971859395504,0.5574299097061157,1.367148518562317
0.08422556519508362,0.5832642912864685,1.4255199432373047
0.08207181096076965,0.44141051173210144,1.2621285915374756
0.0956171527504921,0.6749259233474731,1.631097435951233
0.08112354576587677,0.5464573502540588,1.3576927185058594
0.07381013035774231,0.6174843907356262,1.3555856943130493
0.07214488089084625,0.6012455821037292,1.3226943016052246
0.08547801524400711,0.6734371185302734,1.5282173156738281
0.08813434839248657,0.6801031827926636,1.5614466667175293
0.08601103723049164,0.48029375076293945,1.3404041528701782
0.09729374200105667,0.6790179014205933,1.6519553661346436
0.08901272714138031,0.5497309565544128,1.4398581981658936
0.09089142084121704,0.5536625981330872,1.4625768661499023
0.08074755221605301,0.5114067792892456,1.3188822269439697
0.08761651813983917,0.510269045829773,1.3864341974258423
0.08202104270458221,0.5006093978881836,1.3208198547363281
0.09119585901498795,0.5779726505279541,1.4899312257766724
0.07489373534917831,0.608340859413147,1.3572782278060913
0.0836743712425232,0.47421538829803467,1.3109591007232666
0.06971514970064163,0.5894820690155029,1.2866334915161133
0.07791461050510406,0.659629762172699,1.4387757778167725
0.07650678604841232,0.42142820358276367,1.1864960193634033
0.08805706351995468,0.6447067260742188,1.5252773761749268
0.07629726827144623,0.6287747621536255,1.3917474746704102
0.08650386333465576,0.6091935634613037,1.4742321968078613
0.07866941392421722,0.6459578275680542,1.4326519966125488
0.08149804174900055,0.5073301792144775,1.3223105669021606
0.07512246072292328,0.6763546466827393,1.4275792837142944
0.0829310342669487,0.659846305847168,1.489156723022461
0.07509484142065048,0.5573705434799194,1.3083189725875854
0.07556511461734772,0.6031397581100464,1.3587908744812012
0.08181758224964142,0.4910396635532379,1.3092154264450073
0.0921361893415451,0.7043216228485107,1.6256835460662842
0.08324003964662552,0.6441531777381897,1.4765535593032837
0.07761857658624649,0.5409801006317139,1.3171658515930176
0.07740045338869095,0.5906198024749756,1.364624261856079
0.0809960886836052,0.6489307880401611,1.4588916301727295
0.08041468262672424,0.6164265871047974,1.4205734729766846
0.08523134887218475,0.4740513265132904,1.3263648748397827
0.08462589234113693,0.681166410446167,1.5274252891540527
0.07522401958703995,0.5557718873023987,1.3080120086669922
0.08672346919775009,0.710826575756073,1.5780613422393799
0.09085915237665176,0.6282442212104797,1.5368356704711914
0.08766686171293259,0.591555118560791,1.4682238101959229
0.09559380263090134,0.7633227109909058,1.7192606925964355
0.07556692510843277,0.5142636299133301,1.2699328660964966
0.08660682290792465,0.6324200630187988,1.4984883069992065
0.08059314638376236,0.5838879942893982,1.3898193836212158
0.08577602356672287,0.4958582818508148,1.3536185026168823
0.07872314006090164,0.6733448505401611,1.4605762958526611
0.08566190302371979,0.6726772785186768,1.5292962789535522
0.07969430834054947,0.6316046714782715,1.428547739982605
0.07898633182048798,0.6636385917663574,1.4535019397735596
0.08763432502746582,0.6477677226066589,1.524111032485962
0.08581852167844772,0.5401757955551147,1.3983609676361084
0.08232986181974411,0.4547607898712158,1.278059482574463
0.07060543447732925,0.6023741960525513,1.3084285259246826
0.08141916990280151,0.6237468719482422,1.4379385709762573
0.08351638168096542,0.637185275554657,1.4723491668701172
0.09632126241922379,0.67348712682724,1.6366996765136719
0.0782863050699234,0.608171284198761,1.3910343647003174
0.08336658030748367,0.6684836149215698,1.5021493434906006
0.079525887966156,0.6050082445144653,1.4002671241760254
0.09805402159690857,0.6327624320983887,1.6133027076721191
0.07718126475811005,0.4377375543117523,1.2095502614974976
0.08177796006202698,0.5989798307418823,1.4167594909667969
0.0828857347369194,0.6481667757034302,1.4770240783691406
0.0798279196023941,0.6324170827865601,1.4306962490081787
0.0827326700091362,0.579145073890686,1.4064717292785645
0.08081874251365662,0.6960776448249817,1.5042650699615479
0.09003939479589462,0.710267186164856,1.6106611490249634
0.07542609423398972,0.4861530065536499,1.2404139041900635
0.07380615919828415,0.5500172972679138,1.2880789041519165
0.07924849539995193,0.46712619066238403,1.2596111297607422
0.07300033420324326,0.6327632665634155,1.3627666234970093
0.08270462602376938,0.6759340167045593,1.5029802322387695
0.08103572577238083,0.5482282042503357,1.3585854768753052
0.08416575938463211,0.6485700011253357,1.4902275800704956
0.07516300678253174,0.5545248985290527,1.3061549663543701
0.08998150378465652,0.5815243124961853,1.4813393354415894
0.0785483792424202,0.70561683177948,1.491100549697876
0.08163247257471085,0.660688042640686,1.4770127534866333
0.07623125612735748,0.6501271724700928,1.4124397039413452
0.07661471515893936,0.6564903259277344,1.4226374626159668
0.07452227175235748,0.6996318101882935,1.444854497909546
0.09417509287595749,0.5435382127761841,1.4852890968322754
0.08580591529607773,0.7515287399291992,1.6095879077911377
0.09207470715045929,0.6447643041610718,1.5655113458633423
0.08127941936254501,0.5909756422042847,1.403769850730896
0.07211123406887054,0.48590704798698425,1.2070194482803345
0.08110279589891434,0.6360227465629578,1.44705069065094
0.08637204021215439,0.48081353306770325,1.344533920288086
0.0916559025645256,0.5985038876533508,1.515062928199768
0.08231938630342484,0.7149913311004639,1.5381851196289062
0.09085753560066223,0.6175674200057983,1.5261428356170654
0.07792533189058304,0.6203857660293579,1.3996391296386719
0.08303581178188324,0.6896193027496338,1.5199774503707886
0.07957079261541367,0.7121306657791138,1.5078386068344116
0.08184092491865158,0.6202080249786377,1.43861722946167
0.07452219724655151,0.47355133295059204,1.218773365020752
0.08454162627458572,0.6489801406860352,1.494396448135376
0.07345350086688995,0.65997314453125,1.3945081233978271
0.08170241862535477,0.5929725170135498,1.409996747970581
0.06924901157617569,0.43013298511505127,1.122623085975647
0.07755494862794876,0.6181710958480835,1.3937206268310547
0.08085840940475464,0.7289019227027893,1.5374860763549805
0.07798007875680923,0.6354062557220459,1.415207028388977
0.07973005622625351,0.627581775188446,1.424882411956787
0.07886948436498642,0.7371259927749634,1.5258208513259888
0.07826279103755951,0.5809965133666992,1.3636244535446167
0.08323150128126144,0.5452438592910767,1.377558946609497
0.08588559180498123,0.6117939949035645,1.4706499576568604
0.07961037009954453,0.41041719913482666,1.206520915031433
0.08871988207101822,0.6843174695968628,1.5715162754058838
0.0725545659661293,0.475949227809906,1.2014949321746826
0.07712794095277786,0.5905662775039673,1.3618457317352295
0.07976432889699936,0.5983997583389282,1.396043062210083
0.07769210636615753,0.5463134050369263,1.3232344388961792
0.07973781228065491,0.6695762276649475,1.4669543504714966
0.07845000922679901,0.4045804440975189,1.1890805959701538
0.0767100602388382,0.5651112198829651,1.3322117328643799
0.07382354140281677,0.6186457872390747,1.3568811416625977
0.09962489455938339,0.5755125284194946,1.5717614889144897
0.08311700075864792,0.6565437316894531,1.4877138137817383
0.0822882354259491,0.6601526141166687,1.4830349683761597
0.08038955181837082,0.6856774091720581,1.4895730018615723
0.08883846551179886,0.5447375774383545,1.433122158050537
0.07567653805017471,0.5678867697715759,1.3246521949768066
0.06717153638601303,0.5109412670135498,1.1826566457748413
0.08009959757328033,0.6469114422798157,1.4479074478149414
0.07439356297254562,0.4783153533935547,1.2222509384155273
0.08141107857227325,0.5780197381973267,1.3921304941177368
0.08017593622207642,0.4705965518951416,1.2723559141159058
0.07367432862520218,0.64033043384552,1.3770737648010254
0.07716307789087296,0.5520292520523071,1.3236600160598755
0.07776001840829849,0.5597137212753296,1.3373138904571533
0.08394141495227814,0.5109175443649292,1.3503316640853882
0.07586871832609177,0.671272873878479,1.429960012435913
0.08136339485645294,0.6228585243225098,1.4364924430847168
0.07847212255001068,0.6134315133094788,1.3981528282165527
0.08524006605148315,0.6755591630935669,1.5279598236083984
0.07097132503986359,0.5529989004135132,1.2627121210098267
0.07246669381856918,0.537591814994812,1.262258768081665
0.07277112454175949,0.5151201486587524,1.2428314685821533
0.08559031039476395,0.6360151767730713,1.4919183254241943
0.07558522373437881,0.569891095161438,1.325743317604065
0.0778353363275528,0.5953718423843384,1.373725175857544
0.08204829692840576,0.6129412651062012,1.4334242343902588
0.08544014394283295,0.7060270309448242,1.560428500175476
0.0645308643579483,0.537657618522644,1.1829662322998047
0.08403535187244415,0.7277899384498596,1.568143367767334
0.0899813324213028,0.6113876700401306,1.5112009048461914
0.07847534865140915,0.6655777096748352,1.450331211090088
0.07761336863040924,0.6902167797088623,1.4663504362106323
0.07763665914535522,0.6353989839553833,1.4117655754089355
0.0881633386015892,0.5562970638275146,1.4379304647445679
0.08374904096126556,0.6271347403526306,1.4646251201629639
0.09033287316560745,0.575283408164978,1.4786121845245361
0.08418609201908112,0.4650387465953827,1.3068996667861938
0.08970990777015686,0.639670193195343,1.5367692708969116
0.07820339500904083,0.6074317693710327,1.3894656896591187
0.07491576671600342,0.6357078552246094,1.3848655223846436
0.0766390860080719,0.4195494055747986,1.1859402656555176
0.08241499215364456,0.46924567222595215,1.2933955192565918
0.09570784121751785,0.6470433473587036,1.6041216850280762
0.08336874842643738,0.6364293694496155,1.4701168537139893
0.07564615458250046,0.5688562393188477,1.3253178596496582
0.0721040740609169,0.6008203625679016,1.3218610286712646
0.07914875447750092,0.6711301803588867,1.4626177549362183
0.08862131834030151,0.6071441173553467,1.4933573007583618
0.0737210288643837,0.4682292938232422,1.205439567565918
0.08138316869735718,0.712454080581665,1.5262857675552368
0.08308134973049164,0.6789183616638184,1.5097318887710571
0.08855678886175156,0.6980713605880737,1.5836392641067505
0.08008799701929092,0.5154423713684082,1.3163223266601562
0.0802476555109024,0.5648432970046997,1.3673198223114014
0.08063609898090363,0.6989560723304749,1.505316972732544
0.08216571807861328,0.658199667930603,1.4798568487167358
0.0774584487080574,0.4876232147216797,1.2622077465057373
0.08353044092655182,0.615148663520813,1.4504530429840088
0.07723971456289291,0.6700924634933472,1.4424896240234375
0.08562666922807693,0.47720497846603394,1.333471655845642
0.08886435627937317,0.47349679470062256,1.362140417098999
0.07631786167621613,0.6399400234222412,1.40311861038208
0.08337622135877609,0.5936324596405029,1.4273946285247803
0.08294006437063217,0.6313776969909668,1.4607783555984497
0.0813208818435669,0.6436028480529785,1.4568116664886475
0.08231606334447861,0.6068911552429199,1.4300518035888672
0.07526234537363052,0.49726343154907227,1.2498868703842163
0.08150561898946762,0.7083648443222046,1.523421049118042
0.08918789774179459,0.5738698244094849,1.4657487869262695
0.08204763382673264,0.5738389492034912,1.394315242767334
0.07589714229106903,0.6794570684432983,1.438428521156311
0.09363368898630142,0.6088269948959351,1.545163869857788
0.07560285925865173,0.662126898765564,1.4181554317474365
0.0804949551820755,0.6542763113975525,1.4592258930206299
0.08514419198036194,0.5463018417358398,1.3977437019348145
0.08080615103244781,0.5469937920570374,1.355055332183838
0.07808447629213333,0.5719430446624756,1.352787733078003
0.07161324471235275,0.6284608840942383,1.3445932865142822
0.08489993959665298,0.5795350074768066,1.4285343885421753
0.07245785742998123,0.6513959765434265,1.3759745359420776
0.07700860500335693,0.6339215636253357,1.4040076732635498
0.08412376791238785,0.5385048985481262,1.3797426223754883
0.08572882413864136,0.6449444890022278,1.5022327899932861
0.06741337478160858,0.598709225654602,1.2728430032730103
0.08095670491456985,0.4877771735191345,1.2973442077636719
0.08028293401002884,0.47955799102783203,1.2823872566223145
0.07811537384986877,0.6767382621765137,1.4578919410705566
0.07793600857257843,0.5968621969223022,1.3762222528457642
0.08405622839927673,0.4217527508735657,1.262315034866333
0.08241508156061172,0.687317967414856,1.511468768119812
0.08411861211061478,0.6193535923957825,1.460539698600769
0.07634767144918442,0.4224931597709656,1.1859698295593262
0.07447388023138046,0.5288324356079102,1.273571252822876
0.08262625336647034,0.5734947323799133,1.3997572660446167
0.0784589871764183,0.658428966999054,1.443018913269043
0.08026373386383057,0.49625712633132935,1.2988944053649902
0.08113802969455719,0.6016706228256226,1.413050889968872
0.08921220898628235,0.6047264337539673,1.4968485832214355
0.08350519835948944,0.7130430936813354,1.5480951070785522
0.07402104139328003,0.5978306531906128,1.338041067123413
0.08010122179985046,0.531689465045929,1.3327016830444336
0.08534777164459229,0.6865504384040833,1.5400280952453613
0.08547503501176834,0.5627174377441406,1.4174678325653076
0.08415864408016205,0.6747323870658875,1.5163187980651855
0.07933372259140015,0.6096057891845703,1.4029430150985718
0.07939416170120239,0.6755468845367432,1.469488501548767
0.0852041244506836,0.6084854602813721,1.460526704788208
0.09014812856912613,0.6068843603134155,1.5083656311035156
0.07843528687953949,0.5906752347946167,1.375028133392334
0.07890791445970535,0.616005003452301,1.4050841331481934
0.08827313780784607,0.7164162993431091,1.5991476774215698
0.08355366438627243,0.4997789263725281,1.3353155851364136
0.0711730346083641,0.37768304347991943,1.0894134044647217
0.08490549772977829,0.5204041004180908,1.3694591522216797
0.08957307785749435,0.6442072987556458,1.5399380922317505
0.08727823942899704,0.644963264465332,1.5177457332611084
0.07902410626411438,0.707303524017334,1.497544527053833
0.07495453953742981,0.5441921949386597,1.2937376499176025
0.06869180500507355,0.5359534025192261,1.2228714227676392
0.07963638007640839,0.6860482692718506,1.4824120998382568
0.08370619267225266,0.5374405384063721,1.374502420425415
0.08956951647996902,0.503136396408081,1.3988316059112549
0.07819270342588425,0.6218026280403137,1.4037296772003174
0.07382051646709442,0.4292818307876587,1.1674870252609253
0.07603885233402252,0.4919995665550232,1.2523880004882812
0.07899948954582214,0.6722100377082825,1.462204933166504
0.08643167465925217,0.6314287185668945,1.4957454204559326
0.07349630445241928,0.48169830441474915,1.2166613340377808
0.07560843229293823,0.5722525119781494,1.3283368349075317
0.07973039150238037,0.6312634944915771,1.4285674095153809
0.0833037793636322,0.5976608991622925,1.4306986331939697
0.08082129061222076,0.6790700554847717,1.4872829914093018
0.07714840769767761,0.5562235116958618,1.3277075290679932
0.07496366649866104,0.6207008957862854,1.3703374862670898
0.07992224395275116,0.6888353228569031,1.4880578517913818
0.07653123140335083,0.5921146869659424,1.3574270009994507
0.07593048363924026,0.5526319742202759,1.311936855316162
0.082782082259655,0.6488113403320312,1.4766321182250977
0.07436689734458923,0.6696209907531738,1.413290023803711
0.0892438292503357,0.6418445706367493,1.534282922744751
0.0795014500617981,0.5575011968612671,1.352515697479248
0.07439878582954407,0.5435544848442078,1.2875423431396484
0.08491899073123932,0.7437746524810791,1.59296452999115
0.07923637330532074,0.655910849571228,1.4482746124267578
0.0725305825471878,0.5362972021102905,1.2616029977798462
0.07692167907953262,0.5116058588027954,1.2808226346969604
0.07148908078670502,0.6287177801132202,1.3436086177825928
0.07800376415252686,0.49879133701324463,1.2788289785385132
0.08896796405315399,0.7003954648971558,1.590075135231018
0.07345151156187057,0.5706687569618225,1.3051838874816895
0.09051335602998734,0.7134504318237305,1.6185839176177979
0.08741160482168198,0.686051070690155,1.5601670742034912
0.08498348295688629,0.6768084764480591,1.5266432762145996
0.07870444655418396,0.5361877679824829,1.3232321739196777
0.07976704835891724,0.655388355255127,1.4530588388442993
0.08928884565830231,0.6468751430511475,1.5397635698318481
0.07699213922023773,0.6077002882957458,1.3776216506958008
0.09086819738149643,0.656383752822876,1.5650657415390015
0.08062518388032913,0.5090749263763428,1.3153266906738281
0.08388224989175797,0.5876355171203613,1.4264580011367798
0.08093545585870743,0.5345451235771179,1.3438997268676758
0.0767739936709404,0.7209466695785522,1.4886865615844727
0.07188456505537033,0.7345420122146606,1.45338773727417
0.08174101263284683,0.633205771446228,1.4506158828735352
0.08500475436449051,0.5848672389984131,1.4349148273468018
0.08478113263845444,0.6065888404846191,1.4544001817703247
0.08376944810152054,0.6667144298553467,1.504408836364746
0.07200054824352264,0.5485291481018066,1.2685346603393555
0.08228199183940887,0.6878656148910522,1.5106855630874634
0.07387525588274002,0.5016607046127319,1.2404131889343262
0.08626304566860199,0.7068017721176147,1.569432258605957
0.08238508552312851,0.59747314453125,1.4213240146636963
0.08581282198429108,0.3845224380493164,1.2426506280899048
0.0757983848452568,0.7299942970275879,1.487978219985962
0.08324390649795532,0.605043351650238,1.4374823570251465
0.07293838262557983,0.5967402458190918,1.3261240720748901
0.0752345472574234,0.5502875447273254,1.3026330471038818
0.07859443128108978,0.676957368850708,1.4629017114639282
0.07846222072839737,0.6049680709838867,1.3895902633666992
0.08126649260520935,0.6151915192604065,1.4278564453125
0.0832369327545166,0.6079689860343933,1.440338373184204
0.08404611796140671,0.6483476161956787,1.4888088703155518
0.08260097354650497,0.5990871787071228,1.4250969886779785
0.08408933877944946,0.6833638548851013,1.5242571830749512
0.07613895833492279,0.4493071436882019,1.2106966972351074
0.07000656425952911,0.6054846048355103,1.305550217628479
0.07991344481706619,0.5509258508682251,1.350060224533081
0.0805223286151886,0.6935943365097046,1.4988176822662354
0.07935571670532227,0.5251694917678833,1.318726658821106
0.07955454289913177,0.5827291011810303,1.3782745599746704
0.07513204216957092,0.6064344644546509,1.3577549457550049
0.08213262259960175,0.6857776045799255,1.5071039199829102
0.07586493343114853,0.5866721868515015,1.345321536064148
0.0809343233704567,0.661902904510498,1.4712461233139038
0.088198721408844,0.5767072439193726,1.4586944580078125
0.08005907386541367,0.48978525400161743,1.2903759479522705
0.07429774850606918,0.5428631901741028,1.2858407497406006
0.07451891899108887,0.33436083793640137,1.07955002784729
0.07801899313926697,0.44601279497146606,1.2262027263641357
0.0767141580581665,0.509658694267273,1.276800274848938
0.07080826908349991,0.5451981425285339,1.2532808780670166
0.09010282158851624,0.7038394212722778,1.604867696762085
0.08715766668319702,0.6497668027877808,1.521343469619751
0.08476167917251587,0.7555043697357178,1.6031211614608765
0.07692795991897583,0.6071310043334961,1.3764106035232544
0.08311550319194794,0.627722978591919,1.4588780403137207
0.08347723633050919,0.6209181547164917,1.4556905031204224
0.08180331438779831,0.6286368370056152,1.4466700553894043
0.08311593532562256,0.5955432653427124,1.426702618598938
0.08081721514463425,0.6195863485336304,1.4277584552764893
0.08916869014501572,0.6377354860305786,1.529422402381897
0.09125122427940369,0.5666111707687378,1.4791233539581299
0.07792346924543381,0.7541200518608093,1.5333547592163086
0.08697537332773209,0.3925403356552124,1.262294054031372
0.07709058374166489,0.6560964584350586,1.4270023107528687
0.08111429214477539,0.633954644203186,1.44509756565094
0.07767561078071594,0.6114437580108643,1.388199806213379
0.08819924294948578,0.6459736227989197,1.527966022491455
0.0763506293296814,0.5381025671958923,1.3016088008880615
0.06951703876256943,0.3344165086746216,1.029586911201477
0.0798691064119339,0.6072291731834412,1.4059202671051025
0.07548210024833679,0.505708634853363,1.260529637336731
0.0853990986943245,0.5990768671035767,1.4530677795410156
0.08421275019645691,0.6414040923118591,1.4835315942764282
0.07930418848991394,0.5433869361877441,1.3364288806915283
0.0978735163807869,0.6395752429962158,1.6183104515075684
0.07650002092123032,0.649075984954834,1.4140762090682983
0.08601883798837662,0.5713116526603699,1.43149995803833
0.07840971648693085,0.6280604600906372,1.412157654762268
0.08056660741567612,0.6866912841796875,1.4923573732376099
0.08029115945100784,0.5114636421203613,1.3143751621246338
0.07786937803030014,0.5384859442710876,1.3171796798706055
0.07798245549201965,0.5654325485229492,1.345257043838501
0.08174867182970047,0.6656836867332458,1.4831703901290894
0.08394981175661087,0.6712360382080078,1.5107340812683105
0.09064212441444397,0.5443702936172485,1.450791597366333
0.08025913685560226,0.6072052121162415,1.4097965955734253
0.08025573939085007,0.43465104699134827,1.2372084856033325
0.0734461098909378,0.6860718727111816,1.4205329418182373
0.07624750584363937,0.6328170299530029,1.395292043685913
0.07747095823287964,0.654455304145813,1.4291648864746094
0.08009428530931473,0.6658654808998108,1.4668083190917969
0.06879424303770065,0.6293696165084839,1.3173120021820068
0.08934538811445236,0.6610047817230225,1.5544586181640625
0.08310135453939438,0.6793056726455688,1.5103192329406738
0.07768834382295609,0.6455196142196655,1.42240309715271
0.08108541369438171,0.6067442893981934,1.4175984859466553
0.07275859266519547,0.5586344003677368,1.2862203121185303
0.07617472112178802,0.4410851001739502,1.2028323411941528
0.08772362023591995,0.6441450119018555,1.521381139755249
0.07684063911437988,0.6707049608230591,1.439111351966858
0.07523024082183838,0.515544056892395,1.2678464651107788
0.08157072961330414,0.6190167665481567,1.4347240924835205
0.07748434692621231,0.6083536148071289,1.3831970691680908
0.08365707099437714,0.5681827664375305,1.4047534465789795
0.08019094914197922,0.6011279821395874,1.4030375480651855
0.07602635771036148,0.6313209533691406,1.3915845155715942
0.08132048696279526,0.6794713735580444,1.4926762580871582
0.0788741260766983,0.649699866771698,1.4384410381317139
0.08103068172931671,0.6582885384559631,1.468595266342163
0.086087666451931,0.6538382768630981,1.5147149562835693
0.06794482469558716,0.7292197346687317,1.408668041229248
0.08155316859483719,0.5128208994865417,1.3283525705337524
0.0888940766453743,0.5561795234680176,1.4451203346252441
0.09286218136548996,0.5748674273490906,1.5034892559051514
0.0830814391374588,0.588799238204956,1.4196135997772217
0.07310155779123306,0.5966303944587708,1.327646017074585
0.0787273421883583,0.6463701725006104,1.4336435794830322
0.07486128062009811,0.5845624208450317,1.3331751823425293
0.0757129043340683,0.5235048532485962,1.2806339263916016
0.08499967306852341,0.5444353222846985,1.3944320678710938
0.07920721918344498,0.45965784788131714,1.251729965209961
0.08610887080430984,0.7455686330795288,1.6066572666168213
0.07107091695070267,0.6487678289413452,1.3594770431518555
0.0726144015789032,0.4162662625312805,1.1424102783203125
0.07157554477453232,0.5330684781074524,1.248823881149292
0.08756711333990097,0.7164039015769958,1.5920751094818115
0.08931151032447815,0.740796685218811,1.6339118480682373
0.07513049989938736,0.43779101967811584,1.1890959739685059
0.07842322438955307,0.6030164957046509,1.3872487545013428
0.0774407684803009,0.6365912556648254,1.4109989404678345
0.08115611225366592,0.7100389003753662,1.5216000080108643
0.07946795970201492,0.5545476675033569,1.3492271900177002
0.08319836109876633,0.5940919518470764,1.4260755777359009
0.08346858620643616,0.5715216994285583,1.40620756149292
0.07941799610853195,0.607227087020874,1.40140700340271
0.0788462907075882,0.5699223279953003,1.3583852052688599
0.07634055614471436,0.7165673971176147,1.4799729585647583
0.07129277288913727,0.7075576782226562,1.4204853773117065
0.08042195439338684,0.5427289009094238,1.3469483852386475
0.07822659611701965,0.6506664156913757,1.4329323768615723
0.08134198188781738,0.5713456869125366,1.3847655057907104
0.08494378626346588,0.5413707494735718,1.3908085823059082
0.0928313210606575,0.7083486318588257,1.6366617679595947
0.07891294360160828,0.6618924140930176,1.4510219097137451
0.0793207585811615,0.6166149377822876,1.4098224639892578
0.0898139476776123,0.5769749879837036,1.4751144647598267
0.0786132887005806,0.6818143725395203,1.467947244644165
0.07397663593292236,0.5230213403701782,1.2627876996994019
0.0746644139289856,0.4935557246208191,1.2401998043060303
0.08810656517744064,0.5556216835975647,1.4366873502731323
0.08262110501527786,0.6485737562179565,1.4747848510742188
0.07658080011606216,0.6390796899795532,1.4048876762390137
0.08717770874500275,0.5132691860198975,1.3850462436676025
0.08506031334400177,0.71165931224823,1.5622624158859253
0.0721224918961525,0.5678027868270874,1.2890276908874512
0.07492478936910629,0.6097023487091064,1.3589502573013306
0.08100767433643341,0.6676586270332336,1.4777352809906006
0.08050057291984558,0.6865628957748413,1.4915685653686523
0.0810120478272438,0.56996089220047,1.3800814151763916
0.08395370095968246,0.5396221876144409,1.3791592121124268
0.08388952910900116,0.3896774649620056,1.2285728454589844
0.0788654088973999,0.5467675924301147,1.3354216814041138
0.08200923353433609,0.7096738219261169,1.5297660827636719
0.08391088247299194,0.5693299770355225,1.408438801765442
0.07091943174600601,0.5270277261734009,1.2362220287322998
0.08087948709726334,0.6896607875823975,1.4984556436538696
0.07839096337556839,0.544902503490448,1.3288121223449707
0.07520432025194168,0.5399286150932312,1.2919718027114868
0.08067984879016876,0.6926981210708618,1.499496579170227
0.0802459642291069,0.5397928953170776,1.342252492904663
0.07889661937952042,0.6216107606887817,1.4105769395828247
0.07278451323509216,0.6493465900421143,1.3771917819976807
0.08662829548120499,0.5282719135284424,1.394554853439331
0.08272457867860794,0.6305370330810547,1.4577827453613281
0.08705545216798782,0.6773646473884583,1.5479191541671753
0.07927331328392029,0.678723931312561,1.4714570045471191
0.0783907100558281,0.6591627597808838,1.4430699348449707
0.07947266846895218,0.6081078052520752,1.402834415435791
0.07736676186323166,0.7100398540496826,1.4837074279785156
0.07569637149572372,0.42360228300094604,1.1805660724639893
0.08445673435926437,0.6107968091964722,1.4553642272949219
0.08218438923358917,0.4629136621952057,1.2847574949264526
0.07908590137958527,0.5713862180709839,1.3622452020645142
0.09125195443630219,0.5665105581283569,1.4790301322937012
0.07871665060520172,0.5219241976737976,1.3090906143188477
0.07885286211967468,0.5492762327194214,1.3378047943115234
0.08409445732831955,0.6836344003677368,1.5245790481567383
0.07980683445930481,0.6332207918167114,1.4312891960144043
0.07792828232049942,0.5389233827590942,1.3182061910629272
0.06909960508346558,0.6628413200378418,1.3538373708724976
0.07954145967960358,0.5833392143249512,1.3787537813186646
0.07276253402233124,0.5723331570625305,1.2999584674835205
0.06912776082754135,0.5834524631500244,1.2747300863265991
0.07314601540565491,0.41256508231163025,1.144025206565857
0.07996612787246704,0.494897723197937,1.2945590019226074
0.07861420512199402,0.5650173425674438,1.3511593341827393
0.07703012228012085,0.6518542766571045,1.422155499458313
0.0752883031964302,0.5496304035186768,1.3025133609771729
0.0795101746916771,0.5490054488182068,1.3441071510314941
0.06717075407505035,0.5237382650375366,1.1954457759857178
0.08996687829494476,0.6682438850402832,1.5679126977920532
0.07996872067451477,0.662075400352478,1.4617626667022705
0.0785655751824379,0.7030766606330872,1.4887323379516602
0.07181056588888168,0.5629837512969971,1.281089425086975
0.07088638097047806,0.6268683671951294,1.3357322216033936
0.08030432462692261,0.6256716251373291,1.4287148714065552
0.08044147491455078,0.600970983505249,1.4053857326507568
0.07243331521749496,0.6177790760993958,1.3421123027801514
0.07620276510715485,0.5355134010314941,1.2975410223007202
0.0741673931479454,0.6075493097305298,1.349223256111145
0.07206746190786362,0.5356974601745605,1.256372094154358
0.08763924241065979,0.6196379065513611,1.496030330657959
0.07420320808887482,0.6687955856323242,1.41082763671875
0.07444343715906143,0.5563229322433472,1.3007572889328003
0.07726376503705978,0.6819970607757568,1.454634666442871
0.07895566523075104,0.6102074384689331,1.399764060974121
0.0691494271159172,0.5948600769042969,1.2863543033599854
0.07406233996152878,0.48520588874816895,1.2258293628692627
0.07316279411315918,0.6377105712890625,1.3693385124206543
0.07034095376729965,0.6645190715789795,1.3679286241531372
0.07669374346733093,0.6219825744628906,1.3889200687408447
0.07866238057613373,0.6197068691253662,1.4063307046890259
0.07231166213750839,0.43626970052719116,1.159386396408081
0.07267160713672638,0.5146327614784241,1.2413487434387207
0.07625022530555725,0.6003026962280273,1.362804889678955
0.08619681000709534,0.5567600727081299,1.4187281131744385
0.09011299163103104,0.6292529106140137,1.5303828716278076
0.06813666969537735,0.5527374744415283,1.2341041564941406
0.08595365285873413,0.7177444696426392,1.5772809982299805
0.07347828894853592,0.5919262766838074,1.3267091512680054
0.07484100759029388,0.4737035036087036,1.2221136093139648
0.0739266574382782,0.7232784032821655,1.4625449180603027
0.07544217258691788,0.7266219854354858,1.4810436964035034
0.07727570086717606,0.5724408626556396,1.3451979160308838
0.07065039873123169,0.49856430292129517,1.2050683498382568
0.0869942456483841,0.5798366665840149,1.4497790336608887
0.07781895995140076,0.6549859642982483,1.4331755638122559
0.08008670061826706,0.6581848859786987,1.4590518474578857
0.08093169331550598,0.5491369366645813,1.3584538698196411
0.08516716957092285,0.5176613330841064,1.369333028793335
0.08503733575344086,0.65395188331604,1.504325270652771
0.08491537719964981,0.4518352150917053,1.3009889125823975
0.07516604661941528,0.6274570822715759,1.379117488861084
0.08071673661470413,0.5277360677719116,1.3349034786224365
0.07178951799869537,0.6777034997940063,1.3955986499786377
0.08124251663684845,0.6566839814186096,1.469109058380127
0.06884369999170303,0.6528257131576538,1.341262698173523
0.0732787549495697,0.5475277900695801,1.2803153991699219
0.06791648268699646,0.6256058812141418,1.3047707080841064
0.08610188961029053,0.4784053564071655,1.3394242525100708
0.07249955832958221,0.7057971954345703,1.4307928085327148
0.07133636623620987,0.6244100332260132,1.3377736806869507
0.07565928250551224,0.3791523575782776,1.1357451677322388
0.07286645472049713,0.6748919486999512,1.4035564661026
0.07800513505935669,0.5259138345718384,1.3059651851654053
0.07154840230941772,0.5598698854446411,1.2753539085388184
0.07936187088489532,0.6331349611282349,1.4267536401748657
0.0745723769068718,0.6647676229476929,1.4104914665222168
0.07689537853002548,0.6602507829666138,1.4292045831680298
0.07704591006040573,0.5529767870903015,1.32343590259552
0.07104860246181488,0.5919449329376221,1.3024309873580933
0.07993251830339432,0.576188325881958,1.3755135536193848
0.09009499847888947,0.6140883564949036,1.515038251876831
0.0981416255235672,0.7045161724090576,1.6859323978424072
0.07928065955638885,0.6583806276321411,1.451187252998352
0.07305596768856049,0.6481011509895325,1.3786609172821045
0.08062496036291122,0.5850781798362732,1.3913278579711914
0.06631405651569366,0.7375162243843079,1.4006567001342773
0.08257978409528732,0.5780383944511414,1.4038362503051758
0.07498990744352341,0.4847140610218048,1.2346131801605225
0.07757017016410828,0.6109756231307983,1.3866772651672363
0.07935589551925659,0.662735104560852,1.456294059753418
0.0753086656332016,0.49142688512802124,1.2445135116577148
0.08019981533288956,0.44467294216156006,1.2466710805892944
0.0759429782629013,0.5643693208694458,1.3237991333007812
0.07628822326660156,0.5950113534927368,1.3578935861587524
0.06748800724744797,0.7080515623092651,1.3829317092895508
0.07252831012010574,0.5448864698410034,1.2701694965362549
0.07173100113868713,0.40179985761642456,1.119109869003296
0.09003917872905731,0.6666535139083862,1.5670453310012817
0.07190270721912384,0.5059680342674255,1.2249951362609863
0.07680493593215942,0.6128811836242676,1.3809305429458618
0.09481067210435867,0.6394202709197998,1.5875270366668701
0.07630722969770432,0.5687810182571411,1.3318533897399902
0.08138788491487503,0.664387583732605,1.4782664775848389
0.09204627573490143,0.510875940322876,1.4313386678695679
0.08468105643987656,0.440640926361084,1.2874515056610107
0.07269393652677536,0.4894220530986786,1.216361403465271
0.07377982884645462,0.7107735872268677,1.4485719203948975
0.09209853410720825,0.5038094520568848,1.4247947931289673
0.07096695154905319,0.6745547652244568,1.38422429561615
0.07856237888336182,0.7076400518417358,1.493263840675354
0.07853957265615463,0.6438291072845459,1.4292248487472534
0.0754796713590622,0.5249193906784058,1.27971613407135
0.07137426733970642,0.36394548416137695,1.077688217163086
0.0777750238776207,0.666336178779602,1.4440864324569702
0.08551641553640366,0.6792150735855103,1.534379243850708
0.07931521534919739,0.6716954112052917,1.4648475646972656
0.0828021690249443,0.7386021614074707,1.5666239261627197
0.0738578513264656,0.654340386390686,1.3929188251495361
0.07783824950456619,0.6670950651168823,1.4454774856567383
0.07679133117198944,0.5705679655075073,1.3384813070297241
0.07392455637454987,0.6791368722915649,1.4183824062347412
0.07220353186130524,0.6042273044586182,1.3262625932693481
0.07822954654693604,0.6594563722610474,1.4417518377304077
0.0751296877861023,0.6461113691329956,1.3974082469940186
0.08320685476064682,0.5666384696960449,1.3987070322036743
0.07560428977012634,0.5528693795204163,1.3089122772216797
0.07715928554534912,0.5690818428993225,1.340674638748169
0.07840196043252945,0.6096845865249634,1.3937041759490967
0.07661232352256775,0.6633892059326172,1.4295125007629395
0.07879801094532013,0.5393053293228149,1.3272854089736938
0.07379341870546341,0.6298641562461853,1.3677983283996582
0.0889611765742302,0.6133025884628296,1.5029144287109375
0.07793339341878891,0.41341400146484375,1.192747950553894
0.07992544025182724,0.6583268642425537,1.4575812816619873
0.07474677264690399,0.5777502059936523,1.3252179622650146
0.07830927520990372,0.6523025035858154,1.4353952407836914
0.07706951349973679,0.6185096502304077,1.389204740524292
0.07665955275297165,0.7240304350852966,1.4906259775161743
0.08318985998630524,0.6412947177886963,1.4731932878494263
0.0809878259897232,0.5988559126853943,1.4087340831756592
0.08464500308036804,0.61090087890625,1.4573509693145752
0.07930828630924225,0.6339409351348877,1.4270237684249878
0.08583227545022964,0.5335177183151245,1.3918404579162598
0.0754491463303566,0.3919283151626587,1.1464197635650635
0.07792877405881882,0.630531370639801,1.4098191261291504
0.07676950097084045,0.5236790776252747,1.2913740873336792
0.07785233110189438,0.7204244136810303,1.4989477396011353
0.08515479415655136,0.6030229926109314,1.454571008682251
0.08545668423175812,0.6549742221832275,1.5095410346984863
0.07023147493600845,0.5990472435951233,1.3013620376586914
0.07260558009147644,0.5755176544189453,1.3015735149383545
0.07487089186906815,0.5729315280914307,1.3216404914855957
0.07614964991807938,0.5530472993850708,1.3145437240600586
0.08551707118749619,0.5714622735977173,1.4266330003738403
0.07474575191736221,0.5678396821022034,1.3152971267700195
0.06434615701436996,0.5565650463104248,1.2000266313552856
0.07848191261291504,0.5581879615783691,1.3430070877075195
0.0944553017616272,0.6050399541854858,1.5495929718017578
0.06811865419149399,0.5113140344619751,1.1925005912780762
0.0775548443198204,0.5003976821899414,1.2759461402893066
0.08133446425199509,0.7065415382385254,1.5198862552642822
0.07944172620773315,0.6901503801345825,1.484567642211914
0.07144336402416229,0.653480052947998,1.3679137229919434
0.07094231992959976,0.688715934753418,1.3981391191482544
0.07949463278055191,0.5991106629371643,1.394057035446167
0.07387404888868332,0.6000550985336304,1.3387956619262695
0.08438415825366974,0.6775774955749512,1.5214190483093262
0.07644079625606537,0.6099673509597778,1.374375343322754
0.07870309054851532,0.5518917441368103,1.3389227390289307
0.07324787974357605,0.47794073820114136,1.2104195356369019
0.08983761817216873,0.6226311922073364,1.5210072994232178
0.06497812271118164,0.5167481899261475,1.1665294170379639
0.07701966166496277,0.668211817741394,1.438408374786377
0.08153676241636276,0.678959310054779,1.4943269491195679
0.07932965457439423,0.6000298261642456,1.3933264017105103
0.07856521755456924,0.5189330577850342,1.3045852184295654
0.07714244723320007,0.5725802183151245,1.3440046310424805
0.07251334935426712,0.7293336391448975,1.4544670581817627
0.07919983565807343,0.6036447286605835,1.3956431150436401
0.07525897771120071,0.49727171659469604,1.249861478805542
0.0769050121307373,0.5725509524345398,1.3416011333465576
0.07846556603908539,0.6873641610145569,1.472019910812378
0.084500253200531,0.5596625804901123,1.4046651124954224
0.08112676441669464,0.5924592018127441,1.4037268161773682
0.07503172755241394,0.5935665965080261,1.3438838720321655
0.08561186492443085,0.5681358575820923,1.4242545366287231
0.07750780135393143,0.6873157620429993,1.4623937606811523
0.07103299349546432,0.5657809972763062,1.2761108875274658
0.07564234733581543,0.6065044403076172,1.3629279136657715
0.07891301810741425,0.5884785652160645,1.3776087760925293
0.0683039203286171,0.6025418639183044,1.285581111907959
0.07630818337202072,0.5511922240257263,1.3142740726470947
0.08148635178804398,0.5421339273452759,1.3569974899291992
0.07921020686626434,0.6818586587905884,1.4739607572555542
0.0734926238656044,0.6398885250091553,1.374814748764038
0.07049108296632767,0.5762487649917603,1.2811596393585205
0.08272843807935715,0.4785129725933075,1.3057973384857178
0.07762493193149567,0.547665536403656,1.3239147663116455
0.06896223872900009,0.6838791370391846,1.3735015392303467
0.06686679273843765,0.6063095927238464,1.274977445602417
0.07243084162473679,0.6786156892776489,1.4029240608215332
0.0814787819981575,0.6529011130332947,1.4676889181137085
0.07773103564977646,0.46941184997558594,1.2467222213745117
0.08593400567770004,0.6816067099571228,1.5409467220306396
0.07459506392478943,0.5255348682403564,1.2714855670928955
0.08094414323568344,0.4632878601551056,1.2727292776107788
0.08146362006664276,0.6228748559951782,1.4375110864639282
0.07283353805541992,0.6598972082138062,1.3882325887680054
0.06537015736103058,0.5532779693603516,1.206979513168335
0.07697222381830215,0.579203724861145,1.3489259481430054
0.07819990068674088,0.6693122386932373,1.4513112306594849
0.0760854110121727,0.5855185985565186,1.3463727235794067
0.07692297548055649,0.6160324811935425,1.3852622509002686
0.08209259063005447,0.6713269352912903,1.4922528266906738
0.07965407520532608,0.6969500780105591,1.4934908151626587
0.06987497955560684,0.6835818290710449,1.3823316097259521
0.07771018147468567,0.5259141325950623,1.303015947341919
0.08501451462507248,0.6021733283996582,1.4523184299468994
0.08612553775310516,0.5063685178756714,1.3676239252090454
0.0833028182387352,0.4801110625267029,1.3131392002105713
0.07397549599409103,0.6901546120643616,1.429909586906433
0.08009649813175201,0.605198860168457,1.4061638116836548
0.08106894791126251,0.6843894124031067,1.4950788021087646
0.09420601278543472,0.6457507014274597,1.587810754776001
0.08385727554559708,0.7232421636581421,1.5618149042129517
0.07988212257623672,0.5922471284866333,1.3910683393478394
0.08756337314844131,0.597756028175354,1.473389744758606
0.09600057452917099,0.5296474099159241,1.4896531105041504
0.07827012240886688,0.6157459020614624,1.3984471559524536
0.0750526487827301,0.6179212331771851,1.3684477806091309
0.07865698635578156,0.6504040956497192,1.4369739294052124
0.07887159287929535,0.5492526888847351,1.3379685878753662
0.07878255844116211,0.5718512535095215,1.3596768379211426
0.07690870016813278,0.48558515310287476,1.2546721696853638
0.06932026147842407,0.4946371912956238,1.1878397464752197
0.06867223978042603,0.5674146413803101,1.2541370391845703
0.08540511131286621,0.5259366631507874,1.3799877166748047
0.09041235595941544,0.6684185266494751,1.5725420713424683
0.09556322544813156,0.5433534383773804,1.498985767364502
0.06630566716194153,0.5959993600845337,1.2590560913085938
0.08977852016687393,0.63531494140625,1.5331001281738281
0.07304532080888748,0.5972175598144531,1.3276708126068115
0.07617393881082535,0.6014069318771362,1.3631463050842285
0.08092190325260162,0.4477148950099945,1.2569339275360107
0.07289448380470276,0.6539911031723022,1.3829360008239746
0.07813046127557755,0.6083055138587952,1.3896100521087646
0.0757114365696907,0.49475473165512085,1.2518690824508667
0.08062074333429337,0.6512209177017212,1.4574283361434937
0.08102073520421982,0.5223003029823303,1.332507610321045
0.07137013226747513,0.642188310623169,1.3558895587921143
0.07248422503471375,0.5282530188560486,1.253095269203186
0.07944826036691666,0.6415807604789734,1.436063289642334
0.07310641556978226,0.6380069255828857,1.3690710067749023
0.07802163064479828,0.7257168292999268,1.505933165550232
0.07308686524629593,0.5692384243011475,1.3001070022583008
0.07155311107635498,0.614080011844635,1.32961106300354
0.0856509730219841,0.6309601068496704,1.4874699115753174
0.07691535353660583,0.5848880410194397,1.354041576385498
0.07258512079715729,0.6100069880485535,1.3358581066131592
0.07550880312919617,0.5878893136978149,1.3429772853851318
0.07043884694576263,0.6261014938354492,1.330489993095398
0.0773995965719223,0.5047228336334229,1.2787188291549683
0.08233464509248734,0.6797632575035095,1.5031096935272217
0.08305083215236664,0.550496518611908,1.381004810333252
0.08666586130857468,0.5614818930625916,1.4281405210494995
0.08013027906417847,0.6620721817016602,1.4633749723434448
0.06696444749832153,0.5890405774116516,1.2586851119995117
0.07744966447353363,0.6413712501525879,1.4158679246902466
0.06989134103059769,0.5211713314056396,1.2200846672058105
0.07387291640043259,0.5896892547607422,1.328418493270874
0.07178645581007004,0.6587132215499878,1.3765778541564941
0.07171205431222916,0.6252661347389221,1.3423867225646973
0.06833983212709427,0.6905027031898499,1.3739010095596313
0.07714587450027466,0.6626790165901184,1.4341378211975098
0.07653694599866867,0.5260107517242432,1.2913801670074463
0.06757337599992752,0.6427634954452515,1.3184971809387207
0.06930188834667206,0.48078155517578125,1.1738004684448242
0.09098098427057266,0.6451916694641113,1.5550014972686768
0.0825197845697403,0.6744840145111084,1.499681830406189
0.07383993268013,0.5372480154037476,1.2756474018096924
0.08493262529373169,0.6354992389678955,1.4848254919052124
0.06893989443778992,0.6653674244880676,1.3547663688659668
0.07724213600158691,0.5499671697616577,1.3223885297775269
0.07013635337352753,0.6057081818580627,1.3070716857910156
0.08020249009132385,0.5809515714645386,1.3829765319824219
0.07600557059049606,0.6115948557853699,1.3716505765914917
0.07315850257873535,0.6444100141525269,1.3759950399398804
0.08359598368406296,0.6184296011924744,1.4543894529342651
0.07860398292541504,0.5697759389877319,1.3558157682418823
0.07026482373476028,0.5264993906021118,1.2291476726531982
0.07409647852182388,0.6932657361030579,1.4342305660247803
0.08110758662223816,0.6887804269790649,1.4998562335968018
0.07401592284440994,0.6359079480171204,1.3760671615600586
0.06916256248950958,0.6541528701782227,1.345778465270996
0.07570400834083557,0.5700769424438477,1.3271169662475586
0.07290397584438324,0.7371772527694702,1.466217041015625
0.07727683335542679,0.5596112012863159,1.3323795795440674
0.07510070502758026,0.6039743423461914,1.3549814224243164
0.0718066468834877,0.5651754140853882,1.283241868019104
0.07690420001745224,0.5965532064437866,1.3655952215194702
0.07448700815439224,0.6021333932876587,1.34700345993042
0.07640252262353897,0.5237541198730469,1.2877793312072754
0.07537519186735153,0.543367326259613,1.2971192598342896
0.0715191662311554,0.6229973435401917,1.3381890058517456
0.07430051267147064,0.5593873858451843,1.3023924827575684
0.0722327008843422,0.5226238369941711,1.244950771331787
0.06574484705924988,0.577340841293335,1.2347893714904785
0.0709088146686554,0.5525664687156677,1.2616546154022217
0.08054020255804062,0.6119414567947388,1.4173434972763062
0.09384120255708694,0.6347946524620056,1.5732066631317139
0.08801572024822235,0.6688022613525391,1.548959493637085
0.0737069845199585,0.6495815515518188,1.3866513967514038
0.08259793370962143,0.5667563676834106,1.3927357196807861
0.07797253876924515,0.6388468742370605,1.418572187423706
0.07929231226444244,0.6440494060516357,1.4369724988937378
0.08027022331953049,0.5315762758255005,1.3342785835266113
0.06852822005748749,0.34546130895614624,1.0307435989379883
0.07572690397500992,0.5709232091903687,1.3281922340393066
0.08570118993520737,0.6015662550926208,1.458578109741211
0.08466751128435135,0.537045955657959,1.383721113204956
0.0697263553738594,0.597193717956543,1.294457197189331
0.07814506441354752,0.6128535270690918,1.3943041563034058
0.07244737446308136,0.6918765306472778,1.416350245475769
0.07495905458927155,0.5835254192352295,1.3331159353256226
0.07932553440332413,0.6386358141899109,1.4318912029266357
0.09083754569292068,0.6689233183860779,1.5772987604141235
0.06642300635576248,0.5380183458328247,1.2022483348846436
0.07103393226861954,0.6102226376533508,1.3205618858337402
0.09074635058641434,0.6483166813850403,1.5557801723480225
0.06753791868686676,0.5997802019119263,1.2751593589782715
0.07504823058843613,0.5959821939468384,1.3464645147323608
0.0818774476647377,0.5572768449783325,1.3760513067245483
0.07001104950904846,0.6514219641685486,1.3515324592590332
0.06834496557712555,0.5919383764266968,1.2753880023956299
0.08835805952548981,0.5213510394096375,1.4049315452575684
0.0755273625254631,0.6263668537139893,1.3816404342651367
0.08370936661958694,0.6942272186279297,1.5313208103179932
0.0727020725607872,0.5798861384391785,1.3069069385528564
0.08493368327617645,0.5987886190414429,1.4481254816055298
0.07598323374986649,0.6854822039604187,1.4453145265579224
0.07649417966604233,0.6103696823120117,1.3753114938735962
0.07523006945848465,0.5429344177246094,1.2952351570129395
0.07507804036140442,0.6296631097793579,1.3804435729980469
0.07702703773975372,0.3961235284805298,1.1663938760757446
0.06615352630615234,0.6289775967597961,1.2905128002166748
0.08198270201683044,0.5655627250671387,1.385389804840088
0.06661305576562881,0.5385589003562927,1.2046895027160645
0.07436098158359528,0.6286011934280396,1.37221097946167
0.07875566929578781,0.6605305075645447,1.448087215423584
0.07435814291238785,0.6093721389770508,1.352953553199768
0.07037566602230072,0.515550971031189,1.2193076610565186
0.06928948312997818,0.7114771008491516,1.404371976852417
0.08117356151342392,0.715502142906189,1.5272377729415894
0.07916190475225449,0.7404553890228271,1.5320744514465332
0.07077634334564209,0.5582364201545715,1.2659997940063477
0.07748626172542572,0.580769419670105,1.3556320667266846
0.07670418918132782,0.4233604371547699,1.1904023885726929
0.07288587093353271,0.5825318098068237,1.3113905191421509
0.0754673182964325,0.6906293034553528,1.4453024864196777
0.07589343190193176,0.5749041438102722,1.3338384628295898
0.06975512206554413,0.5633261203765869,1.2608773708343506
0.07234988361597061,0.5329395532608032,1.2564383745193481
0.07408647239208221,0.6344842910766602,1.3753490447998047
0.07345177978277206,0.49995851516723633,1.2344763278961182
0.0718156024813652,0.542746901512146,1.2609028816223145
0.07412350922822952,0.4137983024120331,1.1550333499908447
0.07578903436660767,0.6422126293182373,1.400102972984314
0.0704670250415802,0.5357869863510132,1.24045729637146
0.07484498620033264,0.6465039253234863,1.394953727722168
0.0735127255320549,0.6528905034065247,1.3880177736282349
0.0680713951587677,0.6093567609786987,1.2900707721710205
0.06913018971681595,0.6236498355865479,1.3149516582489014
0.06976419687271118,0.6148773431777954,1.3125193119049072
0.0840517207980156,0.5463213324546814,1.3868385553359985
0.077724389731884,0.5083099007606506,1.2855538129806519
0.07504072785377502,0.6494041085243225,1.3998113870620728
0.06989067792892456,0.6363630294799805,1.335269808769226
0.07224997133016586,0.4899338483810425,1.2124335765838623
0.09424443542957306,0.5470889806747437,1.4895333051681519
0.07798174023628235,0.577436625957489,1.3572540283203125
0.08746275305747986,0.6346631050109863,1.5092906951904297
0.07206819206476212,0.6264427900314331,1.347124695777893
0.07216984033584595,0.558812141418457,1.2805105447769165
0.07803329825401306,0.6062160134315491,1.3865489959716797
0.0757579430937767,0.5788953304290771,1.3364747762680054
0.07273375242948532,0.6045235395431519,1.3318610191345215
0.06878988444805145,0.5396326780319214,1.2275315523147583
0.06790699064731598,0.46511226892471313,1.1441822052001953
0.07849293202161789,0.5851574540138245,1.3700867891311646
0.07080979645252228,0.5152487754821777,1.2233467102050781
0.07105603069067001,0.552222728729248,1.2627830505371094
0.07836773246526718,0.5724058747291565,1.3560831546783447
0.08370092511177063,0.6881027221679688,1.5251119136810303
0.0765485018491745,0.6157647371292114,1.3812497854232788
0.09189552068710327,0.5349608659744263,1.453916072845459
0.07179142534732819,0.6137583255767822,1.3316725492477417
0.07813756912946701,0.7266541123390198,1.508029818534851
0.0734589695930481,0.6505506038665771,1.385140299797058
0.07150980830192566,0.5637162923812866,1.2788143157958984
0.08108586072921753,0.5994061231613159,1.4102647304534912
0.07381734251976013,0.5076286196708679,1.2458020448684692
0.07579144090414047,0.5287728905677795,1.2866873741149902
0.09106526523828506,0.5662328004837036,1.476885437965393
0.07873967289924622,0.6327294111251831,1.42012619972229
0.06541243195533752,0.5451486110687256,1.199272871017456
0.07198720425367355,0.47052550315856934,1.1903975009918213
0.0682225376367569,0.5491541028022766,1.231379508972168
0.07485833764076233,0.6271163821220398,1.375699758529663
0.07441138476133347,0.48742032051086426,1.2315342426300049
0.07563868165016174,0.5815898180007935,1.3379766941070557
0.07514794170856476,0.5862621068954468,1.337741494178772
0.07510354369878769,0.5995924472808838,1.3506278991699219
0.08806142956018448,0.611483097076416,1.4920973777770996
0.09361734986305237,0.7061468362808228,1.6423203945159912
0.06535633653402328,0.5985224843025208,1.2520859241485596
0.06720753014087677,0.5119116306304932,1.1839869022369385
0.080162912607193,0.6253348588943481,1.4269640445709229
0.07475931942462921,0.714238166809082,1.4618313312530518
0.07948576658964157,0.6668766736984253,1.4617342948913574
0.07496223598718643,0.6612527966499329,1.4108750820159912
0.0770799070596695,0.5518139600753784,1.322613000869751
0.07881229370832443,0.3674079179763794,1.1555309295654297
0.07986413687467575,0.6641943454742432,1.4628357887268066
0.08191011101007462,0.6183933019638062,1.4374943971633911
0.08747498691082001,0.6467275023460388,1.521477460861206
0.07407431304454803,0.6387449502944946,1.3794881105422974
0.07629691809415817,0.5524060726165771,1.3153753280639648
0.0729101300239563,0.6587028503417969,1.3878041505813599
0.07560669630765915,0.48557528853416443,1.2416422367095947
0.0848371610045433,0.6273931860923767,1.4757647514343262
0.07124054431915283,0.642481803894043,1.3548872470855713
0.0731833353638649,0.693366289138794,1.4251996278762817
0.06841107457876205,0.6126439571380615,1.2967547178268433
0.0793638825416565,0.5940946936607361,1.3877334594726562
0.08855070173740387,0.6762082576751709,1.5617152452468872
0.0805669054389,0.5982465744018555,1.4039156436920166
0.07431019842624664,0.5720051527023315,1.3151071071624756
0.08732639253139496,0.6899274587631226,1.5631914138793945
0.07471681386232376,0.5414772033691406,1.2886452674865723
0.07769252359867096,0.5921022295951843,1.3690273761749268
0.0741974264383316,0.47353842854499817,1.2155126333236694
0.07824777811765671,0.6886444091796875,1.4711222648620605
0.07592490315437317,0.649237871170044,1.4084868431091309
0.07779383659362793,0.5094431042671204,1.2873814105987549
0.07088947296142578,0.5813190937042236,1.2902138233184814
0.07548736035823822,0.6609803438186646,1.4158539772033691
0.07322219014167786,0.689566433429718,1.4217883348464966
0.06663169711828232,0.6886765956878662,1.3549935817718506
0.07564332336187363,0.7281808853149414,1.4846141338348389
0.07956968992948532,0.6155416965484619,1.411238670349121
0.07206888496875763,0.6379265189170837,1.3586153984069824
0.0769648402929306,0.5362204909324646,1.3058688640594482
0.07502396404743195,0.5298856496810913,1.2801252603530884
0.07603853940963745,0.6862059831619263,1.4465913772583008
0.0831836611032486,0.629052996635437,1.4608895778656006
0.07311717420816422,0.6011847257614136,1.3323564529418945
0.06687099486589432,0.5415927767753601,1.210302710533142
0.06930433213710785,0.6236452460289001,1.3166885375976562
0.07106529176235199,0.6124132871627808,1.323066234588623
0.06768583506345749,0.7375813722610474,1.4144396781921387
0.07869654148817062,0.6340547800064087,1.421020269393921
0.07225409150123596,0.4976094365119934,1.220150351524353
0.06848699599504471,0.7017362117767334,1.386606216430664
0.07004667073488235,0.5496904850006104,1.250157117843628
0.0690586268901825,0.42158254981040955,1.112168788909912
0.07403701543807983,0.520501971244812,1.2608721256256104
0.07977829873561859,0.6665413975715637,1.4643244743347168
0.06875850260257721,0.4545493721961975,1.142134428024292
0.07790544629096985,0.7078371047973633,1.486891508102417
0.08622937649488449,0.525881290435791,1.3881750106811523
0.07177799940109253,0.6262112855911255,1.3439912796020508
0.0626826211810112,0.4062320291996002,1.0330582857131958
0.0755891427397728,0.5679190158843994,1.3238104581832886
0.07292777299880981,0.4962005913257599,1.2254782915115356
0.07333945482969284,0.6544997692108154,1.3878943920135498
0.07481914013624191,0.4631761312484741,1.2113676071166992
0.07314540445804596,0.42453378438949585,1.1559877395629883
0.07343944907188416,0.5900619626045227,1.3244564533233643
0.07897057384252548,0.5695424675941467,1.359248161315918
0.08426452428102493,0.4038657546043396,1.2465109825134277
0.0761304572224617,0.6657310724258423,1.4270355701446533
0.07968886196613312,0.5990182757377625,1.395906925201416
0.07687834650278091,0.5913547873497009,1.360138177871704
0.0811925083398819,0.6195614337921143,1.4314864873886108
0.0701209008693695,0.6924155950546265,1.3936245441436768
0.06779775023460388,0.6052829027175903,1.2832603454589844
0.0761852115392685,0.6483497023582458,1.4102017879486084
0.0739128589630127,0.6786891222000122,1.4178177118301392
0.07006841897964478,0.6662156581878662,1.366899847984314
0.0773126557469368,0.670132040977478,1.44325852394104
0.07152096182107925,0.5048407316207886,1.22005033493042
0.06959010660648346,0.594783365726471,1.290684461593628
0.07855046540498734,0.6363182067871094,1.4218227863311768
0.07067254185676575,0.5677177906036377,1.2744431495666504
0.07153557986021042,0.6237365007400513,1.3390922546386719
0.07242412120103836,0.5510588884353638,1.2753000259399414
0.07211411744356155,0.6892012357711792,1.4103424549102783
0.07115709781646729,0.5415676832199097,1.2531386613845825
0.07977902889251709,0.5864688158035278,1.3842591047286987
0.06365058571100235,0.6251809597015381,1.2616868019104004
0.06866788864135742,0.6504572033882141,1.3371360301971436
0.06760408729314804,0.6252018213272095,1.301242709159851
0.07122410088777542,0.6769932508468628,1.3892343044281006
0.07459039986133575,0.6483148336410522,1.3942188024520874
0.07872951030731201,0.5974104404449463,1.3847055435180664
0.06544335186481476,0.6152609586715698,1.269694447517395
0.07485390454530716,0.6578435897827148,1.4063825607299805
0.07517560571432114,0.5043349862098694,1.2560911178588867
0.0691182017326355,0.6569215059280396,1.3481035232543945
0.08337720483541489,0.6971704959869385,1.5309425592422485
0.06868292391300201,0.6046653985977173,1.291494607925415
0.07477685809135437,0.64979487657547,1.3975634574890137
0.0777960866689682,0.6641699075698853,1.4421308040618896
0.07742886245250702,0.5946362018585205,1.368924856185913
0.06655097007751465,0.6066955327987671,1.2722052335739136
0.07100242376327515,0.5888434648513794,1.2988677024841309
0.07897627353668213,0.6277402639389038,1.417502999305725
0.06991572678089142,0.5821942090988159,1.2813514471054077
0.07020346075296402,0.4935566782951355,1.1955912113189697
0.07426352053880692,0.6573503017425537,1.3999855518341064
0.07051920145750046,0.586706280708313,1.291898250579834
0.06895450502634048,0.5755295753479004,1.265074610710144
0.0694570317864418,0.6650718450546265,1.3596421480178833
0.09895630180835724,0.7041168212890625,1.6936798095703125
0.07505177706480026,0.6157776713371277,1.3662954568862915
0.0753498524427414,0.5471588373184204,1.3006573915481567
0.07128264009952545,0.6595297455787659,1.3723561763763428
0.07548447698354721,0.5313904881477356,1.2862353324890137
0.07414374500513077,0.5250211954116821,1.2664586305618286
0.07808613777160645,0.6354919672012329,1.4163533449172974
0.06835854798555374,0.4878264367580414,1.1714118719100952
0.07244051992893219,0.5037530660629272,1.2281582355499268
0.0762871503829956,0.677417516708374,1.44028902053833
0.07615596055984497,0.5271521806716919,1.2887117862701416
0.07319114357233047,0.6194663643836975,1.3513777256011963
0.07064330577850342,0.43431779742240906,1.1407508850097656
0.06600435078144073,0.4664061367511749,1.1264495849609375
0.06878918409347534,0.6026129126548767,1.2905046939849854
0.07020468264818192,0.5416074991226196,1.2436542510986328
0.06613810360431671,0.6311321258544922,1.292513132095337
0.07852183282375336,0.7195941209793091,1.504812479019165
0.06473701447248459,0.6223193407058716,1.2696895599365234
0.07229193300008774,0.4713934659957886,1.1943128108978271
0.07162636518478394,0.5729973316192627,1.289260983467102
0.07438299059867859,0.5640673637390137,1.3078973293304443
0.07108211517333984,0.5889422297477722,1.2997634410858154
0.07052024453878403,0.5056217908859253,1.2108242511749268
0.06918604671955109,0.6168321371078491,1.3086925745010376
0.07470548897981644,0.6739277839660645,1.4209825992584229
0.07009181380271912,0.6025260090827942,1.3034441471099854
0.07109670341014862,0.6746670603752136,1.385634183883667
0.08328202366828918,0.6343107223510742,1.4671308994293213
0.06676256656646729,0.6112374067306519,1.2788630723953247
0.0814533606171608,0.6565554738044739,1.4710891246795654
0.07387857884168625,0.468610554933548,1.207396388053894
0.07618946582078934,0.6340203285217285,1.3959150314331055
0.07406127452850342,0.42540228366851807,1.1660150289535522
0.06951073557138443,0.5487868785858154,1.2438942193984985
0.06636739522218704,0.5403549075126648,1.204028844833374
0.08871001750230789,0.5322217345237732,1.419321894645691
0.08085526525974274,0.5665559768676758,1.3751085996627808
0.08988615870475769,0.537702739238739,1.436564326286316
0.07848634570837021,0.714387834072113,1.499251365661621
0.07857803255319595,0.6905931830406189,1.4763734340667725
0.0830426961183548,0.5270029902458191,1.3574299812316895
0.06724221259355545,0.6694245338439941,1.3418467044830322
0.065397709608078,0.6270586252212524,1.2810356616973877
0.06770327687263489,0.5478260517120361,1.2248587608337402
0.08610323816537857,0.677148699760437,1.5381810665130615
0.07500463724136353,0.47823286056518555,1.2282792329788208
0.07530475407838821,0.5305457711219788,1.2835932970046997
0.07823903113603592,0.6181914210319519,1.40058171749115
0.0725974589586258,0.6619065999984741,1.3878811597824097
0.07869688421487808,0.5652594566345215,1.3522282838821411
0.07580254971981049,0.6567893028259277,1.414814829826355
0.07433266937732697,0.41788607835769653,1.161212682723999
0.06926870346069336,0.46493589878082275,1.1576229333877563
0.07083218544721603,0.5133322477340698,1.2216541767120361
0.06902259588241577,0.6617299914360046,1.3519558906555176
0.07039538025856018,0.6477199196815491,1.3516737222671509
0.07949165254831314,0.6180535554885864,1.4129700660705566
0.0692056268453598,0.6291763782501221,1.3212326765060425
0.07027002424001694,0.6860779523849487,1.3887782096862793
0.08979059010744095,0.6755187511444092,1.5734245777130127
0.07786709815263748,0.5088794827461243,1.287550449371338
0.08060196042060852,0.4729219377040863,1.2789415121078491
0.07908839732408524,0.5226242542266846,1.3135082721710205
0.07196010649204254,0.5188674926757812,1.2384685277938843
0.07801567763090134,0.44184428453445435,1.222001075744629
0.08275394886732101,0.672305166721344,1.4998446702957153
0.07417629659175873,0.5615622997283936,1.3033252954483032
0.07857755571603775,0.6070412397384644,1.3928167819976807
0.0689394623041153,0.5721160769462585,1.2615106105804443
0.06935559958219528,0.5805844664573669,1.274140477180481
0.08198431879281998,0.6530641317367554,1.472907304763794
0.08246956020593643,0.6146038770675659,1.439299464225769
0.07856368273496628,0.6258701086044312,1.4115068912506104
0.07926839590072632,0.6085091829299927,1.4011931419372559
0.08469900488853455,0.5083774328231812,1.3553674221038818
0.08194873481988907,0.5702604651451111,1.3897478580474854
0.07818387448787689,0.6418896317481995,1.4237284660339355
0.08092652261257172,0.7153956294059753,1.5246608257293701
0.08522503823041916,0.5951579809188843,1.4474084377288818
0.07383833080530167,0.5481607913970947,1.2865440845489502
0.0777086466550827,0.633757472038269,1.4108439683914185
0.07475043833255768,0.5017672777175903,1.2492716312408447
0.06902316957712173,0.6314272880554199,1.321658968925476
0.08297701925039291,0.6294842958450317,1.459254503250122
0.06671012938022614,0.49526122212409973,1.1623624563217163
0.07643415778875351,0.68937087059021,1.4537124633789062
0.07078104466199875,0.6957467794418335,1.403557300567627
0.07476158440113068,0.6465471982955933,1.3941630125045776
0.07285166531801224,0.725290834903717,1.4538074731826782
0.07236383855342865,0.5521473288536072,1.2757856845855713
0.06362836807966232,0.6059305667877197,1.2422142028808594
0.07334866374731064,0.6026471853256226,1.3361338376998901
0.07084970921278,0.6694622039794922,1.3779592514038086
0.07274864614009857,0.7248319983482361,1.4523184299468994
0.07438202947378159,0.5916883945465088,1.3355087041854858
0.07711194455623627,0.6236525774002075,1.3947720527648926
0.07338041812181473,0.6440024971961975,1.3778066635131836
0.07706794887781143,0.6001659631729126,1.3708454370498657
0.07874040305614471,0.6672985553741455,1.454702615737915
0.08414388447999954,0.6519115567207336,1.4933503866195679
0.07917535305023193,0.5976691842079163,1.3894226551055908
0.06841030716896057,0.48402270674705505,1.1681257486343384
0.07614413648843765,0.5960642099380493,1.3575055599212646
0.06778784841299057,0.5226684212684631,1.2005469799041748
0.06672793626785278,0.5541691184043884,1.2214484214782715
0.07759427279233932,0.6666655540466309,1.44260835647583
0.0801897644996643,0.5552249550819397,1.3571226596832275
0.07160196453332901,0.5103380680084229,1.2263576984405518
0.07914141565561295,0.5305633544921875,1.3219774961471558
0.0750364288687706,0.6663479208946228,1.4167122840881348
0.06885159015655518,0.5269112586975098,1.2154271602630615
0.07316135615110397,0.6616919040679932,1.3933055400848389
0.07213881611824036,0.4680892825126648,1.1894774436950684
0.07418251782655716,0.3916071951389313,1.133432388305664
0.07583562284708023,0.5836849212646484,1.3420411348342896
0.07126649469137192,0.5604082345962524,1.2730731964111328
0.08142305910587311,0.6370289325714111,1.4512594938278198
0.07221710681915283,0.646405816078186,1.3685768842697144
0.06276139616966248,0.4895156919956207,1.1171296834945679
0.07215230166912079,0.5686807632446289,1.2902038097381592
0.06728225946426392,0.6469225883483887,1.3197451829910278
0.07185085117816925,0.687739908695221,1.4062483310699463
0.06284224987030029,0.48398762941360474,1.112410068511963
0.08736304938793182,0.6396260261535645,1.513256549835205
0.07498963177204132,0.6171550750732422,1.367051362991333
0.06942402571439743,0.5701879858970642,1.2644282579421997
0.07454843819141388,0.5834676027297974,1.3289519548416138
0.07429435849189758,0.4346170425415039,1.177560567855835
0.07463538646697998,0.6458677053451538,1.3922215700149536
0.06920060515403748,0.5664955377578735,1.2585015296936035
0.07149148732423782,0.562028169631958,1.2769429683685303
0.06947112828493118,0.5695499777793884,1.264261245727539
0.07123640179634094,0.5138976573944092,1.2262616157531738
0.07229837030172348,0.6502798795700073,1.3732635974884033
0.07778788357973099,0.6950936317443848,1.4729723930358887
0.0655268207192421,0.6918569803237915,1.3471251726150513
0.08483200520277023,0.5913202166557312,1.4396402835845947
0.07764790952205658,0.695433497428894,1.4719126224517822
0.07546404749155045,0.6869816780090332,1.4416221380233765
0.08198033273220062,0.5017578601837158,1.3215612173080444
0.06838255375623703,0.6104575395584106,1.294283151626587
0.06378544867038727,0.5582713484764099,1.1961257457733154
0.06935404986143112,0.5090466141700745,1.2025871276855469
0.07697925716638565,0.6623189449310303,1.4321115016937256
0.08645280450582504,0.6865862607955933,1.5511143207550049
0.06286820024251938,0.7286778688430786,1.3573598861694336
0.06902691721916199,0.509368896484375,1.1996381282806396
0.07707967609167099,0.43822401762008667,1.2090208530426025
0.09342211484909058,0.605986475944519,1.5402076244354248
0.0802992656826973,0.5885217189788818,1.3915143013000488
0.07650719583034515,0.5959141254425049,1.3609861135482788
0.06469502300024033,0.6835710406303406,1.3305213451385498
0.0701330229640007,0.5912449955940247,1.2925752401351929
0.06795655190944672,0.6323003768920898,1.3118659257888794
0.07596760243177414,0.6832039952278137,1.4428800344467163
0.07698989659547806,0.6381996273994446,1.408098578453064
0.07697197794914246,0.6417783498764038,1.4114980697631836
0.06296680122613907,0.6584846377372742,1.2881526947021484
0.07992701977491379,0.501284658908844,1.300554871559143
0.0837167277932167,0.4971107840538025,1.3342781066894531
0.07910388708114624,0.42182573676109314,1.212864637374878
0.07538153976202011,0.653668224811554,1.4074835777282715
0.06466692686080933,0.4726572632789612,1.1193265914916992
0.09415623545646667,0.6268372535705566,1.5683996677398682
0.07494153827428818,0.5624422430992126,1.3118577003479004
0.06443103402853012,0.4852541983127594,1.1295645236968994
0.07612103968858719,0.6899543404579163,1.451164722442627
0.07031227648258209,0.6015620231628418,1.3046847581863403
0.06749210506677628,0.5778172016143799,1.2527382373809814
0.06747530400753021,0.6880346536636353,1.3627877235412598
0.08234206587076187,0.6432538628578186,1.466674566268921
0.0764317438006401,0.6242319345474243,1.3885493278503418
0.07498029619455338,0.6249580383300781,1.3747609853744507
0.077798992395401,0.5008252859115601,1.2788152694702148
0.07588083297014236,0.56759113073349,1.3263994455337524
0.07249414175748825,0.6026095747947693,1.327551007270813
0.07109495997428894,0.6256076097488403,1.336557149887085
0.06940124183893204,0.630352258682251,1.3243646621704102
0.08885006606578827,0.6150780320167542,1.5035786628723145
0.07300490140914917,0.637718915939331,1.3677679300308228
0.0724225640296936,0.4944050908088684,1.2186307907104492
0.0730552226305008,0.599495530128479,1.3300477266311646
0.08291943371295929,0.671370267868042,1.5005645751953125
0.0678124725818634,0.6393784880638123,1.3175032138824463
0.07273603975772858,0.551028847694397,1.2783892154693604
0.07526228576898575,0.5238980650901794,1.2765209674835205
0.07433730363845825,0.6097795963287354,1.3531526327133179
0.07459235191345215,0.624889612197876,1.3708131313323975
0.08083493262529373,0.4872990846633911,1.2956483364105225
0.07002364844083786,0.6392532587051392,1.3394896984100342
0.0711807981133461,0.5947167873382568,1.3065247535705566
0.0685039684176445,0.5961071252822876,1.281146764755249
0.07420822232961655,0.6074026823043823,1.349484920501709
0.08234948664903641,0.5787045955657959,1.4021995067596436
0.07632677257061005,0.5713150501251221,1.334582805633545
0.07319291681051254,0.41491127014160156,1.1468404531478882
0.07357862591743469,0.577724277973175,1.313510537147522
0.07383804023265839,0.5814317464828491,1.3198121786117554
0.0817054957151413,0.5011104941368103,1.3181655406951904
0.06475549936294556,0.4977874457836151,1.145342469215393
0.0737738385796547,0.623818039894104,1.3615564107894897
0.07198351621627808,0.6161628365516663,1.3359980583190918
0.07653812319040298,0.5742138624191284,1.339595079421997
0.0769670233130455,0.6222377419471741,1.3919079303741455
0.07384705543518066,0.5195236802101135,1.2579941749572754
0.07238002866506577,0.5379070043563843,1.2617073059082031
0.0755302682518959,0.700202465057373,1.455505132675171
0.06675385683774948,0.577552080154419,1.2450907230377197
0.06486867368221283,0.5273357033729553,1.1760225296020508
0.08357436209917068,0.5993508100509644,1.4350943565368652
0.08391624689102173,0.5218175649642944,1.3609800338745117
0.06600084155797958,0.5094431042671204,1.1694514751434326
0.06570719927549362,0.6954525113105774,1.3525245189666748
0.07642299681901932,0.6013510227203369,1.3655810356140137
0.06779839098453522,0.3754918575286865,1.0534757375717163
0.07089602947235107,0.6630023717880249,1.3719626665115356
0.07139823585748672,0.49867478013038635,1.21265709400177
0.06816186755895615,0.5795703530311584,1.2611889839172363
0.06618281453847885,0.5512391924858093,1.2130672931671143
0.06448977440595627,0.48069053888320923,1.125588297843933
0.07156463712453842,0.5426025390625,1.2582489252090454
0.06981853395700455,0.47855332493782043,1.1767386198043823
0.06331711262464523,0.5200311541557312,1.1532022953033447
0.07408968359231949,0.6342571973800659,1.3751540184020996
0.06943958252668381,0.482978880405426,1.1773747205734253
0.0667659342288971,0.6103372573852539,1.27799654006958
0.07472997903823853,0.5068497657775879,1.2541495561599731
0.07614552974700928,0.7082017064094543,1.4696569442749023
0.07078037410974503,0.6896065473556519,1.397410273551941
0.08022981882095337,0.5451489686965942,1.347447156906128
0.0749599039554596,0.6156920194625854,1.3652911186218262
0.06564303487539291,0.6089000701904297,1.26533043384552
0.06541294604539871,0.49692392349243164,1.1510534286499023
0.07427296787500381,0.6124476790428162,1.355177402496338
0.0762653648853302,0.6451044082641602,1.4077579975128174
0.0750928595662117,0.5519240498542786,1.3028526306152344
0.0808267816901207,0.7348368763923645,1.543104648590088
0.06849589198827744,0.669373631477356,1.3543325662612915
0.06564594805240631,0.6192210912704468,1.2756805419921875
0.06594705581665039,0.5206010341644287,1.1800715923309326
0.07962285727262497,0.5926913022994995,1.3889198303222656
0.06702087819576263,0.6192007660865784,1.2894096374511719
0.06566926091909409,0.6802175045013428,1.3369101285934448
0.06362044811248779,0.634376049041748,1.270580530166626
0.07758286595344543,0.6539102792739868,1.429738998413086
0.0671357586979866,0.5991925001144409,1.270550012588501
0.0830695852637291,0.6861432790756226,1.5168391466140747
0.0890657976269722,0.6618022918701172,1.5524601936340332
0.08220906555652618,0.6004263162612915,1.422516942024231
0.07068008929491043,0.6664961576461792,1.3732969760894775
0.07275453209877014,0.5733404159545898,1.3008856773376465
0.07794545590877533,0.578120231628418,1.3575748205184937
0.07045308500528336,0.7266343832015991,1.4311652183532715
0.06775275617837906,0.5389243960380554,1.21645188331604
0.06907305121421814,0.4882638156414032,1.1789942979812622
0.07305745035409927,0.6528551578521729,1.3834296464920044
0.07022552937269211,0.6011437177658081,1.3033990859985352
0.07480283826589584,0.6085673570632935,1.356595754623413
0.07124035060405731,0.6257994771003723,1.338202953338623
0.06995593011379242,0.6602585315704346,1.3598178625106812
0.0645611584186554,0.6577610969543457,1.3033726215362549
0.06682255864143372,0.5881714820861816,1.256397008895874
0.06874094903469086,0.6549317836761475,1.3423413038253784
0.07818426191806793,0.6847437024116516,1.4665863513946533
0.07994083315134048,0.5956835746765137,1.3950918912887573
0.07139118760824203,0.6585037708282471,1.3724156618118286
0.06757254898548126,0.5974234342575073,1.2731488943099976
0.07108701020479202,0.632509708404541,1.3433797359466553
0.07025402039289474,0.6911046504974365,1.3936448097229004
0.06942667067050934,0.6100273132324219,1.3042939901351929
0.0710543617606163,0.6345449686050415,1.3450886011123657
0.06835199892520905,0.5406057834625244,1.2241257429122925
0.07340013980865479,0.5382260680198669,1.2722275257110596
0.06671136617660522,0.5544955134391785,1.221609115600586
0.061313554644584656,0.5155129432678223,1.1286485195159912
0.07627785205841064,0.6271159052848816,1.3898944854736328
0.06617969274520874,0.5801745057106018,1.241971492767334
0.06293163448572159,0.6365607976913452,1.2658771276474
0.07483594119548798,0.6623170375823975,1.4106764793395996
0.06943148374557495,0.6266258955001831,1.3209407329559326
0.0694759264588356,0.4826327860355377,1.1773920059204102
0.0723162591457367,0.5097584128379822,1.2329210042953491
0.06817039102315903,0.6325310468673706,1.314234972000122
0.07585973292589188,0.6860723495483398,1.4446697235107422
0.07069891691207886,0.6133462190628052,1.3203353881835938
0.07009908556938171,0.5042349100112915,1.2052257061004639
0.07073274999856949,0.4690859913825989,1.1764135360717773
0.07016000151634216,0.5926468372344971,1.2942469120025635
0.06761444360017776,0.5900366306304932,1.2661809921264648
0.06669365614652634,0.5707600116729736,1.237696647644043
0.07942214608192444,0.5228046774864197,1.317026138305664
0.06182503700256348,0.5952726602554321,1.213523030281067
0.06986889988183975,0.6854583024978638,1.3841472864151
0.06386036425828934,0.5923953056335449,1.2309989929199219
0.07216937094926834,0.5158668756484985,1.237560510635376
0.06484668701887131,0.6355161070823669,1.2839829921722412
0.0644737184047699,0.6450642347335815,1.2898013591766357
0.06360924988985062,0.595175564289093,1.231268048286438
0.06329181790351868,0.5342603921890259,1.1671786308288574
0.07348223030567169,0.6574664115905762,1.3922886848449707
0.06828714162111282,0.4853002429008484,1.1681716442108154
0.07173190265893936,0.653998851776123,1.3713178634643555
0.061611633747816086,0.554524838924408,1.1706411838531494
0.06705421209335327,0.515055775642395,1.1855978965759277
0.07647845149040222,0.6936244964599609,1.458409070968628
0.06871309131383896,0.46108460426330566,1.1482155323028564
0.08006623387336731,0.561892032623291,1.3625543117523193
0.06795129925012589,0.5874756574630737,1.2669886350631714
0.06883061677217484,0.5508371591567993,1.2391433715820312
0.06509396433830261,0.6513892412185669,1.3023288249969482
0.07029972225427628,0.6897467374801636,1.3927439451217651
0.0927419662475586,0.6644527912139893,1.5918724536895752
0.08681965619325638,0.48624318838119507,1.3544397354125977
0.07399898767471313,0.548973560333252,1.2889634370803833
0.06638772040605545,0.488104909658432,1.151982069015503
0.08557635545730591,0.605009138584137,1.4607727527618408
0.065907321870327,0.5236870050430298,1.182760238647461
0.07143666595220566,0.6435117721557617,1.3578784465789795
0.06514168530702591,0.6012840867042542,1.252700924873352
0.07167301326990128,0.5488758683204651,1.2656059265136719
0.06783312559127808,0.5350260138511658,1.2133572101593018
0.07443155348300934,0.546133279800415,1.290448784828186
0.07293634116649628,0.6966171860694885,1.425980567932129
0.08009809255599976,0.5396071672439575,1.340588092803955
0.07938551157712936,0.6668782234191895,1.460733413696289
0.0799667239189148,0.6183463931083679,1.418013572692871
0.0721748098731041,0.7004750967025757,1.4222232103347778
0.06374917924404144,0.7158592939376831,1.35335111618042
0.08558077365159988,0.4989871084690094,1.3547948598861694
0.07126504927873611,0.5851031541824341,1.2977535724639893
0.06400319188833237,0.6282339692115784,1.268265962600708
0.07191141694784164,0.569417417049408,1.2885315418243408
0.0843009203672409,0.673791229724884,1.5168004035949707
0.07378551363945007,0.5548734664916992,1.2927286624908447
0.08155442774295807,0.3826908767223358,1.1982351541519165
0.07454744726419449,0.535872757434845,1.2813472747802734
0.06258494406938553,0.6738870143890381,1.299736499786377
0.08021852374076843,0.7315689325332642,1.5337541103363037
0.06085221469402313,0.5338650941848755,1.1423872709274292
0.06358972936868668,0.5723313093185425,1.208228588104248
0.06847694516181946,0.674557626247406,1.3593270778656006
0.066868856549263,0.5876811742782593,1.256369709968567
0.07072018086910248,0.5909779071807861,1.2981797456741333
0.07195582985877991,0.5983341336250305,1.3178924322128296
0.07417423278093338,0.6017214059829712,1.343463659286499
0.06781042367219925,0.695634663105011,1.3737388849258423
0.0749998539686203,0.6293115615844727,1.379310131072998
0.06647417694330215,0.6997427940368652,1.3644845485687256
0.07197721302509308,0.48081132769584656,1.2005834579467773
0.07418285310268402,0.572614312171936,1.3144428730010986
0.07020023465156555,0.5548627972602844,1.25686514377594
0.07275047898292542,0.6645259857177734,1.3920307159423828
0.07113897800445557,0.5834232568740845,1.2948130369186401
0.07198948413133621,0.6337888240814209,1.3536837100982666
0.06613217294216156,0.5650714635848999,1.226393222808838
0.07516300678253174,0.5303237438201904,1.2819538116455078
0.07010472565889359,0.5671294927597046,1.268176794052124
0.06879971921443939,0.5253867506980896,1.2133839130401611
0.07358112186193466,0.7203683853149414,1.4561796188354492
0.0688043162226677,0.6551851034164429,1.3432283401489258
0.07641463726758957,0.6674827933311462,1.4316291809082031
0.06758111715316772,0.6687516570091248,1.3445627689361572
0.06461416929960251,0.5541239380836487,1.200265645980835
0.0769469141960144,0.4572257995605469,1.226694941520691
0.06786632537841797,0.5918269753456116,1.2704901695251465
0.07473049312829971,0.5858979225158691,1.333202838897705
0.07114566117525101,0.4588973820209503,1.1703540086746216
0.06785053759813309,0.5914428234100342,1.2699482440948486
0.08318446576595306,0.6627916693687439,1.4946362972259521
0.06637320667505264,0.6576594114303589,1.3213914632797241
0.08186741173267365,0.6196771860122681,1.4383512735366821
0.0681561529636383,0.44240570068359375,1.123967170715332
0.06239573657512665,0.5166968107223511,1.14065420627594
0.07604740560054779,0.5493524074554443,1.3098264932632446
0.06030880659818649,0.6114158630371094,1.2145040035247803
0.0919727236032486,0.6317043304443359,1.5514315366744995
0.07131489366292953,0.6325253248214722,1.3456742763519287
0.0634676143527031,0.5779310464859009,1.2126071453094482
0.06339580565690994,0.5992865562438965,1.2332446575164795
0.06059885770082474,0.5086395144462585,1.1146280765533447
0.06582745909690857,0.6425670981407166,1.3008416891098022
0.06793012470006943,0.6024571657180786,1.281758427619934
0.07477598637342453,0.5801194906234741,1.3278794288635254
0.06291090697050095,0.5369147062301636,1.1660237312316895
0.06937532871961594,0.551957368850708,1.2457106113433838
0.07125517725944519,0.5200035572052002,1.2325553894042969
0.07172702997922897,0.668811559677124,1.3860819339752197
0.0706387534737587,0.6563376784324646,1.3627252578735352
0.0740714967250824,0.6160033941268921,1.3567183017730713
0.07258937507867813,0.5824164152145386,1.3083101511001587
0.07121554017066956,0.5857264995574951,1.297881841659546
0.07087940722703934,0.6476101875305176,1.3564043045043945
0.06938744336366653,0.536777138710022,1.230651617050171
0.06530449539422989,0.4482727646827698,1.1013176441192627
0.07311513274908066,0.7304960489273071,1.461647391319275
0.07603680342435837,0.6618245840072632,1.4221925735473633
0.07743436843156815,0.5923570394515991,1.3667006492614746
0.06393110752105713,0.5646617412567139,1.2039728164672852
0.06851376593112946,0.4987536072731018,1.1838912963867188
0.06746860593557358,0.3333427608013153,1.0080288648605347
0.06869737058877945,0.5678542852401733,1.2548279762268066
0.06661525368690491,0.5224500894546509,1.1886026859283447
0.0706322118639946,0.6387881636619568,1.345110297203064
0.06579778343439102,0.5417732000350952,1.1997510194778442
0.07788260281085968,0.6821121573448181,1.4609382152557373
0.06648268550634384,0.6137728095054626,1.278599739074707
0.0749860629439354,0.6783502101898193,1.4282108545303345
0.06866305321455002,0.5919062495231628,1.2785367965698242
0.06506764888763428,0.5534981489181519,1.2041746377944946
0.07856374979019165,0.5551543235778809,1.3407918214797974
0.07448030263185501,0.6457196474075317,1.3905227184295654
0.06447795033454895,0.47279345989227295,1.1175730228424072
0.07425090670585632,0.6420968770980835,1.384605884552002
0.06937301158905029,0.5599818229675293,1.2537119388580322
0.07247616350650787,0.4171687960624695,1.141930341720581
0.07508441805839539,0.5820462703704834,1.332890510559082
0.07371576130390167,0.5639767050743103,1.3011343479156494
0.07863519340753555,0.602845311164856,1.3891972303390503
0.07520011067390442,0.47105687856674194,1.2230579853057861
0.07505134493112564,0.539287269115448,1.2898006439208984
0.07124555855989456,0.5737929940223694,1.2862485647201538
0.06674215942621231,0.6097807884216309,1.2772023677825928
0.06523974984884262,0.5528154373168945,1.205212950706482
0.07064495980739594,0.5655637979507446,1.2720134258270264
0.07422187179327011,0.6648825407028198,1.4071012735366821
0.06269057840108871,0.5885413289070129,1.215447187423706
0.06591329723596573,0.6107388138771057,1.269871711730957
0.06453414261341095,0.6025771498680115,1.2479186058044434
0.06612632423639297,0.5316211581230164,1.1928844451904297
0.06282874941825867,0.6043144464492798,1.2326018810272217
0.06328985840082169,0.599761426448822,1.2326600551605225
0.08821145445108414,0.6435376405715942,1.5256521701812744
0.06452280282974243,0.6071134805679321,1.2523415088653564
0.06569969654083252,0.6609801650047302,1.3179771900177002
0.09318525344133377,0.7116556167602539,1.6435081958770752
0.06917963176965714,0.636106014251709,1.3279023170471191
0.07269991189241409,0.5747809410095215,1.3017799854278564
0.07097657769918442,0.40085530281066895,1.1106210947036743
0.0713750347495079,0.41546082496643066,1.129211187362671
0.07238215953111649,0.5569801330566406,1.280801773071289
0.07106588780879974,0.7456284165382385,1.4562873840332031
0.06663025170564651,0.6239947080612183,1.290297269821167
0.07790613919496536,0.6136908531188965,1.3927521705627441
0.09015895426273346,0.608717143535614,1.5103065967559814
0.06839203834533691,0.5609841346740723,1.2449045181274414
0.06857094913721085,0.5896040201187134,1.2753134965896606
0.06878425925970078,0.6077691912651062,1.29561185836792
0.07298841327428818,0.7033928632736206,1.4332770109176636
0.06196838617324829,0.6989855766296387,1.3186694383621216
0.06636693328619003,0.5498946309089661,1.2135639190673828
0.07056807726621628,0.49338704347610474,1.1990678310394287
0.07300673425197601,0.5998899936676025,1.329957365989685
