focalLoss,contrastive_loss,loss
0.06273409724235535,0.8415077924728394,1.468848705291748
0.0564497746527195,0.5443916916847229,1.1088894605636597
0.06411556899547577,0.9413971900939941,1.5825529098510742
0.0608832910656929,0.8368239998817444,1.4456568956375122
0.07065996527671814,1.018436074256897,1.7250356674194336
0.07727791368961334,1.0535404682159424,1.8263195753097534
0.06639890372753143,1.0598076581954956,1.7237967252731323
0.06634390354156494,0.9466484189033508,1.6100873947143555
0.0658654049038887,0.5123344659805298,1.1709885597229004
0.06602151691913605,0.7057181596755981,1.3659332990646362
0.06322203576564789,0.900545597076416,1.5327659845352173
0.06325793266296387,1.010888934135437,1.6434682607650757
0.06602306663990021,0.8360048532485962,1.4962354898452759
0.06783098727464676,0.3626684844493866,1.0409783124923706
0.06449317932128906,0.9414193034172058,1.5863511562347412
0.06511987745761871,0.8357062339782715,1.4869049787521362
0.06514866650104523,0.706405758857727,1.357892394065857
0.06219067424535751,0.8395482301712036,1.46145498752594
0.06151171401143074,0.5474286079406738,1.1625456809997559
0.061620231717824936,0.8292450904846191,1.4454474449157715
0.07163006067276001,1.0585429668426514,1.7748435735702515
0.05971485748887062,0.7021008133888245,1.2992494106292725
0.06405465304851532,1.0106170177459717,1.6511635780334473
0.05841587483882904,0.8283885717391968,1.4125473499298096
0.05905154347419739,0.836086630821228,1.4266021251678467
0.06936919689178467,1.0110340118408203,1.704725980758667
0.07040219008922577,1.007035493850708,1.711057424545288
0.0612073689699173,0.8378125429153442,1.4498862028121948
0.0596848726272583,0.9361269474029541,1.532975673675537
0.06001244857907295,0.942602276802063,1.542726755142212
0.058892615139484406,0.839826226234436,1.4287524223327637
0.05983336642384529,0.8442714214324951,1.4426050186157227
0.05837462842464447,0.9308226704597473,1.5145690441131592
0.0591607429087162,0.83692467212677,1.4285321235656738
0.05867550149559975,0.8399258255958557,1.4266808032989502
0.06356361508369446,0.9437281489372253,1.57936429977417
0.05764554440975189,0.8257756233215332,1.4022310972213745
0.05452398210763931,0.5429037809371948,1.0881435871124268
0.054916515946388245,0.7088319659233093,1.2579970359802246
0.05955657362937927,0.8344890475273132,1.430054783821106
0.05840915068984032,0.839225709438324,1.4233171939849854
0.0510273277759552,0.5447074770927429,1.054980754852295
0.05847853422164917,0.8313484191894531,1.4161337614059448
0.0566195547580719,0.8411898016929626,1.4073853492736816
0.07610528916120529,1.0572737455368042,1.818326711654663
0.061239294707775116,0.8365028500556946,1.448895812034607
0.04090660810470581,0.1336437463760376,0.5427098274230957
0.07401272654533386,1.055710792541504,1.7958381175994873
0.05198831856250763,0.8310506343841553,1.3509337902069092
0.050368741154670715,0.7055623531341553,1.20924973487854
0.054007358849048615,0.9395325779914856,1.4796061515808105
0.05430656671524048,0.8351600170135498,1.3782256841659546
0.05652787163853645,0.6811224222183228,1.246401071548462
0.04971732199192047,0.543196976184845,1.040370225906372
0.06185279041528702,1.0680938959121704,1.6866217851638794
0.06145133078098297,0.9373212456703186,1.5518345832824707
0.05887621268630028,0.7066522240638733,1.2954143285751343
0.060069166123867035,1.0084463357925415,1.609138011932373
0.05680742859840393,0.93247389793396,1.5005481243133545
0.052737049758434296,0.3538685441017151,0.8812390565872192
0.06436873972415924,1.0093328952789307,1.6530202627182007
0.06583797931671143,1.0384076833724976,1.6967874765396118
0.05701246112585068,0.7055710554122925,1.2756956815719604
0.05591077357530594,0.706000566482544,1.265108346939087
0.056530702859163284,0.8382136821746826,1.4035207033157349
0.060225050896406174,0.9337083101272583,1.5359587669372559
0.05524321645498276,0.818993091583252,1.3714252710342407
0.0557507649064064,0.9373323321342468,1.4948399066925049
0.06173042207956314,1.000178575515747,1.6174827814102173
0.06071285158395767,0.8261711001396179,1.4332995414733887
0.05500251054763794,0.674967885017395,1.2249929904937744
0.05897769331932068,0.8371998071670532,1.4269766807556152
0.0697663426399231,1.056084394454956,1.753747820854187
0.051434583961963654,0.7022250890731812,1.2165708541870117
0.052401285618543625,0.8339805006980896,1.3579933643341064
0.04987122491002083,0.8367220759391785,1.3354343175888062
0.04792880266904831,0.5417811870574951,1.0210692882537842
0.058458440005779266,1.0007418394088745,1.5853261947631836
0.04569489508867264,0.7044802904129028,1.1614291667938232
0.060919009149074554,1.0027583837509155,1.6119484901428223
0.05413169413805008,0.7073795795440674,1.2486965656280518
0.05251404270529747,0.9400717616081238,1.465212106704712
0.06151437759399414,0.9369585514068604,1.5521023273468018
0.048009827733039856,0.7054507732391357,1.185549020767212
0.04781283065676689,0.537614107131958,1.0157424211502075
0.055913422256708145,0.8341361284255981,1.3932703733444214
0.06419403851032257,1.0437787771224976,1.6857191324234009
0.051789551973342896,0.5471709966659546,1.0650665760040283
0.05963808298110962,1.0413823127746582,1.6377631425857544
0.05293877422809601,0.5490388870239258,1.0784265995025635
0.06490809470415115,1.0402162075042725,1.6892971992492676
0.053497157990932465,1.0058362483978271,1.540807843208313
0.04958278313279152,0.35516881942749023,0.8509966135025024
0.06342901289463043,1.056509017944336,1.6907991170883179
0.04982350394129753,0.5435960292816162,1.0418310165405273
0.05973688140511513,0.8331114053726196,1.4304802417755127
0.051943399012088776,0.5446450710296631,1.0640790462493896
0.06288396567106247,0.9280300736427307,1.5568697452545166
0.0597434863448143,0.9953203797340393,1.5927553176879883
0.05557558685541153,1.0316256284713745,1.5873814821243286
0.0510488860309124,0.8306881785392761,1.341176986694336
0.06255405396223068,0.9861183166503906,1.6116588115692139
0.056629180908203125,0.8109779357910156,1.3772697448730469
0.06003258377313614,0.9956889748573303,1.5960147380828857
0.0642852783203125,0.9204380512237549,1.5632908344268799
0.057332299649715424,0.8344781994819641,1.4078011512756348
0.057512395083904266,0.7049261331558228,1.2800500392913818
0.05178062990307808,0.9115266799926758,1.429332971572876
0.053500883281230927,0.8315199613571167,1.3665287494659424
0.05817544832825661,0.9978167414665222,1.57957124710083
0.059940680861473083,0.9809601306915283,1.5803669691085815
0.06382417678833008,1.038756012916565,1.6769977807998657
0.05610746890306473,0.8124078512191772,1.3734824657440186
0.04930105060338974,0.5377190709114075,1.0307295322418213
0.0561973974108696,0.8246901035308838,1.3866641521453857
0.05846746265888214,0.6931792497634888,1.2778538465499878
0.06727004796266556,0.9816250801086426,1.6543254852294922
0.04510655254125595,0.5418179035186768,0.9928834438323975
0.05555494502186775,0.5405977368354797,1.0961471796035767
0.04568585008382797,0.7057781219482422,1.162636637687683
0.05587082356214523,0.9294400215148926,1.4881482124328613
0.07644741982221603,0.9938318729400635,1.7583060264587402
0.0464717335999012,0.8299757838249207,1.294693112373352
0.04371350258588791,0.7015158534049988,1.138650894165039
0.05403979867696762,0.7537984251976013,1.294196367263794
0.047714851796627045,0.6910549402236938,1.1682034730911255
0.044580765068531036,0.5444113612174988,0.990218997001648
0.05660288408398628,0.6999210715293884,1.2659499645233154
0.06628908216953278,0.8509703874588013,1.5138611793518066
0.06098712235689163,0.9181729555130005,1.5280442237854004
0.05981435254216194,0.8977124094963074,1.4958559274673462
0.053149495273828506,0.8265594840049744,1.3580543994903564
0.05465884134173393,0.8846216797828674,1.4312100410461426
0.06160828471183777,0.9708014726638794,1.5868842601776123
0.06071887165307999,0.792351484298706,1.3995401859283447
0.05403635650873184,0.9062695503234863,1.4466331005096436
0.05611070245504379,0.6982825994491577,1.2593896389007568
0.053938087075948715,0.8087812662124634,1.3481621742248535
0.05301768332719803,0.5527093410491943,1.0828862190246582
0.05731571465730667,0.6985896229743958,1.2717467546463013
0.05398065596818924,0.8312722444534302,1.3710787296295166
0.060300253331661224,0.9255186319351196,1.528521180152893
0.059393733739852905,0.9096019268035889,1.5035393238067627
0.06931659579277039,0.8938706517219543,1.5870366096496582
0.04579443484544754,0.3619067966938019,0.8198511600494385
0.043782465159893036,0.5457662343978882,0.9835909008979797
0.05657198652625084,0.9836001396179199,1.5493199825286865
0.05342944338917732,0.8266151547431946,1.3609095811843872
0.053408920764923096,0.6405782699584961,1.174667477607727
0.04256635904312134,0.6884941458702087,1.1141576766967773
0.0525030717253685,0.959165096282959,1.4841958284378052
0.05020028352737427,0.9464679956436157,1.4484708309173584
0.05798906087875366,0.8388537168502808,1.4187443256378174
0.05721022188663483,0.82657390832901,1.3986761569976807
0.06392467767000198,0.9101022481918335,1.549349069595337
0.04324914515018463,0.18216432631015778,0.6146557927131653
0.065253347158432,0.9599973559379578,1.6125308275222778
0.055176831781864166,0.7834081649780273,1.3351764678955078
0.05068443343043327,0.9656984806060791,1.4725427627563477
0.04663798213005066,0.5285599231719971,0.9949397444725037
0.044609345495700836,0.1787889003753662,0.6248823404312134
0.05231200531125069,0.9659700393676758,1.489090085029602
0.05264008417725563,0.8194175958633423,1.3458185195922852
0.056491658091545105,1.022336721420288,1.5872533321380615
0.05315177142620087,0.6441698670387268,1.175687551498413
0.05147116631269455,0.8152295351028442,1.3299412727355957
0.05036001279950142,0.9033442139625549,1.4069442749023438
0.04905039817094803,0.5550852417945862,1.0455892086029053
0.04940293729305267,0.8173680901527405,1.3113974332809448
0.0638229176402092,0.8434712886810303,1.4817004203796387
0.05795568227767944,0.6988815069198608,1.2784383296966553
0.05644552409648895,0.698459267616272,1.2629145383834839
0.05053866654634476,0.808042585849762,1.3134292364120483
0.055502213537693024,0.8412151336669922,1.3962372541427612
0.050983890891075134,0.6896946430206299,1.1995335817337036
0.05504227429628372,0.9022922515869141,1.4527149200439453
0.06426306068897247,0.8790996074676514,1.5217301845550537
0.055853500962257385,0.7098698616027832,1.2684048414230347
0.073452889919281,0.9584487080574036,1.6929776668548584
0.05684645473957062,0.8953025341033936,1.4637670516967773
0.05129178613424301,0.8262755870819092,1.3391934633255005
0.051525361835956573,0.8565089702606201,1.3717625141143799
0.05457185581326485,0.807485818862915,1.353204369544983
0.04892861098051071,0.682778537273407,1.1720646619796753
0.062295928597450256,0.8411544561386108,1.464113712310791
0.04862912371754646,0.6081390976905823,1.0944303274154663
0.04561532661318779,0.8013581037521362,1.2575113773345947
0.049431391060352325,0.8840945959091187,1.378408432006836
0.056811604648828506,0.8769617080688477,1.4450777769088745
0.05902004987001419,0.8658230304718018,1.4560234546661377
0.05291997641324997,0.7293828725814819,1.258582592010498
0.06153488904237747,0.7963610291481018,1.4117099046707153
0.06054707244038582,0.7406120896339417,1.3460828065872192
0.06113079562783241,0.8189043402671814,1.4302122592926025
0.06262127310037613,0.3875916600227356,1.0138044357299805
0.04878291115164757,0.6785884499549866,1.1664175987243652
0.052341945469379425,0.9234561920166016,1.4468755722045898
0.05167274922132492,0.6754958033561707,1.192223310470581
0.05601666122674942,0.8692452907562256,1.4294118881225586
0.04989810287952423,0.6783770322799683,1.1773580312728882
0.0631408542394638,0.9368789792060852,1.5682876110076904
0.05426663160324097,0.8162407279014587,1.3589069843292236
0.06244446709752083,0.6419275403022766,1.2663722038269043
0.04968952387571335,0.8015532493591309,1.2984485626220703
0.05155835300683975,0.7464148998260498,1.2619984149932861
0.058139048516750336,0.9490784406661987,1.5304689407348633
0.0438365712761879,0.7212343215942383,1.159600019454956
0.06465639919042587,0.9770463109016418,1.623610258102417
0.05691729113459587,0.6951249837875366,1.2642979621887207
0.053176507353782654,0.7511534690856934,1.2829185724258423
0.05551135167479515,0.6858210563659668,1.2409346103668213
0.04381631314754486,0.7884949445724487,1.2266581058502197
0.0569792240858078,0.9436784982681274,1.5134707689285278
0.04754362255334854,0.5578568577766418,1.0332930088043213
0.05122319608926773,0.7409104108810425,1.2531423568725586
0.05058922618627548,0.9216063618659973,1.4274985790252686
0.05176123231649399,0.7452415227890015,1.2628538608551025
0.041608456522226334,0.7584086060523987,1.1744931936264038
0.0446942076086998,0.6504470109939575,1.0973891019821167
0.052940431982278824,0.7842984795570374,1.3137028217315674
0.058859631419181824,0.6809753179550171,1.2695716619491577
0.044747285544872284,0.7676107287406921,1.2150835990905762
0.06584122776985168,0.92200767993927,1.5804200172424316
0.054538287222385406,0.6116056442260742,1.156988501548767
0.05745077133178711,0.6488406658172607,1.2233483791351318
0.048549070954322815,0.8173321485519409,1.3028228282928467
0.04994915798306465,0.6629133820533752,1.162405014038086
0.056411873549222946,0.7959445714950562,1.3600633144378662
0.059497617185115814,0.6371613144874573,1.2321374416351318
0.06591124087572098,0.7383098006248474,1.397422194480896
0.06007803604006767,0.7955806851387024,1.3963611125946045
0.0640752762556076,0.3918190896511078,1.0325719118118286
0.04835308715701103,0.634042501449585,1.1175733804702759
0.05612964928150177,0.639188289642334,1.2004847526550293
0.05211225152015686,0.7926944494247437,1.313817024230957
0.042575180530548096,0.5448923110961914,0.9706441164016724
0.06491309404373169,0.7504292726516724,1.3995602130889893
0.06094957888126373,0.8236033916473389,1.4330991506576538
0.05019387602806091,0.5668429136276245,1.0687816143035889
0.04673941433429718,0.6478734016418457,1.1152675151824951
0.044809043407440186,0.7189729809761047,1.1670634746551514
0.055626995861530304,0.8401654362678528,1.3964353799819946
0.04087431728839874,0.6743040084838867,1.0830471515655518
0.06250463426113129,0.8393790125846863,1.4644253253936768
0.04356681555509567,0.6355676651000977,1.0712358951568604
0.049864452332258224,0.7258914709091187,1.2245359420776367
0.056722790002822876,0.8215774893760681,1.3888053894042969
0.06074323505163193,0.6779040694236755,1.2853364944458008
0.050908301025629044,0.6815010905265808,1.1905841827392578
0.052830882370471954,0.860543966293335,1.388852834701538
0.05926375836133957,0.6808757781982422,1.2735133171081543
0.05740524083375931,0.8537048101425171,1.4277572631835938
0.04905059188604355,0.8373799920082092,1.3278858661651611
0.051003582775592804,0.7962412238121033,1.3062770366668701
0.043985962867736816,0.8228727579116821,1.2627323865890503
0.05144991725683212,0.5352448225021362,1.0497440099716187
0.046016428619623184,0.8040972948074341,1.2642616033554077
0.0463620200753212,0.7991794347763062,1.262799620628357
0.06017981097102165,0.632248044013977,1.234046220779419
0.06279648840427399,0.6392426490783691,1.2672075033187866
0.0570245236158371,0.702318549156189,1.2725638151168823
0.05938895791769028,0.7537611722946167,1.3476507663726807
0.049938902258872986,0.6625224351882935,1.1619114875793457
0.04432956129312515,0.6079182028770447,1.0512137413024902
0.048894003033638,0.6638902425765991,1.1528302431106567
0.0656413584947586,0.8352024555206299,1.4916160106658936
0.0524672269821167,0.6908797025680542,1.2155519723892212
0.05162550136446953,0.5514853000640869,1.0677403211593628
0.05609554797410965,0.8062974214553833,1.3672528266906738
0.04437582194805145,0.6385561227798462,1.082314372062683
0.06252796947956085,0.7561618089675903,1.3814414739608765
0.054007600992918015,0.8716628551483154,1.4117388725280762
0.05229731649160385,0.6875036954879761,1.2104768753051758
0.04447529464960098,0.5879345536231995,1.0326874256134033
0.05899633467197418,0.691327691078186,1.2812910079956055
0.043160468339920044,0.7068878412246704,1.1384925842285156
0.047810718417167664,0.5392319560050964,1.0173391103744507
0.042830437421798706,0.7556214928627014,1.1839258670806885
0.04160182923078537,0.6344543695449829,1.0504727363586426
0.05813191458582878,0.6362167596817017,1.2175359725952148
0.05056610703468323,0.6539645195007324,1.15962553024292
0.04225606843829155,0.7488844990730286,1.1714451313018799
0.05483932048082352,0.6318949460983276,1.1802880764007568
0.047273531556129456,0.7244846820831299,1.197219967842102
0.05039303004741669,0.5376417636871338,1.041572093963623
0.06353593617677689,0.7545250654220581,1.3898844718933105
0.06181548908352852,0.7517530918121338,1.3699079751968384
0.06130367890000343,0.711014986038208,1.324051856994629
0.06320621073246002,0.6933563947677612,1.325418472290039
0.050460319966077805,0.6391535401344299,1.1437567472457886
0.061432093381881714,0.6793475151062012,1.293668508529663
0.057469211518764496,0.7061513066291809,1.2808434963226318
0.05288844183087349,0.6481934785842896,1.1770778894424438
0.04568571224808693,0.6744461059570312,1.1313031911849976
0.046971097588539124,0.6769549250602722,1.1466659307479858
0.06864328682422638,0.7577431201934814,1.4441759586334229
0.05391678959131241,0.6304494738578796,1.1696174144744873
0.04996312037110329,0.4970487356185913,0.9966799020767212
0.04515155032277107,0.649728000164032,1.101243495941162
0.048640377819538116,0.7386432886123657,1.2250471115112305
0.04936569929122925,0.6874155402183533,1.181072473526001
0.06278444826602936,0.7449808716773987,1.3728253841400146
0.05798102170228958,0.6480487585067749,1.2278590202331543
0.05413692444562912,0.6632433533668518,1.2046126127243042
0.054357897490262985,0.6111469268798828,1.1547259092330933
0.04573296010494232,0.6180465221405029,1.0753761529922485
0.050275713205337524,0.6386393308639526,1.1413965225219727
0.038872286677360535,0.6691588163375854,1.0578817129135132
0.048893995583057404,0.5460726022720337,1.0350124835968018
0.0837504118680954,0.7488653659820557,1.586369514465332
0.04339122772216797,0.6489845514297485,1.0828968286514282
0.048529572784900665,0.5393319129943848,1.024627685546875
0.04867009446024895,0.4322171211242676,0.9189180731773376
0.052992917597293854,0.7365972995758057,1.266526460647583
0.05111772567033768,0.7241488695144653,1.2353260517120361
0.047446463257074356,0.5851949453353882,1.0596596002578735
0.06403869390487671,0.758487343788147,1.398874282836914
0.059955719858407974,0.726882815361023,1.3264400959014893
0.05090086907148361,0.6447949409484863,1.1538035869598389
0.05028184503316879,0.60211181640625,1.1049302816390991
0.04879320412874222,0.658458411693573,1.146390438079834
0.05716468021273613,0.7062776684761047,1.2779245376586914
0.045033007860183716,0.7150845527648926,1.165414571762085
0.05749490112066269,0.6988657712936401,1.2738147974014282
0.05179651454091072,0.7280545234680176,1.2460196018218994
0.06678220629692078,0.694758951663971,1.3625810146331787
0.04582779109477997,0.5990172624588013,1.0572952032089233
0.05453886091709137,0.5754063725471497,1.1207950115203857
0.05013961344957352,0.658309817314148,1.1597058773040771
0.057278454303741455,0.711287796497345,1.2840723991394043
0.04628624767065048,0.39756685495376587,0.8604293465614319
0.05210976302623749,0.5619661808013916,1.0830638408660889
0.036622293293476105,0.6211150884628296,0.9873380064964294
0.050928745418787,0.6522272825241089,1.1615147590637207
0.054604433476924896,0.6416875123977661,1.1877318620681763
0.04772365093231201,0.5347549915313721,1.0119915008544922
0.045426078140735626,0.7153401970863342,1.1696009635925293
0.048615895211696625,0.6352710723876953,1.1214300394058228
0.0559212900698185,0.5002235174179077,1.0594364404678345
0.042433567345142365,0.6299643516540527,1.05430006980896
0.06574869155883789,0.7389039993286133,1.3963909149169922
0.0553121343255043,0.6730228066444397,1.2261440753936768
0.047168392688035965,0.5909534692764282,1.0626373291015625
0.04775495454668999,0.6114475727081299,1.0889971256256104
0.043176986277103424,0.6222417950630188,1.054011583328247
0.05118093639612198,0.6823195219039917,1.1941288709640503
0.043155305087566376,0.5792902708053589,1.010843276977539
0.05346747115254402,0.6758914589881897,1.2105661630630493
0.06657914817333221,0.7613397836685181,1.4271312952041626
0.04579826444387436,0.5503695011138916,1.0083521604537964
0.04102363437414169,0.6643410921096802,1.0745774507522583
0.043626636266708374,0.5500901937484741,0.9863565564155579
0.06309276819229126,0.6638579368591309,1.2947856187820435
0.06433620303869247,0.7356694936752319,1.3790315389633179
0.051806166768074036,0.6374523639678955,1.1555140018463135
0.052359625697135925,0.5786571502685547,1.1022534370422363
0.04968784749507904,0.6177855134010315,1.1146639585494995
0.04812156781554222,0.5737959146499634,1.0550116300582886
0.0542014017701149,0.666989803314209,1.2090038061141968
0.04851635918021202,0.7179516553878784,1.2031152248382568
0.04799008369445801,0.721206545829773,1.201107382774353
0.0407777801156044,0.45111680030822754,0.8588945865631104
0.05994288995862007,0.685608983039856,1.285037875175476
0.05066101253032684,0.670465350151062,1.1770755052566528
0.041790470480918884,0.5596239566802979,0.9775286912918091
0.05890291929244995,0.5068238377571106,1.0958530902862549
0.05507500469684601,0.6553663015365601,1.2061163187026978
0.05414431914687157,0.6569591164588928,1.1984022855758667
0.04712636396288872,0.631538987159729,1.1028026342391968
0.05193382129073143,0.6466683149337769,1.1660065650939941
0.05168400704860687,0.7206511497497559,1.237491250038147
0.05289704352617264,0.7005184888839722,1.2294888496398926
0.04209060221910477,0.7044212818145752,1.1253273487091064
0.0489615872502327,0.6433473229408264,1.1329631805419922
0.06425148248672485,0.6922266483306885,1.334741473197937
0.058112066239118576,0.6207717657089233,1.201892375946045
0.03947317227721214,0.59550940990448,0.9902411699295044
0.05195615068078041,0.6915275454521179,1.2110891342163086
0.05044572055339813,0.7333961725234985,1.2378534078598022
0.04741019383072853,0.7341687679290771,1.2082706689834595
0.048183564096689224,0.7019201517105103,1.1837557554244995
0.048804543912410736,0.6936347484588623,1.1816802024841309
0.04899711161851883,0.7239993810653687,1.213970422744751
0.05336618795990944,0.6073864102363586,1.1410483121871948
0.06194239854812622,0.6692119836807251,1.2886359691619873
0.056026674807071686,0.6894915699958801,1.249758243560791
0.05424050986766815,0.7262154817581177,1.2686206102371216
0.050275739282369614,0.5165427327156067,1.019300103187561
0.05327725410461426,0.5700235962867737,1.1027960777282715
0.049282412976026535,0.6386367082595825,1.1314609050750732
0.04598873853683472,0.6800042986869812,1.1398916244506836
0.05895324423909187,0.7337485551834106,1.3232810497283936
0.04622584208846092,0.686495304107666,1.1487537622451782
0.04964897781610489,0.6859752535820007,1.1824650764465332
0.05499773472547531,0.7014758586883545,1.251453161239624
0.05066167190670967,0.5846671462059021,1.0912837982177734
0.06229981780052185,0.7172704935073853,1.340268611907959
0.05100247636437416,0.5794081687927246,1.089432954788208
0.05567358434200287,0.6907641291618347,1.247499942779541
0.050638966262340546,0.5161751508712769,1.0225648880004883
0.061142079532146454,0.7001187801361084,1.311539649963379
0.048933245241642,0.6512029767036438,1.1405353546142578
0.06090593710541725,0.6599546670913696,1.2690141201019287
0.0453198067843914,0.6941107511520386,1.1473088264465332
0.05527592450380325,0.599083662033081,1.1518428325653076
0.04295364022254944,0.6236730217933655,1.0532094240188599
0.03851405531167984,0.7017031311988831,1.086843729019165
0.04653433710336685,0.6034389138221741,1.0687823295593262
0.06593671441078186,0.7243878245353699,1.3837549686431885
0.05082498490810394,0.6221427321434021,1.1303925514221191
0.05756574124097824,0.6148824691772461,1.190539836883545
0.04934029281139374,0.7566109895706177,1.2500139474868774
0.0439276248216629,0.6704254150390625,1.1097016334533691
0.05092508718371391,0.5448503494262695,1.0541012287139893
0.049118660390377045,0.6730430126190186,1.1642296314239502
0.051968105137348175,0.76064133644104,1.2803223133087158
0.04721028357744217,0.7034475207328796,1.1755503416061401
0.05899914354085922,0.631379246711731,1.2213706970214844
0.04186133295297623,0.48732900619506836,0.9059423208236694
0.037941642105579376,0.6910601854324341,1.0704765319824219
0.0437646359205246,0.5342048406600952,0.9718512296676636
0.04003818333148956,0.6968653202056885,1.0972471237182617
0.05012614652514458,0.5414687395095825,1.0427302122116089
0.0408361479640007,0.6224575042724609,1.0308189392089844
0.04618724435567856,0.5248748064041138,0.9867472648620605
0.047483254224061966,0.5116084814071655,0.9864410161972046
0.045890964567661285,0.6535120010375977,1.1124216318130493
0.042720116674900055,0.704290509223938,1.1314916610717773
0.05162961408495903,0.6479791402816772,1.1642752885818481
0.04946253448724747,0.6804606318473816,1.1750860214233398
0.04341544955968857,0.6677048802375793,1.1018593311309814
0.04916166514158249,0.5998632907867432,1.091480016708374
0.05065518617630005,0.6396300792694092,1.1461819410324097
0.044439297169446945,0.5965949296951294,1.0409879684448242
0.05552491545677185,0.6485112905502319,1.2037603855133057
0.06127184256911278,0.6992315053939819,1.3119499683380127
0.03940232843160629,0.661014199256897,1.055037498474121
0.06161874532699585,0.7519322633743286,1.368119716644287
0.05263127014040947,0.6116259098052979,1.1379386186599731
0.052847228944301605,0.591558575630188,1.1200308799743652
0.0509268194437027,0.7044802904129028,1.2137484550476074
0.04695701599121094,0.5203452110290527,0.9899153709411621
0.042732030153274536,0.5669858455657959,0.9943061470985413
0.05563334375619888,0.6978287100791931,1.254162073135376
0.04997485876083374,0.48636114597320557,0.986109733581543
0.05597405508160591,0.6920753717422485,1.251815915107727
0.05301037058234215,0.6959053874015808,1.2260091304779053
0.047539107501506805,0.5701676607131958,1.0455586910247803
0.04324057698249817,0.6012009382247925,1.033606767654419
0.04843689501285553,0.6126123666763306,1.0969812870025635
0.040268685668706894,0.42901498079299927,0.8317018747329712
0.043749306350946426,0.6166132688522339,1.05410635471344
0.04448878765106201,0.6782791018486023,1.1231670379638672
0.069273442029953,0.6965662240982056,1.3893005847930908
0.05325250327587128,0.6868188381195068,1.219343900680542
0.05478391796350479,0.6649183034896851,1.2127574682235718
0.04752187803387642,0.6616392135620117,1.1368579864501953
0.041231151670217514,0.49103397130966187,0.9033454656600952
0.06019575148820877,0.6027984023094177,1.2047559022903442
0.04180830344557762,0.6735301613807678,1.0916131734848022
0.0520329549908638,0.6618204712867737,1.1821500062942505
0.05145415663719177,0.7452611923217773,1.2598028182983398
0.055550359189510345,0.5912743806838989,1.1467779874801636
0.04873041808605194,0.6591843962669373,1.1464885473251343
0.0599643848836422,0.6487177610397339,1.248361587524414
0.04290004074573517,0.585211455821991,1.014211893081665
0.05418238043785095,0.5866440534591675,1.1284677982330322
0.05397484451532364,0.5798494815826416,1.1195979118347168
0.0523940771818161,0.7320200204849243,1.2559608221054077
0.03662315011024475,0.680131733417511,1.0463632345199585
0.04861951246857643,0.7013258934020996,1.187520980834961
0.052718065679073334,0.6768727898597717,1.2040534019470215
0.04635483771562576,0.7186986207962036,1.1822469234466553
0.04536368325352669,0.6792442202568054,1.1328810453414917
0.04387194663286209,0.5610648989677429,0.9997843503952026
0.04737991839647293,0.6938589811325073,1.1676580905914307
0.05836942046880722,0.6134118437767029,1.197106122970581
0.04962160810828209,0.7291378974914551,1.2253539562225342
0.05003746971487999,0.6471258401870728,1.1475005149841309
0.053353168070316315,0.5474662780761719,1.0809979438781738
0.046992652118206024,0.6497563123703003,1.119682788848877
0.04586146026849747,0.515260636806488,0.9738752245903015
0.0611870251595974,0.6765316128730774,1.2884018421173096
0.06654070317745209,0.703041672706604,1.3684487342834473
0.047034308314323425,0.6995676755905151,1.1699107885360718
0.047509826719760895,0.6672729253768921,1.1423711776733398
0.04799053445458412,0.6584314107894897,1.1383367776870728
0.04765520989894867,0.5982314348220825,1.0747835636138916
0.05042527988553047,0.7232687473297119,1.227521538734436
0.047978561371564865,0.6097195744514465,1.0895051956176758
0.04167701676487923,0.6982768774032593,1.1150469779968262
0.03523876518011093,0.6143009662628174,0.9666886329650879
0.0545114241540432,0.6668741703033447,1.2119884490966797
0.05679428204894066,0.6829074025154114,1.2508502006530762
0.049868144094944,0.6208469271659851,1.1195282936096191
0.044957760721445084,0.6221259832382202,1.071703553199768
0.04653774946928024,0.44441550970077515,0.9097930192947388
0.038602668792009354,0.561100959777832,0.947127640247345
0.04129801318049431,0.6975614428520203,1.110541582107544
0.05277715250849724,0.6984368562698364,1.2262084484100342
0.04561398923397064,0.7249904274940491,1.181130290031433
0.04619702696800232,0.6627534627914429,1.1247236728668213
0.04436330124735832,0.6826976537704468,1.1263306140899658
0.0316435769200325,0.5839844942092896,0.9004202485084534
0.04511171206831932,0.634171187877655,1.0852882862091064
0.06388114392757416,0.7561658620834351,1.394977331161499
0.038434870541095734,0.6261606812477112,1.0105093717575073
0.039788104593753815,0.6224797964096069,1.0203608274459839
0.04279109090566635,0.6954450011253357,1.1233558654785156
0.05027655512094498,0.7297066450119019,1.2324721813201904
0.04483968764543533,0.6671240329742432,1.11552095413208
0.06401638686656952,0.7031046152114868,1.3432685136795044
0.04673261567950249,0.6904594898223877,1.1577856540679932
0.05213173106312752,0.5229575037956238,1.0442748069763184
0.050461020320653915,0.6876822710037231,1.1922924518585205
0.04537462070584297,0.6598421335220337,1.1135883331298828
0.06295296549797058,0.6405581831932068,1.2700878381729126
0.04634210467338562,0.5747078061103821,1.0381288528442383
0.04761709272861481,0.6552386283874512,1.1314095258712769
0.04825039207935333,0.6416243314743042,1.1241282224655151
0.05705060064792633,0.7206567525863647,1.2911627292633057
0.054206378757953644,0.7369918823242188,1.2790555953979492
0.049655504524707794,0.6076331734657288,1.1041882038116455
0.04233136028051376,0.6858612298965454,1.1091748476028442
0.04423362761735916,0.536249041557312,0.9785853028297424
0.04314473643898964,0.6305437088012695,1.0619910955429077
0.056342050433158875,0.6978499889373779,1.261270523071289
0.05435910075902939,0.6089609861373901,1.1525520086288452
0.05863571539521217,0.620704710483551,1.2070618867874146
0.059758614748716354,0.6338391304016113,1.2314252853393555
0.05886830389499664,0.6472601294517517,1.235943078994751
0.05675959214568138,0.5970898866653442,1.1646857261657715
0.05916614830493927,0.7205528020858765,1.3122142553329468
0.05258087068796158,0.611209511756897,1.1370182037353516
0.046269044280052185,0.7136597037315369,1.1763501167297363
0.047372668981552124,0.6372952461242676,1.1110219955444336
0.051569435745477676,0.7028186321258545,1.218513011932373
0.048648275434970856,0.6937761306762695,1.180258870124817
0.05733399838209152,0.6922266483306885,1.2655665874481201
0.056555502116680145,0.5843921899795532,1.149947166442871
0.052331097424030304,0.6852139234542847,1.2085249423980713
0.03978374972939491,0.5610952377319336,0.9589327573776245
0.04536554962396622,0.6567011475563049,1.1103565692901611
0.04345802217721939,0.6767951250076294,1.111375331878662
0.04625643789768219,0.6625953912734985,1.125159740447998
0.04741080850362778,0.6613094210624695,1.1354174613952637
0.04999292641878128,0.645119845867157,1.1450490951538086
0.056119758635759354,0.6238067746162415,1.1850043535232544
0.050511762499809265,0.6986774206161499,1.203795075416565
0.06307236850261688,0.7097759246826172,1.3404996395111084
0.0475209504365921,0.6447324752807617,1.1199419498443604
0.046480122953653336,0.5972203016281128,1.0620214939117432
0.04943770170211792,0.6323487162590027,1.126725673675537
0.052499666810035706,0.7044806480407715,1.2294772863388062
0.04112984240055084,0.6218588352203369,1.033157229423523
0.04162724316120148,0.7124215364456177,1.12869393825531
0.04931430146098137,0.6031451225280762,1.0962882041931152
0.04337136447429657,0.5774047374725342,1.0111184120178223
0.05822806805372238,0.6297475099563599,1.2120282649993896
0.044589072465896606,0.6604818105697632,1.106372594833374
0.04222152382135391,0.6016236543655396,1.0238388776779175
0.04897013306617737,0.6721705198287964,1.1618719100952148
0.0461568683385849,0.5411203503608704,1.002689003944397
0.039058610796928406,0.5918196439743042,0.9824057817459106
0.046820078045129776,0.553962230682373,1.0221630334854126
0.04697350785136223,0.5545827150344849,1.024317741394043
0.05552264302968979,0.5898969173431396,1.1451233625411987
0.056638240814208984,0.6607178449630737,1.2271002531051636
0.041577745229005814,0.5418405532836914,0.957617998123169
0.04844518005847931,0.6315364837646484,1.1159882545471191
0.0568922683596611,0.5848138332366943,1.1537365913391113
0.053270019590854645,0.5905325412750244,1.1232327222824097
0.04281867668032646,0.6467844247817993,1.0749711990356445
0.041336871683597565,0.6153590679168701,1.0287277698516846
0.04232809692621231,0.6371382474899292,1.0604192018508911
0.04112144559621811,0.541921079158783,0.9531355500221252
0.04241983965039253,0.6082689166069031,1.0324673652648926
0.06568779796361923,0.6902141571044922,1.3470921516418457
0.05443467199802399,0.6230039596557617,1.1673506498336792
0.05024579167366028,0.6585509777069092,1.1610088348388672
0.07183364033699036,0.7247732877731323,1.4431097507476807
0.06371104717254639,0.634040355682373,1.271150827407837
0.0452144593000412,0.6135519742965698,1.0656965970993042
0.05662769079208374,0.5794261693954468,1.1457030773162842
0.04668521508574486,0.6911936402320862,1.158045768737793
0.06178557127714157,0.7057172060012817,1.3235728740692139
0.04057597368955612,0.6713538765907288,1.0771136283874512
0.051806919276714325,0.5785267353057861,1.0965960025787354
0.04374072700738907,0.6009414196014404,1.03834867477417
0.04582301527261734,0.7162150144577026,1.1744451522827148
0.05131623148918152,0.6275626420974731,1.1407248973846436
0.05249094218015671,0.6643267273902893,1.1892361640930176
0.04354054853320122,0.6493375897407532,1.0847430229187012
0.04781414568424225,0.5469833612442017,1.0251247882843018
0.05075661092996597,0.6694369912147522,1.1770031452178955
0.055486664175987244,0.5491766929626465,1.1040433645248413
0.04632683843374252,0.7507284879684448,1.2139968872070312
0.048413343727588654,0.6683468818664551,1.1524803638458252
0.048339471220970154,0.3840104937553406,0.8674051761627197
0.05871492996811867,0.7056746482849121,1.2928240299224854
0.03994245082139969,0.6032445430755615,1.002669095993042
0.04837198555469513,0.6364876627922058,1.1202075481414795
0.04852796345949173,0.6580336093902588,1.1433131694793701
0.050307512283325195,0.4938255846500397,0.9969006776809692
0.048810556530952454,0.704663097858429,1.1927686929702759
0.040480807423591614,0.5749170184135437,0.9797251224517822
0.05313985422253609,0.7112602591514587,1.2426588535308838
0.05411294475197792,0.6881521344184875,1.2292816638946533
0.034589484333992004,0.7210073471069336,1.0669021606445312
0.041308991611003876,0.6709237098693848,1.0840137004852295
0.050531357526779175,0.7421090602874756,1.247422695159912
0.05973124876618385,0.7277923822402954,1.3251049518585205
0.04993275925517082,0.7216428518295288,1.2209703922271729
0.05465100705623627,0.7051864266395569,1.2516965866088867
0.04322851821780205,0.5842631459236145,1.0165483951568604
0.04279448464512825,0.6587501168251038,1.0866949558258057
0.038548436015844345,0.6882021427154541,1.0736864805221558
0.03991837427020073,0.7089733481407166,1.1081571578979492
0.05581185966730118,0.6513372659683228,1.2094558477401733
0.057302117347717285,0.6580825448036194,1.2311036586761475
0.04533923417329788,0.5440584421157837,0.9974507689476013
0.05176392197608948,0.6565753221511841,1.1742146015167236
0.06589122861623764,0.7580698728561401,1.4169821739196777
0.051395270973443985,0.5385881066322327,1.0525407791137695
0.0636926144361496,0.5733678340911865,1.2102940082550049
0.05016619712114334,0.6892614364624023,1.1909234523773193
0.039501626044511795,0.6891131401062012,1.0841293334960938
0.04608673229813576,0.6240420937538147,1.084909439086914
0.046165674924850464,0.5916253328323364,1.0532820224761963
0.04316619038581848,0.6410946249961853,1.0727565288543701
0.04334812983870506,0.6481460928916931,1.081627368927002
0.055840425193309784,0.7046602964401245,1.2630646228790283
0.05206846445798874,0.6951446533203125,1.2158293724060059
0.038453876972198486,0.4583873152732849,0.8429260849952698
0.0453619584441185,0.717880129814148,1.1714997291564941
0.0446537509560585,0.6630284190177917,1.1095659732818604
0.05408646911382675,0.7111310958862305,1.2519958019256592
0.04456782341003418,0.6720938682556152,1.117772102355957
0.056608643382787704,0.5763406157493591,1.1424269676208496
0.04551570117473602,0.7233237028121948,1.1784807443618774
0.04697158932685852,0.48598363995552063,0.9556995630264282
0.040329545736312866,0.6420798897743225,1.0453753471374512
0.05352373421192169,0.5788013935089111,1.1140387058258057
0.04554086923599243,0.6476017236709595,1.1030104160308838
0.07505844533443451,0.7167284488677979,1.4673129320144653
0.04911966994404793,0.6181399822235107,1.1093366146087646
0.06675038486719131,0.7261782884597778,1.3936821222305298
0.03675951063632965,0.5761109590530396,0.9437060356140137
0.05257232487201691,0.6948854923248291,1.2206087112426758
0.046727780252695084,0.7445287704467773,1.2118065357208252
0.05156136676669121,0.580826997756958,1.0964406728744507
0.04091150313615799,0.5772179961204529,0.9863330125808716
0.03848198801279068,0.6231978535652161,1.0080177783966064
0.05361969769001007,0.5959844589233398,1.1321814060211182
0.045806851238012314,0.5727970004081726,1.0308655500411987
0.04515402019023895,0.4645535349845886,0.9160937070846558
0.042884886264801025,0.46774742007255554,0.8965963125228882
0.05325784534215927,0.5431351065635681,1.0757136344909668
0.0402858629822731,0.6552245616912842,1.058083176612854
0.0500117652118206,0.6299244165420532,1.1300420761108398
0.046135466545820236,0.5919232368469238,1.0532779693603516
0.038714222609996796,0.4842524528503418,0.871394693851471
0.0743706226348877,0.6556971073150635,1.3994033336639404
0.04699467867612839,0.6350062489509583,1.1049530506134033
0.04449014738202095,0.4539493918418884,0.8988508582115173
0.04239661991596222,0.6512131690979004,1.0751793384552002
0.041854292154312134,0.5761973857879639,0.9947403073310852
0.03341830149292946,0.5433655977249146,0.8775485754013062
0.04780974239110947,0.46211308240890503,0.9402105212211609
0.0636153295636177,0.6847074031829834,1.3208606243133545
0.05835447832942009,0.7040697336196899,1.2876145839691162
0.04729757830500603,0.5588330030441284,1.031808853149414
0.04979924112558365,0.5647776126861572,1.0627700090408325
0.043432481586933136,0.6578236222267151,1.0921484231948853
0.059529099613428116,0.6955611109733582,1.2908520698547363
0.04454583674669266,0.6567918062210083,1.102250099182129
0.05281906574964523,0.6715849041938782,1.1997755765914917
0.04601369798183441,0.6273589730262756,1.0874959230422974
0.04923427104949951,0.6883463859558105,1.1806890964508057
0.046182796359062195,0.534204363822937,0.9960323572158813
0.049543119966983795,0.6572450399398804,1.1526762247085571
0.053679563105106354,0.520545244216919,1.0573408603668213
0.04757654294371605,0.6963160037994385,1.172081470489502
0.041368428617715836,0.680325984954834,1.0940102338790894
0.05492161959409714,0.6472662687301636,1.1964824199676514
0.03830680996179581,0.5970287322998047,0.9800968170166016
0.05588545277714729,0.5803407430648804,1.139195203781128
0.04259086400270462,0.5820927619934082,1.0080013275146484
0.054272957146167755,0.6497196555137634,1.1924492120742798
0.04567309468984604,0.4763891100883484,0.93312007188797
0.05570539832115173,0.6257636547088623,1.1828176975250244
0.05044972151517868,0.7091643810272217,1.2136616706848145
0.04735637456178665,0.5670878887176514,1.040651559829712
0.05110775679349899,0.6744025349617004,1.1854801177978516
0.05898258090019226,0.702742874622345,1.2925686836242676
0.05455690249800682,0.6397331953048706,1.1853022575378418
0.04115929454565048,0.7340793013572693,1.14567232131958
0.04713095352053642,0.6030774116516113,1.0743869543075562
0.04704602062702179,0.6928911209106445,1.16335129737854
0.05154856666922569,0.6503700017929077,1.1658556461334229
0.04848655313253403,0.7249398231506348,1.2098053693771362
0.047983311116695404,0.6132967472076416,1.0931298732757568
0.03967186063528061,0.7034212946891785,1.100139856338501
0.05573609843850136,0.7483510971069336,1.305712103843689
0.04130776226520538,0.7122247219085693,1.1253023147583008
0.0434957891702652,0.5898529887199402,1.0248109102249146
0.04671194404363632,0.5634192228317261,1.0305386781692505
0.05437887832522392,0.7197068929672241,1.263495683670044
0.04718029499053955,0.5945643186569214,1.066367268562317
0.044294629245996475,0.6613622903823853,1.1043086051940918
0.04595997929573059,0.6633484363555908,1.122948169708252
0.059105731546878815,0.5092571973800659,1.1003144979476929
0.050971925258636475,0.7195022702217102,1.2292215824127197
0.04972386360168457,0.5729366540908813,1.070175290107727
0.05178302526473999,0.6769328117370605,1.1947630643844604
0.04034881293773651,0.702455997467041,1.1059441566467285
0.04672525078058243,0.560797929763794,1.028050422668457
0.04467381536960602,0.6100468635559082,1.056784987449646
0.044566720724105835,0.5627197027206421,1.0083868503570557
0.05139502137899399,0.6324299573898315,1.1463801860809326
0.07050792872905731,0.6894977688789368,1.3945770263671875
0.05244249477982521,0.6684135794639587,1.1928385496139526
0.05423858016729355,0.6135603189468384,1.155946135520935
0.046127479523420334,0.6202137470245361,1.0814886093139648
0.03607462719082832,0.6278344988822937,0.9885807633399963
0.044824954122304916,0.6180568337440491,1.0663063526153564
0.03675870969891548,0.545707643032074,0.9132947325706482
0.05624162405729294,0.6682482957839966,1.2306644916534424
0.054131295531988144,0.6826761364936829,1.2239890098571777
0.046649884432554245,0.6826361417770386,1.1491349935531616
0.04860253632068634,0.6673409938812256,1.1533663272857666
0.05091140419244766,0.6220505833625793,1.13116455078125
0.048135172575712204,0.6666407585144043,1.147992491722107
0.05762416124343872,0.6763359308242798,1.252577543258667
0.042196840047836304,0.5635135769844055,0.9854819774627686
0.04928956180810928,0.5578652620315552,1.0507608652114868
0.052413731813430786,0.6955859065055847,1.2197232246398926
0.04161038249731064,0.657583475112915,1.0736873149871826
0.04281093552708626,0.7600651383399963,1.1881744861602783
0.05827745795249939,0.6597102880477905,1.2424848079681396
0.05224865674972534,0.7287460565567017,1.251232624053955
0.05482872948050499,0.5854690670967102,1.133756399154663
0.04520265385508537,0.6182296276092529,1.070256233215332
0.0637236088514328,0.6235759854316711,1.2608120441436768
0.0457429438829422,0.6060763597488403,1.06350576877594
0.048774756491184235,0.6792910099029541,1.1670385599136353
0.04788236320018768,0.6574243307113647,1.136247992515564
0.04601828008890152,0.5103169679641724,0.9704997539520264
0.0410897471010685,0.687870979309082,1.0987684726715088
0.04221080243587494,0.7275325059890747,1.1496405601501465
0.04652890935540199,0.7177894115447998,1.1830785274505615
0.05441837012767792,0.6922038793563843,1.2363876104354858
0.05483880639076233,0.6474940180778503,1.1958820819854736
0.040246233344078064,0.6233047246932983,1.0257670879364014
0.04902759939432144,0.7378844618797302,1.2281603813171387
0.03937940299510956,0.5591174364089966,0.9529114961624146
0.039500586688518524,0.6251592636108398,1.020165205001831
0.05060713365674019,0.6953024864196777,1.201373815536499
0.05326734110713005,0.7068885564804077,1.2395620346069336
0.049217451363801956,0.6665821075439453,1.1587566137313843
0.050729382783174515,0.6062625646591187,1.1135563850402832
0.04677513614296913,0.737377941608429,1.2051292657852173
0.053712740540504456,0.6619455814361572,1.1990729570388794
0.04500279575586319,0.4126874506473541,0.8627153635025024
0.04989848658442497,0.5816852450370789,1.0806701183319092
0.058418549597263336,0.7304375171661377,1.3146229982376099
0.043131787329912186,0.6409021019935608,1.072219967842102
0.05466090887784958,0.6934574842453003,1.2400665283203125
0.0452360101044178,0.6481525897979736,1.1005127429962158
0.04798126965761185,0.685946524143219,1.1657592058181763
0.048411011695861816,0.6426394581794739,1.1267495155334473
0.05229191482067108,0.6266788840293884,1.1495981216430664
0.046014443039894104,0.6391533613204956,1.0992977619171143
0.04913697391748428,0.6119561791419983,1.1033258438110352
0.04831010103225708,0.5800485610961914,1.0631495714187622
0.048703014850616455,0.6820307970046997,1.1690609455108643
0.04498584195971489,0.5756819248199463,1.0255403518676758
0.045702897012233734,0.5773582458496094,1.034387230873108
0.04048168659210205,0.5668066740036011,0.9716235399246216
0.04263097792863846,0.5482057929039001,0.9745155572891235
0.04081885516643524,0.7098774313926697,1.1180659532546997
0.04459719359874725,0.6742804050445557,1.1202523708343506
0.043304022401571274,0.6059736013412476,1.0390138626098633
0.04927236959338188,0.5992843508720398,1.092008113861084
0.03988567367196083,0.5682386755943298,0.9670953750610352
0.036092422902584076,0.6292778253555298,0.9902020692825317
0.05011291056871414,0.5504229068756104,1.0515520572662354
0.051961421966552734,0.6899251341819763,1.2095394134521484
0.0443914458155632,0.5863767862319946,1.0302913188934326
0.035661496222019196,0.5293334722518921,0.8859484195709229
0.07128480076789856,0.7050692439079285,1.417917251586914
0.04915214702486992,0.6831787824630737,1.1747002601623535
0.04754188284277916,0.6577519774436951,1.1331708431243896
0.04353061318397522,0.710851788520813,1.14615797996521
0.03634767234325409,0.6139802932739258,0.9774570465087891
0.04298950731754303,0.5732395648956299,1.0031346082687378
0.04271133989095688,0.6332774758338928,1.0603909492492676
0.04343672841787338,0.5951563715934753,1.0295236110687256
0.04154007136821747,0.5444002151489258,0.9598009586334229
0.0350562147796154,0.5300018191337585,0.8805639743804932
0.03701358288526535,0.638033390045166,1.008169174194336
0.039946410804986954,0.6431080102920532,1.0425721406936646
0.046270158141851425,0.667955219745636,1.1306568384170532
0.04358786344528198,0.6486896276473999,1.0845682621002197
0.03178820013999939,0.6159836649894714,0.9338656663894653
0.0455017127096653,0.6508489847183228,1.1058660745620728
0.03934602439403534,0.5550756454467773,0.9485359191894531
0.041481804102659225,0.6138660907745361,1.028684139251709
0.04896083474159241,0.5917903780937195,1.0813987255096436
0.049181386828422546,0.5665029883384705,1.0583168268203735
0.045558638870716095,0.6318254470825195,1.087411880493164
0.04770433157682419,0.6008096933364868,1.0778529644012451
0.053176648914813995,0.7128864526748657,1.2446529865264893
0.04621066525578499,0.6385341882705688,1.1006407737731934
0.046205759048461914,0.6988430023193359,1.160900592803955
0.05025834962725639,0.5361913442611694,1.038774847984314
0.04095982015132904,0.46732956171035767,0.8769277334213257
0.043159518390893936,0.6118399500846863,1.0434350967407227
0.05044681951403618,0.6383792161941528,1.1428474187850952
0.05102287977933884,0.6757035255432129,1.1859323978424072
0.03985171392560005,0.7295776009559631,1.1280946731567383
0.04836709424853325,0.6798293590545654,1.1635003089904785
0.05472273379564285,0.5851320028305054,1.132359266281128
0.0442405566573143,0.6445761919021606,1.0869817733764648
0.054410919547080994,0.576493501663208,1.1206027269363403
0.04915209487080574,0.6655598282814026,1.1570807695388794
0.041717857122421265,0.6582797765731812,1.075458288192749
0.056489016860723495,0.6950860023498535,1.2599761486053467
0.05588977411389351,0.6111670732498169,1.1700648069381714
0.037686318159103394,0.6471026539802551,1.023965835571289
0.05439327657222748,0.7178807854652405,1.2618136405944824
0.05135567486286163,0.6916446685791016,1.2052013874053955
0.0374281108379364,0.6453574895858765,1.0196385383605957
0.03820507973432541,0.5810915231704712,0.9631423354148865
0.0416049063205719,0.6632046103477478,1.0792536735534668
0.04810366407036781,0.576543390750885,1.0575799942016602
0.038391537964344025,0.5146697759628296,0.8985851407051086
0.051398348063230515,0.6815383434295654,1.1955218315124512
0.04758896678686142,0.5956500768661499,1.0715397596359253
0.04053362458944321,0.6895997524261475,1.0949360132217407
0.037499431520700455,0.6100706458091736,0.9850649833679199
0.04491054639220238,0.6398981809616089,1.0890036821365356
0.04707476124167442,0.5657259225845337,1.0364735126495361
0.04067888855934143,0.5437543392181396,0.950543224811554
0.06208198517560959,0.7136512398719788,1.3344711065292358
0.061855606734752655,0.6148693561553955,1.2334253787994385
0.051726702600717545,0.6048904061317444,1.1221574544906616
0.04614579677581787,0.5041922926902771,0.9656502604484558
0.05349348112940788,0.6595845818519592,1.1945194005966187
0.04438066855072975,0.6936231851577759,1.1374298334121704
0.045801080763339996,0.6363258361816406,1.0943366289138794
0.04227049648761749,0.5340689420700073,0.9567738771438599
0.04098615422844887,0.6846761107444763,1.094537615776062
0.049195535480976105,0.5799447298049927,1.0719001293182373
0.043090783059597015,0.5387548208236694,0.9696626663208008
0.04189629480242729,0.5991619229316711,1.0181248188018799
0.042288877069950104,0.562759280204773,0.9856480360031128
0.0337456613779068,0.5877891182899475,0.9252457618713379
0.050558026880025864,0.5610157251358032,1.0665960311889648
0.04490715265274048,0.6393042802810669,1.0883758068084717
0.05544013902544975,0.6176408529281616,1.1720422506332397
0.04189474508166313,0.5493730306625366,0.9683204889297485
0.038748886436223984,0.5961774587631226,0.9836663007736206
0.03708648681640625,0.6489793062210083,1.0198441743850708
0.055718086659908295,0.6707994937896729,1.227980375289917
0.04726298898458481,0.6891700029373169,1.1617999076843262
0.049304667860269547,0.6468735933303833,1.1399202346801758
0.04329991340637207,0.6830019950866699,1.1160011291503906
0.04361573979258537,0.6718564033508301,1.1080138683319092
0.04338497668504715,0.5873327255249023,1.0211825370788574
0.049189239740371704,0.5518098473548889,1.043702244758606
0.053174424916505814,0.5497399568557739,1.0814841985702515
0.04962490499019623,0.6444090604782104,1.1406581401824951
0.05006982386112213,0.7036477327346802,1.204345941543579
0.046482473611831665,0.6895473003387451,1.154371976852417
0.05477543920278549,0.5783162713050842,1.1260707378387451
0.0470447912812233,0.6188603043556213,1.089308261871338
0.036920130252838135,0.6539397835731506,1.0231411457061768
0.044261716306209564,0.4824834167957306,0.925100564956665
0.051819611340761185,0.6304797530174255,1.1486759185791016
0.04916442558169365,0.6684999465942383,1.1601442098617554
0.04332636296749115,0.5682865977287292,1.0015501976013184
0.06279196590185165,0.6150822043418884,1.243001937866211
0.05222848057746887,0.6717292070388794,1.194014072418213
0.043788522481918335,0.5338131785392761,0.9716984033584595
0.04877790808677673,0.6628659963607788,1.1506450176239014
0.058032650500535965,0.629636287689209,1.2099628448486328
0.05144907534122467,0.6966588497161865,1.2111495733261108
0.03603730350732803,0.5825024843215942,0.9428755044937134
0.03628785163164139,0.4496016800403595,0.8124802112579346
0.03437428176403046,0.6528037786483765,0.9965466260910034
0.04323162883520126,0.689039945602417,1.1213562488555908
0.04274245351552963,0.5140334367752075,0.941457986831665
0.04985792189836502,0.5863644480705261,1.0849436521530151
0.05602202191948891,0.6949301958084106,1.2551504373550415
0.03895072638988495,0.6104345321655273,0.9999418258666992
0.049280211329460144,0.6184444427490234,1.1112465858459473
0.047619517892599106,0.6466078758239746,1.1228030920028687
0.04532322660088539,0.6556854844093323,1.1089177131652832
0.044036634266376495,0.4724375605583191,0.9128038883209229
0.0454469658434391,0.6471773386001587,1.1016470193862915
0.05238360911607742,0.6526855230331421,1.1765215396881104
0.04226420074701309,0.6702054738998413,1.092847466468811
0.05506593734025955,0.7043823003768921,1.2550415992736816
0.056168608367443085,0.71073317527771,1.2724192142486572
0.04590398445725441,0.6450963020324707,1.1041361093521118
0.08649943768978119,0.7238107919692993,1.5888051986694336
0.04302681237459183,0.5694988965988159,0.999767005443573
0.04026202857494354,0.5902401804924011,0.9928604364395142
0.040759239345788956,0.6317058205604553,1.039298176765442
0.04000730812549591,0.6117083430290222,1.0117814540863037
0.03994999825954437,0.5406621098518372,0.9401620626449585
0.050484947860240936,0.6385728716850281,1.1434223651885986
0.0499969944357872,0.5623473525047302,1.0623173713684082
0.038714487105607986,0.625784158706665,1.0129289627075195
0.04982173815369606,0.6647107005119324,1.1629281044006348
0.03533690795302391,0.47949597239494324,0.8328650593757629
0.05500507354736328,0.615411639213562,1.1654623746871948
0.05178678408265114,0.5374823808670044,1.0553503036499023
0.05804094672203064,0.6409124135971069,1.2213218212127686
0.047800835222005844,0.6165406703948975,1.0945490598678589
0.05063548684120178,0.6588982343673706,1.1652531623840332
0.04973756521940231,0.5641648769378662,1.0615406036376953
0.05382728576660156,0.6311473846435547,1.1694202423095703
0.041216395795345306,0.6577736735343933,1.0699377059936523
0.050599124282598495,0.6447899341583252,1.1507811546325684
0.03513901308178902,0.6802594661712646,1.0316495895385742
0.04047095775604248,0.6234773397445679,1.0281869173049927
0.04449811950325966,0.6868804693222046,1.131861686706543
0.04361676052212715,0.6872252225875854,1.1233928203582764
0.04871384799480438,0.6476191282272339,1.1347576379776
0.04461982473731041,0.640104353427887,1.086302638053894
0.046675678342580795,0.5187462568283081,0.985503077507019
0.0467258095741272,0.6116761565208435,1.0789341926574707
0.048159316182136536,0.739155113697052,1.2207483053207397
0.041706256568431854,0.5719184875488281,0.9889810681343079
0.03344298154115677,0.6486387848854065,0.983068585395813
0.039079438894987106,0.6226814985275269,1.0134758949279785
0.047321781516075134,0.6960510015487671,1.1692688465118408
0.04824843257665634,0.696051836013794,1.1785361766815186
0.043978266417980194,0.5290089845657349,0.968791663646698
0.04904366657137871,0.6836241483688354,1.1740608215332031
0.04207934811711311,0.6258863210678101,1.0466797351837158
0.06483213603496552,0.697025716304779,1.3453471660614014
0.0550752654671669,0.6048355102539062,1.155588150024414
0.03897407650947571,0.5569997429847717,0.9467405080795288
0.039799779653549194,0.5755810737609863,0.9735788702964783
0.04391145706176758,0.6540859937667847,1.0932005643844604
0.04082074761390686,0.6340838074684143,1.042291283607483
0.04733678698539734,0.6746684908866882,1.1480363607406616
0.05889624357223511,0.6470071077346802,1.2359695434570312
0.03706585615873337,0.5385979413986206,0.9092565178871155
0.03759647533297539,0.6299993991851807,1.0059641599655151
0.0384770929813385,0.669213593006134,1.053984522819519
0.04210398346185684,0.565433919429779,0.9864737391471863
0.03547517955303192,0.5736396312713623,0.9283914566040039
0.03616669401526451,0.4364634156227112,0.7981303930282593
0.04887945204973221,0.6220194101333618,1.110813856124878
0.039208363741636276,0.6050747632980347,0.997158408164978
0.06849077343940735,0.6983031034469604,1.3832108974456787
0.04082132875919342,0.5647642612457275,0.9729775190353394
0.03799886256456375,0.36319446563720703,0.7431830763816833
0.0388665646314621,0.49826186895370483,0.8869274854660034
0.039469845592975616,0.6359774470329285,1.0306758880615234
0.04150419682264328,0.6190404295921326,1.0340824127197266
0.03771182894706726,0.6596686840057373,1.0367870330810547
0.04880645498633385,0.6581684350967407,1.1462329626083374
0.04596702754497528,0.6248680949211121,1.0845383405685425
0.04973296448588371,0.5762768983840942,1.0736064910888672
0.047043513506650925,0.5854237675666809,1.055858850479126
0.05470890551805496,0.6386646032333374,1.185753583908081
0.039108049124479294,0.559298574924469,0.9503790736198425
0.03701309859752655,0.5677298903465271,0.9378608465194702
0.041713371872901917,0.5533483028411865,0.9704819917678833
0.054063692688941956,0.701016366481781,1.2416532039642334
0.057768650352954865,0.6760678291320801,1.2537543773651123
0.04392661154270172,0.7079740166664124,1.147240161895752
0.047818638384342194,0.6891592741012573,1.167345643043518
0.040269069373607635,0.6486279964447021,1.051318645477295
0.05649250000715256,0.5367616415023804,1.101686716079712
0.04278693348169327,0.637823224067688,1.0656925439834595
0.0392366498708725,0.4948057234287262,0.8871722221374512
0.042941562831401825,0.6139713525772095,1.0433869361877441
0.04603058099746704,0.5888732671737671,1.0491790771484375
0.05136467516422272,0.6690546870231628,1.1827013492584229
0.049539364874362946,0.6815594434738159,1.1769530773162842
0.04557149112224579,0.627671480178833,1.0833864212036133
0.04048950597643852,0.6027904152870178,1.0076854228973389
0.05033028870820999,0.7140035629272461,1.21730637550354
0.052375227212905884,0.6818491220474243,1.205601453781128
0.043002210557460785,0.6871591806411743,1.1171813011169434
0.057504817843437195,0.6157332062721252,1.1907813549041748
0.040921200066804886,0.65275639295578,1.0619683265686035
0.04176774248480797,0.6902381777763367,1.1079156398773193
0.04067522659897804,0.690168559551239,1.0969208478927612
0.048874542117118835,0.6132140159606934,1.101959466934204
0.04799306392669678,0.6968469619750977,1.1767776012420654
0.046980079263448715,0.6103571653366089,1.080157995223999
0.044532597064971924,0.5565162897109985,1.0018422603607178
0.048772361129522324,0.4886784851551056,0.9764021039009094
0.04878946393728256,0.721676230430603,1.2095708847045898
0.038985371589660645,0.6975202560424805,1.087373971939087
0.03676195070147514,0.548406720161438,0.91602623462677
0.046660974621772766,0.7319556474685669,1.1985653638839722
0.0545637384057045,0.6611497402191162,1.206787109375
0.04437260329723358,0.5942535996437073,1.0379796028137207
0.04179779812693596,0.6638714075088501,1.0818493366241455
0.050398893654346466,0.6723463535308838,1.176335334777832
0.04057404771447182,0.6582133769989014,1.0639538764953613
0.043479423969984055,0.6706703901290894,1.1054646968841553
0.04404957592487335,0.6464787721633911,1.0869745016098022
0.050915852189064026,0.7123584747314453,1.2215169668197632
0.04334035888314247,0.725135087966919,1.1585386991500854
0.05659538879990578,0.7150694131851196,1.2810232639312744
0.051195178180933,0.6936006546020508,1.2055524587631226
0.0456550270318985,0.5824254751205444,1.038975715637207
0.045214392244815826,0.6732009649276733,1.1253448724746704
0.04609353467822075,0.5974341630935669,1.058369517326355
0.04176750406622887,0.5663117170333862,0.9839867353439331
0.035865418612957,0.5257090330123901,0.8843632340431213
0.043139174580574036,0.5924187898635864,1.0238105058670044
0.054815925657749176,0.5340927839279175,1.082252025604248
0.04075895622372627,0.42455774545669556,0.8321473002433777
0.05299606919288635,0.6179645657539368,1.1479252576828003
0.04066254943609238,0.5555644035339355,0.9621899127960205
0.045604243874549866,0.46886250376701355,0.9249049425125122
0.06061025708913803,0.6442157626152039,1.2503182888031006
0.04952121898531914,0.5761557817459106,1.0713679790496826
0.059061452746391296,0.6807107925415039,1.2713253498077393
0.05521513894200325,0.6992098093032837,1.2513611316680908
0.0621635839343071,0.6474764347076416,1.2691123485565186
0.05081739276647568,0.7157624363899231,1.2239363193511963
0.0411299504339695,0.6345146894454956,1.0458141565322876
0.03757290542125702,0.6152685880661011,0.9909976720809937
0.06061265617609024,0.6489658951759338,1.2550923824310303
0.06011490523815155,0.6835779547691345,1.2847270965576172
0.0537099689245224,0.6651420593261719,1.2022417783737183
0.03719412535429001,0.5719550848007202,0.9438963532447815
0.05538499355316162,0.6360725164413452,1.1899224519729614
0.04997342452406883,0.6369777321815491,1.1367119550704956
0.0414225235581398,0.6375267505645752,1.051751971244812
0.04560428112745285,0.6590345501899719,1.1150773763656616
0.04015836492180824,0.6121587157249451,1.0137423276901245
0.04086681827902794,0.5735933780670166,0.9822615385055542
0.043485961854457855,0.6198760271072388,1.0547356605529785
0.03840336203575134,0.6469610333442688,1.0309946537017822
0.05285622179508209,0.619759202003479,1.1483213901519775
0.05353293567895889,0.672256588935852,1.2075859308242798
0.040569230914115906,0.5923731327056885,0.9980654716491699
0.04802975803613663,0.6756159067153931,1.1559134721755981
0.056061480194330215,0.6378141641616821,1.198428988456726
0.054237112402915955,0.6874676942825317,1.2298388481140137
0.048144202679395676,0.5808520317077637,1.0622940063476562
0.05040190741419792,0.6213555335998535,1.1253745555877686
0.04660487174987793,0.6325361132621765,1.0985848903656006
0.04474649205803871,0.5938236713409424,1.0412886142730713
0.053741469979286194,0.6980170011520386,1.2354316711425781
0.062426675111055374,0.7105652093887329,1.334831953048706
0.05259094759821892,0.6063677072525024,1.132277250289917
0.055098239332437515,0.7041099071502686,1.2550923824310303
0.04279785603284836,0.6658859252929688,1.0938644409179688
0.05734897032380104,0.6915963888168335,1.2650861740112305
0.04240778088569641,0.6273577213287354,1.0514354705810547
0.04651319980621338,0.5641762018203735,1.0293081998825073
0.040800631046295166,0.6448036432266235,1.0528099536895752
0.05400731787085533,0.6938962936401367,1.2339694499969482
0.04987712204456329,0.6816091537475586,1.1803803443908691
0.057892486453056335,0.6271076202392578,1.2060325145721436
0.04207013174891472,0.6915656328201294,1.112267017364502
0.04298146814107895,0.663650393486023,1.0934650897979736
0.04143692925572395,0.6161677837371826,1.0305371284484863
0.04532326012849808,0.6900202035903931,1.1432528495788574
0.047404397279024124,0.5159812569618225,0.9900252223014832
0.04577799141407013,0.562172532081604,1.019952416419983
0.03999260067939758,0.42393431067466736,0.8238602876663208
0.04813845083117485,0.5673482418060303,1.0487327575683594
0.0467672273516655,0.6979798078536987,1.1656520366668701
0.07135286927223206,0.670952558517456,1.3844811916351318
0.03906327486038208,0.5555339455604553,0.9461666941642761
0.039865780621767044,0.6023886203765869,1.0010464191436768
0.04126414284110069,0.6231258511543274,1.0357673168182373
0.05117874592542648,0.6933420896530151,1.205129623413086
0.04404239356517792,0.577197790145874,1.0176217555999756
0.03472518175840378,0.5919148921966553,0.9391667246818542
0.04547359421849251,0.5799120664596558,1.0346479415893555
0.04875414818525314,0.5551869869232178,1.0427284240722656
0.04001035541296005,0.5834709405899048,0.9835745096206665
0.05571410059928894,0.6828254461288452,1.2399663925170898
0.04175221920013428,0.6683448553085327,1.0858670473098755
0.059118226170539856,0.6617676019668579,1.252949833869934
0.036155685782432556,0.4716387391090393,0.8331955671310425
0.04139894247055054,0.6290685534477234,1.043057918548584
0.04826916754245758,0.6352579593658447,1.1179496049880981
0.04787115007638931,0.5627566576004028,1.0414681434631348
0.04381847381591797,0.5508909821510315,0.9890757203102112
0.053267911076545715,0.6369601488113403,1.169639229774475
0.045092999935150146,0.5731635093688965,1.024093508720398
0.06000986322760582,0.6304324865341187,1.230531096458435
0.04842008650302887,0.6642841100692749,1.1484849452972412
0.038707006722688675,0.5636278390884399,0.9506978988647461
0.03715229034423828,0.5791250467300415,0.9506479501724243
0.04766187071800232,0.6466085314750671,1.1232272386550903
0.05969151854515076,0.6780757904052734,1.2749910354614258
0.04567835479974747,0.5693386793136597,1.0261222124099731
0.044374238699674606,0.6688313484191895,1.1125737428665161
0.040202222764492035,0.6225966215133667,1.0246188640594482
0.04726048558950424,0.6726769208908081,1.1452817916870117
0.0543917752802372,0.6191568970680237,1.1630747318267822
0.038711413741111755,0.6336883902549744,1.0208024978637695
0.04830002412199974,0.5632825493812561,1.0462827682495117
0.04679077863693237,0.5358878970146179,1.0037956237792969
0.054257020354270935,0.6405437588691711,1.1831140518188477
0.045762401074171066,0.6654298305511475,1.123053789138794
0.042997539043426514,0.6025751233100891,1.032550573348999
0.039583057165145874,0.6484249830245972,1.0442554950714111
0.041936155408620834,0.6543006896972656,1.073662281036377
0.03872521594166756,0.46251538395881653,0.8497675657272339
0.04472946375608444,0.6427708268165588,1.0900654792785645
0.03456127643585205,0.5613372325897217,0.9069499969482422
0.04158367961645126,0.5709718465805054,0.9868086576461792
0.07026740163564682,0.6808815598487854,1.3835556507110596
0.04789452999830246,0.5669586062431335,1.0459039211273193
0.040821563452482224,0.6528335809707642,1.061049222946167
0.03997834026813507,0.6204538345336914,1.0202372074127197
0.0398111492395401,0.6382980346679688,1.0364094972610474
0.052171848714351654,0.5217162370681763,1.043434739112854
0.04804186522960663,0.622855007648468,1.103273630142212
0.04579128697514534,0.6908681392669678,1.1487810611724854
0.035843994468450546,0.5877273082733154,0.9461672306060791
0.05520153418183327,0.6319873332977295,1.1840026378631592
0.042471133172512054,0.5784212946891785,1.0031325817108154
0.04650215059518814,0.6285958886146545,1.0936174392700195
0.044843725860118866,0.6067579984664917,1.0551953315734863
0.04878999665379524,0.6585389375686646,1.1464388370513916
0.05566297471523285,0.6682006120681763,1.2248303890228271
0.0411791130900383,0.5628342032432556,0.9746253490447998
0.05148911476135254,0.6950491666793823,1.2099403142929077
0.05588676035404205,0.6532257795333862,1.2120933532714844
0.03496146202087402,0.539411187171936,0.8890258073806763
0.04751593619585037,0.5723365545272827,1.0474958419799805
0.052584853023290634,0.7124401330947876,1.2382886409759521
0.045125048607587814,0.5064650774002075,0.9577155709266663
0.043228574097156525,0.4409220814704895,0.8732078075408936
0.03507046401500702,0.6616787910461426,1.0123834609985352
0.044591017067432404,0.5796987414360046,1.0256088972091675
0.05287902057170868,0.6476707458496094,1.1764609813690186
0.03946184366941452,0.652483344078064,1.0471017360687256
0.04762455075979233,0.5121161937713623,0.9883617162704468
0.04623838886618614,0.6813912391662598,1.1437751054763794
0.046716637909412384,0.7244957685470581,1.191662073135376
0.054692041128873825,0.6499184370040894,1.1968388557434082
0.03934149444103241,0.539455235004425,0.9328701496124268
0.040262371301651,0.6017310619354248,1.00435471534729
0.03689498081803322,0.6322659850120544,1.0012158155441284
0.048771053552627563,0.6221701502799988,1.1098806858062744
0.05097503215074539,0.6881795525550842,1.197929859161377
0.05612202733755112,0.5807796716690063,1.1419999599456787
0.039058830589056015,0.5703699588775635,0.9609582424163818
0.038129016757011414,0.5118619799613953,0.893152117729187
0.038171589374542236,0.6601724028587341,1.0418882369995117
0.04032793268561363,0.6438004970550537,1.0470798015594482
0.040334172546863556,0.6435261964797974,1.046867847442627
0.043345510959625244,0.6144617795944214,1.0479168891906738
0.0569729283452034,0.6440999507904053,1.2138292789459229
0.050487346947193146,0.5675226449966431,1.0723960399627686
0.04065542295575142,0.6007637977600098,1.0073180198669434
0.039767540991306305,0.4950598478317261,0.8927352428436279
0.03851666301488876,0.5353893041610718,0.9205559492111206
0.04337358474731445,0.5356816053390503,0.9694174528121948
0.03275873512029648,0.5865277051925659,0.9141150712966919
0.047798968851566315,0.6190674304962158,1.0970571041107178
0.04795844852924347,0.4866357147693634,0.9662202000617981
0.0434168241918087,0.5477648377418518,0.9819331169128418
0.04048473760485649,0.6656994223594666,1.0705468654632568
0.06278522312641144,0.6925896406173706,1.3204418420791626
0.04438158869743347,0.7039379477500916,1.1477538347244263
0.04943067580461502,0.6578564047813416,1.1521631479263306
0.038954488933086395,0.526867687702179,0.9164125919342041
0.0549139603972435,0.7046233415603638,1.25376296043396
0.04688127338886261,0.5557680726051331,1.0245808362960815
0.05912645533680916,0.712661623954773,1.3039262294769287
0.04881441593170166,0.6771425604820251,1.1652867794036865
0.03871307149529457,0.6388083100318909,1.0259389877319336
0.04197654128074646,0.5726563930511475,0.9924218058586121
0.05108542740345001,0.7079765796661377,1.2188308238983154
0.044038813561201096,0.572655200958252,1.0130434036254883
0.045145001262426376,0.6603416800498962,1.111791729927063
0.041261255741119385,0.6379412412643433,1.050553798675537
0.04260688275098801,0.599541962146759,1.0256108045578003
0.04307173192501068,0.6783915758132935,1.1091089248657227
0.04543057084083557,0.6092631816864014,1.0635688304901123
0.059289559721946716,0.6958038806915283,1.2886995077133179
0.047718241810798645,0.5494980812072754,1.0266804695129395
0.0465884804725647,0.6785674095153809,1.1444522142410278
0.053568050265312195,0.6547495126724243,1.1904300451278687
0.05265698954463005,0.5039620399475098,1.030531883239746
0.039622098207473755,0.6034032702445984,0.9996242523193359
0.047124214470386505,0.6708597540855408,1.1421018838882446
0.04604706913232803,0.5882344245910645,1.0487051010131836
0.043366964906454086,0.6550869941711426,1.0887566804885864
0.05636191368103027,0.6666384339332581,1.230257511138916
0.03868914768099785,0.5032448768615723,0.8901363611221313
0.04324137046933174,0.5997257232666016,1.0321394205093384
0.04742138832807541,0.7097706198692322,1.1839845180511475
0.044927455484867096,0.6516262292861938,1.1009007692337036
0.04911070317029953,0.5385543704032898,1.0296614170074463
0.049594998359680176,0.6163985729217529,1.1123485565185547
0.043088216334581375,0.5340720415115356,0.9649541974067688
0.05177626758813858,0.5920848846435547,1.1098475456237793
0.034522637724876404,0.632665753364563,0.9778921604156494
0.03733086585998535,0.5284280776977539,0.9017367362976074
0.059958383440971375,0.6954392790794373,1.2950232028961182
0.05102027207612991,0.6608763337135315,1.1710790395736694
0.053435757756233215,0.6619777679443359,1.1963353157043457
0.04041207581758499,0.6160761117935181,1.0201969146728516
0.04723963886499405,0.6137580275535583,1.0861544609069824
0.036494605243206024,0.5996898412704468,0.9646359086036682
0.03580520674586296,0.5765396952629089,0.9345917701721191
0.06379552185535431,0.7446762323379517,1.3826314210891724
0.043064624071121216,0.5448580980300903,0.9755043387413025
0.04232034832239151,0.6773241758346558,1.1005276441574097
0.05571775883436203,0.5251320600509644,1.0823097229003906
0.041299622505903244,0.5501776933670044,0.9631739258766174
0.049727167934179306,0.6653521060943604,1.1626237630844116
0.045684367418289185,0.5100743770599365,0.9669180512428284
0.038683436810970306,0.6076302528381348,0.994464635848999
0.04984289035201073,0.6181967258453369,1.1166256666183472
0.05045735836029053,0.6387169361114502,1.1432905197143555
0.039221372455358505,0.594017744064331,0.9862314462661743
0.040550827980041504,0.5505541563034058,0.9560624361038208
0.050466977059841156,0.6407225728034973,1.1453924179077148
0.06646154820919037,0.6343536972999573,1.2989692687988281
0.05605744197964668,0.7317953109741211,1.2923697233200073
0.03508966788649559,0.7056945562362671,1.056591272354126
0.04006589204072952,0.6225864291191101,1.0232453346252441
0.04236391931772232,0.6469078660011292,1.070547103881836
0.04075709730386734,0.630184531211853,1.0377554893493652
0.04320208728313446,0.5865925550460815,1.0186134576797485
0.045382216572761536,0.6062904596328735,1.0601125955581665
0.04851438105106354,0.5675369501113892,1.0526807308197021
0.04268721491098404,0.6628367900848389,1.089708924293518
0.040965497493743896,0.6415092945098877,1.0511642694473267
0.04925742372870445,0.6596322059631348,1.1522064208984375
0.03335605561733246,0.5197140574455261,0.8532745838165283
0.03765471652150154,0.5445924997329712,0.921139657497406
0.04935683682560921,0.6634585857391357,1.157027006149292
0.04299250245094299,0.5796775817871094,1.0096025466918945
0.036397550255060196,0.6015559434890747,0.9655314683914185
0.05278318375349045,0.6687653064727783,1.1965970993041992
0.03769990801811218,0.6255691647529602,1.002568244934082
0.035918451845645905,0.47001948952674866,0.8292039632797241
0.0647955909371376,0.5907498598098755,1.2387057542800903
0.03807111084461212,0.6679351329803467,1.0486462116241455
0.040541499853134155,0.6072548031806946,1.0126698017120361
0.03987083584070206,0.5607583522796631,0.9594666957855225
0.04503311961889267,0.5450932383537292,0.9954244494438171
0.04080856591463089,0.5764906406402588,0.9845762848854065
0.05549745261669159,0.6956778168678284,1.2506523132324219
0.049153245985507965,0.6256405711174011,1.1171729564666748
0.05272524058818817,0.6824342608451843,1.2096867561340332
0.03644046187400818,0.5702767372131348,0.9346813559532166
0.05890444293618202,0.6801695823669434,1.2692140340805054
0.04137980192899704,0.5324846506118774,0.946282684803009
0.04751370847225189,0.7039191722869873,1.1790562868118286
0.042410194873809814,0.626329779624939,1.050431728363037
0.04772375896573067,0.6717464327812195,1.1489839553833008
0.037043578922748566,0.5394923090934753,0.9099280834197998
0.04604922980070114,0.6603909730911255,1.1208832263946533
0.06154671683907509,0.7164995670318604,1.331966757774353
0.04474220797419548,0.5636796355247498,1.0111017227172852
0.039185602217912674,0.47281718254089355,0.8646731972694397
0.04528377205133438,0.6688638925552368,1.1217015981674194
0.05221341550350189,0.68628990650177,1.2084240913391113
0.0470985546708107,0.7035689353942871,1.174554467201233
0.04080876335501671,0.6308844089508057,1.038972020149231
0.04832092672586441,0.678475558757782,1.1616847515106201
0.03883085399866104,0.6255427598953247,1.013851284980774
0.042881108820438385,0.6621843576431274,1.09099543094635
0.042525939643383026,0.5381131172180176,0.963372528553009
0.04639565572142601,0.5794596672058105,1.0434162616729736
0.0583832710981369,0.48134148120880127,1.0651742219924927
0.03370915353298187,0.4393700957298279,0.7764616012573242
0.05352591723203659,0.6257592439651489,1.1610183715820312
0.04556720703840256,0.6510863304138184,1.1067583560943604
0.04091569408774376,0.5430333614349365,0.9521902799606323
0.042381443083286285,0.5685486197471619,0.9923630356788635
0.040557511150836945,0.5804234743118286,0.9859985709190369
0.04837628826498985,0.6819220781326294,1.1656849384307861
0.0397920086979866,0.5617921352386475,0.9597122073173523
0.0400620698928833,0.6755990982055664,1.0762197971343994
0.04857925698161125,0.630725622177124,1.116518259048462
0.042389124631881714,0.5888266563415527,1.0127179622650146
0.05088489502668381,0.6516399383544922,1.1604888439178467
0.04346771538257599,0.6958616971969604,1.130538821220398
0.05642111226916313,0.7134301066398621,1.2776412963867188
0.048409976065158844,0.679624617099762,1.163724422454834
0.05449680984020233,0.5636227130889893,1.108590841293335
0.056582286953926086,0.6531562805175781,1.2189791202545166
0.04750632494688034,0.5024526119232178,0.9775158762931824
0.04955866560339928,0.5049015879631042,1.00048828125
0.04296906292438507,0.5673657059669495,0.9970563650131226
0.04465900734066963,0.6547538042068481,1.1013438701629639
0.04070904850959778,0.602497398853302,1.0095878839492798
0.05914677679538727,0.6666514873504639,1.2581192255020142
0.05420064181089401,0.636203408241272,1.1782097816467285
0.04093906283378601,0.5725669860839844,0.9819576144218445
0.044656820595264435,0.6369966864585876,1.0835648775100708
0.04059353470802307,0.5913213491439819,0.9972566962242126
0.038921959698200226,0.6270157098770142,1.0162353515625
0.04267317056655884,0.5663580894470215,0.9930897951126099
0.053011830896139145,0.664330005645752,1.1944482326507568
0.04494686424732208,0.6112771034240723,1.0607457160949707
0.03966588154435158,0.6047184467315674,1.0013772249221802
0.04421544075012207,0.5807854533195496,1.022939920425415
0.05422726646065712,0.609783411026001,1.152056097984314
0.04117771238088608,0.48636823892593384,0.8981453776359558
0.03843697905540466,0.4496271312236786,0.8339968919754028
0.03856591135263443,0.6848088502883911,1.0704679489135742
0.036354225128889084,0.5074411630630493,0.8709834218025208
0.06535512953996658,0.6794090270996094,1.3329603672027588
0.041054513305425644,0.6079906821250916,1.018535852432251
0.036754317581653595,0.5036782026290894,0.8712213635444641
0.04683320224285126,0.6306406855583191,1.0989726781845093
0.05889871343970299,0.6399847269058228,1.2289718389511108
0.03695106878876686,0.43138831853866577,0.8008990287780762
0.0826701819896698,0.7319397926330566,1.5586416721343994
0.06325080990791321,0.7096625566482544,1.3421707153320312
0.05997142940759659,0.6999264359474182,1.2996406555175781
0.042200855910778046,0.6166867017745972,1.0386953353881836
0.03752973675727844,0.5174013376235962,0.8926987051963806
0.050537027418613434,0.6286558508872986,1.134026050567627
0.044992778450250626,0.6089068651199341,1.0588346719741821
0.0485355481505394,0.5856636762619019,1.071019172668457
0.04175487160682678,0.6527047157287598,1.0702533721923828
0.04908451810479164,0.6234709024429321,1.1143161058425903
0.04712234437465668,0.6887105703353882,1.1599340438842773
0.0374581515789032,0.5449681878089905,0.9195497035980225
0.04476834088563919,0.6379536390304565,1.085637092590332
0.04294152557849884,0.5332778096199036,0.9626930952072144
0.04204176366329193,0.6325937509536743,1.053011417388916
0.048095524311065674,0.6238628029823303,1.1048181056976318
0.05159497261047363,0.5638174414634705,1.0797672271728516
0.04670620709657669,0.5450034141540527,1.0120654106140137
0.045174263417720795,0.6789921522140503,1.1307348012924194
0.055781133472919464,0.7008461356163025,1.258657455444336
0.05215251445770264,0.6179426312446594,1.139467716217041
0.058555252850055695,0.7465729713439941,1.3321254253387451
0.04307388886809349,0.5594607591629028,0.9901996850967407
0.043748319149017334,0.6126934289932251,1.0501766204833984
0.04043544828891754,0.593054473400116,0.9974089860916138
0.03989019989967346,0.620407223701477,1.0193092823028564
0.04863924905657768,0.5633401870727539,1.0497326850891113
0.043187499046325684,0.6910175085067749,1.1228924989700317
0.04137508571147919,0.5790532827377319,0.9928041696548462
0.04554647207260132,0.6524977087974548,1.1079623699188232
0.048420608043670654,0.6988425254821777,1.1830486059188843
0.03756970167160034,0.6290949583053589,1.0047919750213623
0.05479651689529419,0.6577749252319336,1.2057400941848755
0.04150048643350601,0.6858147382736206,1.1008195877075195
0.04629486799240112,0.690522313117981,1.1534709930419922
0.044561367481946945,0.55054771900177,0.9961614012718201
0.0546356700360775,0.6309947967529297,1.177351474761963
0.042592428624629974,0.6965385675430298,1.1224628686904907
0.045649681240320206,0.6864445209503174,1.1429413557052612
0.0409560352563858,0.398232102394104,0.8077924251556396
0.042788878083229065,0.6199915409088135,1.0478802919387817
0.059061769396066666,0.7130833864212036,1.3037011623382568
0.048974134027957916,0.6608065962791443,1.150547981262207
0.04859126731753349,0.5852129459381104,1.0711256265640259
0.047879546880722046,0.6195979714393616,1.098393440246582
0.04511529579758644,0.6769765615463257,1.128129482269287
0.04044110327959061,0.5706993341445923,0.9751103520393372
0.059362851083278656,0.6897373795509338,1.2833659648895264
0.04360966384410858,0.6934062242507935,1.1295028924942017
0.046525660902261734,0.6182558536529541,1.0835124254226685
0.034212175756692886,0.6272309422492981,0.9693527221679688
0.04355867579579353,0.5427994728088379,0.9783862233161926
0.04817609488964081,0.5301701426506042,1.01193106174469
0.04181216284632683,0.5440119504928589,0.9621335864067078
0.028237784281373024,0.42198652029037476,0.7043643593788147
0.04181342571973801,0.6355626583099365,1.053696870803833
0.04361870139837265,0.6437577605247498,1.0799448490142822
0.036543186753988266,0.6315864324569702,0.9970183372497559
0.04678404703736305,0.6379200220108032,1.1057604551315308
0.042142052203416824,0.5680035352706909,0.9894240498542786
0.04113170504570007,0.49395251274108887,0.9052695631980896
0.04706145077943802,0.5933386087417603,1.063953161239624
0.0505942702293396,0.7016456127166748,1.2075883150100708
0.041238222271203995,0.508400022983551,0.920782208442688
0.05404782295227051,0.6877700090408325,1.2282482385635376
0.05570483207702637,0.6653212308883667,1.2223695516586304
0.03844033554196358,0.5211473703384399,0.9055507183074951
0.036935873329639435,0.6027056574821472,0.9720643758773804
0.03930949419736862,0.5541681051254272,0.9472630620002747
0.049813412129879,0.6811888813972473,1.1793229579925537
0.03694240003824234,0.6212931275367737,0.9907171130180359
0.033066391944885254,0.5711560249328613,0.9018199443817139
0.04847239702939987,0.5751186013221741,1.059842586517334
0.039517879486083984,0.5025467872619629,0.8977255821228027
0.045506276190280914,0.6086426973342896,1.0637054443359375
0.04411797970533371,0.5652992725372314,1.006479024887085
0.04449404403567314,0.5850275754928589,1.029968023300171
0.038960546255111694,0.5240770578384399,0.9136825203895569
0.04841182753443718,0.6514647006988525,1.1355829238891602
0.03610449656844139,0.6458272933959961,1.006872296333313
0.03669892996549606,0.7051669359207153,1.0721561908721924
0.03532574325799942,0.584006667137146,0.937264084815979
0.043965015560388565,0.5535985827445984,0.993248701095581
0.041187502443790436,0.6864026784896851,1.0982776880264282
0.04949050396680832,0.6943982243537903,1.1893032789230347
0.04054926335811615,0.6849051117897034,1.0903977155685425
0.042942147701978683,0.4270395040512085,0.8564609885215759
0.03578075021505356,0.6078490018844604,0.9656565189361572
0.04893612116575241,0.651900589466095,1.1412618160247803
0.047747258096933365,0.5912795066833496,1.0687520503997803
0.04945584014058113,0.6252553462982178,1.1198136806488037
0.039114516228437424,0.40002983808517456,0.7911750078201294
0.03838798403739929,0.6587362289428711,1.0426161289215088
0.04233265668153763,0.6076750755310059,1.0310015678405762
0.056320320814847946,0.6663392782211304,1.2295424938201904
0.038123562932014465,0.5786265730857849,0.959862232208252
0.047347404062747955,0.4935920536518097,0.9670660495758057
0.0469014048576355,0.5994171500205994,1.0684311389923096
0.051323190331459045,0.49652719497680664,1.0097590684890747
0.040717221796512604,0.6358048915863037,1.0429770946502686
0.04971995949745178,0.5914884805679321,1.0886881351470947
0.039056457579135895,0.5807673931121826,0.9713319540023804
0.034519635140895844,0.6195086240768433,0.9647049903869629
0.05340540409088135,0.6906687617301941,1.2247228622436523
0.052681855857372284,0.6159588098526001,1.142777442932129
0.057195886969566345,0.6159707307815552,1.187929630279541
0.04825712740421295,0.6796473264694214,1.1622185707092285
0.0376996211707592,0.47925126552581787,0.8562474846839905
0.04060185328125954,0.5672694444656372,0.9732879400253296
0.046616628766059875,0.6459417939186096,1.1121081113815308
0.03558500111103058,0.5483685731887817,0.9042185544967651
0.03876746445894241,0.6539324522018433,1.041607141494751
0.04223673790693283,0.5773736834526062,0.9997410774230957
0.04465000331401825,0.5856777429580688,1.0321778059005737
0.05078210309147835,0.6836392283439636,1.1914602518081665
0.05034738779067993,0.7133733630180359,1.2168471813201904
0.03958971053361893,0.6079695224761963,1.0038666725158691
0.044507041573524475,0.6983954906463623,1.1434658765792847
0.051537059247493744,0.7273610830307007,1.2427316904067993
0.056392937898635864,0.698689341545105,1.2626187801361084
0.044009365141391754,0.6569695472717285,1.0970631837844849
0.051892444491386414,0.6505869030952454,1.169511318206787
0.0487329363822937,0.6923019289970398,1.179631233215332
0.055503856390714645,0.6877539157867432,1.2427924871444702
0.04844041168689728,0.6041703224182129,1.0885744094848633
0.04880436137318611,0.6608649492263794,1.1489086151123047
0.0469280406832695,0.6680483222007751,1.1373287439346313
0.05525326356291771,0.6053884029388428,1.1579210758209229
0.043811336159706116,0.5176849365234375,0.9557982683181763
0.052262578159570694,0.6192836761474609,1.1419094800949097
0.04596085101366043,0.6553323268890381,1.114940881729126
0.0497659407556057,0.6296008825302124,1.1272603273391724
0.04692113399505615,0.6192814707756042,1.0884928703308105
0.045896466821432114,0.6239340305328369,1.082898736000061
0.043450940400362015,0.6205390691757202,1.0550484657287598
0.043362632393836975,0.6463780403137207,1.080004334449768
0.04472750052809715,0.6241207122802734,1.071395754814148
0.043656088411808014,0.6763123273849487,1.1128731966018677
0.044081613421440125,0.5474430322647095,0.9882591962814331
0.042750753462314606,0.6105676889419556,1.0380752086639404
0.053370676934719086,0.6478121280670166,1.1815189123153687
0.039412401616573334,0.5445715188980103,0.9386955499649048
0.04161126911640167,0.5989086627960205,1.0150213241577148
0.046401429921388626,0.6143812537193298,1.0783956050872803
0.03665056824684143,0.6266175508499146,0.9931232333183289
0.03295256942510605,0.5565592646598816,0.8860849738121033
0.04044907167553902,0.5330184102058411,0.9375091195106506
0.04086163267493248,0.5966123342514038,1.0052286386489868
0.055665090680122375,0.6934303045272827,1.250081181526184
0.044533658772706985,0.6659439206123352,1.1112804412841797
0.04539980739355087,0.6264623403549194,1.0804604291915894
0.0457037091255188,0.6944774985313416,1.1515145301818848
0.04251312464475632,0.6682577133178711,1.0933890342712402
0.037847019731998444,0.6179466247558594,0.9964168071746826
0.046205222606658936,0.4612666964530945,0.9233189225196838
0.03904874250292778,0.5525712966918945,0.9430587291717529
0.05062498897314072,0.6821953058242798,1.1884452104568481
0.038074057549238205,0.6364132761955261,1.0171538591384888
0.04879952222108841,0.5714830160140991,1.0594782829284668
0.06276610493659973,0.7312767505645752,1.3589377403259277
0.04018011316657066,0.6574251055717468,1.0592262744903564
0.034407537430524826,0.5694066286087036,0.9134820103645325
0.04164980351924896,0.543326735496521,0.959824800491333
0.04377567768096924,0.6534416675567627,1.091198444366455
0.040168195962905884,0.611091136932373,1.012773036956787
0.043991945683956146,0.597751796245575,1.0376713275909424
0.0506524033844471,0.651538074016571,1.1580621004104614
0.055484116077423096,0.7212610840797424,1.2761023044586182
0.05827876552939415,0.5984395742416382,1.181227207183838
0.044446833431720734,0.6609278917312622,1.1053962707519531
0.05937497690320015,0.5444183349609375,1.1381680965423584
0.04125019907951355,0.5781426429748535,0.990644633769989
0.046507637947797775,0.492568701505661,0.957645058631897
0.05788135901093483,0.7180545330047607,1.296868085861206
0.04002952575683594,0.6015632748603821,1.0018584728240967
0.04856804013252258,0.5697814226150513,1.0554618835449219
0.04026399552822113,0.6636371612548828,1.0662771463394165
0.046780142933130264,0.6341930627822876,1.101994514465332
0.03894270211458206,0.6219596862792969,1.0113866329193115
0.04653565213084221,0.5769773721694946,1.0423338413238525
0.03550374507904053,0.5321540832519531,0.8871915340423584
0.04233751818537712,0.5642929673194885,0.9876681566238403
0.031435102224349976,0.5532165765762329,0.8675675988197327
0.037259429693222046,0.5972545146942139,0.9698488116264343
0.043754130601882935,0.6344810128211975,1.0720223188400269
0.04833703488111496,0.6033223271369934,1.0866926908493042
0.050771795213222504,0.6294960975646973,1.1372140645980835
0.05837623402476311,0.6446813941001892,1.2284437417984009
0.05152556300163269,0.6456013321876526,1.1608569622039795
0.05031251907348633,0.6411266326904297,1.144251823425293
0.03797783702611923,0.6076290607452393,0.9874074459075928
0.052690304815769196,0.6703587770462036,1.1972618103027344
0.04214062914252281,0.6007313132286072,1.0221376419067383
0.035693250596523285,0.5883963108062744,0.9453288316726685
0.050786226987838745,0.6698153018951416,1.1776776313781738
0.044881775975227356,0.6209101676940918,1.069727897644043
0.05060019716620445,0.6375440359115601,1.1435459852218628
0.042523015290498734,0.4792673587799072,0.904497504234314
0.047108203172683716,0.5221489667892456,0.9932309985160828
0.05025756359100342,0.4935917854309082,0.9961674213409424
0.03758887201547623,0.5533673763275146,0.9292560815811157
0.04391695559024811,0.5384726524353027,0.9776421785354614
0.04574652761220932,0.5461761355400085,1.0036413669586182
0.042999520897865295,0.6338712573051453,1.0638664960861206
0.03926801681518555,0.6569317579269409,1.0496119260787964
0.03916412591934204,0.667094349861145,1.0587356090545654
0.04432094842195511,0.6120182871818542,1.0552277565002441
0.04338090866804123,0.6483450531959534,1.0821541547775269
0.044273652136325836,0.5949198603630066,1.037656307220459
0.04977341368794441,0.6501291990280151,1.1478633880615234
0.040414780378341675,0.6011263132095337,1.0052740573883057
0.04404320940375328,0.6887052059173584,1.1291372776031494
0.040906764566898346,0.5833039283752441,0.9923715591430664
0.037452615797519684,0.41391319036483765,0.7884393334388733
0.03916647285223007,0.6093606948852539,1.0010254383087158
0.04213094711303711,0.6122540235519409,1.033563494682312
0.058274831622838974,0.6517884135246277,1.2345366477966309
0.042438358068466187,0.5987842082977295,1.0231678485870361
0.05539056658744812,0.6450958847999573,1.1990015506744385
0.0427352637052536,0.6404790878295898,1.0678317546844482
0.03592623025178909,0.6539446711540222,1.013206958770752
0.06119247525930405,0.5965484380722046,1.2084732055664062
0.04500838369131088,0.5881019830703735,1.0381858348846436
0.06517158448696136,0.6561665534973145,1.3078824281692505
0.03868485987186432,0.5696704387664795,0.9565190076828003
0.04516862332820892,0.6280621290206909,1.0797483921051025
0.04250255227088928,0.5260897278785706,0.9511152505874634
0.05884891748428345,0.6855525374412537,1.2740416526794434
0.03105948120355606,0.6104705929756165,0.9210653901100159
0.04897378385066986,0.4754340648651123,0.9651719331741333
0.038514986634254456,0.46391135454177856,0.8490612506866455
0.06072043627500534,0.6352899074554443,1.2424943447113037
0.039193689823150635,0.535507321357727,0.9274442195892334
0.03980588540434837,0.45477113127708435,0.8528299927711487
0.05193110927939415,0.6754562854766846,1.1947673559188843
0.04041707143187523,0.59990394115448,1.0040746927261353
0.04410013556480408,0.6767269372940063,1.1177282333374023
0.04815949499607086,0.6795511245727539,1.1611460447311401
0.04114075005054474,0.727515459060669,1.138922929763794
0.05440177395939827,0.683199942111969,1.227217674255371
0.04013105109333992,0.5252282619476318,0.9265387654304504
0.03593488037586212,0.5948901772499084,0.954239010810852
0.04060368984937668,0.6410604119300842,1.0470973253250122
0.03621227294206619,0.6388012170791626,1.0009238719940186
0.04038417339324951,0.6199475526809692,1.0237892866134644
0.036135222762823105,0.5942906141281128,0.955642819404602
0.059080109000205994,0.7158128619194031,1.3066139221191406
0.04319215565919876,0.654168426990509,1.0860899686813354
0.05274179205298424,0.7153345346450806,1.2427524328231812
0.04617144539952278,0.5115848779678345,0.9732993245124817
0.05222640559077263,0.6121193766593933,1.1343834400177002
0.056901417672634125,0.6875062584877014,1.2565205097198486
0.037666648626327515,0.507352888584137,0.8840193748474121
0.03747832402586937,0.6032211780548096,0.9780044555664062
0.043782513588666916,0.46381378173828125,0.901638925075531
0.0485980287194252,0.6405184268951416,1.1264986991882324
0.05387839674949646,0.6890498399734497,1.2278337478637695
0.04830101504921913,0.6828405857086182,1.1658507585525513
0.040229432284832,0.6621929407119751,1.0644872188568115
0.05051189661026001,0.6076631546020508,1.1127821207046509
0.04167383909225464,0.48702019453048706,0.9037585854530334
0.03953640162944794,0.45185843110084534,0.8472224473953247
0.040085211396217346,0.6237480640411377,1.0246001482009888
0.056989751756191254,0.7058149576187134,1.275712490081787
0.05499199777841568,0.5584200620651245,1.1083400249481201
0.050220996141433716,0.6457656621932983,1.1479756832122803
0.030815565958619118,0.5199254751205444,0.8280811309814453
0.03901363164186478,0.5503584146499634,0.94049471616745
0.04560144618153572,0.6297734379768372,1.0857878923416138
0.042533934116363525,0.6489201784133911,1.0742595195770264
0.04091334342956543,0.542167067527771,0.9513005018234253
0.042719416320323944,0.5931825041770935,1.0203766822814941
0.03261549770832062,0.6624600887298584,0.9886150360107422
0.050241537392139435,0.6729141473770142,1.1753294467926025
0.04919280856847763,0.6445651054382324,1.13649320602417
0.043643057346343994,0.6948914527893066,1.1313220262527466
0.04699186980724335,0.6328379511833191,1.1027566194534302
0.03816854581236839,0.6119863390922546,0.9936717748641968
0.03729863092303276,0.5925436019897461,0.9655299186706543
0.05053981766104698,0.4923052489757538,0.9977034330368042
0.05447281524538994,0.6069084405899048,1.1516366004943848
0.04608701169490814,0.5823624134063721,1.0432325601577759
0.04535900428891182,0.5622236132621765,1.0158135890960693
0.036769311875104904,0.6544635891914368,1.0221567153930664
0.04486537352204323,0.6451007127761841,1.0937544107437134
0.04473347216844559,0.6339236497879028,1.0812582969665527
0.04755021631717682,0.6828416585922241,1.15834379196167
0.03314914554357529,0.5755103826522827,0.9070018529891968
0.03590517118573189,0.4722481966018677,0.831299901008606
0.041150450706481934,0.45536521077156067,0.8668696880340576
0.0539875365793705,0.7351945638656616,1.2750699520111084
0.05446145683526993,0.6487993597984314,1.1934139728546143
0.05195509269833565,0.613084614276886,1.1326355934143066
0.06207388639450073,0.6622483134269714,1.282987117767334
0.03600579500198364,0.563295841217041,0.9233537912368774
0.03534438833594322,0.5574959516525269,0.9109398126602173
0.04959051311016083,0.6730682849884033,1.168973445892334
0.04168212413787842,0.4963113069534302,0.9131325483322144
0.04667625203728676,0.6307891011238098,1.0975515842437744
0.043636903166770935,0.690755307674408,1.127124309539795
0.04240378737449646,0.5844721794128418,1.0085101127624512
0.0458904393017292,0.6871474981307983,1.1460518836975098
0.04484626650810242,0.5979371070861816,1.0463998317718506
0.04045231640338898,0.591460108757019,0.9959832429885864
0.037311360239982605,0.60545814037323,0.9785717725753784
0.03756938874721527,0.6064955592155457,0.982189416885376
0.04696634039282799,0.6170964241027832,1.0867598056793213
0.04126927629113197,0.5657649636268616,0.9784576892852783
0.04995410144329071,0.6687111854553223,1.1682522296905518
0.04246339946985245,0.45934128761291504,0.8839752674102783
0.03651547059416771,0.5623759627342224,0.9275306463241577
0.0540715791285038,0.6675636768341064,1.2082794904708862
0.035315848886966705,0.39700746536254883,0.7501659393310547
0.038933165371418,0.6398369073867798,1.0291686058044434
0.0447690412402153,0.6373693943023682,1.0850598812103271
0.055851589888334274,0.5960859656333923,1.154601812362671
0.038562096655368805,0.647936224937439,1.0335571765899658
0.04020587354898453,0.641797661781311,1.0438563823699951
0.05703374370932579,0.6580333709716797,1.2283707857131958
0.04031357914209366,0.6522129774093628,1.0553487539291382
0.041150178760290146,0.5512710809707642,0.9627728462219238
0.046247344464063644,0.6674767732620239,1.1299502849578857
0.040028806775808334,0.6018472909927368,1.0021353960037231
0.04045369103550911,0.5670444965362549,0.9715813994407654
0.06292547285556793,0.5664827823638916,1.1957374811172485
0.04114608094096184,0.4948495328426361,0.9063103199005127
0.04959055781364441,0.6830022931098938,1.178907871246338
0.036511559039354324,0.6117039918899536,0.9768195748329163
0.0437462255358696,0.6908230781555176,1.1282854080200195
0.05023568868637085,0.7221931219100952,1.2245500087738037
0.044518619775772095,0.6794092059135437,1.1245954036712646
0.045264288783073425,0.6724122762680054,1.125055193901062
0.04241783171892166,0.5986727476119995,1.0228509902954102
0.04460946470499039,0.6596074104309082,1.1057020425796509
0.04138178378343582,0.6741279363632202,1.0879456996917725
0.03168773278594017,0.5682939887046814,0.8851712942123413
0.060942940413951874,0.7103359699249268,1.319765329360962
0.04321267455816269,0.6651692390441895,1.0972959995269775
0.044173240661621094,0.5552817583084106,0.9970141649246216
0.04153328388929367,0.6363558173179626,1.0516886711120605
0.03905943036079407,0.6165088415145874,1.0071032047271729
0.05019000917673111,0.5351954698562622,1.037095546722412
0.04009073227643967,0.704546332359314,1.1054537296295166
0.04109840467572212,0.48136401176452637,0.892348051071167
0.05125937610864639,0.6801084876060486,1.192702293395996
0.03906058520078659,0.567049503326416,0.9576553702354431
0.04448302835226059,0.5104255080223083,0.9552558064460754
0.04178295657038689,0.6446812152862549,1.0625107288360596
0.04842159524559975,0.6905326843261719,1.1747486591339111
0.03740101680159569,0.5506621599197388,0.9246723651885986
0.03975912183523178,0.6284406781196594,1.0260319709777832
0.03690985590219498,0.5894961953163147,0.9585947394371033
0.043291252106428146,0.6406705379486084,1.0735831260681152
0.03985891491174698,0.6221935153007507,1.020782709121704
0.05789778754115105,0.6434553265571594,1.2224332094192505
0.050044432282447815,0.7011657953262329,1.2016100883483887
0.040633656084537506,0.677375078201294,1.0837116241455078
0.0418853834271431,0.590130090713501,1.008983850479126
0.05060357600450516,0.6837437152862549,1.18977952003479
0.047086283564567566,0.6462503671646118,1.1171132326126099
0.04191698879003525,0.5720434188842773,0.991213321685791
0.04749307036399841,0.49249371886253357,0.9674243927001953
0.04365891218185425,0.659559965133667,1.0961490869522095
0.040236152708530426,0.6400407552719116,1.0424022674560547
0.04056916385889053,0.6313801407814026,1.037071704864502
0.04561304673552513,0.5560814142227173,1.0122119188308716
0.03869618475437164,0.5558720827102661,0.9428339004516602
0.03923208266496658,0.6487250328063965,1.041045904159546
0.06670129299163818,0.6804823279380798,1.3474953174591064
0.04345718026161194,0.5012238025665283,0.9357956051826477
0.04009063541889191,0.5894912481307983,0.990397572517395
0.0567980632185936,0.6872209310531616,1.2552015781402588
0.05953841283917427,0.6408188939094543,1.2362029552459717
0.037116967141628265,0.6054099798202515,0.9765796661376953
0.04001898691058159,0.6028954982757568,1.0030853748321533
0.03969179093837738,0.5668206810951233,0.9637385606765747
0.03261132165789604,0.37662774324417114,0.7027409672737122
0.056628983467817307,0.6640108823776245,1.2303006649017334
0.033104680478572845,0.64213627576828,0.9731830954551697
0.03591487556695938,0.6178674697875977,0.9770162105560303
0.04226861894130707,0.5753819942474365,0.9980682134628296
0.03946486860513687,0.6071868538856506,1.001835584640503
0.046980857849121094,0.5637447237968445,1.0335533618927002
0.033528123050928116,0.5622974634170532,0.8975787162780762
0.05049043893814087,0.6343529224395752,1.1392573118209839
0.04635238274931908,0.6216264963150024,1.0851503610610962
0.03440385311841965,0.5051549673080444,0.8491935133934021
0.04381037503480911,0.5545811653137207,0.9926849007606506
0.041859596967697144,0.5675501823425293,0.9861461520195007
0.05069191753864288,0.595306396484375,1.1022255420684814
0.047764264047145844,0.5939873456954956,1.0716300010681152
0.035694025456905365,0.4170941114425659,0.7740343809127808
0.039055678993463516,0.48495373129844666,0.8755105137825012
0.04382488504052162,0.5208378434181213,0.9590866565704346
0.05667626112699509,0.682306170463562,1.2490687370300293
0.04312429577112198,0.5357088446617126,0.9669517874717712
0.04030103236436844,0.6857393980026245,1.088749647140503
0.04244866967201233,0.600559651851654,1.0250463485717773
0.05124396085739136,0.6281272768974304,1.1405668258666992
0.04375256970524788,0.6140036582946777,1.0515294075012207
0.047292545437812805,0.6013270616531372,1.0742524862289429
0.04163727909326553,0.6157094240188599,1.032082200050354
0.03713469207286835,0.5859479308128357,0.9572948217391968
0.05533900856971741,0.7169244289398193,1.2703144550323486
0.04331577569246292,0.5275087952613831,0.9606665372848511
0.04390237480401993,0.6153700351715088,1.0543937683105469
0.041491709649562836,0.444710373878479,0.8596274852752686
0.04970329999923706,0.665749728679657,1.1627826690673828
0.037582360208034515,0.5361270308494568,0.9119506478309631
0.052751243114471436,0.5350044965744019,1.0625169277191162
0.05270196497440338,0.6211159229278564,1.1481355428695679
0.03653641790151596,0.653792142868042,1.0191563367843628
0.04071564972400665,0.556801974773407,0.9639585018157959
0.04843010753393173,0.6620737314224243,1.1463748216629028
0.05018312856554985,0.6191548109054565,1.1209861040115356
0.049310341477394104,0.6013748645782471,1.0944782495498657
0.03870696946978569,0.6225367784500122,1.0096064805984497
0.04754508286714554,0.7022531032562256,1.177703857421875
0.051871296018362045,0.6557623147964478,1.1744751930236816
0.040241025388240814,0.6760916709899902,1.0785019397735596
0.04827512055635452,0.5282334089279175,1.0109846591949463
0.03643452003598213,0.6429628729820251,1.007308006286621
0.04892539605498314,0.7159872055053711,1.2052412033081055
0.03833369165658951,0.61445552110672,0.9977924227714539
0.04024543613195419,0.6549823880195618,1.0574367046356201
0.03605588153004646,0.5107390284538269,0.8712978363037109
0.03338772431015968,0.677148699760437,1.0110259056091309
0.04274220019578934,0.678399384021759,1.1058213710784912
0.038523320108652115,0.6567612886428833,1.0419944524765015
0.04668840765953064,0.6792473793029785,1.1461315155029297
0.056144021451473236,0.7467485070228577,1.3081886768341064
0.031590547412633896,0.33886468410491943,0.6547701358795166
0.037220440804958344,0.5365771055221558,0.9087815284729004
0.04072263464331627,0.5382329821586609,0.9454593658447266
0.05642294883728027,0.6619162559509277,1.2261457443237305
0.0388801246881485,0.6099804043769836,0.998781681060791
0.04633587598800659,0.6432115435600281,1.1065702438354492
0.04251832515001297,0.650888204574585,1.0760715007781982
0.039730221033096313,0.5011183023452759,0.898420512676239
0.030338231474161148,0.44672882556915283,0.7501111030578613
0.06327758729457855,0.6676340699195862,1.3004100322723389
0.046182431280612946,0.6089472770690918,1.07077157497406
0.039255738258361816,0.5864153504371643,0.9789727330207825
0.050538524985313416,0.6865986585617065,1.191983938217163
0.037619248032569885,0.5697738528251648,0.945966362953186
0.03612546622753143,0.6159724593162537,0.9772270917892456
0.05504167824983597,0.6616011261940002,1.2120178937911987
0.05244200676679611,0.72172611951828,1.2461462020874023
0.036401063203811646,0.7170431017875671,1.0810537338256836
0.03417409583926201,0.4529993534088135,0.7947403192520142
0.04182036221027374,0.5755470991134644,0.9937506914138794
0.05445077270269394,0.6810608506202698,1.2255685329437256
0.04106319323182106,0.5547593832015991,0.9653912782669067
0.04502313956618309,0.5984523892402649,1.048683762550354
0.0396210178732872,0.5001783967018127,0.896388590335846
0.041496410965919495,0.6342443227767944,1.049208402633667
0.041257020086050034,0.6974692940711975,1.110039472579956
0.041240282356739044,0.5568448901176453,0.9692476987838745
0.045213110744953156,0.5957117080688477,1.0478427410125732
0.03518391773104668,0.4722207188606262,0.8240599036216736
0.05438990145921707,0.6941299438476562,1.2380290031433105
0.038161590695381165,0.4497475028038025,0.8313634395599365
0.05371338874101639,0.6741117835044861,1.2112456560134888
0.04903494194149971,0.678046464920044,1.1683958768844604
0.03935785964131355,0.6237185597419739,1.0172971487045288
0.045886531472206116,0.6307131052017212,1.08957839012146
0.03930879384279251,0.5345510840415955,0.9276390075683594
0.056888647377491,0.6339771747589111,1.2028636932373047
0.051053911447525024,0.6784991025924683,1.1890382766723633
0.03472887724637985,0.477680504322052,0.8249692916870117
0.04158741980791092,0.600731611251831,1.0166058540344238
0.04421026259660721,0.6046592593193054,1.0467618703842163
0.04486636444926262,0.5009090900421143,0.949572741985321
0.031744059175252914,0.6008059978485107,0.9182466268539429
0.04676384851336479,0.6978378891944885,1.1654763221740723
0.049302056431770325,0.6579844951629639,1.1510050296783447
0.04457113891839981,0.5996316075325012,1.0453429222106934
0.06240493059158325,0.5975472927093506,1.221596598625183
0.049345944076776505,0.6808703541755676,1.1743297576904297
0.052031416445970535,0.6201571822166443,1.140471339225769
0.04603997617959976,0.6924079656600952,1.1528077125549316
0.04221834987401962,0.521217405796051,0.9434009194374084
0.058513343334198,0.5785559415817261,1.163689374923706
0.04127121716737747,0.5182517170906067,0.9309638738632202
0.046913374215364456,0.5642683506011963,1.0334020853042603
0.0549096055328846,0.6787435412406921,1.2278395891189575
0.04588436335325241,0.6275005340576172,1.0863442420959473
0.030726857483386993,0.6373199820518494,0.9445885419845581
0.04447202757000923,0.7040163278579712,1.148736596107483
0.039044007658958435,0.4901005029678345,0.8805406093597412
0.03962963819503784,0.598289430141449,0.9945858120918274
0.035788197070360184,0.6444993019104004,1.0023813247680664
0.04382985085248947,0.5556379556655884,0.9939364790916443
0.04277496039867401,0.6171627044677734,1.044912338256836
0.03569471463561058,0.6911934614181519,1.0481406450271606
0.04060682654380798,0.6224175691604614,1.0284857749938965
0.044076524674892426,0.5734047889709473,1.0141700506210327
0.03694045916199684,0.5944643020629883,0.9638688564300537
0.03881010413169861,0.6568331718444824,1.0449342727661133
0.0476214699447155,0.6277839541435242,1.1039986610412598
0.04991097003221512,0.6994691491127014,1.1985788345336914
0.05265916883945465,0.6501489281654358,1.1767406463623047
0.04944474995136261,0.6880339980125427,1.1824815273284912
0.0478564091026783,0.6494902968406677,1.1280543804168701
0.058313772082328796,0.6896941661834717,1.272831916809082
0.03781260550022125,0.567641019821167,0.9457670450210571
0.0541345588862896,0.6193253993988037,1.1606709957122803
0.050619155168533325,0.5571227073669434,1.0633141994476318
0.05813363939523697,0.6833325624465942,1.2646689414978027
0.0372430793941021,0.6504841446876526,1.0229148864746094
0.034013912081718445,0.5792378783226013,0.9193769693374634
0.04852936789393425,0.6505131721496582,1.1358067989349365
0.040241144597530365,0.6927341222763062,1.095145583152771
0.045039694756269455,0.6974908113479614,1.1478877067565918
0.04211832210421562,0.5742098093032837,0.9953930377960205
0.04067249596118927,0.6401822566986084,1.0469071865081787
0.03774027153849602,0.6534397602081299,1.0308425426483154
0.044560983777046204,0.593528687953949,1.0391385555267334
0.033973533660173416,0.4892078936100006,0.8289432525634766
0.04793398082256317,0.6099990010261536,1.089338779449463
0.05022474750876427,0.6439712047576904,1.1462186574935913
0.04090401902794838,0.5314634442329407,0.9405035972595215
0.04657754674553871,0.6507839560508728,1.116559386253357
0.0464196503162384,0.49752962589263916,0.9617261290550232
0.0367908738553524,0.47154760360717773,0.83945631980896
0.0378941111266613,0.5506516695022583,0.9295927882194519
0.03882358968257904,0.6006585359573364,0.9888944625854492
0.050470247864723206,0.6454189419746399,1.1501214504241943
0.03326009586453438,0.6734905242919922,1.0060914754867554
0.040870193392038345,0.6106478571891785,1.0193498134613037
0.05902784317731857,0.6958800554275513,1.286158561706543
0.0501285158097744,0.643511950969696,1.1447970867156982
0.03253118321299553,0.5742024183273315,0.8995142579078674
0.040143340826034546,0.5091661810874939,0.9105995893478394
0.041343726217746735,0.5732383728027344,0.9866756200790405
0.047537095844745636,0.6497777700424194,1.1251487731933594
0.047738321125507355,0.6840229034423828,1.1614060401916504
0.038576602935791016,0.6472353935241699,1.03300142288208
0.04050400108098984,0.6301004886627197,1.0351405143737793
0.045523930341005325,0.5556549429893494,1.0108942985534668
0.03176836296916008,0.44218873977661133,0.7598723769187927
0.04040784388780594,0.5319076776504517,0.9359861016273499
0.038818612694740295,0.6417752504348755,1.029961347579956
0.038233231753110886,0.7125524282455444,1.0948847532272339
0.03452926501631737,0.5799270272254944,0.9252196550369263
0.039986710995435715,0.6634470224380493,1.0633141994476318
0.042558588087558746,0.6156664490699768,1.0412523746490479
0.03337783366441727,0.5410867929458618,0.8748651146888733
0.04573184996843338,0.6718032360076904,1.1291217803955078
0.0616588294506073,0.7269762754440308,1.343564510345459
0.05100379139184952,0.6486496925354004,1.1586875915527344
0.03783058375120163,0.6489946842193604,1.0273005962371826
0.037389546632766724,0.6535703539848328,1.0274658203125
0.04249279573559761,0.6395069360733032,1.0644348859786987
0.0358908474445343,0.4675189256668091,0.8264274001121521
0.034209735691547394,0.5697029829025269,0.9118003249168396
0.04395069181919098,0.5874695181846619,1.026976466178894
0.032179053872823715,0.6681698560714722,0.9899604320526123
0.052722424268722534,0.6739726066589355,1.2011969089508057
0.0381406806409359,0.6085172891616821,0.9899240732192993
0.037170473486185074,0.581479549407959,0.9531842470169067
0.04373551160097122,0.5793020725250244,1.0166571140289307
0.04024171829223633,0.5120363235473633,0.9144535064697266
0.03621749207377434,0.5535122156143188,0.9156871438026428
0.04118507355451584,0.6480203866958618,1.0598711967468262
0.03851062059402466,0.5491588115692139,0.9342650175094604
0.04565003514289856,0.6141618490219116,1.070662260055542
0.043232738971710205,0.521072506904602,0.9533998966217041
0.04328170418739319,0.5574659109115601,0.9902829527854919
0.03796061873435974,0.6001120209693909,0.9797182083129883
0.040891245007514954,0.5338350534439087,0.9427474737167358
0.04627411067485809,0.6839433312416077,1.1466844081878662
0.04812610149383545,0.6674188375473022,1.1486798524856567
0.04427335783839226,0.6298601031303406,1.0725936889648438
0.046088412404060364,0.4714012145996094,0.9322853088378906
0.04058251529932022,0.5838987827301025,0.9897239208221436
0.04047481343150139,0.5381467342376709,0.9428948760032654
0.05539762228727341,0.6314274072647095,1.18540358543396
0.0401301309466362,0.6394287347793579,1.0407299995422363
0.03250504657626152,0.5709712505340576,0.8960217237472534
0.059645846486091614,0.6726359128952026,1.2690943479537964
0.05088919401168823,0.6594842076301575,1.1683762073516846
0.033834781497716904,0.486905038356781,0.825252890586853
0.03831833600997925,0.5880506038665771,0.9712339639663696
0.041670046746730804,0.5875011682510376,1.0042016506195068
0.04377499595284462,0.7077550888061523,1.1455050706863403
0.05474935472011566,0.5905237793922424,1.1380174160003662
0.03691300004720688,0.5309352874755859,0.9000653028488159
0.03606625646352768,0.5898153781890869,0.9504779577255249
0.04348825663328171,0.6265732049942017,1.0614557266235352
0.037468135356903076,0.6642550230026245,1.0389363765716553
0.035823382437229156,0.5843403339385986,0.942574143409729
0.060541167855262756,0.7064999938011169,1.3119115829467773
0.043776776641607285,0.5699793100357056,1.0077470541000366
0.04278620705008507,0.5479265451431274,0.9757885932922363
0.03998393192887306,0.6263749599456787,1.0262142419815063
0.04097028449177742,0.5021826028823853,0.9118854403495789
0.043646834790706635,0.6891664266586304,1.125634789466858
0.05408680438995361,0.6647887229919434,1.2056567668914795
0.038757890462875366,0.5235533714294434,0.911132276058197
0.04809218645095825,0.6784007549285889,1.1593226194381714
0.04464617371559143,0.5539811849594116,1.0004429817199707
0.04885053634643555,0.6281975507736206,1.116702914237976
0.041387587785720825,0.4630526602268219,0.8769285678863525
0.03689290210604668,0.40674257278442383,0.7756716012954712
0.046534471213817596,0.6532528400421143,1.1185975074768066
0.043788980692625046,0.6018414497375488,1.0397312641143799
0.04847332835197449,0.5761468410491943,1.060880184173584
0.049050573259592056,0.6928447484970093,1.1833504438400269
0.04894906282424927,0.5989595651626587,1.0884501934051514
0.04421349614858627,0.5728480219841003,1.0149829387664795
0.04135932773351669,0.5838825106620789,0.997475802898407
0.03943030536174774,0.5827064514160156,0.9770095348358154
0.04862743988633156,0.6635814905166626,1.1498558521270752
0.0528765544295311,0.6809250116348267,1.2096905708312988
0.03631385788321495,0.5263669490814209,0.8895055055618286
0.04373147711157799,0.6256280541419983,1.0629428625106812
0.03969757258892059,0.46015465259552,0.8571304082870483
0.05019843205809593,0.573758602142334,1.0757429599761963
0.03942500054836273,0.629621148109436,1.0238711833953857
0.03487807512283325,0.48765280842781067,0.8364335298538208
0.050552986562252045,0.625394344329834,1.1309242248535156
0.03930141031742096,0.4287881851196289,0.8218022584915161
0.040949929505586624,0.5757870674133301,0.9852863550186157
0.040740642696619034,0.5280019044876099,0.935408353805542
0.035266850143671036,0.6358721256256104,0.9885406494140625
0.045758843421936035,0.5313553810119629,0.9889438152313232
0.04607902467250824,0.5238845348358154,0.9846748113632202
0.03443272411823273,0.6829413175582886,1.0272685289382935
0.04087574779987335,0.5460910201072693,0.9548485279083252
0.042803652584552765,0.6191812753677368,1.047217845916748
0.045279085636138916,0.624785304069519,1.0775761604309082
0.037501174956560135,0.5069661140441895,0.8819778561592102
0.0379658006131649,0.6030489206314087,0.9827069044113159
0.037806034088134766,0.6756182909011841,1.0536786317825317
0.05647682398557663,0.7118287682533264,1.276597023010254
0.05591749772429466,0.518473744392395,1.077648639678955
0.04093116149306297,0.6582152843475342,1.067526936531067
0.043950773775577545,0.6784840226173401,1.1179916858673096
0.04190116003155708,0.6259273886680603,1.0449390411376953
0.0412309430539608,0.6111928820610046,1.0235023498535156
0.03760858625173569,0.6878571510314941,1.0639430284500122
0.037746768444776535,0.6226255893707275,1.0000932216644287
0.03656907007098198,0.44410496950149536,0.8097956776618958
0.031830038875341415,0.5924857258796692,0.9107861518859863
0.04538601636886597,0.6363423466682434,1.0902025699615479
0.04426570609211922,0.6371148824691772,1.0797719955444336
0.04542478173971176,0.5769816637039185,1.0312294960021973
0.03950291872024536,0.6903959512710571,1.0854251384735107
0.040672119706869125,0.606735348701477,1.0134565830230713
0.04186057299375534,0.5882126688957214,1.006818413734436
0.044081587344408035,0.5555371046066284,0.9963529706001282
0.04105176776647568,0.5870242714881897,0.9975419640541077
0.04719112068414688,0.6251511573791504,1.097062349319458
0.03941413760185242,0.5308823585510254,0.9250237345695496
0.04150640219449997,0.5987783670425415,1.0138423442840576
0.04996231570839882,0.6652160882949829,1.164839267730713
0.04736129939556122,0.5916996598243713,1.0653126239776611
0.03301986679434776,0.4810352325439453,0.8112338781356812
0.03906366229057312,0.5696433782577515,0.9602800011634827
0.048028554767370224,0.5516983270645142,1.0319838523864746
0.03669044375419617,0.6089099049568176,0.9758143424987793
0.0452093705534935,0.629306435585022,1.0814001560211182
0.048063404858112335,0.5366841554641724,1.0173182487487793
0.042826008051633835,0.5814069509506226,1.0096670389175415
0.0387202650308609,0.6478774547576904,1.035080075263977
0.043849702924489975,0.58922278881073,1.0277198553085327
0.043596867471933365,0.5577487349510193,0.9937174320220947
0.04576149582862854,0.6796474456787109,1.1372623443603516
0.03649451583623886,0.4774308502674103,0.8423759937286377
0.04242594912648201,0.5821307301521301,1.0063902139663696
0.038554172962903976,0.5907285213470459,0.9762702584266663
0.04011696204543114,0.5400747060775757,0.94124436378479
0.04573778063058853,0.6483445167541504,1.1057223081588745
0.04234271124005318,0.6528493165969849,1.076276421546936
0.046046182513237,0.6579891443252563,1.1184509992599487
0.0378405898809433,0.634746789932251,1.0131527185440063
0.0470169298350811,0.528261661529541,0.9984309673309326
0.05140261352062225,0.6385887861251831,1.152614951133728
0.03763926774263382,0.6481176018714905,1.0245102643966675
0.040328510105609894,0.6313314437866211,1.034616470336914
0.03945629298686981,0.6624747514724731,1.0570377111434937
0.03476482257246971,0.6169438362121582,0.9645920991897583
0.035913944244384766,0.5043612718582153,0.863500714302063
0.03927309438586235,0.5444918870925903,0.9372228384017944
0.04249128699302673,0.531512975692749,0.9564258456230164
0.03804963827133179,0.6276935935020447,1.0081899166107178
0.0484066978096962,0.6607755422592163,1.144842505455017
0.04026719182729721,0.6099458932876587,1.012617826461792
0.04038657248020172,0.5643696784973145,0.9682353734970093
0.040560282766819,0.6174348592758179,1.0230376720428467
0.05902107059955597,0.6016268134117126,1.1918375492095947
0.0417795367538929,0.650405764579773,1.0682010650634766
0.0383714884519577,0.6471347808837891,1.0308496952056885
0.0406283475458622,0.5887174606323242,0.995000958442688
0.038999833166599274,0.5715385675430298,0.9615368843078613
0.04493972286581993,0.5589461326599121,1.0083433389663696
0.030750155448913574,0.6127440929412842,0.9202456474304199
0.05258572846651077,0.5712698101997375,1.097127079963684
0.05216038599610329,0.6837918162345886,1.2053956985473633
0.03719709441065788,0.6860171556472778,1.057988166809082
0.040598586201667786,0.6172151565551758,1.0232009887695312
0.05485478416085243,0.5953809022903442,1.1439287662506104
0.03892438858747482,0.5480779409408569,0.9373218417167664
0.05114702507853508,0.6578055024147034,1.1692757606506348
0.04105742275714874,0.6438256502151489,1.054399847984314
0.04723309352993965,0.7185316681861877,1.1908626556396484
0.06636157631874084,0.6926063299179077,1.356222152709961
0.046208105981349945,0.6476759910583496,1.1097570657730103
0.03643359616398811,0.6039553880691528,0.9682913422584534
0.04585534334182739,0.6230274438858032,1.0815808773040771
0.04113427549600601,0.6811296343803406,1.0924723148345947
0.04370336979627609,0.6674901247024536,1.1045238971710205
0.03950174152851105,0.564624547958374,0.9596419334411621
0.042678602039813995,0.6905560493469238,1.1173419952392578
0.04650941491127014,0.5756149291992188,1.0407090187072754
0.04394712671637535,0.6100869178771973,1.049558162689209
0.03992678225040436,0.5830105543136597,0.9822783470153809
0.04641222208738327,0.7024704217910767,1.1665925979614258
0.043639861047267914,0.39071890711784363,0.8271175622940063
0.04356640577316284,0.6235486268997192,1.0592126846313477
0.04056815803050995,0.6907756924629211,1.0964572429656982
0.04598570615053177,0.5972045660018921,1.0570616722106934
0.054113857448101044,0.6215593814849854,1.1626980304718018
0.04067864641547203,0.6292808651924133,1.0360673666000366
0.044761039316654205,0.5949153900146484,1.0425257682800293
0.04397696629166603,0.624377429485321,1.0641471147537231
0.03571292757987976,0.6652950048446655,1.0224242210388184
0.036764904856681824,0.5558082461357117,0.9234572649002075
0.04394438490271568,0.6753678917884827,1.1148117780685425
0.04471396654844284,0.7627521753311157,1.2098917961120605
0.04804964363574982,0.6866198182106018,1.1671162843704224
0.06140415370464325,0.6944735050201416,1.3085150718688965
0.03935409337282181,0.65809565782547,1.0516365766525269
0.03663966804742813,0.481464684009552,0.8478613495826721
0.039260249584913254,0.5596765279769897,0.9522790312767029
0.04207414388656616,0.5784870982170105,0.9992285370826721
0.03479243069887161,0.605492353439331,0.953416645526886
0.04833300784230232,0.6240286231040955,1.107358694076538
0.03832557797431946,0.5623915195465088,0.9456472992897034
0.03887595608830452,0.6791356205940247,1.0678951740264893
0.04721591994166374,0.6005836725234985,1.0727429389953613
0.043613433837890625,0.6361370086669922,1.0722713470458984
0.04124731197953224,0.6042797565460205,1.01675283908844
0.044692762196063995,0.5192540287971497,0.9661816358566284
0.038356754928827286,0.6329296827316284,1.016497254371643
0.03603346273303032,0.5442458391189575,0.9045804738998413
0.047251857817173004,0.613113284111023,1.0856318473815918
0.05031672492623329,0.6430277824401855,1.1461950540542603
0.049466341733932495,0.6541025638580322,1.148766040802002
0.0583575963973999,0.6944711208343506,1.2780470848083496
0.03446256369352341,0.6116998791694641,0.9563255310058594
0.04086773842573166,0.544596791267395,0.9532741904258728
0.047803089022636414,0.6429564952850342,1.1209874153137207
0.042662978172302246,0.705008327960968,1.1316380500793457
0.03984931856393814,0.668189287185669,1.0666824579238892
0.0398637093603611,0.6119178533554077,1.0105549097061157
0.042017631232738495,0.5555307269096375,0.9757070541381836
0.0413527749478817,0.6269343495368958,1.0404621362686157
0.038564398884773254,0.5496768951416016,0.9353208541870117
0.043964140117168427,0.6179856061935425,1.0576269626617432
0.04655672609806061,0.5565196871757507,1.0220869779586792
0.04169464856386185,0.6271756887435913,1.0441222190856934
0.04925499111413956,0.6288526058197021,1.1214025020599365
0.037072762846946716,0.5916979312896729,0.9624255895614624
0.0404498353600502,0.5826835632324219,0.9871819019317627
0.03670545667409897,0.5097371339797974,0.8767917156219482
0.035194672644138336,0.4872276186943054,0.8391743302345276
0.04147622361779213,0.5753327012062073,0.9900949001312256
0.03555977717041969,0.575060248374939,0.9306579828262329
0.051600322127342224,0.6229112148284912,1.1389144659042358
0.03918597102165222,0.5635449290275574,0.9554046392440796
0.04185738414525986,0.5469032526016235,0.9654771089553833
0.04284113645553589,0.5971285700798035,1.0255398750305176
0.03689596429467201,0.6295979022979736,0.9985575675964355
0.05004221946001053,0.608085036277771,1.1085071563720703
0.03722439706325531,0.5796608328819275,0.9519047737121582
0.04155116528272629,0.5410192012786865,0.9565308690071106
0.04020297899842262,0.571802020072937,0.9738317728042603
0.03660159185528755,0.6162465810775757,0.9822624921798706
0.03797394782304764,0.6288496255874634,1.0085890293121338
0.05039754509925842,0.6307936906814575,1.1347692012786865
0.03938951715826988,0.5984543561935425,0.9923495054244995
0.030541224405169487,0.6135730147361755,0.9189852476119995
0.04215528443455696,0.5959724187850952,1.0175251960754395
0.038423776626586914,0.6659709215164185,1.0502086877822876
0.04187007620930672,0.5966094136238098,1.0153101682662964
0.03530929237604141,0.6516386270523071,1.00473153591156
0.04425369203090668,0.5808008313179016,1.023337721824646
0.035104986280202866,0.4835360646247864,0.8345859050750732
0.039495356380939484,0.6392138004302979,1.0341672897338867
0.054759442806243896,0.5278435945510864,1.0754380226135254
0.034515149891376495,0.6622591614723206,1.0074106454849243
0.03624195605516434,0.6158915758132935,0.9783111214637756
0.056575119495391846,0.5864665508270264,1.1522177457809448
0.045717403292655945,0.670763373374939,1.1279374361038208
0.04236837476491928,0.5662829875946045,0.9899667501449585
0.041622139513492584,0.5224041938781738,0.9386255741119385
0.04398680478334427,0.6254374980926514,1.065305471420288
0.038822174072265625,0.5869525671005249,0.9751743078231812
0.05186331272125244,0.6768144369125366,1.195447564125061
0.03482796996831894,0.6005964279174805,0.948876142501831
0.0447913333773613,0.4986990988254547,0.9466124773025513
0.04944334924221039,0.6364636421203613,1.1308971643447876
0.03703061491250992,0.6611865758895874,1.0314927101135254
0.037993237376213074,0.5264482498168945,0.9063806533813477
0.03438853472471237,0.5540714263916016,0.8979567885398865
0.04711350053548813,0.5823107957839966,1.053445816040039
0.04023177921772003,0.6774301528930664,1.0797479152679443
0.04487044736742973,0.49433791637420654,0.9430423974990845
0.04673601686954498,0.6059335470199585,1.073293685913086
0.04480576515197754,0.5977604389190674,1.0458180904388428
0.04225964844226837,0.47597283124923706,0.8985693454742432
0.04076278209686279,0.5139344334602356,0.9215622544288635
0.047654420137405396,0.503961443901062,0.980505645275116
0.05002838000655174,0.6559045314788818,1.1561882495880127
0.05456138029694557,0.6918714046478271,1.2374851703643799
0.045274123549461365,0.6508811712265015,1.1036224365234375
0.04454330727458,0.6928029656410217,1.1382360458374023
0.04458288848400116,0.6156740188598633,1.0615029335021973
0.029711030423641205,0.543073832988739,0.8401841521263123
0.041089680045843124,0.5916182398796082,1.0025150775909424
0.04258563369512558,0.6497711539268494,1.0756275653839111
0.0502869077026844,0.6275460124015808,1.1304150819778442
0.04869800806045532,0.6184457540512085,1.1054258346557617
0.06007984280586243,0.7272069454193115,1.328005313873291
0.03384002298116684,0.5552148818969727,0.8936151266098022
0.03269010782241821,0.5190032720565796,0.8459043502807617
0.03836023062467575,0.5959221124649048,0.9795244336128235
0.03708851337432861,0.6622459292411804,1.0331311225891113
0.05360562354326248,0.7381305694580078,1.2741868495941162
0.043115049600601196,0.5738476514816284,1.0049982070922852
0.051545511931180954,0.664206326007843,1.179661512374878
0.04140067845582962,0.5715316534042358,0.9855384230613708
0.04015613719820976,0.6860862970352173,1.0876476764678955
0.0487237349152565,0.630488395690918,1.1177257299423218
0.03650302812457085,0.5259731411933899,0.891003429889679
0.048761941492557526,0.6939918398857117,1.1816112995147705
0.03872675821185112,0.6401827931404114,1.0274503231048584
0.048146963119506836,0.6521348357200623,1.1336045265197754
0.034196432679891586,0.6245721578598022,0.9665365219116211
0.0490570068359375,0.6561449766159058,1.1467150449752808
0.03708451986312866,0.41305258870124817,0.7838977575302124
0.045758046209812164,0.5472012758255005,1.004781723022461
0.04795290529727936,0.4933384358882904,0.972867488861084
0.037442874163389206,0.5594912767410278,0.9339200258255005
0.0348462276160717,0.5023027658462524,0.85076504945755
0.047939714044332504,0.6232503652572632,1.1026475429534912
0.041209712624549866,0.6583019495010376,1.0703990459442139
0.043059706687927246,0.6591753959655762,1.0897724628448486
0.055939145386219025,0.6355640292167664,1.1949554681777954
0.0409545972943306,0.6653978824615479,1.0749437808990479
0.046948306262493134,0.587291955947876,1.0567750930786133
0.04465387761592865,0.6065489649772644,1.0530877113342285
0.03964688628911972,0.5532137155532837,0.9496825933456421
0.03444588556885719,0.3944147825241089,0.7388736009597778
0.051702890545129776,0.7061649560928345,1.223193883895874
0.03284221515059471,0.5258941650390625,0.8543163537979126
0.044836610555648804,0.6234786510467529,1.0718448162078857
0.0422326922416687,0.48857805132865906,0.9109050035476685
0.046201761811971664,0.6272436380386353,1.0892612934112549
0.039977651089429855,0.5127647519111633,0.9125412702560425
0.040025897324085236,0.5308364629745483,0.9310954213142395
0.03897251933813095,0.6400562524795532,1.029781460762024
0.038123343139886856,0.4132956862449646,0.7945290803909302
0.04161219298839569,0.539713978767395,0.9558359384536743
0.039877258241176605,0.5578356385231018,0.956608235836029
0.040573470294475555,0.6461138725280762,1.0518486499786377
0.044166289269924164,0.5316376686096191,0.973300576210022
0.039506956934928894,0.6544485688209534,1.04951810836792
0.0382847934961319,0.6011298894882202,0.9839777946472168
0.0329178124666214,0.4335714876651764,0.7627496123313904
0.04814929515123367,0.6628097295761108,1.1443026065826416
0.06998786330223083,0.6572818756103516,1.3571605682373047
0.03647712618112564,0.5485885739326477,0.9133598208427429
0.04389369487762451,0.6460281014442444,1.0849649906158447
0.032257433980703354,0.5612680912017822,0.8838424682617188
0.029361316934227943,0.44354987144470215,0.7371630668640137
0.03542180359363556,0.6260499954223633,0.9802680015563965
0.043824031949043274,0.49209702014923096,0.9303373098373413
0.051913246512413025,0.6014034748077393,1.120535969734192
0.04204631224274635,0.6495952606201172,1.0700583457946777
0.04377604275941849,0.6720386743545532,1.1097991466522217
0.036250896751880646,0.5983259677886963,0.9608349204063416
0.044604405760765076,0.6049792766571045,1.0510233640670776
0.04361644759774208,0.6622836589813232,1.0984481573104858
0.04572175443172455,0.5050281286239624,0.9622457027435303
0.0435764379799366,0.5774203538894653,1.0131847858428955
0.05117987096309662,0.6898195147514343,1.2016181945800781
0.04327232390642166,0.6464127898216248,1.0791360139846802
0.03458104655146599,0.4663497805595398,0.8121602535247803
0.03417806699872017,0.41270461678504944,0.7544852495193481
0.03994859382510185,0.40315109491348267,0.8026370406150818
0.04192909598350525,0.5576567649841309,0.9769477248191833
0.03664921969175339,0.6255926489830017,0.9920848608016968
0.037556298077106476,0.5986514091491699,0.9742143750190735
0.039390817284584045,0.5306416749954224,0.9245498180389404
0.04466800019145012,0.6161623001098633,1.0628423690795898
0.040305815637111664,0.5915672183036804,0.9946253895759583
0.03823205828666687,0.5230487585067749,0.9053693413734436
0.04900979995727539,0.5588032007217407,1.0489012002944946
0.04134094715118408,0.619037389755249,1.0324468612670898
0.034134022891521454,0.5210874080657959,0.8624276518821716
0.043439578264951706,0.6163963079452515,1.0507920980453491
0.041761767119169235,0.6868973970413208,1.1045150756835938
0.04417378827929497,0.6547055244445801,1.0964434146881104
0.046975694596767426,0.7085187435150146,1.17827570438385
0.03528702259063721,0.5561006665229797,0.9089708924293518
0.04386137053370476,0.6111246347427368,1.0497384071350098
0.04934537038207054,0.6144766807556152,1.1079304218292236
0.06091852858662605,0.7097134590148926,1.3188986778259277
0.03617153689265251,0.46290239691734314,0.8246177434921265
0.05159490555524826,0.6755505800247192,1.1914997100830078
0.04197746887803078,0.6395075917243958,1.0592823028564453
0.04005856812000275,0.675992488861084,1.076578140258789
0.04402760788798332,0.6222505569458008,1.0625267028808594
0.046303823590278625,0.5638095736503601,1.0268478393554688
0.03978540003299713,0.5789054036140442,0.9767594337463379
0.04383711889386177,0.5796722769737244,1.0180435180664062
0.03723294287919998,0.5905243158340454,0.962853729724884
0.045160893350839615,0.731548547744751,1.1831574440002441
0.049546048045158386,0.5607600808143616,1.056220531463623
0.03882347792387009,0.5410171747207642,0.9292519688606262
0.050998836755752563,0.6604997515678406,1.1704881191253662
0.03602182865142822,0.6751139760017395,1.035332202911377
0.0415172278881073,0.6207693815231323,1.0359416007995605
0.04316716268658638,0.49253201484680176,0.924203634262085
0.03780902177095413,0.5683943033218384,0.9464845061302185
0.0453266017138958,0.7337995171546936,1.187065601348877
0.05646064132452011,0.6369433403015137,1.201549768447876
0.038097530603408813,0.6256875991821289,1.0066628456115723
0.035124413669109344,0.4866822361946106,0.8379263877868652
0.04335639253258705,0.7031252384185791,1.1366891860961914
0.03454579412937164,0.5893683433532715,0.9348262548446655
0.044366367161273956,0.6732280254364014,1.116891622543335
0.04333645850419998,0.6332755088806152,1.0666401386260986
0.03891615569591522,0.45188507437705994,0.8410466313362122
0.04598189517855644,0.6624772548675537,1.1222962141036987
0.0419636145234108,0.6260251998901367,1.0456613302230835
0.036746107041835785,0.5967261791229248,0.9641872644424438
0.0457853302359581,0.7189946174621582,1.1768479347229004
0.03452649712562561,0.5873985290527344,0.9326635003089905
0.043923962861299515,0.6197750568389893,1.0590146780014038
0.033955447375774384,0.5715867280960083,0.9111412167549133
0.06400124728679657,0.6478708386421204,1.2878832817077637
0.04469303786754608,0.5727008581161499,1.019631266593933
0.0472235344350338,0.6317604184150696,1.1039958000183105
0.04277418553829193,0.635237455368042,1.0629793405532837
0.029692847281694412,0.5844393968582153,0.8813678622245789
0.034786347299814224,0.5743677616119385,0.9222311973571777
0.04132101684808731,0.6922818422317505,1.1054919958114624
0.04399342089891434,0.640782356262207,1.080716609954834
0.04528948664665222,0.5942679643630981,1.0471627712249756
0.04576864838600159,0.6590418219566345,1.1167283058166504
0.04863569885492325,0.6754938364028931,1.1618508100509644
0.03652317076921463,0.5190736055374146,0.8843052983283997
0.03995314612984657,0.6395041942596436,1.039035677909851
0.034605152904987335,0.5794572830200195,0.9255087971687317
0.0416056364774704,0.5886631011962891,1.0047194957733154
0.05287134647369385,0.6843094825744629,1.2130229473114014
0.046604741364717484,0.5823891758918762,1.0484366416931152
0.03667447715997696,0.5492662191390991,0.9160109758377075
0.03558369725942612,0.5828789472579956,0.938715934753418
0.04965587332844734,0.6058413982391357,1.1024000644683838
0.04008720815181732,0.586157500743866,0.9870295524597168
0.036520183086395264,0.5630724430084229,0.9282742738723755
0.049523141235113144,0.6421434879302979,1.1373748779296875
0.03597018122673035,0.469620019197464,0.8293218612670898
0.03458130359649658,0.6180684566497803,0.9638814926147461
0.04437509924173355,0.6418588757514954,1.0856099128723145
0.039544396102428436,0.6630865931510925,1.058530569076538
0.04070726037025452,0.5877148509025574,0.9947874546051025
0.03700060397386551,0.5502490401268005,0.9202550649642944
0.040310584008693695,0.6447038650512695,1.0478097200393677
0.03944961726665497,0.5219067931175232,0.9164029359817505
0.032419294118881226,0.5262439250946045,0.8504368662834167
0.03345688432455063,0.44149670004844666,0.7760655879974365
0.03791885823011398,0.6217255592346191,1.0009140968322754
0.05544876307249069,0.7020002603530884,1.2564878463745117
0.03459828719496727,0.44244712591171265,0.7884299755096436
0.04097440093755722,0.6656839847564697,1.0754280090332031
0.03534206748008728,0.5758142471313477,0.9292349219322205
0.03891606256365776,0.6671985387802124,1.0563591718673706
0.04591349512338638,0.6356300115585327,1.0947649478912354
0.043821219354867935,0.6475778818130493,1.0857900381088257
0.03885103017091751,0.5587607622146606,0.9472710490226746
0.04196245223283768,0.6172387599945068,1.0368633270263672
0.03827159106731415,0.6018455028533936,0.9845614433288574
0.03858025372028351,0.7186291217803955,1.1044316291809082
0.03779062256217003,0.558897078037262,0.9368033409118652
0.05795014277100563,0.682981014251709,1.2624824047088623
0.036972858011722565,0.6646952629089355,1.034423828125
0.053480371832847595,0.7016347646713257,1.236438512802124
0.053041722625494,0.6739276647567749,1.2043448686599731
0.04169187322258949,0.652624249458313,1.0695430040359497
0.03591141849756241,0.6418895721435547,1.0010037422180176
0.037315115332603455,0.5417163372039795,0.9148675203323364
0.038939058780670166,0.5294867753982544,0.918877363204956
0.04170314967632294,0.6833922266960144,1.1004236936569214
0.04041982442140579,0.629822313785553,1.0340205430984497
0.032070986926555634,0.5379747152328491,0.8586845993995667
0.038631144911050797,0.6450884342193604,1.0313998460769653
0.03708765655755997,0.4037315547466278,0.7746081352233887
0.044206347316503525,0.6318504214286804,1.0739139318466187
0.03948899358510971,0.6328255534172058,1.0277154445648193
0.035859569907188416,0.5637072920799255,0.9223029613494873
0.04114405810832977,0.48486995697021484,0.896310567855835
0.03931813687086105,0.5248291492462158,0.9180105328559875
0.04663396254181862,0.54198157787323,1.0083211660385132
0.04663544520735741,0.6610872745513916,1.1274417638778687
0.04099661856889725,0.6542128324508667,1.0641789436340332
0.03038026951253414,0.4024566113948822,0.7062593102455139
0.046780116856098175,0.567866325378418,1.0356674194335938
0.05455775558948517,0.6860976219177246,1.231675148010254
0.05051620304584503,0.6879935264587402,1.1931555271148682
0.03991478681564331,0.6352109909057617,1.0343588590621948
0.03758096322417259,0.6891618967056274,1.0649715662002563
0.04118146747350693,0.6940580606460571,1.1058727502822876
0.039969950914382935,0.46588537096977234,0.8655848503112793
0.04056659713387489,0.56484454870224,0.9705104827880859
0.03565124049782753,0.6281065344810486,0.9846189022064209
0.03945782780647278,0.5789830684661865,0.9735613465309143
0.042907871305942535,0.5070496797561646,0.9361283779144287
0.04326128214597702,0.4828360080718994,0.9154488444328308
0.0342794805765152,0.5315775871276855,0.8743723630905151
0.04192827641963959,0.648375928401947,1.0676586627960205
0.042267341166734695,0.6666954755783081,1.0893688201904297
0.03985166549682617,0.4851633608341217,0.883679986000061
0.03507018834352493,0.4340321123600006,0.7847340106964111
0.03600641340017319,0.5957558155059814,0.9558199644088745
0.04578164219856262,0.6019531488418579,1.059769630432129
0.03830157220363617,0.5444990992546082,0.9275147914886475
0.03832470625638962,0.5988765954971313,0.9821236729621887
0.03823167085647583,0.6214219927787781,1.0037386417388916
0.051503486931324005,0.6123538017272949,1.1273887157440186
0.04936480149626732,0.654262125492096,1.1479101181030273
0.03747183084487915,0.65877765417099,1.0334959030151367
0.050523541867733,0.7017854452133179,1.207020878791809
0.040358394384384155,0.591945469379425,0.9955294132232666
0.038523346185684204,0.5676975846290588,0.9529310464859009
0.035346031188964844,0.6289039254188538,0.9823642373085022
0.03307460620999336,0.6327884197235107,0.9635344743728638
0.039074547588825226,0.6653850078582764,1.0561304092407227
0.036391355097293854,0.49487659335136414,0.8587901592254639
0.04364699125289917,0.6247555017471313,1.061225414276123
0.038172561675310135,0.5340070724487305,0.9157326817512512
0.043711960315704346,0.6138008236885071,1.0509204864501953
0.04013172909617424,0.6332958936691284,1.0346131324768066
0.030994264408946037,0.6345779895782471,0.9445205926895142
0.0597665049135685,0.6751839518547058,1.2728490829467773
0.0439082495868206,0.5817952752113342,1.0208778381347656
0.04712497070431709,0.5867313742637634,1.057981014251709
0.04685460031032562,0.6755729913711548,1.1441190242767334
0.04431673511862755,0.4849432706832886,0.9281105995178223
0.03837961703538895,0.6024224758148193,0.9862186312675476
0.03510953485965729,0.6604645252227783,1.0115598440170288
0.03586997091770172,0.6294460296630859,0.9881457090377808
0.03733649104833603,0.5768164396286011,0.9501813650131226
0.036855846643447876,0.5800473690032959,0.9486058354377747
0.05149083584547043,0.597774863243103,1.1126832962036133
0.05181335657835007,0.654125988483429,1.1722595691680908
0.03667888790369034,0.5815885066986084,0.9483773708343506
0.0461345836520195,0.6709798574447632,1.1323256492614746
0.037289172410964966,0.6770010590553284,1.049892783164978
0.04352005571126938,0.6486546993255615,1.0838552713394165
0.04395287483930588,0.6717163324356079,1.1112451553344727
0.03579048439860344,0.702888011932373,1.0607929229736328
0.04345572739839554,0.6219483613967896,1.0565056800842285
0.03663606196641922,0.4685138165950775,0.8348743915557861
0.03752417862415314,0.5984092950820923,0.9736510515213013
0.040390145033597946,0.5292881727218628,0.9331896305084229
0.03432628512382507,0.43466615676879883,0.7779290080070496
0.03778323531150818,0.5683444738388062,0.9461768269538879
0.043285951018333435,0.5007983446121216,0.9336578845977783
0.042454108595848083,0.669192910194397,1.0937340259552002
0.040552955120801926,0.6203552484512329,1.0258848667144775
0.04269634187221527,0.5985229015350342,1.0254863500595093
0.04906994849443436,0.6427621841430664,1.1334617137908936
0.045297518372535706,0.6725438237190247,1.125519037246704
0.038735151290893555,0.5806339979171753,0.9679855108261108
0.039188988506793976,0.5349532961845398,0.9268431663513184
0.0351829007267952,0.5529803037643433,0.904809296131134
0.03514251485466957,0.5460783243179321,0.8975034952163696
0.0402948223054409,0.5616949796676636,0.9646432399749756
0.033858202397823334,0.6419697999954224,0.9805518388748169
0.04063806310296059,0.589968204498291,0.9963488578796387
0.04059751704335213,0.551882266998291,0.9578574299812317
0.039904698729515076,0.4616162180900574,0.8606631755828857
0.038679834455251694,0.5758856534957886,0.9626840353012085
0.03895769640803337,0.5158875584602356,0.9054645299911499
0.04314615577459335,0.5946966409683228,1.0261582136154175
0.03765328228473663,0.5328945517539978,0.9094274044036865
0.03811326622962952,0.6199678778648376,1.0011005401611328
0.03404907509684563,0.5205458998680115,0.8610366582870483
0.043006472289562225,0.6184872388839722,1.0485520362854004
0.03773879259824753,0.49443382024765015,0.8718217611312866
0.0315394401550293,0.4347482919692993,0.7501426935195923
0.04707663506269455,0.5619529485702515,1.032719373703003
0.035348229110240936,0.6559116840362549,1.0093939304351807
0.03931596875190735,0.5018929243087769,0.8950526118278503
0.03631081059575081,0.5938544273376465,0.956962525844574
0.041858404874801636,0.6088948845863342,1.0274789333343506
0.03824315965175629,0.640571117401123,1.0230027437210083
0.047493308782577515,0.6784467697143555,1.1533799171447754
0.04525437578558922,0.6468979120254517,1.099441647529602
0.0495377816259861,0.5717970132827759,1.0671747922897339
0.04011867940425873,0.5846274495124817,0.9858142137527466
0.03873278945684433,0.5344744324684143,0.9218023419380188
0.03791966661810875,0.5819295048713684,0.9611262083053589
0.035868920385837555,0.5627113580703735,0.9214005470275879
0.05533137172460556,0.7458282709121704,1.2991420030593872
0.04200649634003639,0.6943739056587219,1.1144388914108276
0.040501195937395096,0.5620115399360657,0.967023491859436
0.0361223928630352,0.5094340443611145,0.8706579804420471
0.049292080104351044,0.5897266864776611,1.0826475620269775
0.04387294501066208,0.526821494102478,0.96555095911026
0.04191769286990166,0.7020995616912842,1.1212764978408813
0.04158254340291023,0.5993959903717041,1.015221357345581
0.047476626932621,0.7171485424041748,1.1919147968292236
0.04442427307367325,0.7026510238647461,1.1468937397003174
0.0465574711561203,0.6388729214668274,1.104447603225708
0.03827543929219246,0.40918099880218506,0.791935384273529
0.04694286733865738,0.6010124683380127,1.0704411268234253
0.03808201849460602,0.5009006261825562,0.881720781326294
0.03888939693570137,0.473514199256897,0.8624081611633301
0.04189348965883255,0.5990903377532959,1.0180251598358154
0.03626585751771927,0.6704341173171997,1.033092737197876
0.03545992076396942,0.6125620007514954,0.9671611785888672
0.042562708258628845,0.667014479637146,1.0926415920257568
0.04267757385969162,0.6218670606613159,1.048642873764038
0.033792644739151,0.5629684925079346,0.9008949398994446
0.03393266350030899,0.6151832342147827,0.9545098543167114
0.05253761634230614,0.5746124982833862,1.0999886989593506
0.032895803451538086,0.5724027752876282,0.901360809803009
0.04593464732170105,0.6652406454086304,1.124587059020996
0.029813196510076523,0.5004348158836365,0.7985668182373047
0.038153357803821564,0.6185444593429565,1.0000779628753662
0.036797162145376205,0.6004244089126587,0.9683960676193237
0.03428083658218384,0.5289862751960754,0.8717946410179138
0.036092985421419144,0.564468502998352,0.9253983497619629
0.036740742623806,0.553209662437439,0.9206171035766602
0.049959562718868256,0.5347509384155273,1.034346580505371
0.031242460012435913,0.6395900249481201,0.9520146250724792
0.03792019933462143,0.6639260649681091,1.0431280136108398
0.03558829054236412,0.717145562171936,1.0730284452438354
0.052381861954927444,0.6485134363174438,1.1723320484161377
0.0366286039352417,0.5144835710525513,0.8807696104049683
0.039438940584659576,0.6263374090194702,1.0207267999649048
0.04946967214345932,0.6631179451942444,1.1578147411346436
0.05113722383975983,0.705836296081543,1.2172085046768188
0.03938192129135132,0.593586266040802,0.9874054789543152
0.04534173011779785,0.661736249923706,1.1151535511016846
0.036192819476127625,0.40087825059890747,0.7628064155578613
0.04073702543973923,0.654053270816803,1.0614235401153564
0.05468333512544632,0.6276541352272034,1.1744874715805054
0.044530704617500305,0.5508166551589966,0.9961236715316772
0.04134322702884674,0.656356692314148,1.069788932800293
0.04015654698014259,0.7085068821907043,1.110072374343872
0.039232924580574036,0.5682488679885864,0.9605780839920044
0.044541239738464355,0.5384429693222046,0.9838553667068481
0.036357514560222626,0.571295976638794,0.9348711371421814
0.03948170691728592,0.6358872652053833,1.0307042598724365
0.0441899374127388,0.5857555270195007,1.0276548862457275
0.0442473329603672,0.627857506275177,1.0703308582305908
0.042612239718437195,0.5758782625198364,1.0020006895065308
0.03992563858628273,0.5110287666320801,0.9102851152420044
0.04162111505866051,0.6608527898788452,1.0770639181137085
0.044257424771785736,0.5722047686576843,1.0147790908813477
0.04172461852431297,0.6400623321533203,1.057308554649353
0.038867801427841187,0.7072771787643433,1.0959551334381104
0.043178535997867584,0.6745510101318359,1.1063363552093506
0.03952788934111595,0.6380141973495483,1.0332931280136108
0.04283028095960617,0.665563702583313,1.0938665866851807
0.039123259484767914,0.5740623474121094,0.9652949571609497
0.03790855407714844,0.6798098087310791,1.0588953495025635
0.032260969281196594,0.5520378351211548,0.8746474981307983
0.04068045690655708,0.6189336180686951,1.02573823928833
0.05019143968820572,0.7312256097793579,1.233139991760254
0.05200134217739105,0.6383333206176758,1.1583467721939087
0.034813374280929565,0.6632648706436157,1.0113985538482666
0.030713943764567375,0.4581855535507202,0.7653249502182007
0.0437036007642746,0.6561258435249329,1.0931618213653564
0.04040621221065521,0.41197025775909424,0.8160324096679688
0.03528548777103424,0.6406919956207275,0.9935468435287476
0.034578390419483185,0.6084422469139099,0.9542261362075806
0.05558719485998154,0.6359801888465881,1.19185209274292
0.03724081441760063,0.46873873472213745,0.8411468863487244
0.037000760436058044,0.46452170610427856,0.8345292806625366
0.03503385931253433,0.5489121675491333,0.8992507457733154
0.034266091883182526,0.6086201667785645,0.9512810707092285
0.04038746654987335,0.5709673166275024,0.9748419523239136
0.05256767198443413,0.6852356791496277,1.2109124660491943
0.04057689011096954,0.6123974323272705,1.0181663036346436
0.04747989773750305,0.5102611780166626,0.9850601553916931
0.03764301538467407,0.6141772270202637,0.9906073808670044
0.03485298156738281,0.6025768518447876,0.9511066675186157
0.042641229927539825,0.6458045244216919,1.0722167491912842
0.030788429081439972,0.5995228290557861,0.9074071049690247
0.04085327312350273,0.6054579019546509,1.0139906406402588
0.037671059370040894,0.411172091960907,0.7878826856613159
0.04063593968749046,0.42433595657348633,0.830695390701294
0.06064055114984512,0.7081303000450134,1.3145358562469482
0.051543720066547394,0.6735274195671082,1.188964605331421
0.03746386244893074,0.4763585925102234,0.8509972095489502
0.037219710648059845,0.5148335099220276,0.8870306015014648
0.041926342993974686,0.6027052402496338,1.0219686031341553
0.04541743919253349,0.6673537492752075,1.121528148651123
0.06256478279829025,0.7111596465110779,1.3368074893951416
0.04059968888759613,0.5653632879257202,0.9713602066040039
0.03286522626876831,0.5936044454574585,0.9222567081451416
0.03475828096270561,0.6611732244491577,1.0087560415267944
0.03998874872922897,0.6629437208175659,1.062831163406372
0.040384456515312195,0.5980592370033264,1.001903772354126
0.0402897484600544,0.6193414330482483,1.0222389698028564
0.033076681196689606,0.4872645139694214,0.8180313110351562
0.04336405545473099,0.632414698600769,1.0660552978515625
0.035919006913900375,0.5345957279205322,0.893785834312439
0.03663254901766777,0.447934091091156,0.8142595887184143
0.041722372174263,0.6393831372261047,1.0566068887710571
0.04682636633515358,0.6256846189498901,1.093948245048523
0.045309506356716156,0.6078212857246399,1.0609164237976074
0.03644277900457382,0.6049788594245911,0.9694066643714905
0.047943320125341415,0.5752493143081665,1.0546824932098389
0.051875848323106766,0.6440550088882446,1.162813425064087
0.03823293372988701,0.6589881777763367,1.0413174629211426
0.03061731532216072,0.5383768081665039,0.8445499539375305
0.04172834753990173,0.6679196357727051,1.0852031707763672
0.038237884640693665,0.6395083069801331,1.021887183189392
0.032668743282556534,0.5740357637405396,0.9007232189178467
0.046412061899900436,0.6765487194061279,1.140669345855713
0.04832945019006729,0.6216228008270264,1.104917287826538
0.05537080764770508,0.6332050561904907,1.1869131326675415
0.0360102653503418,0.5850652456283569,0.9451678991317749
0.030556853860616684,0.5325373411178589,0.8381059169769287
0.03508933633565903,0.44464123249053955,0.795534610748291
0.03342151641845703,0.5551720857620239,0.8893872499465942
0.03971747308969498,0.49499088525772095,0.8921656012535095
0.0402485691010952,0.4958740472793579,0.8983597755432129
0.03544095903635025,0.6023148894309998,0.9567244648933411
0.03686457872390747,0.5150738954544067,0.8837196826934814
0.052848830819129944,0.6322565078735352,1.1607447862625122
0.037932321429252625,0.6499999761581421,1.0293232202529907
0.06100095808506012,0.7175095081329346,1.3275190591812134
0.03438366577029228,0.6742885112762451,1.0181251764297485
0.04168298840522766,0.7547202110290527,1.1715500354766846
0.046629250049591064,0.6700563430786133,1.136348843574524
0.03413434326648712,0.5174411535263062,0.858784556388855
0.03944645822048187,0.6150860786437988,1.00955069065094
0.03467816114425659,0.5978759527206421,0.944657564163208
0.039238955825567245,0.5429801940917969,0.9353697299957275
0.033123843371868134,0.48844730854034424,0.8196857571601868
0.03569547086954117,0.5455105900764465,0.902465283870697
0.0460551381111145,0.6811645030975342,1.1417158842086792
0.03545868769288063,0.5471285581588745,0.9017153978347778
0.041444331407547,0.668323278427124,1.0827665328979492
0.047574788331985474,0.6067874431610107,1.0825352668762207
0.0363626703619957,0.6881343126296997,1.0517610311508179
0.04064092040061951,0.6616997718811035,1.0681090354919434
0.05046185106039047,0.7329376935958862,1.2375562191009521
0.03677176684141159,0.7174715995788574,1.0851893424987793
0.039058372378349304,0.6357337832450867,1.0263174772262573
0.03909295052289963,0.6651057004928589,1.0560352802276611
0.03382344916462898,0.5655606985092163,0.9037951827049255
0.0424327626824379,0.4263322651386261,0.8506598472595215
0.04676323011517525,0.6196849346160889,1.0873172283172607
0.036507658660411835,0.5777424573898315,0.9428190588951111
0.036293499171733856,0.6143842935562134,0.9773193001747131
0.035041868686676025,0.6862578392028809,1.0366765260696411
0.03539673984050751,0.5587964653968811,0.9127638339996338
0.04504472017288208,0.6667653322219849,1.1172125339508057
0.0449879989027977,0.695169985294342,1.145050048828125
0.0351826511323452,0.5305891036987305,0.8824156522750854
0.050938501954078674,0.5487824082374573,1.0581674575805664
0.05233709514141083,0.6626296043395996,1.1860005855560303
0.031141789630055428,0.46381622552871704,0.7752341032028198
0.03171692043542862,0.6392894387245178,0.9564586281776428
0.08369658887386322,0.7026181221008301,1.5395840406417847
0.038495615124702454,0.6353007555007935,1.0202568769454956
0.047983333468437195,0.6529322862625122,1.1327656507492065
0.03489392250776291,0.5358402729034424,0.8847795128822327
0.04337666928768158,0.7229761481285095,1.156742811203003
0.044420383870601654,0.5590322017669678,1.0032360553741455
0.037992626428604126,0.5790581703186035,0.9589844346046448
0.03963497281074524,0.5893781185150146,0.985727846622467
0.036454491317272186,0.5373185873031616,0.9018635153770447
0.044125720858573914,0.5114182829856873,0.952675461769104
0.045696478337049484,0.7059160470962524,1.1628808975219727
0.044717758893966675,0.5859522819519043,1.0331299304962158
0.04330937936902046,0.6571601033210754,1.0902538299560547
0.039155807346105576,0.5929772257804871,0.9845353364944458
0.03472386300563812,0.4294869899749756,0.7767256498336792
0.04181157425045967,0.6204107999801636,1.0385265350341797
0.03656124323606491,0.4744904935359955,0.8401029109954834
0.03404688090085983,0.6768862009048462,1.017354965209961
0.04031776264309883,0.5239108204841614,0.9270884394645691
0.0358392558991909,0.6253204345703125,0.9837130308151245
0.033237505704164505,0.5217683911323547,0.8541434407234192
0.03879312798380852,0.5964651703834534,0.9843964576721191
0.03716828674077988,0.7143140435218811,1.0859968662261963
0.030258867889642715,0.3522595763206482,0.6548482179641724
0.05080278962850571,0.6480817794799805,1.1561096906661987
0.04399283975362778,0.5581684112548828,0.9980968236923218
0.0349494144320488,0.5057060718536377,0.8552002310752869
0.0336320698261261,0.5115822553634644,0.8479029536247253
0.04506033658981323,0.6616231203079224,1.1122264862060547
0.0466889813542366,0.5984794497489929,1.0653692483901978
0.04258226603269577,0.49420782923698425,0.9200304746627808
0.046683333814144135,0.6712627410888672,1.1380960941314697
0.040628015995025635,0.6187160015106201,1.0249961614608765
0.03887582942843437,0.4814167022705078,0.8701750040054321
0.04255634546279907,0.4985831379890442,0.9241465926170349
0.03260955214500427,0.603812575340271,0.9299080967903137
0.05121256038546562,0.6084901690483093,1.1206157207489014
0.04266238585114479,0.6726579666137695,1.0992817878723145
0.031767986714839935,0.524768054485321,0.8424479365348816
0.038934145122766495,0.6824923753738403,1.071833848953247
0.04789809137582779,0.6526200771331787,1.1316009759902954
0.0404629185795784,0.5934089422225952,0.998038113117218
0.031126461923122406,0.5088343620300293,0.8200989961624146
0.03496668115258217,0.5233184695243835,0.8729852437973022
0.050810087472200394,0.6185781359672546,1.1266789436340332
0.03807023912668228,0.5629640817642212,0.9436664581298828
0.0339127741754055,0.6958482265472412,1.0349760055541992
0.038086798042058945,0.5886194109916687,0.9694874286651611
0.043062154203653336,0.7013626098632812,1.1319841146469116
0.04109640792012215,0.6126838326454163,1.0236479043960571
0.0375429168343544,0.5550086498260498,0.9304378032684326
0.049009278416633606,0.6480642557144165,1.1381570100784302
0.03922927752137184,0.519506573677063,0.9117993116378784
0.03891880810260773,0.4949633479118347,0.8841514587402344
0.05582641065120697,0.6781888604164124,1.2364530563354492
0.042932163923978806,0.619246244430542,1.0485678911209106
0.04364136606454849,0.5624433755874634,0.9988570213317871
0.035110849887132645,0.5937508344650269,0.9448593258857727
0.037933606654405594,0.666394829750061,1.0457308292388916
0.03679550439119339,0.4231293499469757,0.7910844087600708
0.03616909310221672,0.6489157676696777,1.0106067657470703
0.0354311540722847,0.6176221370697021,0.9719336628913879
0.032931849360466,0.5935649871826172,0.9228835105895996
0.04139642044901848,0.5497957468032837,0.9637599587440491
0.04473306983709335,0.7525656819343567,1.1998963356018066
0.04412508383393288,0.549827516078949,0.9910783767700195
0.028981631621718407,0.5872406959533691,0.8770570158958435
0.03689919039607048,0.5729793310165405,0.9419712424278259
0.03868096321821213,0.6560237407684326,1.0428333282470703
0.04183339327573776,0.5421162843704224,0.9604502320289612
0.04133477434515953,0.6733039617538452,1.0866516828536987
0.04044874757528305,0.3321684002876282,0.7366558909416199
0.04368342086672783,0.5555647611618042,0.9923989772796631
0.04013872146606445,0.5353267788887024,0.9367139935493469
0.0466206818819046,0.5955207943916321,1.0617276430130005
0.046289779245853424,0.7089411020278931,1.1718388795852661
0.04905664175748825,0.6572661399841309,1.1478326320648193
0.0410132072865963,0.5189939141273499,0.9291260242462158
0.036664001643657684,0.6304476261138916,0.9970876574516296
0.04275243356823921,0.4989635944366455,0.926487922668457
0.04298020899295807,0.5305426120758057,0.960344672203064
0.034201040863990784,0.4766666889190674,0.8186770677566528
0.04037630558013916,0.537509560585022,0.9412726163864136
0.04521206021308899,0.5560823082923889,1.0082029104232788
0.039413850754499435,0.4723324179649353,0.8664709329605103
0.05237499624490738,0.7153326272964478,1.2390825748443604
0.04038824886083603,0.4893176555633545,0.893200159072876
0.03752206265926361,0.4200427532196045,0.795263409614563
0.03693631663918495,0.5073572397232056,0.8767204284667969
0.03752435743808746,0.5340636968612671,0.9093072414398193
0.03792731463909149,0.6583459377288818,1.0376191139221191
0.039253197610378265,0.6330001950263977,1.0255322456359863
0.04274092614650726,0.6605654954910278,1.0879747867584229
0.034364406019449234,0.4829050302505493,0.8265490531921387
0.04230969399213791,0.6252481937408447,1.0483450889587402
0.05015958100557327,0.6540985107421875,1.1556942462921143
0.05220186710357666,0.6098965406417847,1.1319152116775513
0.03765790909528732,0.5053237676620483,0.8819028735160828
0.03891079127788544,0.543610692024231,0.9327186346054077
0.031687427312135696,0.5486931800842285,0.8655674457550049
0.04188641160726547,0.6655194163322449,1.084383487701416
0.03586779534816742,0.5440271496772766,0.9027050733566284
0.036666564643383026,0.626903772354126,0.9935694336891174
0.03863992542028427,0.642108142375946,1.0285074710845947
0.03838977962732315,0.6024788022041321,0.9863765835762024
0.047642920166254044,0.6297810077667236,1.1062102317810059
0.06870609521865845,0.7606472969055176,1.447708249092102
0.04581351578235626,0.703871488571167,1.1620066165924072
0.05079496651887894,0.6738394498825073,1.1817891597747803
0.03800467029213905,0.4952889680862427,0.875335693359375
0.03325323015451431,0.4726550579071045,0.8051873445510864
0.03487198054790497,0.5302389860153198,0.8789588212966919
0.03778992220759392,0.6635856032371521,1.0414848327636719
0.03299123793840408,0.49646705389022827,0.8263794183731079
0.043880876153707504,0.6010736227035522,1.0398824214935303
0.03399021923542023,0.5013964176177979,0.8412985801696777
0.04357221722602844,0.661593496799469,1.0973156690597534
0.04319306090474129,0.6038775444030762,1.0358080863952637
0.05086424574255943,0.5138788223266602,1.0225212574005127
0.03562305122613907,0.5862653255462646,0.9424958229064941
0.05138677358627319,0.6830257177352905,1.1968934535980225
0.04618770629167557,0.6945548057556152,1.1564319133758545
0.038374535739421844,0.7259095907211304,1.1096549034118652
0.04826177656650543,0.7019814848899841,1.1845992803573608
0.03823358565568924,0.5902711153030396,0.9726069569587708
0.040443673729896545,0.6231523752212524,1.0275890827178955
0.0395301878452301,0.5844484567642212,0.9797503352165222
0.039632368832826614,0.579135537147522,0.9754592180252075
0.03127152845263481,0.6105539202690125,0.9232692122459412
0.047667112201452255,0.6721131801605225,1.1487842798233032
0.054251644760370255,0.624545156955719,1.1670615673065186
0.04358965903520584,0.6247252225875854,1.060621738433838
0.03413250297307968,0.4974411725997925,0.8387662172317505
0.03544031083583832,0.561841607093811,0.9162447452545166
0.03476602956652641,0.4638940095901489,0.8115543127059937
0.04018336161971092,0.6468169689178467,1.0486506223678589
0.03881639242172241,0.5921189785003662,0.9802829027175903
0.04310573264956474,0.7044495344161987,1.1355068683624268
0.038921959698200226,0.5024161338806152,0.8916357159614563
0.03339952230453491,0.6990729570388794,1.0330681800842285
0.03996846824884415,0.6847601532936096,1.0844447612762451
0.036116793751716614,0.6139523983001709,0.9751203060150146
0.03983704373240471,0.6261414289474487,1.0245118141174316
0.041991353034973145,0.6198993921279907,1.0398129224777222
0.03304005786776543,0.5728611350059509,0.9032617211341858
0.03453084081411362,0.6777534484863281,1.0230618715286255
0.053025022149086,0.7176164984703064,1.2478666305541992
0.03757557272911072,0.6062963008880615,0.9820520281791687
0.04469095915555954,0.5384199619293213,0.9853295683860779
0.03718729317188263,0.5571798086166382,0.9290527105331421
0.044157207012176514,0.5333828926086426,0.9749549627304077
0.032343532890081406,0.3913050889968872,0.7147403955459595
0.037703752517700195,0.5815818309783936,0.9586193561553955
0.05624663084745407,0.6232973337173462,1.1857635974884033
0.037355534732341766,0.7284656167030334,1.1020209789276123
0.04087218642234802,0.6125890612602234,1.0213109254837036
0.04285922646522522,0.5821573734283447,1.0107495784759521
0.058417484164237976,0.666877031326294,1.251051902770996
0.03622371703386307,0.4667355418205261,0.8289726972579956
0.03886738419532776,0.5979740619659424,0.98664790391922
0.04157590493559837,0.596558690071106,1.0123177766799927
0.03470831364393234,0.6799583435058594,1.0270414352416992
0.04346933215856552,0.6980116367340088,1.1327049732208252
0.037963055074214935,0.6445366144180298,1.0241671800613403
0.04073457419872284,0.6770074367523193,1.0843532085418701
0.047737233340740204,0.5794306993484497,1.0568029880523682
0.043031640350818634,0.6509209871292114,1.0812373161315918
0.04612745717167854,0.6485170722007751,1.10979163646698
0.03936288505792618,0.7122442126274109,1.1058731079101562
0.03847522661089897,0.4471578598022461,0.8319101333618164
0.03739309310913086,0.442746102809906,0.8166770339012146
0.05212391912937164,0.6756088733673096,1.1968480348587036
0.040272437036037445,0.5989474058151245,1.0016717910766602
0.03499636426568031,0.5729382038116455,0.9229018688201904
0.04366752877831459,0.4981696903705597,0.934844970703125
0.05115172266960144,0.6102548837661743,1.121772050857544
0.03157304972410202,0.4860866665840149,0.8018171787261963
0.0429937019944191,0.5867408514022827,1.0166778564453125
0.039567068219184875,0.6579122543334961,1.0535829067230225
0.03724443167448044,0.48180222511291504,0.8542465567588806
0.043300848454236984,0.5772953033447266,1.0103037357330322
0.054488327354192734,0.6204679012298584,1.165351152420044
0.03825268894433975,0.5321800708770752,0.9147069454193115
0.041097864508628845,0.5685609579086304,0.9795396327972412
0.04201123118400574,0.6312474012374878,1.0513596534729004
0.04440922290086746,0.6932294368743896,1.1373217105865479
0.0383077934384346,0.7128300666809082,1.0959079265594482
0.033719293773174286,0.5617811679840088,0.8989741206169128
0.04819592088460922,0.6223714351654053,1.1043306589126587
0.029961680993437767,0.490139365196228,0.789756178855896
0.03187995031476021,0.5558090806007385,0.87460857629776
0.04303038865327835,0.5693163275718689,0.9996201992034912
0.03552950546145439,0.4522063434123993,0.8075014352798462
0.04563877731561661,0.6070970892906189,1.0634849071502686
0.031435780227184296,0.6516454219818115,0.9660032391548157
0.045121029019355774,0.6763713359832764,1.1275815963745117
0.04541419446468353,0.5575456023216248,1.0116875171661377
0.03818965330719948,0.6136066317558289,0.9955031871795654
0.03716358542442322,0.5045482516288757,0.8761841058731079
0.03843840956687927,0.6225624680519104,1.0069465637207031
0.03736310824751854,0.6575006246566772,1.0311317443847656
0.03694524988532066,0.6037251949310303,0.9731776714324951
0.03592410683631897,0.6109153628349304,0.9701564311981201
0.03864813968539238,0.5348125100135803,0.9212939143180847
0.044722918421030045,0.5661925673484802,1.0134217739105225
0.042815931141376495,0.5922936797142029,1.0204529762268066
0.03722551465034485,0.6664131283760071,1.0386682748794556
0.03663506731390953,0.6459873914718628,1.0123380422592163
0.05084862560033798,0.6558052897453308,1.1642916202545166
0.035345662385225296,0.6037517786026001,0.9572083950042725
0.04085118696093559,0.6655983328819275,1.0741102695465088
0.036145299673080444,0.6848359107971191,1.0462889671325684
0.03202412277460098,0.528261661529541,0.8485028743743896
0.03891970217227936,0.5868234634399414,0.9760204553604126
0.05164013057947159,0.6194720268249512,1.1358733177185059
0.051954485476017,0.6815823912620544,1.201127290725708
0.03199983388185501,0.5505496859550476,0.8705480098724365
0.03627169504761696,0.6306767463684082,0.9933936595916748
0.04542245715856552,0.6248309016227722,1.0790555477142334
0.03978046029806137,0.5653271079063416,0.9631317257881165
0.03832545131444931,0.529033362865448,0.9122878909111023
0.048529982566833496,0.5380974411964417,1.0233972072601318
0.038957301527261734,0.5872764587402344,0.9768494367599487
0.03856337442994118,0.5380325317382812,0.92366623878479
0.03854856640100479,0.5100382566452026,0.8955239057540894
0.04204161465167999,0.6661515235900879,1.0865676403045654
0.03601841256022453,0.6861211061477661,1.0463051795959473
0.03700482100248337,0.4950621724128723,0.8651103973388672
0.03610101342201233,0.5376720428466797,0.898682177066803
0.034689463675022125,0.5899746417999268,0.9368692636489868
0.04327961802482605,0.6153236627578735,1.0481197834014893
0.038395773619413376,0.6217374801635742,1.0056952238082886
0.033384017646312714,0.49303916096687317,0.8268793821334839
0.03947805240750313,0.4750218987464905,0.8698024153709412
0.03264934569597244,0.49097737669944763,0.8174707889556885
0.03449191898107529,0.48012691736221313,0.8250461220741272
0.038574740290641785,0.6295033693313599,1.0152508020401
0.048968251794576645,0.6554479002952576,1.1451303958892822
0.041290175169706345,0.6083494424819946,1.0212512016296387
0.036489494144916534,0.5157370567321777,0.8806319832801819
0.03655879944562912,0.502785325050354,0.8683733344078064
0.05070943385362625,0.6469533443450928,1.1540477275848389
0.03247633948922157,0.4576873779296875,0.782450795173645
0.034447409212589264,0.6341259479522705,0.978600025177002
0.03663448244333267,0.6895857453346252,1.0559306144714355
0.04994294047355652,0.5881879329681396,1.0876173973083496
0.037877533584833145,0.5818143486976624,0.9605896472930908
0.04039895534515381,0.6096493005752563,1.0136388540267944
0.035867467522621155,0.5683327913284302,0.9270074367523193
0.03796833008527756,0.5738712549209595,0.9535545706748962
0.04387664794921875,0.6574517488479614,1.096218228340149
0.04022344946861267,0.6108728051185608,1.0131072998046875
0.03877754136919975,0.614982008934021,1.0027574300765991
0.03633016347885132,0.6440696120262146,1.007371187210083
0.04279974848031998,0.6025708913803101,1.0305683612823486
0.033180851489305496,0.5287115573883057,0.86052006483078
0.03765389695763588,0.5570789575576782,0.9336179494857788
0.0414426289498806,0.720862865447998,1.135289192199707
0.04105166345834732,0.7063777446746826,1.1168943643569946
0.04290250688791275,0.5103574991226196,0.9393825531005859
0.03699538856744766,0.5971354246139526,0.9670892953872681
0.05210142210125923,0.5905323624610901,1.111546516418457
0.03367454931139946,0.7067112326622009,1.043456792831421
0.03578111529350281,0.5646079778671265,0.9224191308021545
0.04209519177675247,0.5260754823684692,0.9470273852348328
0.04159315302968025,0.5273860692977905,0.9433175921440125
0.04137764871120453,0.6420243978500366,1.0558009147644043
0.04472330957651138,0.6742581129074097,1.1214911937713623
0.037104491144418716,0.5542869567871094,0.9253318309783936
0.03464102745056152,0.5200300216674805,0.8664402961730957
0.04207610338926315,0.6764703989028931,1.097231388092041
0.04874328523874283,0.627653181552887,1.1150860786437988
0.04424469918012619,0.7290307283401489,1.1714777946472168
0.0385008305311203,0.449473112821579,0.834481418132782
0.029938356950879097,0.46508026123046875,0.7644638419151306
0.03973211720585823,0.5886551141738892,0.9859762787818909
0.037293270230293274,0.5564258098602295,0.9293584823608398
0.040206849575042725,0.6875074505805969,1.089576005935669
0.044101864099502563,0.6859379410743713,1.126956582069397
0.03743583709001541,0.7052745819091797,1.0796329975128174
0.04196770489215851,0.5201531648635864,0.9398301839828491
0.040269650518894196,0.6783037185668945,1.0810002088546753
0.0324287936091423,0.6139568090438843,0.9382447600364685
0.03756970912218094,0.5468418598175049,0.9225389361381531
0.038911089301109314,0.6896473169326782,1.0787582397460938
0.03223747760057449,0.7095258235931396,1.0319006443023682
0.038786012679338455,0.6271088123321533,1.0149688720703125
0.04076940193772316,0.6051268577575684,1.012820839881897
0.04200189560651779,0.522363007068634,0.9423819780349731
0.03886915743350983,0.5852665305137634,0.9739581346511841
0.039220668375492096,0.4950520694255829,0.887258768081665
0.03601500391960144,0.5706863403320312,0.9308363795280457
0.034137219190597534,0.5133830308914185,0.8547552227973938
0.03445717319846153,0.6976116895675659,1.0421833992004395
0.03539419546723366,0.6941759586334229,1.0481178760528564
0.037618376314640045,0.5555638074874878,0.931747555732727
0.03443125635385513,0.65828537940979,1.0025979280471802
0.045129772275686264,0.5531065464019775,1.0044043064117432
0.03932325541973114,0.6464770436286926,1.0397095680236816
0.04277317598462105,0.5421947836875916,0.9699265360832214
0.03630785271525383,0.52813720703125,0.8912157416343689
0.03726833686232567,0.5154359340667725,0.8881193399429321
0.0469694621860981,0.5503946542739868,1.0200892686843872
0.04371093958616257,0.5998789072036743,1.0369882583618164
0.0416482612490654,0.5899845957756042,1.0064672231674194
0.052923668175935745,0.6878592371940613,1.2170958518981934
0.033502642065286636,0.3998960852622986,0.7349225282669067
0.03821258991956711,0.6312344670295715,1.0133603811264038
0.03702235966920853,0.5657294988632202,0.9359530806541443
0.03433913365006447,0.5794146060943604,0.922805905342102
0.03896092250943184,0.5023020505905151,0.8919112682342529
0.04698582738637924,0.6468144059181213,1.1166727542877197
0.034888170659542084,0.4340374171733856,0.78291916847229
0.037434861063957214,0.5750693082809448,0.9494179487228394
0.03545546531677246,0.6884947419166565,1.0430493354797363
0.03895775228738785,0.6427297592163086,1.0323072671890259
0.03824593499302864,0.5136198401451111,0.8960791826248169
0.03700006753206253,0.6680911779403687,1.0380918979644775
0.04146936163306236,0.639756441116333,1.0544500350952148
0.03532058000564575,0.5552034378051758,0.9084092378616333
0.03407808393239975,0.7073664665222168,1.0481473207473755
0.057869695127010345,0.7086889743804932,1.2873859405517578
0.04129026457667351,0.6188088059425354,1.031711459159851
0.037280961871147156,0.4938671588897705,0.8666768074035645
0.04138953238725662,0.5177335143089294,0.9316288232803345
0.04088255763053894,0.5949535369873047,1.0037791728973389
0.04215546324849129,0.690426230430603,1.11198091506958
0.04622851312160492,0.6097943782806396,1.0720795392990112
0.04589381068944931,0.654593288898468,1.1135313510894775
0.045250073075294495,0.6018450260162354,1.054345726966858
0.03806028515100479,0.4500420093536377,0.8306448459625244
0.03872498497366905,0.42287665605545044,0.810126543045044
0.05145803466439247,0.6430376172065735,1.1576180458068848
0.036332279443740845,0.5806247591972351,0.9439475536346436
0.027613840997219086,0.3253527879714966,0.6014912128448486
0.04080042988061905,0.5581883192062378,0.9661926031112671
0.038939692080020905,0.6371471881866455,1.0265440940856934
0.04342619329690933,0.5516235828399658,0.985885500907898
0.03854718804359436,0.5754958987236023,0.9609677791595459
0.04402473568916321,0.6474095582962036,1.0876569747924805
0.033987708389759064,0.5981570482254028,0.9380341172218323
0.03964195400476456,0.5795621871948242,0.9759817123413086
0.03817079961299896,0.5741240978240967,0.9558321237564087
0.040695227682590485,0.6834930181503296,1.0904452800750732
0.05760972201824188,0.6395888328552246,1.2156860828399658
0.03448238596320152,0.587363600730896,0.9321874380111694
0.03546205163002014,0.5174338221549988,0.8720543384552002
0.04267200455069542,0.7250621318817139,1.1517821550369263
0.048928216099739075,0.6497490406036377,1.139031171798706
0.04128575325012207,0.4839375615119934,0.8967950940132141
0.04234633594751358,0.4986295700073242,0.9220929145812988
0.037213899195194244,0.5685986280441284,0.9407376050949097
0.03243585675954819,0.4994235038757324,0.8237820863723755
0.028131410479545593,0.5436675548553467,0.824981689453125
0.0392487458884716,0.5943129062652588,0.9868003726005554
0.055114999413490295,0.5798079967498779,1.1309579610824585
0.05619831383228302,0.6870366334915161,1.249019742012024
0.03236403316259384,0.6347097158432007,0.9583500623703003
0.03232257813215256,0.510857105255127,0.8340829014778137
0.03243769332766533,0.5432968735694885,0.8676738142967224
0.031018728390336037,0.6084192991256714,0.9186065793037415
0.042390309274196625,0.5687054395675659,0.9926085472106934
0.041074566543102264,0.6462976336479187,1.0570433139801025
0.04273972660303116,0.676999568939209,1.1043968200683594
0.04374508932232857,0.662224292755127,1.099675178527832
0.046048715710639954,0.674267053604126,1.1347541809082031
0.04262746870517731,0.7042993903160095,1.130574107170105
0.036523398011922836,0.566192090511322,0.9314260482788086
0.039639875292778015,0.6856896877288818,1.0820884704589844
0.0375906303524971,0.6629133820533752,1.038819670677185
0.03817765787243843,0.5918676257133484,0.9736441969871521
0.05208621174097061,0.6329149007797241,1.153777003288269
0.03793525695800781,0.5610714554786682,0.9404240250587463
0.03585013002157211,0.6264764666557312,0.9849777817726135
0.03611975535750389,0.5310595035552979,0.8922570943832397
0.037841781973838806,0.48902779817581177,0.8674455881118774
0.03353677690029144,0.6232443451881409,0.9586120843887329
0.03350675478577614,0.626397430896759,0.9614650011062622
0.045536890625953674,0.5731947422027588,1.0285636186599731
0.033879633992910385,0.4104551374912262,0.7492514848709106
0.038287702947854996,0.5865651369094849,0.9694421291351318
0.032530270516872406,0.5033573508262634,0.8286600708961487
0.036128003150224686,0.6615070104598999,1.022787094116211
0.0380670428276062,0.6066033244132996,0.9872737526893616
0.041277140378952026,0.5835517644882202,0.9963231682777405
0.05997360125184059,0.7525417804718018,1.3522777557373047
0.0337020680308342,0.5393716096878052,0.8763923048973083
0.036170803010463715,0.5531325340270996,0.914840579032898
0.03550343215465546,0.6610438823699951,1.016078233718872
0.0363570898771286,0.4822426736354828,0.8458135724067688
0.04425850510597229,0.6226375102996826,1.0652225017547607
0.03626558184623718,0.5390167236328125,0.9016725420951843
0.04200764372944832,0.5222817659378052,0.9423581957817078
0.04707099497318268,0.6336181163787842,1.1043280363082886
0.04162207245826721,0.6651064157485962,1.081327199935913
0.03720558434724808,0.613412618637085,0.9854684472084045
0.03435733914375305,0.6333366632461548,0.9769100546836853
0.040059901773929596,0.6147509813308716,1.0153499841690063
0.03273218125104904,0.4369043707847595,0.7642261981964111
0.048686787486076355,0.5924521684646606,1.0793200731277466
0.03443165868520737,0.6906440258026123,1.0349606275558472
0.0453970842063427,0.6133294105529785,1.0673003196716309
0.04308466613292694,0.4848262071609497,0.9156728982925415
0.03806468844413757,0.45833438634872437,0.8389812707901001
0.04748936742544174,0.6606428623199463,1.135536551475525
0.03498227894306183,0.4413316249847412,0.7911543846130371
0.039777591824531555,0.566461443901062,0.9642373323440552
0.03294339403510094,0.633537769317627,0.9629716873168945
0.03887014836072922,0.5746290683746338,0.9633305668830872
0.03841888904571533,0.6877965331077576,1.0719854831695557
0.03800645098090172,0.6514561176300049,1.0315206050872803
0.036736663430929184,0.6190000772476196,0.9863667488098145
0.039136432111263275,0.7283349633216858,1.119699239730835
0.03918886184692383,0.6585164666175842,1.0504050254821777
0.03667628392577171,0.48517265915870667,0.8519355058670044
0.037672191858291626,0.42136847972869873,0.798090398311615
0.04121709614992142,0.6699824333190918,1.0821533203125
0.04719444364309311,0.5940784215927124,1.0660228729248047
0.03676299378275871,0.5076189041137695,0.8752488493919373
0.03237570822238922,0.42421257495880127,0.7479696273803711
0.035066790878772736,0.523525595664978,0.8741934895515442
0.06265036761760712,0.6623827219009399,1.2888864278793335
0.03652369976043701,0.6091903448104858,0.974427342414856
0.06760372221469879,0.7034066915512085,1.379443883895874
0.047902148216962814,0.5880881547927856,1.0671095848083496
0.03674766421318054,0.6305810213088989,0.9980576634407043
0.035270050168037415,0.3192557692527771,0.6719563007354736
0.03660516440868378,0.5648525953292847,0.9309042692184448
0.046265408396720886,0.611224889755249,1.0738790035247803
0.03609556704759598,0.5593135356903076,0.9202691912651062
0.04131828248500824,0.5227172374725342,0.935900092124939
0.047871872782707214,0.664806604385376,1.1435253620147705
0.03206101059913635,0.5708766579627991,0.8914867639541626
0.037558041512966156,0.5769189596176147,0.9524993896484375
0.045596539974212646,0.633234977722168,1.0892003774642944
0.033255286514759064,0.5899611115455627,0.9225139617919922
0.0327901728451252,0.48572617769241333,0.8136278986930847
0.03608400374650955,0.5338609218597412,0.8947009444236755
0.03954888880252838,0.6661258935928345,1.061614751815796
0.03370495140552521,0.5477734804153442,0.8848229646682739
0.03314065933227539,0.5693438053131104,0.9007503986358643
0.03174879029393196,0.5080451369285583,0.8255330324172974
0.03504876047372818,0.5251176953315735,0.8756052851676941
0.04053330048918724,0.7037824988365173,1.109115481376648
0.046032682061195374,0.6412804126739502,1.1016072034835815
0.04218807816505432,0.6689814329147339,1.0908622741699219
0.03255430608987808,0.5594573616981506,0.8850004076957703
0.05580151826143265,0.6206084489822388,1.1786236763000488
0.03821197897195816,0.651596188545227,1.0337159633636475
0.038878533989191055,0.6612952351570129,1.0500805377960205
0.03771289065480232,0.6800593137741089,1.0571882724761963
0.05646834522485733,0.506842315196991,1.0715258121490479
0.03606574982404709,0.4992033839225769,0.859860897064209
0.04934581741690636,0.6941936016082764,1.1876517534255981
0.046862829476594925,0.6815779209136963,1.150206208229065
0.04490874707698822,0.6436536908149719,1.0927411317825317
0.03308159112930298,0.6993997097015381,1.0302156209945679
0.035873811691999435,0.42885345220565796,0.7875915765762329
0.029889773577451706,0.5042464137077332,0.8031441569328308
0.03966478630900383,0.6239912509918213,1.020639181137085
0.0406784787774086,0.5818181037902832,0.988602876663208
0.03918022662401199,0.6880174875259399,1.079819679260254
0.038985397666692734,0.5032637119293213,0.8931176662445068
0.04388862103223801,0.6011980772018433,1.0400843620300293
0.03825020790100098,0.418600857257843,0.8011029362678528
0.037745535373687744,0.5315314531326294,0.9089868068695068
0.03822839632630348,0.6565700173377991,1.0388540029525757
0.038472454994916916,0.6479570865631104,1.0326817035675049
0.04108264297246933,0.5031905174255371,0.9140169620513916
0.040829986333847046,0.6469647884368896,1.0552647113800049
0.034148357808589935,0.7463589310646057,1.0878424644470215
0.039142072200775146,0.4909234642982483,0.8823441863059998
0.029723938554525375,0.5837374925613403,0.8809769153594971
0.03169083595275879,0.6002189517021179,0.9171273112297058
0.06983563303947449,0.7052890062332153,1.4036452770233154
0.03559241443872452,0.5322529673576355,0.8881770968437195
0.037296757102012634,0.6846878528594971,1.0576554536819458
0.03802821785211563,0.5905501246452332,0.9708322882652283
0.03689481317996979,0.6973607540130615,1.066308856010437
0.034780483692884445,0.6955888271331787,1.043393611907959
0.03879191353917122,0.58277827501297,0.9706974029541016
0.0413641482591629,0.6384372115135193,1.0520787239074707
0.038588374853134155,0.5643196105957031,0.9502033591270447
0.04129980504512787,0.5728362798690796,0.9858343601226807
0.042460374534130096,0.4849800765514374,0.9095838069915771
0.03618467599153519,0.6336055994033813,0.995452344417572
0.03610464930534363,0.5494329929351807,0.9104794859886169
0.03261696547269821,0.501574695110321,0.8277443647384644
0.0414828360080719,0.6531926393508911,1.0680210590362549
0.03921634703874588,0.5959122180938721,0.9880756735801697
0.03748801723122597,0.5932128429412842,0.9680930376052856
0.04626840353012085,0.7035785913467407,1.1662626266479492
0.03739650547504425,0.6457369923591614,1.0197020769119263
0.03782305121421814,0.4882725179195404,0.8665030002593994
0.04210285097360611,0.6001880168914795,1.0212165117263794
0.054937176406383514,0.7081226706504822,1.2574944496154785
0.03765434771776199,0.5838496685028076,0.9603931307792664
0.03641147539019585,0.6223463416099548,0.9864611029624939
0.03508235514163971,0.5106152296066284,0.8614387512207031
0.039681702852249146,0.6598995923995972,1.0567166805267334
0.04633692279458046,0.67652827501297,1.1398974657058716
0.032173119485378265,0.5232522487640381,0.8449834585189819
0.03164556249976158,0.36397603154182434,0.6804316639900208
0.03475707769393921,0.666852593421936,1.0144233703613281
0.03451165929436684,0.5965490341186523,0.9416656494140625
0.04363652691245079,0.4988175630569458,0.9351828098297119
0.04706487059593201,0.6178288459777832,1.088477611541748
0.043828435242176056,0.6888480186462402,1.1271324157714844
0.04045676440000534,0.7167202234268188,1.1212878227233887
0.044065751135349274,0.6542825698852539,1.0949400663375854
0.048558786511421204,0.5940108299255371,1.0795986652374268
0.03673912584781647,0.6923578381538391,1.0597491264343262
0.03578879311680794,0.5657250881195068,0.9236130118370056
0.04137091338634491,0.6856913566589355,1.099400520324707
0.03872109204530716,0.5927492380142212,0.9799601435661316
0.0398392379283905,0.6059837341308594,1.0043761730194092
0.04167071729898453,0.644231915473938,1.060939073562622
0.04182800278067589,0.6262487173080444,1.0445287227630615
0.04241718724370003,0.4009629487991333,0.825134813785553
0.04040536284446716,0.5088065266609192,0.9128601551055908
0.033452071249485016,0.6739763021469116,1.0084969997406006
0.030621983110904694,0.6744740605354309,0.9806938767433167
0.05260927975177765,0.5606157779693604,1.0867085456848145
0.033367425203323364,0.6898647546768188,1.0235390663146973
0.03783217817544937,0.5384373664855957,0.9167591333389282
0.03894960880279541,0.5738574266433716,0.9633535146713257
0.047802768647670746,0.6439365148544312,1.1219642162322998
0.047781139612197876,0.5672906041145325,1.0451020002365112
0.0353112667798996,0.4797073006629944,0.832819938659668
0.036264680325984955,0.6426969766616821,1.0053437948226929
0.0328964963555336,0.40658625960350037,0.7355512380599976
0.03593968600034714,0.5543627142906189,0.9137595891952515
0.035544171929359436,0.7270490527153015,1.0824908018112183
0.02922070398926735,0.5619024634361267,0.854109525680542
0.03247276693582535,0.5604296922683716,0.8851573467254639
0.03813470900058746,0.6267220377922058,1.0080691576004028
0.047449223697185516,0.6117815971374512,1.0862739086151123
0.038718562573194504,0.5512155294418335,0.9384011626243591
0.03916315734386444,0.6344739198684692,1.026105523109436
0.033942606300115585,0.5840717554092407,0.9234977960586548
0.03876597434282303,0.5799521803855896,0.9676119089126587
0.03633785992860794,0.6975671648979187,1.060945749282837
0.03761829808354378,0.5184065699577332,0.8945895433425903
0.03946828097105026,0.6129953861236572,1.0076782703399658
0.029383499175310135,0.5528204441070557,0.8466554284095764
0.03543566167354584,0.5625380277633667,0.9168946743011475
0.04050905257463455,0.5960851907730103,1.0011756420135498
0.039716172963380814,0.6331737041473389,1.0303354263305664
0.045558542013168335,0.6432948112487793,1.0988802909851074
0.03918824344873428,0.45468470454216003,0.8465671539306641
0.0392201691865921,0.6120349168777466,1.0042365789413452
0.036655738949775696,0.5892210006713867,0.9557783603668213
0.033527348190546036,0.6065957546234131,0.9418692588806152
0.0509449765086174,0.6986778378486633,1.2081276178359985
0.045476801693439484,0.6660920977592468,1.1208600997924805
0.040239084511995316,0.6719982028007507,1.0743889808654785
0.029234474524855614,0.45143795013427734,0.7437826991081238
0.04334382340312004,0.6633996963500977,1.0968379974365234
0.036992013454437256,0.6088183522224426,0.9787384867668152
0.03803565725684166,0.6287521123886108,1.0091086626052856
0.033614370971918106,0.630547285079956,0.9666910171508789
0.04500511661171913,0.6126182079315186,1.0626693964004517
0.040145035833120346,0.646443247795105,1.0478936433792114
0.051082901656627655,0.7511682510375977,1.2619972229003906
0.04056835174560547,0.5926516056060791,0.9983351230621338
0.036768220365047455,0.45617520809173584,0.8238574266433716
0.04962065815925598,0.6244328618049622,1.120639443397522
0.05260468274354935,0.6343816518783569,1.160428524017334
0.03301314637064934,0.5402125120162964,0.8703439831733704
0.04989410936832428,0.7186539173126221,1.2175949811935425
0.04698282480239868,0.69077467918396,1.1606029272079468
0.03389022871851921,0.5400015115737915,0.8789038062095642
0.0396454855799675,0.5747514367103577,0.9712063074111938
0.038238972425460815,0.5829868316650391,0.9653765559196472
0.03866667300462723,0.6161974668502808,1.002864122390747
0.04492616653442383,0.6560034155845642,1.1052651405334473
0.04784639924764633,0.5266956090927124,1.005159616470337
0.047083668410778046,0.6419816017150879,1.1128182411193848
0.040884386748075485,0.6502836346626282,1.0591275691986084
0.04466947913169861,0.6857631802558899,1.132457971572876
0.03720782697200775,0.6035456657409668,0.9756239652633667
0.04362071678042412,0.6212295293807983,1.0574367046356201
0.034910209476947784,0.41774916648864746,0.7668512463569641
0.03194960579276085,0.4454471170902252,0.7649431824684143
0.042575519531965256,0.6151729822158813,1.0409281253814697
0.03741643577814102,0.4559542238712311,0.8301185369491577
0.03755735605955124,0.5146796107292175,0.8902531862258911
0.03672351688146591,0.45956510305404663,0.8268002867698669
0.057254157960414886,0.6828223466873169,1.255363941192627
0.03685606271028519,0.5142421722412109,0.8828027844429016
0.03659934550523758,0.626266598701477,0.9922600388526917
0.03194428235292435,0.5515228509902954,0.8709656596183777
0.02979663759469986,0.6274235248565674,0.9253898859024048
0.039171621203422546,0.6935876607894897,1.0853039026260376
0.03202847018837929,0.6501773595809937,0.9704620838165283
0.04213109612464905,0.5553957223892212,0.9767066836357117
0.03252552077174187,0.5577380657196045,0.8829932808876038
0.03611480072140694,0.6471561193466187,1.0083041191101074
0.04016052186489105,0.6379169225692749,1.0395221710205078
0.0501718670129776,0.6040922403335571,1.1058108806610107
0.050259217619895935,0.6969929337501526,1.199585199356079
0.049825772643089294,0.6344095468521118,1.1326673030853271
0.03170189633965492,0.6469246745109558,0.963943600654602
0.03956727311015129,0.5833271145820618,0.9789998531341553
0.03868316859006882,0.5147159099578857,0.9015476107597351
0.04027443751692772,0.6579759120941162,1.0607203245162964
0.046676162630319595,0.7079156637191772,1.1746772527694702
0.03564182296395302,0.5530714988708496,0.9094897508621216
0.0341491661965847,0.527931809425354,0.869423508644104
0.03850482404232025,0.5002577304840088,0.8853060007095337
0.04970498010516167,0.6173156499862671,1.1143654584884644
0.03718235343694687,0.6435503959655762,1.015373945236206
0.03494495153427124,0.6002854108810425,0.9497349262237549
0.03780963271856308,0.6114394664764404,0.9895358085632324
0.036115702241659164,0.645633339881897,1.0067903995513916
0.036791250109672546,0.6286407113075256,0.9965531826019287
0.031592704355716705,0.4449629783630371,0.760890007019043
0.031754590570926666,0.5690834522247314,0.8866293430328369
0.0301325973123312,0.5741762518882751,0.8755022287368774
0.035513974726200104,0.6550787687301636,1.0102185010910034
0.029653985053300858,0.5907524228096008,0.8872922658920288
0.03536833077669144,0.5788094997406006,0.9324927926063538
0.033427540212869644,0.603432834148407,0.9377082586288452
0.04386047273874283,0.6039225459098816,1.042527198791504
0.043071188032627106,0.6529614925384521,1.083673357963562
0.035707540810108185,0.5842635631561279,0.9413389563560486
0.04835164546966553,0.6613180041313171,1.1448345184326172
0.031376175582408905,0.551539957523346,0.8653017282485962
0.03263963758945465,0.5172812938690186,0.8436776399612427
0.03454161435365677,0.6775610446929932,1.0229771137237549
0.035858236253261566,0.624029815196991,0.9826121926307678
0.03203737735748291,0.5825009346008301,0.9028747081756592
0.03477519750595093,0.644676923751831,0.9924288988113403
0.03573521226644516,0.606972873210907,0.9643250107765198
0.04080841317772865,0.5974606871604919,1.0055447816848755
0.04085339978337288,0.5531039237976074,0.9616379141807556
0.030369576066732407,0.6469719409942627,0.9506677389144897
0.03532235324382782,0.6061656475067139,0.9593892097473145
0.04527861624956131,0.6203455328941345,1.0731316804885864
0.04065154492855072,0.5025426149368286,0.9090580940246582
0.04390743374824524,0.6309010982513428,1.0699753761291504
0.03642447665333748,0.5674525499343872,0.9316973090171814
0.045287445187568665,0.6252443194389343,1.0781188011169434
0.03656984120607376,0.640752911567688,1.0064513683319092
0.03174334019422531,0.4499254524707794,0.7673588991165161
0.04880192130804062,0.6750024557113647,1.1630216836929321
0.03470376878976822,0.5376321077346802,0.8846697807312012
0.03528915345668793,0.588880717754364,0.9417722225189209
0.030529877170920372,0.5667335987091064,0.8720324039459229
0.03765854984521866,0.5442379713058472,0.9208234548568726
0.042064692825078964,0.6782718896865845,1.0989187955856323
0.035512980073690414,0.5271975994110107,0.8823274374008179
0.036763809621334076,0.5581048727035522,0.9257429838180542
0.04608152434229851,0.6171107888221741,1.0779260396957397
0.05014856532216072,0.5726045370101929,1.0740902423858643
0.04625231772661209,0.7381843328475952,1.2007074356079102
0.03803178295493126,0.609130859375,0.9894486665725708
0.046102382242679596,0.606363832950592,1.067387580871582
0.030005577951669693,0.5016024112701416,0.8016581535339355
0.04916682094335556,0.6978083848953247,1.1894766092300415
0.03855070844292641,0.3660154640674591,0.7515225410461426
0.03497098386287689,0.6024695634841919,0.9521794319152832
0.03445092588663101,0.5148435831069946,0.8593528270721436
0.029387708753347397,0.442116916179657,0.7359939813613892
0.03239445760846138,0.4427560567855835,0.7667006254196167
0.041495420038700104,0.6440328359603882,1.058987021446228
0.0322231650352478,0.6375981569290161,0.9598298072814941
0.036944322288036346,0.5423719882965088,0.9118152260780334
0.054169610142707825,0.5148533582687378,1.0565494298934937
0.035174738615751266,0.6334096789360046,0.9851570725440979
0.03994583338499069,0.5945930480957031,0.9940513968467712
0.04795660823583603,0.5786008834838867,1.0581669807434082
0.036614034324884415,0.5526742935180664,0.9188146591186523
0.04153558611869812,0.6621001958847046,1.077455997467041
0.03818429261445999,0.6478325128555298,1.0296754837036133
0.05204571783542633,0.6641000509262085,1.1845571994781494
0.03274226933717728,0.49700236320495605,0.8244250416755676
0.04426951706409454,0.5223281979560852,0.965023398399353
0.04088720679283142,0.6739578247070312,1.0828299522399902
0.0406254380941391,0.5774768590927124,0.9837312698364258
0.047938138246536255,0.6717542409896851,1.1511356830596924
0.03962806984782219,0.7055145502090454,1.1017951965332031
0.03684641793370247,0.6307885646820068,0.9992527365684509
0.046501822769641876,0.5307518243789673,0.9957700371742249
0.05119045823812485,0.6720806360244751,1.1839852333068848
0.03576323390007019,0.4777161478996277,0.8353484869003296
0.03415533900260925,0.44763219356536865,0.7891855835914612
