focalLoss,contrastive_loss,loss
0.1258895993232727,0.9384598731994629,2.1973557472229004
0.11489953845739365,0.5450552701950073,1.694050669670105
0.0941362977027893,0.3565589189529419,1.297921895980835
0.07351064682006836,0.702936053276062,1.4380425214767456
0.08875074982643127,0.9324415922164917,1.8199491500854492
0.08920517563819885,0.8395971059799194,1.7316489219665527
0.09539210796356201,0.84097820520401,1.7948992252349854
0.1062759980559349,1.011066198348999,2.073826313018799
0.07463907450437546,0.5413035154342651,1.2876942157745361
0.07853765785694122,0.7089904546737671,1.494367003440857
0.08737339824438095,1.0056110620498657,1.8793450593948364
0.07778780162334442,0.7095357179641724,1.487413763999939
0.09059419482946396,0.5216981172561646,1.4276400804519653
0.08661610633134842,1.0351680517196655,1.9013290405273438
0.08915406465530396,0.901779294013977,1.7933199405670166
0.0802415981888771,1.0074074268341064,1.8098233938217163
0.08375222980976105,0.9372491836547852,1.7747714519500732
0.08253514021635056,0.7077419757843018,1.5330934524536133
0.08782391250133514,0.8354066014289856,1.7136456966400146
0.08131591975688934,1.0015904903411865,1.8147497177124023
0.08178168535232544,1.0155043601989746,1.833321213722229
0.08866402506828308,1.0609703063964844,1.94761061668396
0.0870855525135994,1.0090014934539795,1.879857063293457
0.08130700886249542,0.936734139919281,1.7498042583465576
0.0787566676735878,0.835971474647522,1.6235381364822388
0.0778261199593544,0.8370949029922485,1.6153560876846313
0.0721564069390297,0.3604404330253601,1.0820045471191406
0.07453442364931107,0.5428377389907837,1.288182020187378
0.08042453974485397,0.8392400145530701,1.643485426902771
0.07995691150426865,0.9372325539588928,1.7368016242980957
0.07880349457263947,0.7067667245864868,1.494801640510559
0.07727475464344025,0.5415605902671814,1.3143081665039062
0.08559312671422958,0.9438259601593018,1.7997572422027588
0.07992187142372131,0.9356951713562012,1.7349138259887695
0.07639166712760925,0.8411842584609985,1.6051008701324463
0.08033227175474167,1.010401725769043,1.8137245178222656
0.07952616363763809,1.0164848566055298,1.8117464780807495
0.08006849884986877,0.941224217414856,1.7419092655181885
0.08338721096515656,0.544665515422821,1.378537654876709
0.0760561004281044,1.0099384784698486,1.7704994678497314
0.08463285863399506,0.7028123736381531,1.5491409301757812
0.0829826220870018,0.7052941918373108,1.5351204872131348
0.0776136964559555,0.8344621658325195,1.610599160194397
0.08092646300792694,0.6480740308761597,1.4573386907577515
0.07594427466392517,0.8318672776222229,1.5913100242614746
0.08072180300951004,0.7048908472061157,1.5121088027954102
0.09615902602672577,1.062936782836914,2.024527072906494
0.0780462771654129,0.7072076797485352,1.4876704216003418
0.07473602145910263,0.7045340538024902,1.4518942832946777
0.08113381266593933,0.8368502855300903,1.6481883525848389
0.0814247876405716,0.8401768207550049,1.6544246673583984
0.08340422064065933,0.9380220770835876,1.772064208984375
0.07888591289520264,1.0527565479278564,1.8416156768798828
0.0789656862616539,1.0103163719177246,1.7999732494354248
0.08203372359275818,0.8115944862365723,1.6319317817687988
0.0898110494017601,0.7022132277488708,1.6003236770629883
0.08425259590148926,1.005115032196045,1.8476409912109375
0.0831553265452385,0.831649899482727,1.663203239440918
0.07408430427312851,1.05859375,1.7994368076324463
0.08098452538251877,0.5444166660308838,1.354261875152588
0.08307136595249176,0.9968915581703186,1.8276052474975586
0.07634608447551727,0.5457632541656494,1.3092241287231445
0.07713574916124344,0.8404960036277771,1.6118534803390503
0.07375053316354752,0.7047379016876221,1.442243218421936
0.08266261219978333,1.0128512382507324,1.839477300643921
0.06769458949565887,0.5441560745239258,1.221101999282837
0.07460017502307892,0.5424765348434448,1.2884782552719116
0.0896332636475563,0.9926186203956604,1.888951301574707
0.08519651740789413,0.938082218170166,1.7900474071502686
0.08475945144891739,0.9329396486282349,1.7805341482162476
0.07933448255062103,0.9310469627380371,1.7243918180465698
0.07916025072336197,0.939336359500885,1.7309389114379883
0.08460903912782669,0.8387680053710938,1.6848583221435547
0.08085017651319504,0.516543984413147,1.3250458240509033
0.07947947084903717,0.5422600507736206,1.33705472946167
0.08170579373836517,1.0171213150024414,1.8341792821884155
0.07947546243667603,1.0061252117156982,1.8008798360824585
0.07691539078950882,0.8319369554519653,1.601090908050537
0.08496974408626556,0.9405653476715088,1.7902628183364868
0.07214116305112839,0.7019442915916443,1.4233559370040894
0.07499010115861893,0.7054208517074585,1.4553217887878418
0.07883425801992416,0.9412652254104614,1.7296078205108643
0.07379952818155289,0.8375717401504517,1.5755670070648193
0.07829638570547104,0.8350236415863037,1.6179875135421753
0.07424122095108032,0.8366690278053284,1.5790812969207764
0.07706053555011749,0.835960865020752,1.6065661907196045
0.07648731768131256,0.5473123788833618,1.312185525894165
0.08252762258052826,0.8306093215942383,1.6558855772018433
0.07334090769290924,0.3564659357070923,1.0898749828338623
0.07536612451076508,1.0519946813583374,1.8056559562683105
0.0817585214972496,0.9330592155456543,1.7506444454193115
0.07748197019100189,1.0483424663543701,1.8231621980667114
0.07581226527690887,0.9293912053108215,1.687513828277588
0.07550240308046341,0.9647889733314514,1.7198129892349243
0.08469628542661667,0.35324692726135254,1.2002098560333252
0.08017036318778992,0.6992971897125244,1.5010008811950684
0.07642024010419846,1.0021378993988037,1.7663402557373047
0.08127185702323914,1.0054744482040405,1.818192958831787
0.07726257294416428,0.9211546182632446,1.6937804222106934
0.07883945107460022,0.832206130027771,1.620600700378418
0.08066432923078537,0.6847356557846069,1.4913790225982666
0.07445599883794785,1.0028574466705322,1.7474174499511719
0.07993330806493759,0.7027550935745239,1.502088189125061
0.08033282309770584,0.9876471757888794,1.7909753322601318
0.0759381577372551,0.6994056701660156,1.458787202835083
0.08768617361783981,0.9161096811294556,1.7929713726043701
0.08323481678962708,0.658755362033844,1.4911035299301147
0.07908740639686584,0.9399763345718384,1.7308504581451416
0.08197671920061111,1.0022802352905273,1.822047472000122
0.08015035092830658,0.6458210945129395,1.4473246335983276
0.0800912156701088,0.9918994903564453,1.792811632156372
0.08128132671117783,0.8185354471206665,1.631348729133606
0.07357343286275864,1.0250587463378906,1.7607930898666382
0.0840444341301918,0.35896310210227966,1.1994074583053589
0.08063710480928421,0.7058723568916321,1.512243390083313
0.07225260138511658,1.004953145980835,1.7274792194366455
0.07334387302398682,0.9269015192985535,1.6603403091430664
0.07510252296924591,0.9224361181259155,1.6734613180160522
0.07958605140447617,0.5416070222854614,1.3374675512313843
0.07793671637773514,0.6906653642654419,1.4700324535369873
0.07924739271402359,0.7065197825431824,1.4989936351776123
0.08399885147809982,1.0040948390960693,1.844083309173584
0.08889169991016388,0.9043112397193909,1.7932281494140625
0.08077367395162582,0.9117469191551208,1.7194836139678955
0.0878346711397171,1.0361872911453247,1.9145339727401733
0.08031097799539566,0.8279966115951538,1.6311063766479492
0.07540392130613327,0.5366693735122681,1.2907085418701172
0.08479763567447662,0.8270455598831177,1.6750218868255615
0.08551300317049026,0.8323472142219543,1.6874772310256958
0.07896886020898819,0.13989654183387756,0.9295850992202759
0.06830689311027527,0.7887682914733887,1.4718372821807861
0.07665963470935822,0.5431979298591614,1.3097941875457764
0.08392345905303955,0.9119779467582703,1.7512125968933105
0.07869359105825424,0.8254953622817993,1.612431287765503
0.08169443160295486,1.0049962997436523,1.8219406604766846
0.07360026240348816,0.8363860249519348,1.5723886489868164
0.07390940934419632,0.680070161819458,1.4191641807556152
0.07574582099914551,1.0019948482513428,1.7594530582427979
0.07846410572528839,0.7014012336730957,1.4860422611236572
0.08080703020095825,0.8060472011566162,1.6141175031661987
0.07907223701477051,0.9230818152427673,1.7138042449951172
0.08192072808742523,0.8239983320236206,1.6432056427001953
0.07913192361593246,0.5455034375190735,1.336822748184204
0.08410297334194183,0.6903893351554871,1.531419038772583
0.0746057778596878,0.8266137838363647,1.5726715326309204
0.07684909552335739,0.7028442621231079,1.4713351726531982
0.07613629102706909,0.9099793434143066,1.6713422536849976
0.07782662659883499,0.6982933878898621,1.4765596389770508
0.09220468997955322,0.9735145568847656,1.8955614566802979
0.07104548811912537,0.3253522217273712,1.0358071327209473
0.08201267570257187,0.8350158333778381,1.6551425457000732
0.07542607188224792,0.6879167556762695,1.4421775341033936
0.07985509186983109,0.7461212277412415,1.5446721315383911
0.07408763468265533,0.814314067363739,1.5551903247833252
0.07291168719530106,0.9503825902938843,1.6794993877410889
0.07216119766235352,0.8191450834274292,1.5407570600509644
0.07983967661857605,0.14306458830833435,0.9414613246917725
0.07532062381505966,0.9244748950004578,1.6776812076568604
0.071177177131176,0.9221464991569519,1.633918285369873
0.08447439968585968,0.9846994876861572,1.8294434547424316
0.08112124353647232,0.8201109170913696,1.6313233375549316
0.07357419282197952,0.8608089685440063,1.5965509414672852
0.08327718824148178,1.038498878479004,1.871270775794983
0.07976969331502914,0.9808549880981445,1.7785519361495972
0.08205535262823105,0.5431249737739563,1.3636784553527832
0.07772699743509293,0.9913594722747803,1.7686294317245483
0.07867876440286636,0.8859142661094666,1.6727018356323242
0.0768851563334465,0.804912269115448,1.5737638473510742
0.07196643948554993,0.692466139793396,1.41213059425354
0.07938826084136963,0.6398961544036865,1.4337787628173828
0.08122657239437103,0.981562614440918,1.7938283681869507
0.07808131724596024,0.9243199229240417,1.705133080482483
0.07816438376903534,0.8022803664207458,1.5839242935180664
0.08188418298959732,0.8620649576187134,1.6809067726135254
0.06908822804689407,0.3616456389427185,1.052527904510498
0.08157897740602493,1.008809208869934,1.824599027633667
0.07958319038152695,0.813485860824585,1.6093177795410156
0.07450547069311142,0.6711703538894653,1.4162250757217407
0.08084787428379059,1.0090328454971313,1.8175115585327148
0.07898224890232086,0.9193260073661804,1.7091484069824219
0.08153368532657623,0.8743569850921631,1.689693808555603
0.08238015323877335,0.8767340779304504,1.700535535812378
0.07894127815961838,0.6852598190307617,1.474672555923462
0.07912300527095795,0.8333289623260498,1.6245590448379517
0.08044570684432983,0.8843459486961365,1.68880295753479
0.08361849933862686,0.6868744492530823,1.523059368133545
0.08551806211471558,0.9446619153022766,1.7998425960540771
0.07318805903196335,0.7484279870986938,1.4803085327148438
0.07391384243965149,0.5400639772415161,1.2792024612426758
0.0823500007390976,0.9843971729278564,1.8078972101211548
0.07434450089931488,0.8229929208755493,1.5664379596710205
0.08029138296842575,0.9283454418182373,1.7312593460083008
0.07588455826044083,0.7840292453765869,1.542874813079834
0.07770893722772598,0.8724949359893799,1.6495842933654785
0.0834428071975708,0.5382564067840576,1.3726844787597656
0.08050789684057236,0.5384460687637329,1.3435250520706177
0.08191385120153427,0.8867924213409424,1.7059309482574463
0.08152399212121964,0.9209500551223755,1.7361899614334106
0.06978989392518997,0.9880542159080505,1.685953140258789
0.0797022134065628,0.7610536813735962,1.5580757856369019
0.07798542082309723,0.9911493062973022,1.7710034847259521
0.08277364075183868,0.6905534267425537,1.5182898044586182
0.074112169444561,0.8379021883010864,1.579023838043213
0.07589086890220642,0.7905755043029785,1.5494842529296875
0.07765588164329529,0.7831689715385437,1.5597277879714966
0.07601303607225418,0.8376312255859375,1.597761631011963
0.08441952615976334,0.9060671329498291,1.7502623796463013
0.07413750141859055,0.9858351945877075,1.727210283279419
0.07520349323749542,0.6908031702041626,1.4428380727767944
0.08954595029354095,0.9032341241836548,1.7986936569213867
0.07764863967895508,0.8764251470565796,1.6529115438461304
0.08203203231096268,0.8952161073684692,1.71553635597229
0.07822925597429276,0.7410256862640381,1.5233182907104492
0.08059351146221161,0.35521113872528076,1.1611462831497192
0.0787612646818161,0.8654687404632568,1.6530814170837402
0.07191036641597748,0.6541745662689209,1.373278260231018
0.07500611245632172,0.8742426633834839,1.6243038177490234
0.0780237689614296,0.6859835982322693,1.4662213325500488
0.07643216848373413,0.8145772218704224,1.5788989067077637
0.07018347829580307,0.57846999168396,1.2803047895431519
0.07834593206644058,0.6986179947853088,1.4820773601531982
0.07406149804592133,0.451229453086853,1.1918444633483887
0.07392869889736176,0.8117262721061707,1.5510132312774658
0.07927201688289642,0.8002058267593384,1.592926025390625
0.0817035511136055,0.9734903573989868,1.7905259132385254
0.07477707415819168,0.4267071783542633,1.1744779348373413
0.07926740497350693,0.7133581638336182,1.5060322284698486
0.07791818678379059,0.9385508298873901,1.7177326679229736
0.07429619133472443,0.7878530621528625,1.5308148860931396
0.0755545124411583,0.7725780606269836,1.528123140335083
0.07134619355201721,0.8039785623550415,1.5174405574798584
0.0758952647447586,0.9586215019226074,1.717574119567871
0.07624702900648117,0.7473222017288208,1.5097925662994385
0.07371383160352707,0.7632561922073364,1.500394582748413
0.08809378743171692,0.7655104994773865,1.6464483737945557
0.08089567720890045,0.8437259197235107,1.6526826620101929
0.07178541272878647,0.6797816157341003,1.3976356983184814
0.06998525559902191,0.66911381483078,1.3689663410186768
0.07696250826120377,0.6679432988166809,1.4375684261322021
0.07856724411249161,0.9025223255157471,1.688194751739502
0.07550585269927979,0.8396217226982117,1.5946803092956543
0.07042138278484344,0.6907711029052734,1.3949849605560303
0.07352148741483688,0.8716720342636108,1.606886863708496
0.08609373867511749,0.7164409160614014,1.577378273010254
0.0722210556268692,0.6796972751617432,1.4019078016281128
0.08093547821044922,0.7847448587417603,1.5940996408462524
0.08045470714569092,0.8034839630126953,1.6080310344696045
0.07652051001787186,0.7584224939346313,1.523627519607544
0.08509988337755203,0.6898115873336792,1.5408103466033936
0.07653990387916565,0.684209406375885,1.4496084451675415
0.07369005680084229,0.831882655620575,1.5687832832336426
0.08268076181411743,0.8511589169502258,1.677966594696045
0.07790549844503403,0.6571170687675476,1.4361720085144043
0.07818739861249924,0.7751002907752991,1.5569742918014526
0.07577989250421524,0.6814489364624023,1.4392478466033936
0.07587394118309021,0.8276229500770569,1.586362361907959
0.07547833770513535,0.8051915168762207,1.5599749088287354
0.09026608616113663,0.6316909790039062,1.5343518257141113
0.07580825686454773,0.8990869522094727,1.6571695804595947
0.0742592066526413,0.8326913118362427,1.575283408164978
0.08344746381044388,0.5660735368728638,1.4005482196807861
0.07456550002098083,0.8534032106399536,1.5990581512451172
0.08103033900260925,0.7063143253326416,1.516617774963379
0.08195344358682632,0.7330954670906067,1.5526299476623535
0.07510622590780258,0.7453593015670776,1.4964215755462646
0.0698252022266388,0.7162638306617737,1.4145158529281616
0.07851118594408035,0.8336688280105591,1.6187806129455566
0.07458078861236572,0.5461459159851074,1.2919538021087646
0.07016225159168243,0.5923558473587036,1.2939783334732056
0.07058116048574448,0.8490602970123291,1.554871916770935
0.07453007996082306,0.577534019947052,1.3228347301483154
0.07658248394727707,0.6769348978996277,1.4427597522735596
0.07540987432003021,0.7338295578956604,1.4879283905029297
0.06731995195150375,0.7167244553565979,1.3899240493774414
0.08021868765354156,0.8106108903884888,1.612797737121582
0.08701927959918976,0.7600761651992798,1.630268931388855
0.07293552160263062,0.7709540128707886,1.5003092288970947
0.07274170964956284,0.6633192300796509,1.3907363414764404
0.08042780309915543,0.4595620036125183,1.2638399600982666
0.07683160901069641,0.5765925049781799,1.344908595085144
0.07140734791755676,0.7235771417617798,1.4376506805419922
0.08018627017736435,0.7536563277244568,1.5555191040039062
0.08041246235370636,0.7061559557914734,1.5102806091308594
0.08456916362047195,0.7332558631896973,1.5789475440979004
0.07628797739744186,0.6916892528533936,1.4545691013336182
0.07374338805675507,0.6454012393951416,1.3828351497650146
0.08315179497003555,0.725310206413269,1.5568281412124634
0.07535712420940399,0.6926370859146118,1.4462083578109741
0.07626724988222122,0.8484214544296265,1.6110939979553223
0.08261719346046448,0.4327079951763153,1.2588798999786377
0.07956531643867493,0.4591846168041229,1.2548377513885498
0.07675336301326752,0.7211559414863586,1.488689661026001
0.07881768047809601,0.731982946395874,1.5201597213745117
0.08101064711809158,0.7413662075996399,1.5514726638793945
0.08291137218475342,0.7091788649559021,1.538292646408081
0.07484520226716995,0.800571858882904,1.5490238666534424
0.0785178393125534,0.702243447303772,1.4874218702316284
0.07763870060443878,0.6613401174545288,1.4377270936965942
0.07245630025863647,0.4598783254623413,1.184441328048706
0.07371141761541367,0.6186996102333069,1.35581374168396
0.07750614732503891,0.5887334942817688,1.3637950420379639
0.07460878044366837,0.753849983215332,1.4999377727508545
0.07613270729780197,0.6719652414321899,1.4332923889160156
0.08189098536968231,0.7641099691390991,1.5830198526382446
0.08030557632446289,0.6663895845413208,1.4694453477859497
0.07925399392843246,0.5798140168190002,1.3723540306091309
0.07834111154079437,0.722379207611084,1.50579035282135
0.07953672856092453,0.714988112449646,1.5103554725646973
0.07390789687633514,0.7993357181549072,1.538414716720581
0.08354148268699646,0.5393326282501221,1.3747475147247314
0.07814304530620575,0.706976056098938,1.4884065389633179
0.07868259400129318,0.7719383239746094,1.5587642192840576
0.08930011093616486,0.6480526924133301,1.5410537719726562
0.08142253011465073,0.5322986841201782,1.3465240001678467
0.08834060281515121,0.624744176864624,1.5081502199172974
0.08140462636947632,0.715369701385498,1.5294159650802612
0.07535446435213089,0.5575583577156067,1.3111029863357544
0.08128311485052109,0.7504205703735352,1.5632517337799072
0.08397845923900604,0.7271894216537476,1.5669740438461304
0.0799657478928566,0.7303756475448608,1.5300331115722656
0.07420981675386429,0.3654213547706604,1.107519507408142
0.070892833173275,0.6684820652008057,1.3774104118347168
0.07817938923835754,0.5780597925186157,1.359853744506836
0.080490842461586,0.5850315690040588,1.3899400234222412
0.0813600942492485,0.6819025278091431,1.4955034255981445
0.08076800405979156,0.7114407420158386,1.519120693206787
0.07977321743965149,0.6000396013259888,1.3977718353271484
0.07534927129745483,0.6165910363197327,1.3700838088989258
0.07827287912368774,0.6760591268539429,1.4587879180908203
0.07340424507856369,0.40652528405189514,1.1405677795410156
0.06813771277666092,0.6254154443740845,1.3067924976348877
0.08435677736997604,0.6745556592941284,1.5181233882904053
0.09319861978292465,0.7833045721054077,1.7152907848358154
0.07736875861883163,0.7824289798736572,1.5561165809631348
0.07552266865968704,0.6100872159004211,1.3653138875961304
0.07861741632223129,0.6740905046463013,1.4602646827697754
0.07728199660778046,0.6963093280792236,1.4691293239593506
0.07515205442905426,0.6589812636375427,1.4105017185211182
0.07583709806203842,0.661890983581543,1.4202619791030884
0.08451727032661438,0.7010221481323242,1.5461947917938232
0.07840733975172043,0.6884655356407166,1.472538948059082
0.07843989133834839,0.5917396545410156,1.3761385679244995
0.0804016962647438,0.7067728638648987,1.5107898712158203
0.0744117870926857,0.7495441436767578,1.4936619997024536
0.07652278244495392,0.7472822666168213,1.512510061264038
0.07943706959486008,0.6924615502357483,1.4868322610855103
0.0821879431605339,0.7321631908416748,1.5540425777435303
0.07760296761989594,0.698508620262146,1.4745383262634277
0.07420213520526886,0.5539677739143372,1.2959890365600586
0.08081519603729248,0.6490585803985596,1.4572105407714844
0.07291921228170395,0.6558374762535095,1.3850295543670654
0.07697385549545288,0.6921460628509521,1.461884617805481
0.07739303261041641,0.6912604570388794,1.4651907682418823
0.07062667608261108,0.47418802976608276,1.1804547309875488
0.07382521778345108,0.7347010970115662,1.4729533195495605
0.07078392803668976,0.5904948711395264,1.2983341217041016
0.08255504816770554,0.7378123998641968,1.5633628368377686
0.07770371437072754,0.6009985208511353,1.3780356645584106
0.07592377811670303,0.7363366484642029,1.4955744743347168
0.07577381283044815,0.5353496074676514,1.2930877208709717
0.07978998869657516,0.634685218334198,1.4325851202011108
0.06966967135667801,0.6417204141616821,1.3384170532226562
0.0768846943974495,0.7392901182174683,1.5081369876861572
0.0706336721777916,0.6304872632026672,1.3368239402770996
0.07312522828578949,0.6621400117874146,1.3933923244476318
0.0815434679389,0.7183869481086731,1.5338215827941895
0.07705552130937576,0.6992793083190918,1.469834566116333
0.0739111378788948,0.6559652090072632,1.3950765132904053
0.07506511360406876,0.5679057240486145,1.318556785583496
0.07180841267108917,0.648672342300415,1.3667564392089844
0.07930317521095276,0.7532953023910522,1.5463271141052246
0.07167837023735046,0.7140065431594849,1.4307901859283447
0.07587253302335739,0.6694134473800659,1.4281387329101562
0.0765923336148262,0.6907501816749573,1.456673502922058
0.07703831046819687,0.7222017049789429,1.4925848245620728
0.08197717368602753,0.5652725696563721,1.3850443363189697
0.08049268275499344,0.6414197683334351,1.4463465213775635
0.08097992837429047,0.5659931898117065,1.3757925033569336
0.07350122928619385,0.5980778932571411,1.3330901861190796
0.08249107003211975,0.7211800813674927,1.546090841293335
0.07798940688371658,0.7522098422050476,1.5321038961410522
0.0773799866437912,0.6502646207809448,1.4240645170211792
0.07213529944419861,0.5090504288673401,1.2304034233093262
0.07486654072999954,0.582740306854248,1.3314056396484375
0.07687082886695862,0.699384868144989,1.4680931568145752
0.08042972534894943,0.7302378416061401,1.5345351696014404
0.07366535812616348,0.6750133633613586,1.4116668701171875
0.08199919760227203,0.7121454477310181,1.532137393951416
0.07543648779392242,0.7321654558181763,1.4865303039550781
0.0762452632188797,0.597211480140686,1.3596640825271606
0.07738170027732849,0.678239107131958,1.4520561695098877
0.08627822250127792,0.5949585437774658,1.4577407836914062
0.07488049566745758,0.6971863508224487,1.4459912776947021
0.0760209858417511,0.6640106439590454,1.4242205619812012
0.07923536002635956,0.6828295588493347,1.4751832485198975
0.07297268509864807,0.6057977676391602,1.335524559020996
0.09237641096115112,0.7353872656822205,1.659151315689087
0.0746384859085083,0.6488885879516602,1.3952734470367432
0.07696327567100525,0.7017802000045776,1.4714128971099854
0.07557176053524017,0.5589812994003296,1.3146989345550537
0.07550515979528427,0.6997501254081726,1.4548017978668213
0.072716623544693,0.618562638759613,1.345728874206543
0.0766584649682045,0.5878643989562988,1.3544490337371826
0.0806204229593277,0.7417975068092346,1.548001766204834
0.07560019940137863,0.702916145324707,1.4589180946350098
0.07332175970077515,0.6462380886077881,1.3794556856155396
0.07681849598884583,0.6000951528549194,1.3682801723480225
0.07657106965780258,0.6326536536216736,1.3983643054962158
0.07523413747549057,0.7137259244918823,1.4660673141479492
0.07659454643726349,0.5830918550491333,1.3490372896194458
0.07961803674697876,0.748817503452301,1.5449979305267334
0.08147431164979935,0.7119558453559875,1.5266989469528198
0.07870916277170181,0.6558725833892822,1.4429641962051392
0.08128053694963455,0.6542349457740784,1.4670403003692627
0.07241326570510864,0.6584159135818481,1.3825485706329346
0.07949316501617432,0.526178240776062,1.3211098909378052
0.07974840700626373,0.474450945854187,1.271934986114502
0.08132190257310867,0.6931606531143188,1.5063796043395996
0.07165998965501785,0.6267075538635254,1.3433074951171875
0.07995729893445969,0.6755138635635376,1.4750869274139404
0.07429934293031693,0.7506256103515625,1.4936189651489258
0.0731416791677475,0.6059535145759583,1.3373703956604004
0.07515207678079605,0.6551421880722046,1.406662940979004
0.07504373788833618,0.5294740200042725,1.2799113988876343
0.07696981728076935,0.6531203985214233,1.4228185415267944
0.07811497151851654,0.6735228300094604,1.4546725749969482
0.07663565129041672,0.6901041865348816,1.45646071434021
0.07364112883806229,0.6385378241539001,1.3749490976333618
0.0818239226937294,0.7440633773803711,1.562302589416504
0.07702486962080002,0.7229257822036743,1.4931745529174805
0.08032352477312088,0.6546304821968079,1.4578657150268555
0.07620347291231155,0.7332150936126709,1.4952497482299805
0.0690930113196373,0.6823812127113342,1.3733112812042236
0.07817726582288742,0.5310441851615906,1.312816858291626
0.07772593945264816,0.6123993992805481,1.389658808708191
0.0881815180182457,0.7338226437568665,1.6156377792358398
0.07343905419111252,0.6585935354232788,1.39298415184021
0.07664830982685089,0.4467586576938629,1.213241696357727
0.07589875906705856,0.6055659651756287,1.3645535707473755
0.06753896921873093,0.6340039372444153,1.3093936443328857
0.08493876457214355,0.5375773906707764,1.386965036392212
0.08060039579868317,0.6401557326316833,1.4461596012115479
0.0813809484243393,0.6152812242507935,1.4290907382965088
0.07311351597309113,0.5868791341781616,1.3180142641067505
0.07438239455223083,0.6743941307067871,1.4182181358337402
0.07500293105840683,0.6156270503997803,1.3656563758850098
0.08630360662937164,0.7038705945014954,1.5669066905975342
0.07614120841026306,0.6741375923156738,1.4355497360229492
0.07340476661920547,0.6163058280944824,1.350353479385376
0.0766916573047638,0.7493381500244141,1.5162546634674072
0.07534231245517731,0.725703239440918,1.4791263341903687
0.07248752564191818,0.6667050719261169,1.39158034324646
0.0727013647556305,0.7653287053108215,1.4923423528671265
0.07684468477964401,0.6001564860343933,1.3686033487319946
0.08517742156982422,0.6113671064376831,1.4631413221359253
0.07829985022544861,0.7535533905029297,1.5365519523620605
0.07076836377382278,0.6739706993103027,1.3816542625427246
0.07885075360536575,0.6503782272338867,1.4388856887817383
0.07166540622711182,0.522192656993866,1.238846778869629
0.07117293775081635,0.6146060824394226,1.3263354301452637
0.07503123581409454,0.6541101932525635,1.4044225215911865
0.07960327714681625,0.692556619644165,1.4885894060134888
0.07904212921857834,0.7508255243301392,1.5412468910217285
0.07617057859897614,0.692236602306366,1.4539422988891602
0.06878121197223663,0.7052459716796875,1.3930580615997314
0.07587684690952301,0.7255001068115234,1.4842685461044312
0.085598886013031,0.7104275226593018,1.5664163827896118
0.08492973446846008,0.6791961789131165,1.5284935235977173
0.07857596129179001,0.6854008436203003,1.4711604118347168
0.08867025375366211,0.5777966380119324,1.4644992351531982
0.078870989382267,0.6008073687553406,1.3895173072814941
0.08854386955499649,0.6642541885375977,1.5496928691864014
0.0790572538971901,0.622722864151001,1.4132953882217407
0.0720328837633133,0.6422117948532104,1.362540602684021
0.07476234436035156,0.6478070020675659,1.3954304456710815
0.08610865473747253,0.7158586978912354,1.5769453048706055
0.07390248030424118,0.6741375923156738,1.4131624698638916
0.08188071846961975,0.7048047780990601,1.5236120223999023
0.07195350527763367,0.6654465794563293,1.384981632232666
0.07923103123903275,0.6222386360168457,1.4145488739013672
0.07392138242721558,0.6239343881607056,1.3631482124328613
0.08237827569246292,0.659954309463501,1.4837369918823242
0.0745180994272232,0.5019559860229492,1.2471369504928589
0.08902675658464432,0.6180511713027954,1.5083186626434326
0.06739877909421921,0.47303298115730286,1.1470208168029785
0.07571545243263245,0.7191711664199829,1.4763257503509521
0.07145270705223083,0.49546992778778076,1.2099969387054443
0.07004594802856445,0.6409227252006531,1.3413822650909424
0.06968003511428833,0.422537624835968,1.119338035583496
0.07168485969305038,0.69818115234375,1.415029764175415
0.07985929399728775,0.739079475402832,1.5376724004745483
0.073639877140522,0.626334547996521,1.3627333641052246
0.07825491577386856,0.7358421683311462,1.5183913707733154
0.07886788249015808,0.6545414924621582,1.4432203769683838
0.07399141788482666,0.5533512830734253,1.293265461921692
0.0780901163816452,0.6810139417648315,1.461915135383606
0.07822397351264954,0.7146900296211243,1.4969297647476196
0.07368054240942001,0.6691402792930603,1.4059457778930664
0.06957631558179855,0.5209213495254517,1.2166845798492432
0.07542575895786285,0.6898171305656433,1.4440746307373047
0.07890491932630539,0.6683648824691772,1.457414150238037
0.07718060165643692,0.611255407333374,1.383061408996582
0.07336246967315674,0.6162146329879761,1.3498393297195435
0.07292959094047546,0.719847559928894,1.449143409729004
0.07473231852054596,0.6517357230186462,1.3990588188171387
0.07455805689096451,0.6255201101303101,1.371100664138794
0.08240661025047302,0.6619828939437866,1.486048936843872
0.07891348749399185,0.6174055337905884,1.4065403938293457
0.07753033190965652,0.6925580501556396,1.4678614139556885
0.07172704488039017,0.6638827323913574,1.3811531066894531
0.0818486362695694,0.7046599984169006,1.523146390914917
0.08829686790704727,0.6361297965049744,1.5190985202789307
0.08005134016275406,0.606330394744873,1.4068437814712524
0.07535585761070251,0.677843451499939,1.4314019680023193
0.06871984153985977,0.5502675771713257,1.2374659776687622
0.07219730317592621,0.6735542416572571,1.3955273628234863
0.07833613455295563,0.6993380188941956,1.4826993942260742
0.07212289422750473,0.6077256798744202,1.3289546966552734
0.07444342970848083,0.5420008301734924,1.2864351272583008
0.07612176239490509,0.7142288684844971,1.4754464626312256
0.07346564531326294,0.6767083406448364,1.4113647937774658
0.07364809513092041,0.5155677795410156,1.2520487308502197
0.07721010595560074,0.6230777502059937,1.3951787948608398
0.06880387663841248,0.664107084274292,1.3521459102630615
0.07731657475233078,0.6869508028030396,1.4601166248321533
0.07122653722763062,0.7134857773780823,1.4257512092590332
0.08228892087936401,0.5917578935623169,1.414647102355957
0.07028602063655853,0.6759921312332153,1.378852367401123
0.06945749372243881,0.6478484869003296,1.342423439025879
0.07130037248134613,0.709830641746521,1.4228343963623047
0.07429812848567963,0.7300326228141785,1.4730138778686523
0.0782560482621193,0.7264004945755005,1.5089609622955322
0.08138612657785416,0.720835268497467,1.5346965789794922
0.07810056209564209,0.5218325257301331,1.3028380870819092
0.07905985414981842,0.6835586428642273,1.4741570949554443
0.08941011130809784,0.6074314117431641,1.5015325546264648
0.07888862490653992,0.5537737607955933,1.3426599502563477
0.0814981609582901,0.6791473627090454,1.494128942489624
0.07638321071863174,0.5071282386779785,1.2709603309631348
0.07920587807893753,0.6660060882568359,1.4580647945404053
0.07418882846832275,0.5610032081604004,1.302891492843628
0.07620663195848465,0.6192173957824707,1.3812837600708008
0.07172974199056625,0.6804717779159546,1.3977692127227783
0.07520997524261475,0.656381368637085,1.4084811210632324
0.0764281153678894,0.6492966413497925,1.4135777950286865
0.06742937117815018,0.6376354694366455,1.3119292259216309
0.07494781166315079,0.6491649150848389,1.3986430168151855
0.07851506769657135,0.7037874460220337,1.4889380931854248
0.0749097466468811,0.503871500492096,1.2529690265655518
0.07529840618371964,0.6262072920799255,1.3791913986206055
0.0713954046368599,0.573711097240448,1.2876651287078857
0.07774034887552261,0.48255592584609985,1.2599594593048096
0.07277441024780273,0.7428357601165771,1.4705798625946045
0.07555516809225082,0.64105623960495,1.3966078758239746
0.06806497275829315,0.6765516996383667,1.3572014570236206
0.06755410134792328,0.6276850700378418,1.303226113319397
0.07892744243144989,0.6842124462127686,1.4734869003295898
0.0714922621846199,0.536562442779541,1.2514851093292236
0.07704426348209381,0.663582444190979,1.4340250492095947
0.07823080569505692,0.6977564096450806,1.4800643920898438
0.062285810708999634,0.5014472603797913,1.1243053674697876
0.08024314045906067,0.6849313974380493,1.4873628616333008
0.0731358677148819,0.5773813724517822,1.3087400197982788
0.07600663602352142,0.5608553886413574,1.320921778678894
0.07546907663345337,0.7046917080879211,1.4593825340270996
0.07081828266382217,0.6750501394271851,1.3832329511642456
0.069541797041893,0.6981905698776245,1.393608570098877
0.07578437775373459,0.6475749015808105,1.4054186344146729
0.07958848029375076,0.7640767693519592,1.5599615573883057
0.07537545263767242,0.589647114276886,1.3434016704559326
0.07459019124507904,0.6667693853378296,1.4126713275909424
0.07326047867536545,0.6346374154090881,1.3672422170639038
0.07391887158155441,0.5497056841850281,1.2888944149017334
0.08584817498922348,0.736495316028595,1.5949771404266357
0.08047106117010117,0.7293623685836792,1.534072995185852
0.07757241278886795,0.6998398900032043,1.4755640029907227
0.06919772922992706,0.5753110647201538,1.267288327217102
0.07776574045419693,0.5812910795211792,1.3589484691619873
0.07807735353708267,0.669913649559021,1.4506871700286865
0.0801621824502945,0.5362436771392822,1.3378654718399048
0.07077643275260925,0.5870265960693359,1.2947909832000732
0.06937241554260254,0.704575777053833,1.3982999324798584
0.08728689700365067,0.5884585380554199,1.4613275527954102
0.07789704203605652,0.6934545040130615,1.4724249839782715
0.08115679025650024,0.7397161722183228,1.5512840747833252
0.07377197593450546,0.6789647340774536,1.4166845083236694
0.06818884611129761,0.6919366121292114,1.3738250732421875
0.07612713426351547,0.7264350652694702,1.4877064228057861
0.07881274819374084,0.6146430969238281,1.4027705192565918
0.08113079518079758,0.5231236219406128,1.3344316482543945
0.06201012060046196,0.6773359775543213,1.2974371910095215
0.07510863244533539,0.7373926639556885,1.4884790182113647
0.08221181482076645,0.5046437978744507,1.3267619609832764
0.07724953442811966,0.5841414928436279,1.3566367626190186
0.07401316612958908,0.5518760085105896,1.2920076847076416
0.08065225183963776,0.5777376890182495,1.3842601776123047
0.07251983880996704,0.5910363793373108,1.316234827041626
0.07145446538925171,0.5839745998382568,1.298519253730774
0.08509630709886551,0.6998133063316345,1.5507763624191284
0.08568810671567917,0.6840046644210815,1.5408856868743896
0.07471425831317902,0.6511238217353821,1.398266315460205
0.07876306027173996,0.6613905429840088,1.4490211009979248
0.08223237842321396,0.7353789806365967,1.5577027797698975
0.07583346962928772,0.6553203463554382,1.4136550426483154
0.07410838454961777,0.41063064336776733,1.151714563369751
0.07375247776508331,0.6085834503173828,1.3461081981658936
0.07828377932310104,0.667777955532074,1.4506157636642456
0.07566341012716293,0.6990594863891602,1.4556936025619507
0.0785905048251152,0.6383318901062012,1.4242370128631592
0.0777105912566185,0.7253601551055908,1.502466082572937
0.08003095537424088,0.6880234479904175,1.488332986831665
0.07710731774568558,0.5444782376289368,1.3155514001846313
0.07787112891674042,0.6355115175247192,1.4142228364944458
0.06996229290962219,0.6232043504714966,1.3228273391723633
0.06832128763198853,0.6806796789169312,1.3638925552368164
0.07869294285774231,0.7321959137916565,1.5191253423690796
0.07999670505523682,0.6542820930480957,1.4542491436004639
0.07819834351539612,0.6796561479568481,1.461639642715454
0.07524219900369644,0.6574814319610596,1.4099034070968628
0.07403973489999771,0.6263622641563416,1.3667595386505127
0.076219841837883,0.629814088344574,1.392012596130371
0.07171210646629333,0.5599576234817505,1.277078628540039
0.07790589332580566,0.6207057237625122,1.3997646570205688
0.07367925345897675,0.7389035820960999,1.475696086883545
0.07093334197998047,0.7003206014633179,1.4096540212631226
0.07470590621232986,0.6661671996116638,1.4132262468338013
0.07961712032556534,0.742741584777832,1.5389127731323242
0.07595979422330856,0.7094335556030273,1.469031572341919
0.07108072191476822,0.676594614982605,1.387401819229126
0.07475430518388748,0.6686500310897827,1.4161930084228516
0.07558300346136093,0.7008751630783081,1.4567052125930786
0.06602857261896133,0.6264247298240662,1.286710500717163
0.07780290395021439,0.6478960514068604,1.4259250164031982
0.08102273941040039,0.5962849855422974,1.4065123796463013
0.07739686965942383,0.46846890449523926,1.2424376010894775
0.0700128898024559,0.6739671230316162,1.3740960359573364
0.0788872018456459,0.6460940837860107,1.4349660873413086
0.06720961630344391,0.629639744758606,1.3017358779907227
0.07577386498451233,0.6031128168106079,1.360851526260376
0.07658126950263977,0.7437366247177124,1.5095493793487549
0.07368899136781693,0.6183352470397949,1.3552250862121582
0.07488123327493668,0.6142033338546753,1.3630156517028809
0.06859008222818375,0.6381382942199707,1.324039101600647
0.07493502646684647,0.5347048044204712,1.2840549945831299
0.06437467783689499,0.5466554164886475,1.1904022693634033
0.06901148706674576,0.5654672980308533,1.2555820941925049
0.07049238681793213,0.5900347828865051,1.2949585914611816
0.07900694012641907,0.688032329082489,1.4781017303466797
0.07803179323673248,0.6465333104133606,1.4268512725830078
0.07050798088312149,0.6381720900535583,1.3432519435882568
0.07479467988014221,0.6435523629188538,1.3914991617202759
0.07583723217248917,0.5374913811683655,1.2958636283874512
0.07467523217201233,0.6023786067962646,1.3491308689117432
0.07720828056335449,0.58952796459198,1.361610770225525
0.06865402311086655,0.5345271825790405,1.2210674285888672
0.07094491273164749,0.6451578140258789,1.3546068668365479
0.0752536803483963,0.6564685106277466,1.4090052843093872
0.079188272356987,0.6505892276763916,1.442471981048584
0.0702567845582962,0.6356793642044067,1.3382471799850464
0.06997774541378021,0.5784381628036499,1.2782156467437744
0.06514260172843933,0.5646315813064575,1.216057538986206
0.07168693840503693,0.7198845148086548,1.4367538690567017
0.07511423528194427,0.6258776187896729,1.377020001411438
0.08311627060174942,0.676373302936554,1.5075359344482422
0.08156359940767288,0.6688427925109863,1.4844787120819092
0.07496728748083115,0.6039453744888306,1.3536182641983032
0.08040471374988556,0.3814599812030792,1.18550705909729
0.081447534263134,0.4852442741394043,1.2997195720672607
0.0821991041302681,0.6916651725769043,1.5136561393737793
0.0693516656756401,0.546952486038208,1.240469217300415
0.0771910771727562,0.7333959341049194,1.5053067207336426
0.07046724855899811,0.57686847448349,1.281540870666504
0.07787062972784042,0.6980949640274048,1.4768012762069702
0.06605540215969086,0.5302200317382812,1.1907740831375122
0.0756225660443306,0.6880855560302734,1.4443111419677734
0.07419516891241074,0.7252031564712524,1.467154860496521
0.08621373772621155,0.6934202909469604,1.5555577278137207
0.06829021126031876,0.6342525482177734,1.3171546459197998
0.07945309579372406,0.6890539526939392,1.4835848808288574
0.07997389882802963,0.6829620599746704,1.482701063156128
0.0742187574505806,0.6572208404541016,1.3994083404541016
0.07433444261550903,0.5591583251953125,1.3025027513504028
0.07083611935377121,0.6264772415161133,1.3348383903503418
0.07207381725311279,0.5428188443183899,1.263556957244873
0.0848156213760376,0.7220054864883423,1.5701617002487183
0.08146002143621445,0.6738014221191406,1.4884016513824463
0.06845766305923462,0.6140488982200623,1.2986254692077637
0.07154549658298492,0.5558979511260986,1.2713528871536255
0.070247583091259,0.7466353178024292,1.4491112232208252
0.07480917870998383,0.4106321334838867,1.1587239503860474
0.0658564418554306,0.6228440999984741,1.2814085483551025
0.07036422938108444,0.6548194885253906,1.358461856842041
0.07498282939195633,0.6926643252372742,1.4424926042556763
0.0688399225473404,0.6951485872268677,1.3835477828979492
0.08139698952436447,0.7235392332077026,1.5375092029571533
0.07258407771587372,0.7138916254043579,1.4397324323654175
0.08175621181726456,0.6047335863113403,1.4222956895828247
0.0704348087310791,0.6349917054176331,1.3393397331237793
0.07151973247528076,0.7123980522155762,1.4275953769683838
0.06974796950817108,0.6570851802825928,1.354564905166626
0.07764802128076553,0.6538904309272766,1.430370569229126
0.06265855580568314,0.6502889394760132,1.2768745422363281
0.07490015774965286,0.7184615135192871,1.4674630165100098
0.08515115082263947,0.6676223874092102,1.5191338062286377
0.08297373354434967,0.6192405819892883,1.4489779472351074
0.06640525162220001,0.6729422807693481,1.3369947671890259
0.0721898004412651,0.6754963397979736,1.3973944187164307
0.07791127264499664,0.5256109237670898,1.3047236204147339
0.07189738005399704,0.5782281756401062,1.2972019910812378
0.0804818719625473,0.5964192152023315,1.401237964630127
0.07364955544471741,0.6185802221298218,1.3550758361816406
0.06844093650579453,0.5236198306083679,1.2080292701721191
0.07600806653499603,0.6872334480285645,1.4473141431808472
0.06890323013067245,0.5650264024734497,1.2540587186813354
0.06574832648038864,0.49942612648010254,1.156909465789795
0.07719062268733978,0.6275990009307861,1.3995052576065063
0.07666798681020737,0.4942636489868164,1.2609435319900513
0.0795937106013298,0.7066823244094849,1.5026195049285889
0.07792698591947556,0.712326169013977,1.491595983505249
0.07978297024965286,0.7077022790908813,1.5055320262908936
0.07272554188966751,0.5544143915176392,1.2816698551177979
0.0711059719324112,0.5244108438491821,1.2354705333709717
0.07408223301172256,0.4997774064540863,1.2405997514724731
0.07844763249158859,0.6423193216323853,1.4267957210540771
0.07084061205387115,0.443247526884079,1.1516536474227905
0.0784401223063469,0.6605380773544312,1.444939374923706
0.07480517029762268,0.7270985841751099,1.4751503467559814
0.07260386645793915,0.6180047988891602,1.344043493270874
0.07444186508655548,0.6624189019203186,1.4068374633789062
0.07381312549114227,0.6079660654067993,1.3460973501205444
0.07274076342582703,0.6059027910232544,1.3333103656768799
0.07330905646085739,0.7244967222213745,1.4575872421264648
0.07717059552669525,0.6825594902038574,1.4542654752731323
0.07126902043819427,0.5684645175933838,1.281154751777649
0.07399097084999084,0.6681175827980042,1.4080272912979126
0.07436051964759827,0.6934189796447754,1.4370241165161133
0.07370039075613022,0.5595824718475342,1.2965863943099976
0.0766240656375885,0.7305898666381836,1.4968304634094238
0.06496038287878036,0.5763906836509705,1.22599458694458
0.0700468197464943,0.7010961771011353,1.401564359664917
0.07303027808666229,0.6629425287246704,1.3932453393936157
0.0686909630894661,0.6111363768577576,1.2980459928512573
0.07075179368257523,0.5957138538360596,1.3032317161560059
0.07035789638757706,0.5619993209838867,1.265578269958496
0.07313954085111618,0.5445520281791687,1.2759474515914917
0.07519109547138214,0.6038899421691895,1.3558008670806885
0.07567525655031204,0.7186741828918457,1.4754266738891602
0.0672125443816185,0.5938088297843933,1.2659342288970947
0.0655784085392952,0.5911170244216919,1.246901035308838
0.07195649296045303,0.6175650358200073,1.3371299505233765
0.0716196820139885,0.6894834637641907,1.4056802988052368
0.07461968809366226,0.6729392409324646,1.4191360473632812
0.07329507172107697,0.7341755628585815,1.4671262502670288
0.07038789242506027,0.672510027885437,1.3763890266418457
0.07592273503541946,0.49235254526138306,1.2515798807144165
0.07113581150770187,0.7283994555473328,1.4397575855255127
0.08340895920991898,0.6909916400909424,1.5250811576843262
0.07967549562454224,0.624807596206665,1.4215625524520874
0.07576020807027817,0.6337841749191284,1.3913862705230713
0.06979885697364807,0.6480844020843506,1.3460729122161865
0.07552510499954224,0.6612716913223267,1.416522741317749
0.0709226205945015,0.5674742460250854,1.276700496673584
0.0774020105600357,0.5285561084747314,1.3025761842727661
0.07489675283432007,0.7144038081169128,1.4633712768554688
0.07298080623149872,0.7251437902450562,1.4549518823623657
0.06882575154304504,0.439162015914917,1.1274194717407227
0.07606184482574463,0.6703805923461914,1.4309990406036377
0.08323106169700623,0.6666945219039917,1.4990050792694092
0.07118959724903107,0.5089807510375977,1.220876693725586
0.08055832237005234,0.728326678276062,1.5339099168777466
0.07149792462587357,0.67473304271698,1.3897123336791992
0.06821055710315704,0.7178685665130615,1.3999741077423096
0.06586559116840363,0.5123603343963623,1.1710162162780762
0.07663024961948395,0.7169882655143738,1.483290672302246
0.07292446494102478,0.7030235528945923,1.4322681427001953
0.07538670301437378,0.6707189083099365,1.4245859384536743
0.06827650219202042,0.6861687898635864,1.3689337968826294
0.0763317123055458,0.701870322227478,1.465187430381775
0.07450292259454727,0.5716713666915894,1.3167005777359009
0.07791050523519516,0.6850644946098328,1.4641695022583008
0.0749576985836029,0.6112830638885498,1.3608601093292236
0.06984096765518188,0.6218908429145813,1.320300579071045
0.07332440465688705,0.6142861247062683,1.3475301265716553
0.07254498451948166,0.7275055050849915,1.4529553651809692
0.07449700683355331,0.5667605400085449,1.3117306232452393
0.06981128454208374,0.5674037933349609,1.2655166387557983
0.07678214460611343,0.626552939414978,1.3943743705749512
0.07588781416416168,0.5431060791015625,1.301984190940857
0.0778077095746994,0.5636727809906006,1.341749906539917
0.07560838758945465,0.6881365776062012,1.4442204236984253
0.07350374013185501,0.5938774347305298,1.3289148807525635
0.06939097493886948,0.694275975227356,1.388185739517212
0.06962218135595322,0.560489296913147,1.2567111253738403
0.07490646839141846,0.682003915309906,1.4310686588287354
0.07002636790275574,0.7385725975036621,1.4388363361358643
0.07585077732801437,0.6616110801696777,1.420118808746338
0.07667910307645798,0.7327079772949219,1.4994990825653076
0.07185516506433487,0.6778569221496582,1.3964085578918457
0.07377130538225174,0.7096130847930908,1.4473261833190918
0.07243342697620392,0.6718977093696594,1.3962318897247314
0.07109043747186661,0.711232602596283,1.4221370220184326
0.06692994385957718,0.7190202474594116,1.388319730758667
0.0687999427318573,0.5187727212905884,1.2067720890045166
0.0750073492527008,0.7124207615852356,1.4624942541122437
0.07675892114639282,0.7379838228225708,1.505573034286499
0.06650262326002121,0.5583587288856506,1.223384976387024
0.06951877474784851,0.5183140635490417,1.2135018110275269
0.06924909353256226,0.5764975547790527,1.2689884901046753
0.06694385409355164,0.7288696765899658,1.398308277130127
0.07590943574905396,0.7148110866546631,1.4739054441452026
0.07763922959566116,0.6530263423919678,1.4294185638427734
0.07317548245191574,0.6344360113143921,1.3661909103393555
0.07254673540592194,0.5451820492744446,1.2706494331359863
0.07197359949350357,0.6179574728012085,1.337693452835083
0.07630559056997299,0.6458362340927124,1.4088921546936035
0.0741373598575592,0.6764106750488281,1.4177842140197754
0.07006625086069107,0.576386034488678,1.2770485877990723
0.0715351328253746,0.6710090637207031,1.3863604068756104
0.07651889324188232,0.7213445901870728,1.486533522605896
0.07399166375398636,0.59084153175354,1.3307580947875977
0.07247667759656906,0.703643262386322,1.4284100532531738
0.07020444422960281,0.654332160949707,1.3563766479492188
0.07688974589109421,0.41527700424194336,1.1841745376586914
0.08113882690668106,0.6909888982772827,1.5023771524429321
0.0725388303399086,0.5619357228279114,1.2873239517211914
0.06977023184299469,0.6531174182891846,1.350819706916809
0.07136231660842896,0.6733484268188477,1.3869715929031372
0.07413769513368607,0.5654960870742798,1.306873083114624
0.0812845230102539,0.7371370792388916,1.5499823093414307
0.07531028985977173,0.640215277671814,1.3933181762695312
0.07699081301689148,0.63908451795578,1.4089926481246948
0.0740213543176651,0.647925078868866,1.3881385326385498
0.07174979895353317,0.6067994832992554,1.3242974281311035
0.0735815241932869,0.4457348585128784,1.1815500259399414
0.07757167518138885,0.5828192234039307,1.3585360050201416
0.0799746885895729,0.7012776136398315,1.5010244846343994
0.07235082238912582,0.6837413907051086,1.4072496891021729
0.07910671830177307,0.6784896850585938,1.4695568084716797
0.075593963265419,0.65776526927948,1.4137048721313477
0.07045894861221313,0.6803821325302124,1.3849716186523438
0.07294824719429016,0.6281554698944092,1.357637882232666
0.07872173935174942,0.6987266540527344,1.4859440326690674
0.07345665991306305,0.582506537437439,1.317073106765747
0.08304112404584885,0.6200735569000244,1.4504847526550293
0.06712594628334045,0.67798912525177,1.3492486476898193
0.08520142734050751,0.5938482284545898,1.4458625316619873
0.07313194125890732,0.6368402242660522,1.3681596517562866
0.07339581102132797,0.6772757768630981,1.411233901977539
0.08339767903089523,0.6536768078804016,1.4876536130905151
0.07695616036653519,0.6439653635025024,1.413527011871338
0.07275883108377457,0.5460532307624817,1.273641586303711
0.07794955372810364,0.68793785572052,1.4674334526062012
0.07156737148761749,0.4888818860054016,1.2045555114746094
0.07733496278524399,0.661726713180542,1.435076355934143
0.07984323799610138,0.6949634552001953,1.4933958053588867
0.07693926990032196,0.5849676132202148,1.3543603420257568
0.07952053099870682,0.7349544763565063,1.5301597118377686
0.0664013996720314,0.5250054597854614,1.1890194416046143
0.07289312779903412,0.6708173751831055,1.399748682975769
0.08082262426614761,0.7362639904022217,1.5444902181625366
0.07891641557216644,0.5221709609031677,1.3113350868225098
0.07105757296085358,0.6340732574462891,1.3446489572525024
0.06622187793254852,0.7148740887641907,1.3770928382873535
0.07837726175785065,0.5704202651977539,1.354192852973938
0.07582298666238785,0.749306321144104,1.5075361728668213
0.07750552147626877,0.6839479207992554,1.459003210067749
0.07169577479362488,0.7153891921043396,1.4323469400405884
0.07444384694099426,0.5034544467926025,1.2478928565979004
0.07128342241048813,0.6453586220741272,1.3581929206848145
0.07661367952823639,0.6967322826385498,1.4628690481185913
0.07574630528688431,0.5013282299041748,1.258791208267212
0.06887943297624588,0.6882423162460327,1.3770365715026855
0.06634916365146637,0.6270819306373596,1.2905735969543457
0.07343360781669617,0.593870997428894,1.328207015991211
0.06543600559234619,0.5884044170379639,1.2427644729614258
0.06996380537748337,0.5587425231933594,1.258380651473999
0.07075200229883194,0.6017918586730957,1.309311866760254
0.0682360827922821,0.5602790117263794,1.2426397800445557
0.07248108088970184,0.6035888195037842,1.328399658203125
0.07067660987377167,0.6881387829780579,1.3949048519134521
0.08410120010375977,0.6447266936302185,1.485738754272461
0.07945731282234192,0.62712562084198,1.421698808670044
0.07507413625717163,0.6287113428115845,1.3794527053833008
0.07921773195266724,0.7467343211174011,1.5389115810394287
0.06588824838399887,0.7127360105514526,1.3716185092926025
0.0822683796286583,0.5751042366027832,1.3977880477905273
0.07654637098312378,0.6701198220252991,1.4355835914611816
0.07692921906709671,0.6575785875320435,1.4268708229064941
0.08114521205425262,0.6677975058555603,1.4792497158050537
0.07455874234437943,0.6865402460098267,1.4321277141571045
0.0748613029718399,0.6433191299438477,1.3919321298599243
0.0727282464504242,0.5409985780715942,1.2682809829711914
0.07360969483852386,0.5956442356109619,1.331741213798523
0.0711008608341217,0.627608060836792,1.3386166095733643
0.0730234682559967,0.5716497302055359,1.301884412765503
0.07157757878303528,0.6200108528137207,1.3357865810394287
0.07082995772361755,0.5841483473777771,1.2924479246139526
0.07326925545930862,0.5858967304229736,1.318589210510254
0.0727020725607872,0.6793168783187866,1.4063376188278198
0.07905842363834381,0.6966499090194702,1.487234115600586
0.07717955857515335,0.6268848180770874,1.3986804485321045
0.0798690989613533,0.6807152628898621,1.4794062376022339
0.07234113663434982,0.583701491355896,1.3071129322052002
0.06460735201835632,0.6484740972518921,1.2945475578308105
0.08044415712356567,0.6504833698272705,1.4549249410629272
0.08005079627037048,0.6299823522567749,1.430490255355835
0.08214768767356873,0.5393636226654053,1.3608405590057373
0.08043281733989716,0.6446166038513184,1.4489448070526123
0.07152073085308075,0.684666633605957,1.399873971939087
0.07299277931451797,0.4872589111328125,1.217186689376831
0.06966231018304825,0.6467064619064331,1.3433295488357544
0.07133129984140396,0.7328640222549438,1.4461770057678223
0.06543706357479095,0.6997730731964111,1.354143738746643
0.07806458324193954,0.6543560028076172,1.4350018501281738
0.07053631544113159,0.5249449610710144,1.2303080558776855
0.07262880355119705,0.6395081877708435,1.3657962083816528
0.07463821768760681,0.6328520774841309,1.3792343139648438
0.06933466345071793,0.3418232202529907,1.0351698398590088
0.07924939692020416,0.69621342420578,1.4887073040008545
0.06469640880823135,0.6489134430885315,1.295877456665039
0.07350769639015198,0.7115598917007446,1.4466369152069092
0.06810425966978073,0.633319616317749,1.3143622875213623
0.07346025109291077,0.6333191394805908,1.3679215908050537
0.07012012600898743,0.6353769302368164,1.336578130722046
0.07368113100528717,0.5567610263824463,1.2935723066329956
0.07303763926029205,0.5801138877868652,1.3104902505874634
0.06720175594091415,0.5792019367218018,1.2512195110321045
0.06935054063796997,0.6729316711425781,1.3664370775222778
0.06321688741445541,0.6482309699058533,1.2803997993469238
0.07279293984174728,0.628623366355896,1.3565528392791748
0.06951728463172913,0.6033360958099365,1.298508882522583
0.0686846375465393,0.4779694378376007,1.1648157835006714
0.07153240591287613,0.674265444278717,1.389589548110962
0.07044616341590881,0.5720285177230835,1.2764902114868164
0.07189933210611343,0.635833740234375,1.3548270463943481
0.0816647931933403,0.6368851065635681,1.4535330533981323
0.07068322598934174,0.6877225637435913,1.394554853439331
0.06791415065526962,0.6414960026741028,1.3206374645233154
0.06860717386007309,0.6671051383018494,1.3531768321990967
0.07475405186414719,0.6574171781539917,1.4049577713012695
0.07346708327531815,0.624900221824646,1.3595709800720215
0.07486586272716522,0.631972074508667,1.3806307315826416
0.07151353359222412,0.4815512001514435,1.1966865062713623
0.06902729719877243,0.595793604850769,1.2860665321350098
0.07398021221160889,0.667462170124054,1.407264232635498
0.06172837316989899,0.41543737053871155,1.0327210426330566
0.07232584804296494,0.6521323919296265,1.375390887260437
0.07736508548259735,0.6014224290847778,1.3750733137130737
0.07864755392074585,0.7253466844558716,1.51182222366333
0.06932251900434494,0.5645506381988525,1.2577757835388184
0.06670606881380081,0.5609187483787537,1.2279794216156006
0.06923750042915344,0.44820863008499146,1.1405836343765259
0.07671937346458435,0.6385458707809448,1.4057395458221436
0.06459541618824005,0.47500428557395935,1.1209584474563599
0.06744136661291122,0.6145521402359009,1.2889658212661743
0.0695870965719223,0.5351303815841675,1.231001377105713
0.07233275473117828,0.5497809648513794,1.2731084823608398
0.07998181879520416,0.6222444772720337,1.422062635421753
0.0803656131029129,0.7351393103599548,1.5387954711914062
0.07560417056083679,0.5982213020324707,1.3542630672454834
0.08074754476547241,0.694780170917511,1.5022556781768799
0.0647842139005661,0.47462910413742065,1.1224713325500488
0.06686475872993469,0.670621931552887,1.3392695188522339
0.07125049829483032,0.6267039775848389,1.339208960533142
0.07400625199079514,0.6341087818145752,1.374171257019043
0.07375356554985046,0.5631493330001831,1.300684928894043
0.0752953365445137,0.6384401321411133,1.3913934230804443
0.07549678534269333,0.6341907382011414,1.3891586065292358
0.06896301358938217,0.6759378910064697,1.3655680418014526
0.07601092755794525,0.6090971231460571,1.369206428527832
0.07506413012742996,0.5605279207229614,1.311169147491455
0.06371145695447922,0.7126814723014832,1.3497960567474365
0.06928461045026779,0.6162195205688477,1.309065580368042
0.07194633781909943,0.6801391243934631,1.3996024131774902
0.07361829280853271,0.6320371627807617,1.3682200908660889
0.06473183631896973,0.6101012825965881,1.2574195861816406
0.07488114386796951,0.7059154510498047,1.4547269344329834
0.07602208852767944,0.7131531834602356,1.4733741283416748
0.06781116127967834,0.7017761468887329,1.3798878192901611
0.06920541077852249,0.6340247392654419,1.3260788917541504
0.07592333108186722,0.552991509437561,1.3122248649597168
0.07123119384050369,0.6777303814888,1.3900423049926758
0.08001593500375748,0.5385544300079346,1.3387137651443481
0.07683432847261429,0.6031890511512756,1.3715323209762573
0.07492728531360626,0.5835026502609253,1.3327754735946655
0.07355192303657532,0.5407546758651733,1.2762739658355713
0.07588954269886017,0.7021955847740173,1.4610910415649414
0.0698585957288742,0.7401785254478455,1.4387645721435547
0.07971934229135513,0.5353711843490601,1.3325645923614502
0.06794557720422745,0.5840680599212646,1.263523817062378
0.07069266587495804,0.710757315158844,1.4176839590072632
0.08030756562948227,0.6369301080703735,1.4400057792663574
0.07690630108118057,0.6243640184402466,1.3934270143508911
0.06855272501707077,0.6959983110427856,1.3815255165100098
0.07811060547828674,0.7127031087875366,1.4938092231750488
0.06909971684217453,0.4802596867084503,1.1712568998336792
0.07150048762559891,0.6186553239822388,1.3336601257324219
0.0732966959476471,0.6451192498207092,1.3780862092971802
0.07302118092775345,0.6366740465164185,1.3668859004974365
0.07450456917285919,0.6477192640304565,1.392764925956726
0.0747143104672432,0.6147253513336182,1.3618683815002441
0.07547914236783981,0.600415050983429,1.3552064895629883
0.07986586540937424,0.6388686895370483,1.4375274181365967
0.07693217694759369,0.6183183193206787,1.387640118598938
0.06814928352832794,0.6994234919548035,1.3809163570404053
0.06942663341760635,0.5308629274368286,1.225129246711731
0.06962546706199646,0.683388352394104,1.3796429634094238
0.06809398531913757,0.6155420541763306,1.2964818477630615
0.07926187664270401,0.7283055782318115,1.5209243297576904
0.07845470309257507,0.5581550598144531,1.3427021503448486
0.07680011540651321,0.6780332922935486,1.4460344314575195
0.07218494266271591,0.6300684213638306,1.3519178628921509
0.07415217906236649,0.6256881952285767,1.3672099113464355
0.0695391371846199,0.6235462427139282,1.3189375400543213
0.0786273330450058,0.629503607749939,1.4157769680023193
0.07436142861843109,0.6978612542152405,1.4414756298065186
0.06932318955659866,0.615699827671051,1.3089317083358765
0.07164867967367172,0.5839875936508179,1.3004744052886963
0.07423757761716843,0.6161152124404907,1.3584909439086914
0.07198886573314667,0.677446722984314,1.397335410118103
0.07464051991701126,0.6880432367324829,1.434448480606079
0.07389514148235321,0.6679378747940063,1.4068893194198608
0.07463742792606354,0.7406620979309082,1.4870363473892212
0.06584490090608597,0.5759996175765991,1.2344486713409424
0.06978845596313477,0.5176732540130615,1.2155578136444092
0.07167644798755646,0.541958212852478,1.2587226629257202
0.07283070683479309,0.635035514831543,1.363342523574829
0.07893819361925125,0.6214303374290466,1.410812258720398
0.07182539254426956,0.6417272090911865,1.3599810600280762
0.06446674466133118,0.6369835734367371,1.2816510200500488
0.06912202388048172,0.5903393626213074,1.2815595865249634
0.06326399743556976,0.6613781452178955,1.2940181493759155
0.08604467660188675,0.6705482006072998,1.5309948921203613
0.08331224322319031,0.6769550442695618,1.5100774765014648
0.0759078711271286,0.6712537407875061,1.4303324222564697
0.07495959848165512,0.5957632064819336,1.345359206199646
0.06923242658376694,0.6507443189620972,1.3430685997009277
0.06882191449403763,0.38564595580101013,1.0738650560379028
0.07599736750125885,0.6192892789840698,1.379262924194336
0.07935461401939392,0.6302921175956726,1.4238382577896118
0.0733494907617569,0.4368434548377991,1.1703383922576904
0.07584076374769211,0.5662859678268433,1.3246936798095703
0.0803389698266983,0.625793993473053,1.4291837215423584
0.06887508183717728,0.46547582745552063,1.1542266607284546
0.07623160630464554,0.6653382182121277,1.4276542663574219
0.07986310124397278,0.6860944032669067,1.4847254753112793
0.07521123439073563,0.6373806595802307,1.3894929885864258
0.067242830991745,0.5823870897293091,1.2548153400421143
0.07904338836669922,0.7322741746902466,1.5227080583572388
0.07143007218837738,0.6879558563232422,1.4022566080093384
0.07447685301303864,0.6029192805290222,1.3476877212524414
0.07987146824598312,0.5382763147354126,1.3369910717010498
0.07271751016378403,0.641151487827301,1.3683266639709473
0.07136116176843643,0.6056002378463745,1.3192118406295776
0.07748516649007797,0.6655179262161255,1.4403696060180664
0.07414248585700989,0.6689248085021973,1.4103496074676514
0.07641841471195221,0.6973943710327148,1.4615784883499146
0.0643131211400032,0.6931836605072021,1.3363149166107178
0.06958124786615372,0.6336233615875244,1.3294358253479004
0.07064832746982574,0.6469717025756836,1.3534549474716187
0.0639730766415596,0.6237656474113464,1.2634963989257812
0.0712108165025711,0.5276108980178833,1.239719033241272
0.07089252769947052,0.639697790145874,1.3486230373382568
0.07188358902931213,0.6229961514472961,1.3418320417404175
0.0784822404384613,0.7113322019577026,1.496154546737671
0.07319483906030655,0.5579884052276611,1.2899367809295654
0.06950673460960388,0.602746844291687,1.297814130783081
0.07244895398616791,0.5844839215278625,1.3089735507965088
0.07242632657289505,0.7226392030715942,1.4469025135040283
0.07018239796161652,0.6582359671592712,1.3600599765777588
0.07481104880571365,0.6711915135383606,1.419301986694336
0.06406059116125107,0.5394401550292969,1.1800460815429688
0.07105722278356552,0.7043156623840332,1.4148879051208496
0.07242314517498016,0.6402853727340698,1.3645168542861938
0.07386187463998795,0.7056496143341064,1.4442683458328247
0.07022875547409058,0.5308541655540466,1.2331416606903076
0.06844652444124222,0.6040326356887817,1.2884979248046875
0.07330205291509628,0.7080386877059937,1.4410592317581177
0.06859462708234787,0.579458475112915,1.2654047012329102
0.07366343587636948,0.5858469009399414,1.3224812746047974
0.06671236455440521,0.6373282670974731,1.3044519424438477
0.07068190723657608,0.6020623445510864,1.308881402015686
0.0756446123123169,0.7204512357711792,1.4768973588943481
0.0693611428141594,0.4994965195655823,1.1931079626083374
0.064697265625,0.6757088899612427,1.3226815462112427
0.07212009280920029,0.6250215172767639,1.3462224006652832
0.08152900636196136,0.6692423224449158,1.484532356262207
0.0768931657075882,0.71692955493927,1.4858611822128296
0.07872939109802246,0.6505587100982666,1.4378526210784912
0.07272985577583313,0.7143627405166626,1.4416613578796387
0.07042283564805984,0.6855683326721191,1.3897967338562012
0.07057429105043411,0.6471332311630249,1.3528761863708496
0.07002517580986023,0.4906167984008789,1.190868616104126
0.07355117797851562,0.6393519639968872,1.3748637437820435
0.07000266760587692,0.5931009650230408,1.2931276559829712
0.07476460188627243,0.7179499864578247,1.4655959606170654
0.06898617744445801,0.6134024262428284,1.3032641410827637
0.06833784282207489,0.6283069849014282,1.3116854429244995
0.07824232429265976,0.6675227880477905,1.4499460458755493
0.0723179504275322,0.7288304567337036,1.452009916305542
0.06713344901800156,0.4883536398410797,1.159688115119934
0.0722484141588211,0.5745426416397095,1.2970267534255981
0.07259386032819748,0.4907410740852356,1.2166796922683716
0.07337955385446548,0.6346306800842285,1.3684262037277222
0.07366054505109787,0.631590723991394,1.3681962490081787
0.06526481360197067,0.6440209746360779,1.2966691255569458
0.07892262190580368,0.7132182121276855,1.5024445056915283
0.06881904602050781,0.6562750339508057,1.3444654941558838
0.0775621086359024,0.7130046486854553,1.4886257648468018
0.07218224555253983,0.5976055860519409,1.3194279670715332
0.08118778467178345,0.6063499450683594,1.4182277917861938
0.07208012789487839,0.6427139043807983,1.3635151386260986
0.0771317183971405,0.6041210889816284,1.3754382133483887
0.07128140330314636,0.623954176902771,1.3367681503295898
0.07101001590490341,0.6450222134590149,1.3551223278045654
0.06259790062904358,0.643368124961853,1.2693471908569336
0.07915481179952621,0.46198636293411255,1.2535345554351807
0.06412550061941147,0.6380907297134399,1.2793457508087158
0.06797105073928833,0.5987722277641296,1.2784826755523682
0.08181310445070267,0.6101937890052795,1.428324818611145
0.07280883938074112,0.6616447567939758,1.389733076095581
0.07244890928268433,0.6401373147964478,1.364626407623291
0.07175663858652115,0.6702885627746582,1.3878549337387085
0.07625241577625275,0.661419689655304,1.4239437580108643
0.07163412868976593,0.5735865831375122,1.2899278402328491
0.06871872395277023,0.7239997386932373,1.411186933517456
0.06483187526464462,0.6652575731277466,1.313576340675354
0.08113155514001846,0.6595076322555542,1.4708231687545776
0.07049709558486938,0.6339548826217651,1.338925838470459
0.07738443464040756,0.62931227684021,1.4031566381454468
0.0672716423869133,0.6857101917266846,1.358426570892334
0.08327247947454453,0.6425570845603943,1.4752819538116455
0.07408849149942398,0.6880824565887451,1.4289673566818237
0.07550005614757538,0.6125055551528931,1.3675061464309692
0.06867504864931107,0.5817847847938538,1.2685352563858032
0.07024849206209183,0.563654363155365,1.266139268875122
0.06368564814329147,0.561376690864563,1.1982331275939941
0.07579166442155838,0.6785364747047424,1.436453104019165
0.0647435188293457,0.5590576529502869,1.2064929008483887
0.06365203857421875,0.6419504284858704,1.278470754623413
0.06767818331718445,0.6860281825065613,1.3628100156784058
0.07529392838478088,0.5812640190124512,1.3342032432556152
0.06220579519867897,0.6675661206245422,1.2896240949630737
0.06724236160516739,0.6769326329231262,1.3493561744689941
0.07596653699874878,0.45528674125671387,1.2149521112442017
0.06537081301212311,0.6851484775543213,1.33885657787323
0.07405151426792145,0.6984411478042603,1.4389562606811523
0.06048719957470894,0.6440239548683167,1.2488958835601807
0.06759931892156601,0.6742457747459412,1.3502390384674072
0.0726609155535698,0.6602182388305664,1.3868274688720703
0.0752163678407669,0.6795170903205872,1.431680679321289
0.06956911087036133,0.6232956647872925,1.3189867734909058
0.07567770034074783,0.6469295024871826,1.4037065505981445
0.06971070915460587,0.5293326377868652,1.2264397144317627
0.06312043219804764,0.6131501197814941,1.244354486465454
0.06935557723045349,0.5889921188354492,1.282547950744629
0.07587617635726929,0.6037213802337646,1.3624831438064575
0.06380049884319305,0.6087244749069214,1.2467294931411743
0.08103641122579575,0.6797266006469727,1.4900907278060913
0.07748351246118546,0.600708544254303,1.3755435943603516
0.06476931273937225,0.5003194212913513,1.148012638092041
0.07663600146770477,0.6554863452911377,1.4218463897705078
0.07698795944452286,0.6844081878662109,1.4542877674102783
0.07339292019605637,0.6817777156829834,1.4157068729400635
0.07164416462182999,0.5742868185043335,1.2907284498214722
0.0771806389093399,0.6808022260665894,1.452608585357666
0.0769740492105484,0.6178888082504272,1.3876292705535889
0.06424254179000854,0.5439226031303406,1.1863479614257812
0.06334538757801056,0.6508340835571289,1.284287929534912
0.060002122074365616,0.6106748580932617,1.2106961011886597
0.06494560092687607,0.5369634628295898,1.1864194869995117
0.06968609243631363,0.5220854878425598,1.2189464569091797
0.06786023080348969,0.6829918622970581,1.3615942001342773
0.06987018883228302,0.5941810607910156,1.2928829193115234
0.0700594112277031,0.670054018497467,1.3706481456756592
0.07042114436626434,0.647162675857544,1.3513741493225098
0.06973322480916977,0.7052034139633179,1.4025356769561768
0.06972886621952057,0.521182656288147,1.2184712886810303
0.0669473186135292,0.5247446298599243,1.1942178010940552
0.06696809828281403,0.654853105545044,1.3245340585708618
0.07616293430328369,0.6756024956703186,1.4372317790985107
0.0737333595752716,0.6925503015518188,1.4298839569091797
0.06528124958276749,0.6496650576591492,1.3024775981903076
0.06382669508457184,0.6781784296035767,1.3164453506469727
0.06598549336194992,0.6168860793113708,1.2767410278320312
0.06979361176490784,0.708950400352478,1.4068865776062012
0.06943432241678238,0.5317965745925903,1.226139783859253
0.07229450345039368,0.5885579586029053,1.3115029335021973
0.06825719773769379,0.4300190806388855,1.112591028213501
0.0691002681851387,0.6554528474807739,1.3464555740356445
0.06379862129688263,0.5661153197288513,1.2041015625
0.07578766345977783,0.6533830165863037,1.411259651184082
0.07480199635028839,0.679848849773407,1.4278688430786133
0.07195175439119339,0.6722415089607239,1.3917590379714966
0.07970858365297318,0.6486880779266357,1.4457738399505615
0.06663719564676285,0.6427560448646545,1.3091280460357666
0.075017049908638,0.5995092391967773,1.349679708480835
0.07105398178100586,0.6322199106216431,1.3427597284317017
0.06764347851276398,0.7320408821105957,1.408475637435913
0.06809642165899277,0.6459035277366638,1.3268678188323975
0.06969446688890457,0.7238478064537048,1.4207924604415894
0.07298866659402847,0.5911142826080322,1.3210009336471558
0.06414103507995605,0.6891100406646729,1.3305203914642334
0.06870562583208084,0.6266631484031677,1.313719391822815
0.07212037593126297,0.6712876558303833,1.392491340637207
0.07212480157613754,0.6373282074928284,1.3585762977600098
0.06721220910549164,0.6923580765724182,1.3644802570343018
0.06679518520832062,0.49286922812461853,1.1608210802078247
0.07178203016519547,0.6244975328445435,1.342317819595337
0.07114508002996445,0.6205477714538574,1.331998586654663
0.07430016994476318,0.6826940774917603,1.425695776939392
0.07294761389493942,0.5862421989440918,1.315718412399292
0.06987547874450684,0.6205765604972839,1.319331407546997
0.07138323783874512,0.5808538794517517,1.2946863174438477
0.06535348296165466,0.5566859245300293,1.2102208137512207
0.07338801771402359,0.5004843473434448,1.2343645095825195
0.06953153014183044,0.6505502462387085,1.3458654880523682
0.06670904159545898,0.6977002620697021,1.364790678024292
0.06908561289310455,0.4391130208969116,1.1299691200256348
0.06642886251211166,0.6750343441963196,1.3393230438232422
0.07103964686393738,0.5798351168632507,1.2902315855026245
0.06418678164482117,0.5778847932815552,1.219752550125122
0.08021886646747589,0.701380729675293,1.5035693645477295
0.05926859378814697,0.6162463426589966,1.2089322805404663
0.06476040929555893,0.5561224222183228,1.2037265300750732
0.07111688703298569,0.6553312540054321,1.3665001392364502
0.0685867890715599,0.5288367867469788,1.2147047519683838
0.07968449592590332,0.6872565746307373,1.4841015338897705
0.06814595311880112,0.6680256724357605,1.349485158920288
0.06385708600282669,0.5770677328109741,1.2156386375427246
0.06898266822099686,0.46569347381591797,1.1555202007293701
0.07489768415689468,0.6619816422462463,1.4109585285186768
0.0751696228981018,0.7126734256744385,1.4643696546554565
0.07219558954238892,0.6926827430725098,1.414638638496399
0.06814432889223099,0.5352843999862671,1.2167277336120605
0.06874808669090271,0.7611139416694641,1.4485948085784912
0.07034379988908768,0.5843638181686401,1.287801742553711
0.0775446742773056,0.688284158706665,1.4637309312820435
0.08007007092237473,0.5248016119003296,1.3255023956298828
0.07838541269302368,0.5425077676773071,1.326361894607544
0.07325772941112518,0.6123221516609192,1.3448994159698486
0.07064417004585266,0.6480444669723511,1.3544862270355225
0.06227937340736389,0.5808089971542358,1.2036027908325195
0.0705338716506958,0.5602815747261047,1.265620231628418
0.06614809483289719,0.6182724237442017,1.2797534465789795
0.08076728135347366,0.6896923780441284,1.4973652362823486
0.06857775151729584,0.5203867554664612,1.2061643600463867
0.07854609191417694,0.6536279916763306,1.4390889406204224
0.0838325172662735,0.691155731678009,1.5294809341430664
0.0719524398446083,0.6508998870849609,1.3704242706298828
0.06867195665836334,0.6376829743385315,1.3244025707244873
0.07242658734321594,0.6157452464103699,1.3400111198425293
0.06473029404878616,0.6388255953788757,1.2861285209655762
0.06674309819936752,0.6065346002578735,1.27396559715271
0.06981407105922699,0.6978548765182495,1.3959956169128418
0.06643372774124146,0.684116542339325,1.3484537601470947
0.07643819600343704,0.6064544320106506,1.3708363771438599
0.07211311161518097,0.6974130868911743,1.4185441732406616
0.0794798731803894,0.5894776582717896,1.3842763900756836
0.07849736511707306,0.604134202003479,1.3891078233718872
0.08136608451604843,0.569847822189331,1.3835086822509766
0.06538930535316467,0.5596050024032593,1.2134981155395508
0.07172945141792297,0.7023780941963196,1.4196726083755493
0.06533221155405045,0.6656403541564941,1.3189624547958374
0.06686268001794815,0.5536758899688721,1.2223026752471924
0.06807296723127365,0.6029105186462402,1.2836401462554932
0.06706434488296509,0.4987400770187378,1.1693835258483887
0.08014844357967377,0.5498712062835693,1.3513556718826294
0.06878529489040375,0.5187874436378479,1.2066404819488525
0.07401533424854279,0.5829601883888245,1.3231134414672852
0.09486974030733109,0.7391442656517029,1.6878416538238525
0.06443998962640762,0.5395830869674683,1.1839829683303833
0.07716219127178192,0.577856183052063,1.3494781255722046
0.07129936665296555,0.6719698309898376,1.3849635124206543
0.0722651258111,0.710993766784668,1.4336450099945068
0.07105333358049393,0.5674342513084412,1.2779675722122192
0.07041291892528534,0.535667896270752,1.2397971153259277
0.0737539604306221,0.6454635262489319,1.3830031156539917
0.07365001738071442,0.7096044421195984,1.4461045265197754
0.0744633898139,0.43017271161079407,1.1748065948486328
0.0732278823852539,0.660311222076416,1.392590045928955
0.0735098272562027,0.6265844702720642,1.361682653427124
0.07657843083143234,0.5043757557868958,1.2701600790023804
0.08058372884988785,0.5924564003944397,1.3982937335968018
0.07188887149095535,0.6922518610954285,1.4111405611038208
0.0687902569770813,0.581745982170105,1.269648551940918
0.07364921271800995,0.6253460645675659,1.3618382215499878
0.06691303104162216,0.6139835119247437,1.2831138372421265
0.06071065366268158,0.596461296081543,1.2035678625106812
0.0781136304140091,0.579180121421814,1.3603163957595825
0.06766393780708313,0.6021487712860107,1.2787880897521973
0.07493056356906891,0.5913860201835632,1.3406915664672852
0.0760861411690712,0.6080693602561951,1.3689308166503906
0.07560905069112778,0.6926887035369873,1.4487792253494263
0.06862996518611908,0.615395724773407,1.3016953468322754
0.06986664235591888,0.603313684463501,1.3019801378250122
0.06730713695287704,0.46492326259613037,1.137994647026062
0.07220161706209183,0.6551652550697327,1.3771814107894897
0.06374695152044296,0.5970466136932373,1.2345161437988281
0.07640091329813004,0.6710489988327026,1.4350581169128418
0.07229311019182205,0.6485755443572998,1.371506690979004
0.06934285908937454,0.5026687383651733,1.1960973739624023
0.06630676239728928,0.6299918293952942,1.2930594682693481
0.07477277517318726,0.6670697927474976,1.4147975444793701
0.06500956416130066,0.6778034567832947,1.3278990983963013
0.06896747648715973,0.6559793949127197,1.3456541299819946
0.06737063080072403,0.6495676636695862,1.3232738971710205
0.07461986690759659,0.6272404193878174,1.373439073562622
0.06593237072229385,0.6798522472381592,1.3391759395599365
0.06867550313472748,0.6658031344413757,1.3525581359863281
0.06644325703382492,0.6422296762466431,1.3066623210906982
0.07143611460924149,0.4381391704082489,1.1525002717971802
0.06721244752407074,0.5458089113235474,1.2179334163665771
0.0695922002196312,0.6052631139755249,1.301185131072998
0.06769252568483353,0.6036880016326904,1.2806131839752197
0.07371378690004349,0.6793818473815918,1.4165196418762207
0.06285680830478668,0.6288439035415649,1.2574119567871094
0.0745542123913765,0.5519494414329529,1.2974915504455566
0.07419821619987488,0.678269624710083,1.4202518463134766
0.07446750998497009,0.7385380268096924,1.483213186264038
0.07561463117599487,0.6101539134979248,1.3663002252578735
0.07036803662776947,0.7629779577255249,1.466658353805542
0.06484659016132355,0.6833184361457825,1.3317842483520508
0.07572992891073227,0.6476528644561768,1.4049521684646606
0.06796520203351974,0.5623294711112976,1.2419815063476562
0.07067682594060898,0.583008885383606,1.289777159690857
0.06583640724420547,0.6352000832557678,1.2935640811920166
0.07114463299512863,0.439020574092865,1.1504669189453125
0.07006567716598511,0.6192471981048584,1.3199039697647095
0.07024262845516205,0.6280170679092407,1.3304433822631836
0.07386504113674164,0.4802444875240326,1.2188949584960938
0.06920011341571808,0.627478837966919,1.3194799423217773
0.07468706369400024,0.6380334496498108,1.384904146194458
0.07408294826745987,0.6678077578544617,1.408637285232544
0.07857906818389893,0.7020370960235596,1.4878277778625488
0.08258173614740372,0.735457181930542,1.561274528503418
0.07247508317232132,0.572669506072998,1.2974202632904053
0.06723450124263763,0.6872357130050659,1.3595807552337646
0.07235889136791229,0.5922348499298096,1.3158237934112549
0.07116018235683441,0.5954102277755737,1.3070120811462402
0.06659851223230362,0.548791766166687,1.214776873588562
0.07608279585838318,0.5976371169090271,1.3584650754928589
0.06984800845384598,0.658162534236908,1.3566426038742065
0.07115018367767334,0.5704658031463623,1.2819676399230957
0.07394129782915115,0.6192820072174072,1.3586950302124023
0.07454270124435425,0.5950472354888916,1.340474247932434
0.07305131107568741,0.7026400566101074,1.4331531524658203
0.07753301411867142,0.640127420425415,1.4154574871063232
0.07525623589754105,0.668109655380249,1.4206719398498535
0.0662645772099495,0.6046576499938965,1.267303466796875
0.07269822061061859,0.646064043045044,1.3730462789535522
0.07475046068429947,0.536385715007782,1.2838902473449707
0.07187886536121368,0.6029627323150635,1.321751356124878
0.07280199229717255,0.6700912714004517,1.3981112241744995
0.0679377019405365,0.6218301653862,1.301207184791565
0.06717944890260696,0.5413570404052734,1.213151454925537
0.07055007666349411,0.5624327659606934,1.2679336071014404
0.07435311377048492,0.5524834394454956,1.2960145473480225
0.06755291670560837,0.6822100281715393,1.3577392101287842
0.07473539561033249,0.6303038597106934,1.3776578903198242
0.07273224741220474,0.6718390583992004,1.3991615772247314
0.06822658330202103,0.39209699630737305,1.0743627548217773
0.0650123655796051,0.5701573491096497,1.2202810049057007
0.06688828021287918,0.5389798879623413,1.2078626155853271
0.07200034707784653,0.5239532589912415,1.2439568042755127
0.06920336931943893,0.6361554265022278,1.3281891345977783
0.06999914348125458,0.5942153930664062,1.2942068576812744
0.06874755024909973,0.6356126666069031,1.3230881690979004
0.06841413676738739,0.6829485893249512,1.3670899868011475
0.0688842386007309,0.6205230951309204,1.3093655109405518
0.06975353509187698,0.5436486005783081,1.2411839962005615
0.06710827350616455,0.5111466646194458,1.1822293996810913
0.07082649320363998,0.5279737710952759,1.236238718032837
0.07818049192428589,0.6501672267913818,1.4319721460342407
0.06966890394687653,0.6529910564422607,1.3496800661087036
0.06732476502656937,0.5613710880279541,1.2346186637878418
0.07511477172374725,0.6826265454292297,1.4337742328643799
0.06829912960529327,0.5758891701698303,1.258880376815796
0.07130129635334015,0.5569450855255127,1.2699580192565918
0.07608402520418167,0.603144645690918,1.3639848232269287
0.06847044080495834,0.6822303533554077,1.3669347763061523
0.06577321141958237,0.5087083578109741,1.166440486907959
0.07558904588222504,0.6708540916442871,1.4267445802688599
0.07081550359725952,0.6450936794281006,1.3532487154006958
0.0635940432548523,0.6144545674324036,1.2503950595855713
0.0644254982471466,0.6846632957458496,1.328918218612671
0.06785934418439865,0.6789039969444275,1.3574974536895752
0.07615268230438232,0.6719858646392822,1.4335126876831055
0.07728730887174606,0.5612652897834778,1.3341383934020996
0.07065940648317337,0.5245440006256104,1.231137990951538
0.06720520555973053,0.6394826173782349,1.3115346431732178
0.07309388369321823,0.5872894525527954,1.3182282447814941
0.06492762267589569,0.6096230745315552,1.2588993310928345
0.06852380931377411,0.6760751008987427,1.3613132238388062
0.07425843924283981,0.5634660720825195,1.3060505390167236
0.060465727001428604,0.7249201536178589,1.3295774459838867
0.06850886344909668,0.6905959844589233,1.3756846189498901
0.0679907277226448,0.5729391574859619,1.2528464794158936
0.07463772594928741,0.6227052211761475,1.3690824508666992
0.07448659837245941,0.6673489809036255,1.412214994430542
0.06714390963315964,0.5804122090339661,1.2518513202667236
0.06197158247232437,0.7300199270248413,1.3497357368469238
0.07395168393850327,0.5478649735450745,1.287381887435913
0.07837696373462677,0.6752020716667175,1.4589717388153076
0.06442023068666458,0.5680738687515259,1.2122762203216553
0.07316809147596359,0.5854959487915039,1.3171768188476562
0.06805899739265442,0.6126962304115295,1.2932862043380737
0.07546383142471313,0.5776779651641846,1.332316279411316
0.06643059104681015,0.6911414861679077,1.3554474115371704
0.06637001782655716,0.6547525525093079,1.3184527158737183
0.07672100514173508,0.6457712650299072,1.4129812717437744
0.06714634597301483,0.6215620636940002,1.2930254936218262
0.0746917799115181,0.6357837915420532,1.3827016353607178
0.06581123173236847,0.6881797313690186,1.3462920188903809
0.07287969440221786,0.4406517744064331,1.169448733329773
0.06820601969957352,0.6759321689605713,1.35799241065979
0.0655214935541153,0.6091601252555847,1.2643749713897705
0.07075827568769455,0.5813440084457397,1.2889268398284912
0.06338781118392944,0.6127087473869324,1.246586799621582
0.059853676706552505,0.6650700569152832,1.2636067867279053
0.06814777106046677,0.6514126658439636,1.3328903913497925
0.07314886152744293,0.5915253162384033,1.3230139017105103
0.0727781280875206,0.5467171669006348,1.274498462677002
0.06817696243524551,0.7005312442779541,1.382300853729248
0.06623638421297073,0.5922066569328308,1.254570484161377
0.07518064975738525,0.49761903285980225,1.2494255304336548
0.0740073174238205,0.6606928706169128,1.400766134262085
0.06987369060516357,0.6688000559806824,1.367537021636963
0.0696190670132637,0.6395728588104248,1.3357634544372559
0.07374905049800873,0.5746103525161743,1.312100887298584
0.06997428089380264,0.549140453338623,1.2488832473754883
0.06646466255187988,0.6209350824356079,1.2855817079544067
0.07552733272314072,0.6455591917037964,1.4008325338363647
0.07070031762123108,0.6811486482620239,1.3881518840789795
0.06827415525913239,0.46991491317749023,1.1526564359664917
0.07308971881866455,0.7338064908981323,1.4647036790847778
0.07621417939662933,0.6120502948760986,1.3741921186447144
0.07404772937297821,0.5619896054267883,1.302466869354248
0.065435990691185,0.6375672221183777,1.2919270992279053
0.0745735615491867,0.6769624948501587,1.4226981401443481
0.07146847993135452,0.621401846408844,1.336086630821228
0.0689484179019928,0.6570492386817932,1.3465334177017212
0.06986570358276367,0.6659488081932068,1.3646059036254883
0.06188603863120079,0.5046099424362183,1.1234703063964844
0.06075507029891014,0.6688332557678223,1.276383876800537
0.07035070657730103,0.5659780502319336,1.2694851160049438
0.07459830492734909,0.6133418083190918,1.3593249320983887
0.06836946308612823,0.4458087980747223,1.1295033693313599
0.06873119622468948,0.5476061105728149,1.2349181175231934
0.07992074638605118,0.736707329750061,1.5359147787094116
0.07333331555128098,0.611135721206665,1.3444688320159912
0.0684967190027237,0.7154039740562439,1.4003710746765137
0.06811896711587906,0.6328014135360718,1.3139910697937012
0.06371015310287476,0.7024299502372742,1.339531421661377
0.06817921996116638,0.5692489147186279,1.2510411739349365
0.06565156579017639,0.7285478115081787,1.3850634098052979
0.06807786226272583,0.5701874494552612,1.2509660720825195
0.07474049925804138,0.6624464988708496,1.4098515510559082
0.07065333425998688,0.6857466697692871,1.3922799825668335
0.06466571986675262,0.5664337873458862,1.2130910158157349
0.06699959933757782,0.6074807047843933,1.2774767875671387
0.06670542061328888,0.47092577815055847,1.1379799842834473
0.060789741575717926,0.4971744418144226,1.105071783065796
0.06904787570238113,0.6309895515441895,1.3214683532714844
0.07051225006580353,0.6293315291404724,1.33445405960083
0.06577352434396744,0.6147114634513855,1.272446632385254
0.07370509952306747,0.6854513883590698,1.4225023984909058
0.07627113163471222,0.6688598990440369,1.4315712451934814
0.06410358846187592,0.6388675570487976,1.2799034118652344
0.06972458958625793,0.584276020526886,1.2815219163894653
0.06235486641526222,0.6642541885375977,1.2878029346466064
0.06680718064308167,0.5383735299110413,1.206445336341858
0.0797680914402008,0.6145061254501343,1.412187099456787
0.07026244699954987,0.5959739685058594,1.2985984086990356
0.07346263527870178,0.6966290473937988,1.4312553405761719
0.06682002544403076,0.6599730849266052,1.3281733989715576
0.0706678181886673,0.49967843294143677,1.2063565254211426
0.06981223821640015,0.6911606788635254,1.3892830610275269
0.0706481784582138,0.6649258136749268,1.3714076280593872
0.0679110661149025,0.6800582408905029,1.3591688871383667
0.06774074584245682,0.5202298164367676,1.1976373195648193
0.07182057946920395,0.544003963470459,1.2622097730636597
0.0657600611448288,0.55164635181427,1.2092469930648804
0.07606976479291916,0.7063592672348022,1.4670569896697998
0.06062106043100357,0.404687762260437,1.0108983516693115
0.07641938328742981,0.702690064907074,1.466883897781372
0.07497727870941162,0.5908530354499817,1.3406257629394531
0.06694886833429337,0.5750573873519897,1.2445460557937622
0.07154450565576553,0.5619715452194214,1.2774165868759155
0.07430072873830795,0.6091299653053284,1.3521373271942139
0.0706305205821991,0.6882439851760864,1.3945491313934326
0.06579849123954773,0.4416719079017639,1.0996568202972412
0.06697047501802444,0.5692477226257324,1.238952398300171
0.07179302722215652,0.6395386457443237,1.357468843460083
0.06508300453424454,0.6943067312240601,1.3451367616653442
0.0654306411743164,0.6549765467643738,1.3092830181121826
0.07560428231954575,0.7331830859184265,1.4892258644104004
0.07177643477916718,0.6602580547332764,1.3780224323272705
0.06921536475419998,0.6518760919570923,1.3440296649932861
0.07096809893846512,0.588739275932312,1.2984201908111572
0.08006512373685837,0.42926308512687683,1.2299143075942993
0.06942406296730042,0.5501364469528198,1.2443771362304688
0.06716705113649368,0.6929482221603394,1.3646187782287598
0.06544145941734314,0.5766165852546692,1.2310311794281006
0.06994780898094177,0.5325353145599365,1.232013463973999
0.0673845037817955,0.5154966115951538,1.18934166431427
0.071746826171875,0.5404409766197205,1.2579092979431152
0.07228577136993408,0.6573870182037354,1.3802447319030762
0.06870732456445694,0.64070063829422,1.3277738094329834
0.06898056715726852,0.6663520336151123,1.3561577796936035
0.06672908365726471,0.6181837320327759,1.2854745388031006
0.07410993427038193,0.6877074241638184,1.4288067817687988
0.06635893136262894,0.6366485357284546,1.3002378940582275
0.06474380195140839,0.7120105028152466,1.3594485521316528
0.06293286383152008,0.6732808947563171,1.3026094436645508
0.0719730406999588,0.4961756467819214,1.215906023979187
0.06861098110675812,0.6904568672180176,1.3765666484832764
0.070220448076725,0.49482494592666626,1.1970293521881104
0.07377754151821136,0.5938497185707092,1.33162522315979
0.08435346186161041,0.5261629819869995,1.3696975708007812
0.08003970235586166,0.6706150770187378,1.4710121154785156
0.07001004368066788,0.6736171841621399,1.3737175464630127
0.06746971607208252,0.6060158014297485,1.2807129621505737
0.06828539818525314,0.6219416260719299,1.3047956228256226
0.06662122905254364,0.6273758411407471,1.2935881614685059
0.06694669276475906,0.631686270236969,1.3011531829833984
0.08311069011688232,0.6301690340042114,1.4612759351730347
0.0619293637573719,0.6307675242424011,1.2500611543655396
0.06055823713541031,0.3586984872817993,0.9642808437347412
0.07293463498353958,0.6500213146209717,1.3793675899505615
0.0645238533616066,0.6688312292098999,1.3140697479248047
0.06715478748083115,0.6425831317901611,1.3141310214996338
0.07278662174940109,0.6501070261001587,1.3779733180999756
0.0705939382314682,0.6373724341392517,1.3433117866516113
0.07251933962106705,0.6152533292770386,1.3404467105865479
0.06480035185813904,0.619088351726532,1.2670918703079224
0.07013849914073944,0.5952988862991333,1.29668390750885
0.06401558965444565,0.7062262296676636,1.3463821411132812
0.07174348831176758,0.5036944150924683,1.221129298210144
0.07304586470127106,0.6299687623977661,1.3604273796081543
0.06988354027271271,0.6307432651519775,1.3295786380767822
0.06413932889699936,0.5518423914909363,1.1932356357574463
0.07821512222290039,0.7030578851699829,1.4852091073989868
0.07720862329006195,0.7018685340881348,1.4739547967910767
0.06283358484506607,0.5917505025863647,1.2200863361358643
0.07366921752691269,0.659881591796875,1.396573781967163
0.07259183377027512,0.6526679396629333,1.3785862922668457
0.07371163368225098,0.6888865232467651,1.426002860069275
0.0633666142821312,0.5497128367424011,1.1833789348602295
0.06654619425535202,0.6554579734802246,1.3209199905395508
0.07718594372272491,0.6595882177352905,1.4314476251602173
0.07169806212186813,0.6910140514373779,1.4079947471618652
0.0628204271197319,0.6293452978134155,1.257549524307251
0.07168905436992645,0.7034550309181213,1.4203455448150635
0.07766411453485489,0.6712518930435181,1.4478930234909058
0.07575663924217224,0.6388415098190308,1.3964078426361084
0.07127667963504791,0.5011317729949951,1.2138985395431519
0.0638050064444542,0.6542519927024841,1.292302131652832
0.07914552092552185,0.6468647718429565,1.4383199214935303
0.07088129967451096,0.523453414440155,1.2322664260864258
0.0683063194155693,0.7044886350631714,1.3875517845153809
0.07053785771131516,0.635783314704895,1.3411619663238525
0.06767552345991135,0.6286556720733643,1.3054108619689941
0.07633128017187119,0.5538742542266846,1.3171870708465576
0.07351943850517273,0.6617938280105591,1.3969881534576416
0.07180055975914001,0.63152676820755,1.3495323657989502
0.06833077222108841,0.6019377112388611,1.285245418548584
0.07191230356693268,0.6376184821128845,1.3567414283752441
0.06696930527687073,0.6732275485992432,1.3429205417633057
0.080765001475811,0.5894826054573059,1.3971326351165771
0.07219012081623077,0.42972463369369507,1.1516258716583252
0.06386478990316391,0.5064636468887329,1.1451115608215332
0.06956493854522705,0.5970088839530945,1.2926583290100098
0.06776534765958786,0.5134421586990356,1.1910955905914307
0.06214098632335663,0.5568712949752808,1.1782811880111694
0.06816991418600082,0.6505350470542908,1.3322341442108154
0.07250044494867325,0.7084565758705139,1.4334609508514404
0.06805184483528137,0.47866469621658325,1.159183144569397
0.07986563444137573,0.6390305757522583,1.4376869201660156
0.06906703114509583,0.6859402656555176,1.376610517501831
0.0664585530757904,0.5232821702957153,1.1878676414489746
0.06852620095014572,0.5971729755401611,1.2824349403381348
0.06897386163473129,0.6054149866104126,1.2951536178588867
0.07147110998630524,0.6333218812942505,1.3480329513549805
0.06537172943353653,0.5927503108978271,1.2464675903320312
0.07314015179872513,0.5823415517807007,1.3137431144714355
0.06997893750667572,0.4753597378730774,1.1751492023468018
0.06884507834911346,0.6758809685707092,1.3643317222595215
0.06784724444150925,0.5647775530815125,1.2432500123977661
0.06771668791770935,0.42421025037765503,1.1013771295547485
0.06772668659687042,0.588355541229248,1.2656223773956299
0.06736766546964645,0.6214008331298828,1.2950775623321533
0.07428308576345444,0.6324484944343567,1.375279426574707
0.06648451089859009,0.5785309076309204,1.2433760166168213
0.06233691796660423,0.5859904289245605,1.2093596458435059
0.06834695488214493,0.7134759426116943,1.3969454765319824
0.07108356058597565,0.6000745296478271,1.3109101057052612
0.07247734069824219,0.5728169083595276,1.2975902557373047
0.06821177154779434,0.632781982421875,1.3148996829986572
0.06853834539651871,0.6643956899642944,1.3497791290283203
0.06115339323878288,0.6408342123031616,1.2523682117462158
0.06260821223258972,0.6101629734039307,1.2362451553344727
0.05944618582725525,0.5799849033355713,1.1744468212127686
0.0650404542684555,0.5478270649909973,1.1982316970825195
0.06620064377784729,0.6472386121749878,1.3092451095581055
0.06792239844799042,0.5941935181617737,1.2734174728393555
0.060200922191143036,0.5880167484283447,1.190026044845581
0.07369303703308105,0.6580425500869751,1.3949729204177856
0.07948335260152817,0.6642552614212036,1.4590888023376465
0.06602754443883896,0.6076884865760803,1.2679638862609863
0.06504734605550766,0.4104737639427185,1.0609471797943115
0.06886687874794006,0.6227377653121948,1.3114066123962402
0.06426587700843811,0.5799216032028198,1.2225804328918457
0.05869092419743538,0.5469620227813721,1.13387131690979
0.07428830116987228,0.6051430702209473,1.3480260372161865
0.0622243732213974,0.5307690501213074,1.153012752532959
0.05527597665786743,0.656114935874939,1.2088747024536133
0.06334070861339569,0.6376849412918091,1.2710920572280884
0.06346935778856277,0.6105916500091553,1.2452852725982666
0.0617358572781086,0.6415756940841675,1.2589342594146729
0.06083488464355469,0.5467925071716309,1.1551413536071777
0.0717955231666565,0.6828948259353638,1.4008500576019287
0.06177745386958122,0.6428378820419312,1.2606124877929688
0.07153893262147903,0.5939728021621704,1.3093621730804443
0.065000019967556,0.5929419994354248,1.242942214012146
0.07550764083862305,0.6741890907287598,1.4292654991149902
0.07375216484069824,0.7142373323440552,1.4517589807510376
0.056345969438552856,0.4850130081176758,1.0484726428985596
0.07655177265405655,0.6530977487564087,1.418615460395813
0.08045782148838043,0.6928412318229675,1.4974193572998047
0.07554753124713898,0.6492919921875,1.4047672748565674
0.06697414070367813,0.6166611313819885,1.2864024639129639
0.06941130757331848,0.6203329563140869,1.314445972442627
0.06580347567796707,0.6006551384925842,1.2586898803710938
0.0752277821302414,0.5108221769332886,1.263100028038025
0.06494475156068802,0.5393972992897034,1.1888447999954224
0.06409752368927002,0.4810147285461426,1.1219899654388428
0.06546427309513092,0.5203448534011841,1.174987554550171
0.06120963767170906,0.461927205324173,1.0740236043930054
0.06854307651519775,0.5882689952850342,1.2736997604370117
0.08259426802396774,0.7084162831306458,1.5343589782714844
0.061589743942022324,0.6075066328048706,1.223404049873352
0.07101048529148102,0.5925059914588928,1.3026108741760254
0.07410860806703568,0.6479734182357788,1.3890595436096191
0.05991775915026665,0.5886006355285645,1.1877782344818115
0.07565474510192871,0.5938351154327393,1.3503825664520264
0.06703462451696396,0.48320111632347107,1.1535474061965942
0.06497856229543686,0.6204268932342529,1.2702125310897827
0.07109759747982025,0.5122752785682678,1.2232513427734375
0.06474262475967407,0.6271408796310425,1.2745671272277832
0.06217796728014946,0.6804764270782471,1.3022561073303223
0.05733343958854675,0.5548697710037231,1.128204107284546
0.06955130398273468,0.6627257466316223,1.358238697052002
0.06640984117984772,0.5766124725341797,1.2407108545303345
0.07428937405347824,0.4132930040359497,1.156186819076538
0.06581126898527145,0.6031441688537598,1.2612569332122803
0.07035239785909653,0.6664868593215942,1.3700108528137207
0.07079996913671494,0.7183674573898315,1.426367163658142
0.06738292425870895,0.5643269419670105,1.2381561994552612
0.07083390653133392,0.6269615888595581,1.3353006839752197
0.06550563126802444,0.519646942615509,1.1747032403945923
0.07207144796848297,0.5658092498779297,1.286523699760437
0.06402508914470673,0.6556298732757568,1.2958807945251465
0.059409547597169876,0.48281705379486084,1.076912522315979
0.06457290798425674,0.5776309967041016,1.2233600616455078
0.06913572549819946,0.5858033299446106,1.27716064453125
0.07459472864866257,0.6377500295639038,1.383697271347046
0.0760832279920578,0.5629066228866577,1.323738932609558
0.06603685021400452,0.5362573862075806,1.1966259479522705
0.07536111772060394,0.6985840797424316,1.4521952867507935
0.06061870604753494,0.5045347213745117,1.1107218265533447
0.07533275336027145,0.5359121561050415,1.2892396450042725
0.07075589895248413,0.5394529104232788,1.2470118999481201
0.07256266474723816,0.5889303684234619,1.3145570755004883
0.06409907341003418,0.4692542552947998,1.1102449893951416
0.07203198969364166,0.6427684426307678,1.3630883693695068
0.0646858960390091,0.6141090989112854,1.2609679698944092
0.07109666615724564,0.6721306443214417,1.3830972909927368
0.06438524276018143,0.6001062989234924,1.2439587116241455
0.07144355773925781,0.715737521648407,1.4301731586456299
0.06420613825321198,0.6532000303268433,1.2952613830566406
0.06570596247911453,0.5320583581924438,1.1891179084777832
0.06707637012004852,0.4693739712238312,1.1401376724243164
0.07430873811244965,0.561965823173523,1.3050532341003418
0.060174133628606796,0.4448385536670685,1.0465798377990723
0.06508596241474152,0.5634426474571228,1.2143023014068604
0.07039369642734528,0.746922492980957,1.4508594274520874
0.0723712220788002,0.6371963024139404,1.3609085083007812
0.0828532949090004,0.6694855690002441,1.498018503189087
0.07301159203052521,0.6902233362197876,1.4203392267227173
0.06632021814584732,0.6068401336669922,1.2700423002243042
0.07043614238500595,0.645527720451355,1.3498891592025757
0.06501199305057526,0.5720474720001221,1.2221673727035522
0.06986209005117416,0.5613589286804199,1.2599798440933228
0.06511178612709045,0.639924943447113,1.2910428047180176
0.07430111616849899,0.6079029440879822,1.3509141206741333
0.06683743745088577,0.5987132787704468,1.267087697982788
0.06999552994966507,0.6128503680229187,1.3128056526184082
0.06637413054704666,0.6460249423980713,1.3097662925720215
0.06571311503648758,0.6869474649429321,1.344078540802002
0.06794438511133194,0.6748234033584595,1.3542672395706177
0.07315970957279205,0.531139612197876,1.2627366781234741
0.06934651732444763,0.40759503841400146,1.101060152053833
0.06361071020364761,0.6711662411689758,1.3072733879089355
0.06745865195989609,0.5909063220024109,1.2654929161071777
0.06553959101438522,0.5493010878562927,1.2046970129013062
0.06105630472302437,0.5911268591880798,1.2016899585723877
0.06365673989057541,0.5323818922042847,1.1689493656158447
0.06838737428188324,0.5598526000976562,1.243726372718811
0.06851014494895935,0.618575930595398,1.3036773204803467
0.08491934090852737,0.7014622688293457,1.5506556034088135
0.07317133247852325,0.6625422239303589,1.394255518913269
0.061012957245111465,0.48252052068710327,1.0926501750946045
0.07220497727394104,0.6669092774391174,1.3889590501785278
0.06183832883834839,0.5382763147354126,1.1566596031188965
0.0714925229549408,0.6681997179985046,1.3831249475479126
0.07385794818401337,0.7463996410369873,1.4849791526794434
0.06448687613010406,0.6944971084594727,1.339365839958191
0.07042838633060455,0.6998571157455444,1.4041409492492676
0.06717060506343842,0.7165819406509399,1.3882880210876465
0.06973619759082794,0.6823521852493286,1.3797141313552856
0.06970316916704178,0.6897451877593994,1.3867769241333008
0.07235485315322876,0.6272776126861572,1.3508261442184448
0.07256682217121124,0.6431505084037781,1.368818759918213
0.07269730418920517,0.5275107622146606,1.2544838190078735
0.06779669970273972,0.625019907951355,1.3029868602752686
0.07502928376197815,0.6298729181289673,1.3801658153533936
0.06624598801136017,0.635364294052124,1.2978241443634033
0.06802960485219955,0.6259032487869263,1.306199312210083
0.06509014964103699,0.6127421855926514,1.263643741607666
0.06995830684900284,0.6899811625480652,1.3895642757415771
0.07713109999895096,0.65570068359375,1.4270117282867432
0.07052458077669144,0.6481056213378906,1.353351354598999
0.06570088118314743,0.46017321944236755,1.1171820163726807
0.07524579018354416,0.6951847672462463,1.4476426839828491
0.06419063359498978,0.6829548478126526,1.3248611688613892
0.06843318790197372,0.5365946888923645,1.2209265232086182
0.07282187044620514,0.5163772106170654,1.2445958852767944
0.06613998860120773,0.7156341075897217,1.3770339488983154
0.066249318420887,0.6716174483299255,1.3341106176376343
0.06915117800235748,0.6076706051826477,1.299182415008545
0.06510830670595169,0.6285952925682068,1.2796783447265625
0.06704923510551453,0.6245638132095337,1.2950561046600342
0.06536561250686646,0.6751530170440674,1.328809142112732
0.07026354968547821,0.5857887864112854,1.2884242534637451
0.06671670824289322,0.707570493221283,1.3747375011444092
0.0752640813589096,0.64585280418396,1.3984936475753784
0.0662827119231224,0.6534292697906494,1.3162564039230347
0.06254997104406357,0.48539045453071594,1.1108901500701904
0.06954797357320786,0.7214526534080505,1.4169323444366455
0.059194307774305344,0.5277674198150635,1.1197104454040527
0.07089228928089142,0.7223911881446838,1.4313139915466309
0.06724086403846741,0.6106966733932495,1.2831053733825684
0.07046586275100708,0.6959977149963379,1.4006563425064087
0.07644180953502655,0.6871577501296997,1.4515758752822876
0.06285696476697922,0.6697657704353333,1.2983354330062866
0.07087583839893341,0.6572844982147217,1.3660428524017334
0.0639115571975708,0.6863699555397034,1.3254854679107666
0.0680309310555458,0.6974050998687744,1.3777143955230713
0.06379776448011398,0.6408826112747192,1.278860330581665
0.07266179472208023,0.6343461275100708,1.360964059829712
0.0702318325638771,0.6768320798873901,1.379150390625
0.06423250585794449,0.6437782049179077,1.2861032485961914
0.07028228789567947,0.5878052711486816,1.29062819480896
0.0677144005894661,0.5199823379516602,1.1971263885498047
0.07217243313789368,0.5120851993560791,1.233809471130371
0.07232838869094849,0.7245811820030212,1.4478650093078613
0.06810086965560913,0.6497273445129395,1.3307360410690308
0.06501542031764984,0.5619533061981201,1.212107539176941
0.06911846995353699,0.6453873515129089,1.3365720510482788
0.07721173018217087,0.6796602606773376,1.4517775774002075
0.062370579689741135,0.6653112769126892,1.2890170812606812
0.07124392688274384,0.619878888130188,1.3323181867599487
0.06517176330089569,0.6324138641357422,1.2841315269470215
0.07150186598300934,0.5300333499908447,1.2450519800186157
0.07340815663337708,0.6979864239692688,1.4320679903030396
0.07746805995702744,0.5115469098091125,1.2862274646759033
0.06885480135679245,0.5871766209602356,1.2757246494293213
0.07041536271572113,0.6077598333358765,1.3119134902954102
0.06669455766677856,0.739551305770874,1.4064968824386597
0.06304286420345306,0.6659195423126221,1.296348214149475
0.0652407705783844,0.6807515621185303,1.3331592082977295
0.0686316192150116,0.6481456756591797,1.3344619274139404
0.06503049284219742,0.5125769376754761,1.162881851196289
0.06415853649377823,0.6553402543067932,1.2969255447387695
0.06212002784013748,0.5883437991142273,1.209544062614441
0.06450705975294113,0.682004451751709,1.3270750045776367
0.06738478690385818,0.7055944204330444,1.3794422149658203
0.0622929222881794,0.6147723197937012,1.2377015352249146
0.06910387426614761,0.6809074282646179,1.371946096420288
0.0702880322933197,0.5814739465713501,1.2843542098999023
0.06403158605098724,0.6274391412734985,1.2677550315856934
0.06422601640224457,0.6354939937591553,1.2777541875839233
0.06350555270910263,0.6543765068054199,1.2894320487976074
0.05915512889623642,0.5965352654457092,1.1880865097045898
0.06387578696012497,0.644325315952301,1.283083200454712
0.06554432213306427,0.5351120829582214,1.1905553340911865
0.07022269070148468,0.6340502500534058,1.3362771272659302
0.06199493631720543,0.5966888666152954,1.216638207435608
0.06464571505784988,0.6551576256752014,1.301614761352539
0.062014345079660416,0.5741448402404785,1.1942882537841797
0.07286105304956436,0.7201091647148132,1.4487197399139404
0.06844761967658997,0.5745729207992554,1.2590491771697998
0.06851447373628616,0.5869261026382446,1.2720708847045898
0.07388600707054138,0.5746858716011047,1.3135459423065186
0.0735723078250885,0.6515123248100281,1.387235403060913
0.07115546613931656,0.4720061421394348,1.183560848236084
0.06674128025770187,0.659940779209137,1.327353596687317
0.07082881033420563,0.7051093578338623,1.4133974313735962
0.06175166368484497,0.598546028137207,1.2160626649856567
0.06917822360992432,0.6632480621337891,1.3550302982330322
0.07526308298110962,0.7483618259429932,1.5009926557540894
0.06951653212308884,0.5999201536178589,1.2950854301452637
0.061729446053504944,0.6276076436042786,1.2449021339416504
0.0709664449095726,0.659694254398346,1.369358777999878
0.06418627500534058,0.6888110637664795,1.3306738138198853
0.06567972898483276,0.5643145442008972,1.22111177444458
0.06725987046957016,0.7176992893218994,1.3902980089187622
0.06430510431528091,0.5862032175064087,1.2292542457580566
0.06377477198839188,0.5803099870681763,1.218057632446289
0.06322480738162994,0.4507104754447937,1.082958459854126
0.0659542828798294,0.686066210269928,1.3456089496612549
0.06328119337558746,0.693928599357605,1.3267405033111572
0.0652662068605423,0.7158937454223633,1.3685557842254639
0.06295634061098099,0.6773670315742493,1.306930422782898
0.07847259938716888,0.6962549090385437,1.4809808731079102
0.0681682750582695,0.5208082795143127,1.202491044998169
0.0606030598282814,0.5612306594848633,1.1672612428665161
0.06928105652332306,0.6902459263801575,1.383056402206421
0.07068483531475067,0.5133146047592163,1.2201629877090454
0.06244131922721863,0.5054848194122314,1.1298980712890625
0.06556142121553421,0.6842455863952637,1.3398597240447998
0.058564234524965286,0.6101502180099487,1.195792555809021
0.07448078691959381,0.7086039781570435,1.4534118175506592
0.06944359838962555,0.6219816207885742,1.3164175748825073
0.06588886678218842,0.5326863527297974,1.191575050354004
0.07796905189752579,0.666960597038269,1.4466511011123657
0.06715146452188492,0.6247762441635132,1.2962908744812012
0.05818828567862511,0.5950267314910889,1.1769095659255981
0.06994731724262238,0.6754652261734009,1.3749383687973022
0.06648175418376923,0.6258782148361206,1.2906957864761353
0.06893017888069153,0.589801549911499,1.2791032791137695
0.06767933070659637,0.6226457357406616,1.2994390726089478
0.07289806753396988,0.6763951778411865,1.4053758382797241
0.07543361932039261,0.4781569838523865,1.2324931621551514
0.06338144093751907,0.5104087591171265,1.1442232131958008
0.07084491103887558,0.47119826078414917,1.179647445678711
0.06784998625516891,0.6855994462966919,1.3640992641448975
0.06645036488771439,0.645291805267334,1.3097953796386719
0.06880495697259903,0.5800954103469849,1.268144965171814
0.06760520488023758,0.6859045028686523,1.3619565963745117
0.057542238384485245,0.6451008319854736,1.2205232381820679
0.06614571809768677,0.5728881359100342,1.2343453168869019
0.06052551418542862,0.5569446086883545,1.1621997356414795
0.07319039851427078,0.6147364377975464,1.3466403484344482
0.06354427337646484,0.44233113527297974,1.0777738094329834
0.06873420625925064,0.5271689891815186,1.2145110368728638
0.06905800849199295,0.5315995216369629,1.222179651260376
0.06914184987545013,0.560807466506958,1.2522259950637817
0.06240525469183922,0.5910473465919495,1.215099811553955
0.06913642585277557,0.5493823289871216,1.2407466173171997
0.06780735403299332,0.665397047996521,1.343470573425293
0.06469900161027908,0.5765177011489868,1.2235076427459717
0.07138529419898987,0.5712254047393799,1.2850782871246338
0.06307387351989746,0.6803944110870361,1.3111331462860107
0.06395052373409271,0.5588412284851074,1.198346495628357
0.06230924278497696,0.6282109022140503,1.2513033151626587
0.06800248473882675,0.6871049404144287,1.3671298027038574
0.06383347511291504,0.5416567921638489,1.1799914836883545
0.06282755732536316,0.5794311761856079,1.2077066898345947
0.06760301440954208,0.6455216407775879,1.32155179977417
0.06468889117240906,0.7129896283149719,1.3598785400390625
0.06509700417518616,0.5020468831062317,1.1530169248580933
0.061210744082927704,0.6505364179611206,1.262643814086914
0.05728296935558319,0.4986989498138428,1.071528673171997
0.058753836899995804,0.4790809750556946,1.0666193962097168
0.06357358396053314,0.5927189588546753,1.228454828262329
0.06295007467269897,0.681293249130249,1.3107939958572388
0.0557531863451004,0.43905943632125854,0.9965912699699402
0.07263898104429245,0.6999303698539734,1.426320195198059
0.06026839464902878,0.367837131023407,0.970521092414856
0.0777818113565445,0.6578100919723511,1.4356281757354736
0.06779476255178452,0.6935555338859558,1.3715031147003174
0.07058598846197128,0.663296103477478,1.369156002998352
0.07032828778028488,0.658686637878418,1.3619694709777832
0.058507323265075684,0.6086031198501587,1.1936763525009155
0.06176033988595009,0.6816753149032593,1.299278736114502
0.06290273368358612,0.5045963525772095,1.133623719215393
0.0585605651140213,0.5367882251739502,1.1223938465118408
0.06363587826490402,0.5750764012336731,1.2114351987838745
0.06694149225950241,0.6160871386528015,1.2855020761489868
0.06628968566656113,0.6072517037391663,1.270148515701294
0.06048734113574028,0.6937979459762573,1.2986713647842407
0.057385027408599854,0.6579142808914185,1.231764554977417
0.06702752411365509,0.6123800277709961,1.2826552391052246
0.06483448296785355,0.6623066663742065,1.3106515407562256
0.06306753307580948,0.574755072593689,1.2054303884506226
0.07056999206542969,0.5597794651985168,1.265479326248169
0.07005590945482254,0.546114444732666,1.246673583984375
0.06725329160690308,0.6933166980743408,1.3658496141433716
0.062213800847530365,0.5117114186286926,1.1338493824005127
0.06485877186059952,0.6145621538162231,1.2631498575210571
0.06291741132736206,0.3580177426338196,0.9871918559074402
0.06398315727710724,0.6818321943283081,1.321663737297058
0.06699606776237488,0.705552339553833,1.3755130767822266
0.062110744416713715,0.7302771806716919,1.3513846397399902
0.06591887027025223,0.7127283811569214,1.3719170093536377
0.0601361058652401,0.5711485743522644,1.1725096702575684
0.05971920117735863,0.4971390962600708,1.0943310260772705
0.06922479718923569,0.6726254820823669,1.3648734092712402
0.06834124028682709,0.7141788005828857,1.397591233253479
0.06625491380691528,0.40509384870529175,1.0676429271697998
0.06514798849821091,0.6539304852485657,1.305410385131836
0.0694485530257225,0.6410435438156128,1.335529088973999
0.06813132762908936,0.6761112213134766,1.3574244976043701
0.06311117112636566,0.5839346051216125,1.2150464057922363
0.06606142967939377,0.6450248956680298,1.3056392669677734
0.06690728664398193,0.6273403167724609,1.2964131832122803
0.06936334818601608,0.5712467432022095,1.2648801803588867
0.06464503705501556,0.6589309573173523,1.3053812980651855
0.06272393465042114,0.5187865495681763,1.1460258960723877
0.07078849524259567,0.5991595983505249,1.307044506072998
0.06664697080850601,0.603869616985321,1.2703392505645752
0.07540314644575119,0.6287935972213745,1.3828251361846924
0.061149947345256805,0.6336286067962646,1.2451281547546387
0.059368330985307693,0.51104336977005,1.1047266721725464
0.06695947051048279,0.6172767877578735,1.2868714332580566
0.06256656348705292,0.6460276246070862,1.271693229675293
0.06372170150279999,0.5332450270652771,1.1704621315002441
0.061528462916612625,0.6811788082122803,1.2964634895324707
0.06890778988599777,0.5498324036598206,1.2389103174209595
0.06221644580364227,0.5246142148971558,1.1467787027359009
0.06381890922784805,0.5623714327812195,1.2005605697631836
0.06082695350050926,0.6910828948020935,1.2993524074554443
0.06177499145269394,0.5586485862731934,1.176398515701294
0.06548862159252167,0.7340062856674194,1.3888925313949585
0.07011327892541885,0.6454794406890869,1.3466122150421143
0.059948500245809555,0.6737041473388672,1.2731890678405762
0.06379267573356628,0.539405107498169,1.1773319244384766
0.07002881914377213,0.5554482340812683,1.2557363510131836
0.06811631470918655,0.6126384735107422,1.2938015460968018
0.06155550107359886,0.46609288454055786,1.0816478729248047
0.06626546382904053,0.6420884132385254,1.3047430515289307
0.06613892316818237,0.4319145381450653,1.0933037996292114
0.0658847913146019,0.44831669330596924,1.1071646213531494
0.06139799579977989,0.5812938213348389,1.195273756980896
0.07078070938587189,0.7079637050628662,1.4157707691192627
0.06703535467386246,0.638791024684906,1.3091444969177246
0.07689947634935379,0.7790945172309875,1.5480892658233643
0.06363620609045029,0.5996500253677368,1.2360121011734009
0.06548181176185608,0.647517204284668,1.302335262298584
0.06834887713193893,0.5659595727920532,1.249448299407959
0.06414423137903214,0.6400474309921265,1.2814897298812866
0.06132037192583084,0.5364081263542175,1.1496118307113647
0.07023689895868301,0.6358245611190796,1.3381935358047485
0.06435930728912354,0.6777228116989136,1.321315884590149
0.06231219694018364,0.652969241142273,1.27609121799469
0.06289023160934448,0.5181708931922913,1.1470732688903809
0.06986556202173233,0.6659689545631409,1.3646245002746582
0.06855113804340363,0.6481016874313354,1.3336130380630493
0.06875984370708466,0.6821534037590027,1.3697519302368164
0.056661732494831085,0.5607726573944092,1.127389907836914
0.0638808086514473,0.632622480392456,1.271430492401123
0.06179920956492424,0.655319333076477,1.2733113765716553
0.06884898990392685,0.6918715238571167,1.3803614377975464
0.06126060709357262,0.6687060594558716,1.281312108039856
0.06392105668783188,0.4497893452644348,1.0889999866485596
0.07088647037744522,0.6148742437362671,1.323738932609558
0.06642954051494598,0.6013588309288025,1.2656543254852295
0.06914222985506058,0.510471522808075,1.2018938064575195
0.05821938440203667,0.601102352142334,1.1832962036132812
0.06390707194805145,0.550728976726532,1.1897997856140137
0.06836943328380585,0.6643775701522827,1.3480719327926636
0.06697412580251694,0.7122148275375366,1.3819561004638672
0.06792601197957993,0.7091769576072693,1.388437032699585
0.06407926976680756,0.6769379377365112,1.3177306652069092
0.06124841421842575,0.6568263173103333,1.269310474395752
0.07009929418563843,0.6604782342910767,1.361471176147461
0.07525914907455444,0.6368529796600342,1.3894444704055786
0.06723848730325699,0.5167654156684875,1.189150333404541
0.06969410926103592,0.5851734280586243,1.2821145057678223
0.07449420541524887,0.49787479639053345,1.2428169250488281
0.07328406721353531,0.6819433569908142,1.4147839546203613
0.07979664951562881,0.643164873123169,1.441131353378296
0.05938658490777016,0.6990028619766235,1.292868733406067
0.06812942773103714,0.6483142375946045,1.32960844039917
0.06126100942492485,0.41944247484207153,1.0320525169372559
0.065772145986557,0.6692298650741577,1.326951265335083
0.06871358305215836,0.650234043598175,1.3373699188232422
0.06403706967830658,0.6171436309814453,1.2575143575668335
0.07507678866386414,0.6981778740882874,1.4489457607269287
0.06107735633850098,0.48187586665153503,1.0926494598388672
0.06672056019306183,0.6372213959693909,1.304426908493042
0.06685420870780945,0.570713222026825,1.2392553091049194
0.0778818279504776,0.7048501968383789,1.4836684465408325
0.07601507753133774,0.7034263610839844,1.463577151298523
0.06394802778959274,0.6826612949371338,1.3221416473388672
0.06622377783060074,0.6858665347099304,1.3481042385101318
0.06313562393188477,0.45127731561660767,1.0826334953308105
0.07081712037324905,0.5462123155593872,1.2543835639953613
0.06092522665858269,0.6187880039215088,1.2280402183532715
0.07193653285503387,0.4996345043182373,1.2189998626708984
0.06992228329181671,0.6974061727523804,1.396628975868225
0.0697416216135025,0.7058933973312378,1.4033095836639404
0.06379976868629456,0.6303107738494873,1.268308401107788
0.07202359288930893,0.6561028957366943,1.3763388395309448
0.06966480612754822,0.6297059059143066,1.3263540267944336
0.0602789968252182,0.5994377136230469,1.2022277116775513
0.06439927220344543,0.4596397876739502,1.1036324501037598
0.06558350473642349,0.6511586904525757,1.3069937229156494
0.06097149848937988,0.6586835384368896,1.2683985233306885
0.06644118577241898,0.6153919100761414,1.27980375289917
0.0662270113825798,0.6691846251487732,1.3314547538757324
0.06656312197446823,0.5144971013069153,1.1801283359527588
0.0597224198281765,0.6583032608032227,1.2555274963378906
0.06483559310436249,0.6285942792892456,1.2769502401351929
0.05827174708247185,0.5097779631614685,1.0924954414367676
0.07252415269613266,0.5338248014450073,1.2590663433074951
0.06425730139017105,0.4926634430885315,1.1352365016937256
0.06280184537172318,0.5563675165176392,1.1843860149383545
0.0651995912194252,0.5808272361755371,1.232823133468628
0.06291432678699493,0.6160893440246582,1.2452325820922852
0.07299952208995819,0.6664972305297852,1.3964924812316895
0.05943497642874718,0.6848663091659546,1.2792160511016846
0.0623999685049057,0.6363666653633118,1.260366439819336
0.06588293612003326,0.5502229928970337,1.209052324295044
0.06350034475326538,0.690352201461792,1.3253556489944458
0.06674455106258392,0.5736529231071472,1.241098403930664
0.06618043035268784,0.6756346225738525,1.337438941001892
0.062359172850847244,0.6572412848472595,1.2808330059051514
0.07522004097700119,0.6537131071090698,1.4059135913848877
0.0735451877117157,0.6169856190681458,1.3524374961853027
0.06950121372938156,0.714803159236908,1.4098153114318848
0.06453273445367813,0.5108441114425659,1.156171441078186
0.06419306993484497,0.6507304906845093,1.292661190032959
0.06858515739440918,0.6758741140365601,1.3617256879806519
0.06057172268629074,0.6717936396598816,1.2775108814239502
0.07034813612699509,0.6355197429656982,1.339001178741455
0.07130773365497589,0.6877968311309814,1.400874137878418
0.06524123251438141,0.628473162651062,1.2808854579925537
0.07044196873903275,0.6457096338272095,1.3501293659210205
0.06245186924934387,0.6229727268218994,1.2474913597106934
0.0655352771282196,0.6861774921417236,1.3415303230285645
0.065492644906044,0.4127163290977478,1.0676426887512207
0.059734415262937546,0.47666633129119873,1.0740104913711548
0.08027173578739166,0.635285496711731,1.4380028247833252
0.06564147770404816,0.5796669125556946,1.236081600189209
0.06342680752277374,0.5272368788719177,1.1615049839019775
0.06911233812570572,0.6535043120384216,1.3446276187896729
0.07102293521165848,0.46516847610473633,1.1753978729248047
0.06438786536455154,0.6792209148406982,1.3230996131896973
0.07235322147607803,0.6130784749984741,1.3366106748580933
0.06192822754383087,0.588361382484436,1.2076436281204224
0.06449892371892929,0.5588001012802124,1.2037893533706665
0.06406854838132858,0.582047700881958,1.2227332592010498
0.06241840869188309,0.6450052261352539,1.2691893577575684
0.07126856595277786,0.6458423733711243,1.3585280179977417
0.0700816810131073,0.6191871762275696,1.3200039863586426
0.0653185099363327,0.5927355289459229,1.2459206581115723
0.053600214421749115,0.4904540181159973,1.0264561176300049
0.06979446113109589,0.5890805721282959,1.2870252132415771
0.06266826391220093,0.6410571932792664,1.2677397727966309
0.06469342112541199,0.6624270081520081,1.309361219406128
0.06998502463102341,0.6586272716522217,1.3584775924682617
0.06916028261184692,0.6040759086608887,1.295678734779358
0.05907416716217995,0.6159296035766602,1.2066712379455566
0.06785817444324493,0.5611644983291626,1.2397462129592896
0.06614858657121658,0.6728342771530151,1.334320068359375
0.05893498659133911,0.6825934648513794,1.2719433307647705
0.058934640139341354,0.5298491716384888,1.119195580482483
0.06672172993421555,0.6654256582260132,1.3326430320739746
0.060634855180978775,0.7108101844787598,1.3171586990356445
0.06929560005664825,0.47319287061691284,1.1661489009857178
0.06361228972673416,0.597949743270874,1.2340726852416992
0.06866414099931717,0.6104055643081665,1.2970468997955322
0.06905698776245117,0.5494133234024048,1.2399832010269165
0.06122121959924698,0.4538029730319977,1.0660151243209839
0.06002027168869972,0.5981302857398987,1.1983330249786377
0.05958723649382591,0.7377054691314697,1.3335778713226318
0.07461725175380707,0.5823521018028259,1.3285245895385742
0.07212663441896439,0.625423789024353,1.3466901779174805
0.06491736322641373,0.6803687810897827,1.3295423984527588
0.0662810206413269,0.6356528997421265,1.2984631061553955
0.0600031316280365,0.5714203119277954,1.1714515686035156
0.06853830814361572,0.5923248529434204,1.2777079343795776
0.06116393953561783,0.6236313581466675,1.2352707386016846
0.06049925088882446,0.6485168933868408,1.2535094022750854
0.057904064655303955,0.689163863658905,1.2682044506072998
0.06681781262159348,0.5649035573005676,1.2330816984176636
0.06596076488494873,0.6623657941818237,1.321973443031311
0.06291697919368744,0.688611626625061,1.3177814483642578
0.06606900691986084,0.6592429876327515,1.3199330568313599
0.05813366174697876,0.3366733193397522,0.9180099368095398
0.06213480979204178,0.365066796541214,0.986414909362793
0.059761788696050644,0.4577655494213104,1.0553834438323975
0.06688906252384186,0.6399691104888916,1.3088597059249878
0.05803801864385605,0.4934639036655426,1.073844075202942
0.06358038634061813,0.6567210555076599,1.2925249338150024
0.06799083948135376,0.6431326866149902,1.3230410814285278
0.0648752823472023,0.6886118650436401,1.337364673614502
0.05374986305832863,0.6422007083892822,1.179699420928955
0.07067187130451202,0.6603578329086304,1.3670765161514282
0.0627044215798378,0.6414384841918945,1.2684826850891113
0.06281621754169464,0.7179737687110901,1.3461358547210693
0.06683580577373505,0.6988279819488525,1.3671860694885254
0.06574634462594986,0.6545719504356384,1.312035322189331
0.06624047458171844,0.5417904853820801,1.204195261001587
0.06262630969285965,0.6551185250282288,1.281381607055664
0.07320261746644974,0.4958920478820801,1.2279181480407715
0.06770030409097672,0.5919094085693359,1.268912434577942
0.06403789669275284,0.6578964591026306,1.2982754707336426
0.06717090308666229,0.5708345770835876,1.2425436973571777
0.06410584598779678,0.7145729064941406,1.3556313514709473
0.06492169201374054,0.5835506319999695,1.2327675819396973
0.0658722072839737,0.5852658748626709,1.2439879179000854
0.06661438196897507,0.6915282011032104,1.3576719760894775
0.06864586472511292,0.6122836470603943,1.2987422943115234
0.06306498497724533,0.5785952806472778,1.209245204925537
0.05786880478262901,0.5406436920166016,1.11933171749115
0.06588839739561081,0.5765297412872314,1.2354137897491455
0.06689003109931946,0.7202138304710388,1.3891141414642334
0.058161359280347824,0.5925318002700806,1.1741454601287842
0.06678058207035065,0.731319010257721,1.3991248607635498
0.06213803589344025,0.5172663927078247,1.1386467218399048
0.05902406573295593,0.534859299659729,1.1250998973846436
0.06462538242340088,0.5881451368331909,1.2343989610671997
0.06035000830888748,0.5343910455703735,1.1378910541534424
0.06660012900829315,0.5984941124916077,1.2644953727722168
0.06697840988636017,0.6601091027259827,1.3298931121826172
0.0683063268661499,0.6818158030509949,1.3648791313171387
0.0646807923913002,0.6805376410484314,1.327345609664917
0.06811558455228806,0.47219932079315186,1.1533551216125488
0.06210813671350479,0.6029183268547058,1.2239997386932373
0.06085312366485596,0.5666694641113281,1.1752007007598877
0.06341763585805893,0.6638412475585938,1.2980176210403442
0.06833291053771973,0.5169431567192078,1.2002723217010498
0.06858794391155243,0.6277946829795837,1.3136742115020752
0.06556586921215057,0.555571973323822,1.211230754852295
0.06889178603887558,0.7075918912887573,1.3965097665786743
0.07063234597444534,0.6973543763160706,1.4036778211593628
0.06786800920963287,0.6393627524375916,1.3180427551269531
0.057113830000162125,0.5586693286895752,1.129807710647583
0.06845897436141968,0.7369059324264526,1.4214956760406494
0.06160470098257065,0.5935946702957153,1.209641695022583
0.06161198019981384,0.5598005056381226,1.1759202480316162
0.059984512627124786,0.6853148937225342,1.2851600646972656
0.06970879435539246,0.5737291574478149,1.2708170413970947
0.06534526497125626,0.5329122543334961,1.1863648891448975
0.07209674268960953,0.5701253414154053,1.2910927534103394
0.061037734150886536,0.6932542324066162,1.3036315441131592
0.06229746341705322,0.5853139758110046,1.2082886695861816
0.0557580292224884,0.7013850212097168,1.258965253829956
0.05691402032971382,0.437470018863678,1.0066101551055908
0.060364771634340286,0.6638380885124207,1.2674858570098877
0.06120225042104721,0.6101706027984619,1.2221931219100952
0.06375528872013092,0.6544300317764282,1.291982889175415
0.06385473906993866,0.6834578514099121,1.322005271911621
0.07342880219221115,0.6960140466690063,1.4303021430969238
0.073076531291008,0.6312645673751831,1.3620299100875854
0.059006210416555405,0.6553890109062195,1.2454510927200317
0.06481876969337463,0.5719440579414368,1.220131754875183
0.0631004348397255,0.593690812587738,1.2246952056884766
0.06259778141975403,0.6554616689682007,1.2814395427703857
0.05612373352050781,0.6563413143157959,1.217578649520874
0.06497744470834732,0.5472452640533447,1.1970196962356567
0.07505454868078232,0.7422216534614563,1.492767095565796
0.05988435074687004,0.6330028772354126,1.2318463325500488
0.05949068069458008,0.6220582723617554,1.2169650793075562
0.06047382950782776,0.6208801865577698,1.2256184816360474
0.06787839531898499,0.5865916013717651,1.2653756141662598
0.06519867479801178,0.6301137208938599,1.2821004390716553
0.06321019679307938,0.5080350041389465,1.140136957168579
0.06441263854503632,0.696740448474884,1.3408668041229248
0.07193664461374283,0.5631924271583557,1.2825589179992676
0.06806208193302155,0.6508886218070984,1.3315093517303467
0.0575127936899662,0.5058635473251343,1.080991506576538
0.0751417726278305,0.7155665159225464,1.4669842720031738
0.06378594785928726,0.6115813851356506,1.2494409084320068
0.06991536915302277,0.6684333086013794,1.3675869703292847
0.0659928172826767,0.5672334432601929,1.2271616458892822
0.06470364332199097,0.5725937485694885,1.219630241394043
0.0634799674153328,0.4491846561431885,1.083984375
0.06913801282644272,0.637476921081543,1.3288570642471313
0.05632205307483673,0.5558558106422424,1.1190762519836426
0.06743010133504868,0.637403130531311,1.311704158782959
0.0684339627623558,0.6002060174942017,1.284545660018921
0.06509359925985336,0.48998451232910156,1.1409205198287964
0.060754258185625076,0.6209765672683716,1.2285192012786865
0.061136748641729355,0.6109678149223328,1.2223353385925293
0.06690347194671631,0.5700947046279907,1.2391294240951538
0.06199917942285538,0.5095171332359314,1.1295089721679688
0.07146706432104111,0.5601646900177002,1.2748353481292725
0.05949369817972183,0.6666594743728638,1.261596441268921
0.06582002341747284,0.5920107364654541,1.2502110004425049
0.06088979169726372,0.6453174948692322,1.2542154788970947
0.06147996336221695,0.4389495253562927,1.0537490844726562
0.06688298285007477,0.4915536046028137,1.1603834629058838
0.051621969789266586,0.49970296025276184,1.0159226655960083
0.05678936839103699,0.5155727863311768,1.0834665298461914
0.05811500921845436,0.3550812304019928,0.9362313747406006
0.07408227771520615,0.5301344990730286,1.2709572315216064
0.05753558501601219,0.5519014596939087,1.1272573471069336
0.06741276383399963,0.5950287580490112,1.2691564559936523
0.07453050464391708,0.6474838256835938,1.3927888870239258
0.058652929961681366,0.5032393932342529,1.089768648147583
0.06606348603963852,0.6915966272354126,1.352231502532959
0.0644499883055687,0.5758970379829407,1.2203969955444336
0.05693807825446129,0.7157158851623535,1.2850966453552246
0.061209019273519516,0.4347441494464874,1.0468343496322632
0.056662507355213165,0.6306473016738892,1.1972723007202148
0.06678249686956406,0.697433590888977,1.3652585744857788
0.0646698847413063,0.6863535642623901,1.333052396774292
0.0673983171582222,0.6944944858551025,1.3684775829315186
0.061771929264068604,0.5894559621810913,1.2071752548217773
0.05835029110312462,0.6164306998252869,1.1999335289001465
0.05831585079431534,0.7386816740036011,1.3218401670455933
0.07329769432544708,0.658173680305481,1.3911505937576294
0.0659836083650589,0.5899121761322021,1.2497482299804688
0.06274005770683289,0.599142849445343,1.2265434265136719
0.05818706750869751,0.6240231990814209,1.205893874168396
0.05806548148393631,0.5698392391204834,1.15049409866333
0.06833838671445847,0.7177289724349976,1.4011127948760986
0.059640683233737946,0.6147959232330322,1.2112027406692505
0.058665741235017776,0.6418204307556152,1.2284778356552124
0.061745110899209976,0.5424926280975342,1.1599438190460205
0.0605313666164875,0.4050597846508026,1.0103734731674194
0.0606313981115818,0.4200591444969177,1.0263731479644775
0.058934811502695084,0.5342212915420532,1.1235694885253906
0.07313698530197144,0.679243803024292,1.4106136560440063
0.06949172914028168,0.5926355123519897,1.287552833557129
0.0635516569018364,0.4736555516719818,1.1091721057891846
0.06813620775938034,0.7001475691795349,1.3815096616744995
0.060425277799367905,0.586162269115448,1.1904150247573853
0.06754474341869354,0.69884192943573,1.3742893934249878
0.05996169522404671,0.55775386095047,1.1573708057403564
0.06298057734966278,0.4521675705909729,1.0819733142852783
0.06929788738489151,0.5776103734970093,1.2705892324447632
0.05596744641661644,0.7354859709739685,1.2951604127883911
0.06933372467756271,0.6348041296005249,1.328141450881958
0.06164965406060219,0.6429153680801392,1.2594119310379028
0.06131301447749138,0.5106337666511536,1.123763918876648
0.07142563164234161,0.53592449426651,1.250180721282959
0.06848915666341782,0.5555136203765869,1.2404052019119263
0.06306152790784836,0.5821508169174194,1.212766170501709
0.06560919433832169,0.684293270111084,1.3403851985931396
0.06740690022706985,0.6891123056411743,1.3631813526153564
0.05505066737532616,0.4461902976036072,0.996696949005127
0.06970854848623276,0.5594955682754517,1.2565810680389404
0.06537213176488876,0.6527483463287354,1.3064696788787842
0.05948599427938461,0.5747405290603638,1.169600486755371
0.07592414319515228,0.5924618244171143,1.3517032861709595
0.06964441388845444,0.6213114261627197,1.3177555799484253
0.06456500291824341,0.6874149441719055,1.3330650329589844
0.06335080415010452,0.5981683731079102,1.2316763401031494
0.06855978071689606,0.6424946784973145,1.3280924558639526
0.07134425640106201,0.5098881721496582,1.2233307361602783
0.06627203524112701,0.7442688941955566,1.4069892168045044
0.06332093477249146,0.7376067042350769,1.3708159923553467
0.0615205243229866,0.5074304342269897,1.1226356029510498
0.061712753027677536,0.5963708162307739,1.2134983539581299
0.05544386804103851,0.6314171552658081,1.1858558654785156
0.06393010169267654,0.562506914138794,1.201807975769043
0.05945451557636261,0.7165325880050659,1.3110777139663696
0.060749974101781845,0.616921067237854,1.2244207859039307
0.06711462140083313,0.7075234651565552,1.3786697387695312
0.055348627269268036,0.6341760158538818,1.1876623630523682
0.07130249589681625,0.5435751080513,1.2566001415252686
0.06199726462364197,0.6997007727622986,1.3196734189987183
0.057039737701416016,0.6077276468276978,1.178125023841858
0.07201620936393738,0.5794825553894043,1.2996447086334229
0.057360462844371796,0.48010292649269104,1.0537075996398926
0.06166118010878563,0.5673045516014099,1.1839163303375244
0.06294938176870346,0.6353216171264648,1.2648154497146606
0.055123407393693924,0.6577679514884949,1.2090020179748535
0.06569544225931168,0.6318230628967285,1.288777470588684
0.06328592449426651,0.6146519184112549,1.2475111484527588
0.06252793222665787,0.6738572716712952,1.2991366386413574
0.06688317656517029,0.6459273099899292,1.3147590160369873
0.07377804815769196,0.5869406461715698,1.324721097946167
0.06474326550960541,0.5652980804443359,1.2127307653427124
0.07167232781648636,0.49145954847335815,1.2081828117370605
0.06020168587565422,0.7206244468688965,1.322641372680664
0.05823490023612976,0.659044623374939,1.2413935661315918
0.05673883855342865,0.561789870262146,1.1291782855987549
0.06632708013057709,0.5252575874328613,1.1885284185409546
0.05946332961320877,0.5185999870300293,1.1132333278656006
0.06084095314145088,0.7183273434638977,1.3267369270324707
0.061744026839733124,0.4361535310745239,1.0535938739776611
0.06459678709506989,0.6567031741142273,1.302670955657959
0.0583028569817543,0.6363977193832397,1.2194262742996216
0.058189839124679565,0.5038745999336243,1.08577299118042
0.06852269917726517,0.6916054487228394,1.3768324851989746
0.0629403293132782,0.4837232530117035,1.113126516342163
0.06334365904331207,0.5817675590515137,1.215204119682312
0.06350450962781906,0.6471338272094727,1.2821788787841797
0.05766964703798294,0.7001367807388306,1.2768332958221436
0.0632714331150055,0.6977823376655579,1.3304966688156128
0.0657321959733963,0.6713522672653198,1.3286741971969604
0.061950620263814926,0.6702935695648193,1.289799690246582
0.05316227301955223,0.6596316695213318,1.1912543773651123
0.0620901919901371,0.505483090877533,1.126384973526001
0.06473857909440994,0.6632179021835327,1.3106036186218262
0.07072387635707855,0.5842575430870056,1.2914962768554688
0.06441571563482285,0.6620680689811707,1.306225299835205
0.06411004811525345,0.7235846519470215,1.36468505859375
0.06266804039478302,0.6066176891326904,1.2332980632781982
0.05770154669880867,0.7101587057113647,1.2871742248535156
0.05942629277706146,0.5732775926589966,1.1675405502319336
0.062184888869524,0.6321384906768799,1.2539873123168945
0.05830644816160202,0.6805144548416138,1.2635788917541504
0.05583098158240318,0.5285694003105164,1.0868792533874512
0.06644883751869202,0.5230171084403992,1.1875054836273193
0.07181426137685776,0.6046035885810852,1.3227462768554688
0.06403788924217224,0.5379849672317505,1.1783638000488281
0.060393478721380234,0.6320648193359375,1.235999584197998
0.06121435761451721,0.5108482241630554,1.1229918003082275
0.06707417964935303,0.717130184173584,1.3878719806671143
0.06357172131538391,0.5989131331443787,1.2346303462982178
0.05516480281949043,0.7208657264709473,1.272513747215271
0.0669894739985466,0.6542081236839294,1.3241028785705566
0.06563534587621689,0.6091655492782593,1.2655190229415894
0.06251625716686249,0.5714679956436157,1.196630597114563
0.06506553292274475,0.6245260238647461,1.2751812934875488
0.060484159737825394,0.5493819713592529,1.1542235612869263
0.06893334537744522,0.5225573182106018,1.211890697479248
0.05941068381071091,0.6523538827896118,1.2464606761932373
0.06082948297262192,0.4672847390174866,1.0755796432495117
0.05380018800497055,0.6049818396568298,1.1429836750030518
0.0601234957575798,0.6245484948158264,1.2257834672927856
0.06292559206485748,0.3757545053958893,1.0050103664398193
0.05324753373861313,0.3567006587982178,0.8891760110855103
0.06744919717311859,0.6040775775909424,1.2785695791244507
0.06189894303679466,0.5438912510871887,1.1628806591033936
0.06176713854074478,0.640067458152771,1.2577388286590576
0.057877231389284134,0.47839754819869995,1.0571699142456055
0.06530667096376419,0.5590318441390991,1.2120985984802246
0.06184414401650429,0.5960708260536194,1.2145123481750488
0.06113244965672493,0.45612841844558716,1.0674529075622559
0.05941226705908775,0.6417894959449768,1.2359120845794678
0.06114516034722328,0.613889217376709,1.2253408432006836
0.060825448483228683,0.6604365110397339,1.268691062927246
0.06061466783285141,0.5963819026947021,1.2025285959243774
0.07189667969942093,0.5125225186347961,1.2314893007278442
0.06196954473853111,0.6240510940551758,1.2437465190887451
0.059633251279592514,0.5843684077262878,1.1807008981704712
0.06344836205244064,0.6806716918945312,1.315155267715454
0.06677304953336716,0.6456294655799866,1.3133599758148193
0.05846763774752617,0.5625838041305542,1.1472601890563965
0.07054859399795532,0.6489472985267639,1.354433298110962
0.06494240462779999,0.5233204960823059,1.1727445125579834
0.05689823627471924,0.5968809127807617,1.165863275527954
0.06064695864915848,0.5376170873641968,1.1440865993499756
0.06675675511360168,0.6407530307769775,1.3083205223083496
0.06850694864988327,0.5715128183364868,1.256582260131836
0.05665172263979912,0.7027423977851868,1.2692596912384033
0.07111814618110657,0.6261833906173706,1.337364912033081
0.06361249089241028,0.6514952182769775,1.2876200675964355
0.062497686594724655,0.637215256690979,1.2621921300888062
0.059554602950811386,0.5969682931900024,1.1925143003463745
0.060598358511924744,0.7114611864089966,1.3174448013305664
0.06030935049057007,0.5106703042984009,1.1137638092041016
0.06452362984418869,0.5505191683769226,1.1957554817199707
0.061631932854652405,0.5950649976730347,1.2113842964172363
0.05558256804943085,0.5615551471710205,1.1173808574676514
0.05290030688047409,0.6586931943893433,1.1876962184906006
0.06413903832435608,0.6708089709281921,1.312199354171753
0.06646844744682312,0.601098895072937,1.2657833099365234
0.06502895057201385,0.5908347368240356,1.2411242723464966
0.061300937086343765,0.5879336595535278,1.2009429931640625
0.06432534754276276,0.5890189409255981,1.2322723865509033
0.07209054380655289,0.49969246983528137,1.2205978631973267
0.058641016483306885,0.6039649248123169,1.1903750896453857
0.05555141717195511,0.6387249231338501,1.1942391395568848
0.07502792030572891,0.6532722115516663,1.4035513401031494
0.06777336448431015,0.5701780319213867,1.2479116916656494
0.07078403234481812,0.7364923357963562,1.4443325996398926
0.05852304771542549,0.589522659778595,1.174753189086914
0.0644470825791359,0.6687356233596802,1.313206434249878
0.058146242052316666,0.5855979919433594,1.167060375213623
0.057381391525268555,0.47650259733200073,1.050316572189331
0.05466299131512642,0.6276962757110596,1.1743261814117432
0.0590188093483448,0.6680992841720581,1.2582874298095703
0.06665118038654327,0.6459717750549316,1.312483549118042
0.06688258796930313,0.5720321536064148,1.2408580780029297
0.0645587369799614,0.43951138854026794,1.0850987434387207
0.05947951227426529,0.646806001663208,1.2416011095046997
0.06626340001821518,0.6528009176254272,1.3154349327087402
0.05698315426707268,0.6345903277397156,1.204421877861023
0.07165826857089996,0.6586542725563049,1.375236988067627
0.07187193632125854,0.6925926208496094,1.4113119840621948
0.056434910744428635,0.654367983341217,1.218717098236084
0.05960190296173096,0.7056143283843994,1.301633358001709
0.05722320079803467,0.38280999660491943,0.9550420045852661
0.05518905445933342,0.6518641114234924,1.2037546634674072
0.057989027351140976,0.5944074988365173,1.17429780960083
0.06059388443827629,0.668196976184845,1.2741358280181885
0.054743897169828415,0.6268023252487183,1.174241304397583
0.06899971514940262,0.5423045754432678,1.2323017120361328
0.06733600050210953,0.6094202995300293,1.2827802896499634
0.06316186487674713,0.6535698175430298,1.2851884365081787
0.06828256696462631,0.6521303653717041,1.3349560499191284
0.06936702877283096,0.6614303588867188,1.3551006317138672
0.05995861813426018,0.57259202003479,1.1721782684326172
0.06297256052494049,0.6453512907028198,1.2750768661499023
0.05896095186471939,0.6442645788192749,1.2338740825653076
0.06383702903985977,0.6690159440040588,1.3073861598968506
0.05861774832010269,0.48953741788864136,1.0757148265838623
0.06574229151010513,0.7061566114425659,1.363579511642456
0.0637250766158104,0.4594711661338806,1.096721887588501
0.06571762263774872,0.6570428609848022,1.3142191171646118
0.0627652108669281,0.6263784170150757,1.254030466079712
0.05519683659076691,0.4800889492034912,1.032057285308838
0.06452357769012451,0.553024411201477,1.1982601881027222
0.06040693074464798,0.6469135284423828,1.2509827613830566
0.06284037232398987,0.5086266994476318,1.1370303630828857
0.0604795441031456,0.6990693807601929,1.30386483669281
0.06024061143398285,0.5848349332809448,1.1872410774230957
0.05583549290895462,0.6234555244445801,1.1818103790283203
0.055702514946460724,0.6487483978271484,1.2057735919952393
0.05415643751621246,0.5215311050415039,1.0630954504013062
0.0642930343747139,0.591073751449585,1.234004020690918
0.05739590898156166,0.5814713835716248,1.155430555343628
0.0663595125079155,0.4947776794433594,1.1583728790283203
0.0657043382525444,0.5249181389808655,1.1819615364074707
0.06884630024433136,0.6161298155784607,1.3045928478240967
0.06612274050712585,0.6953423023223877,1.356569766998291
0.06970658153295517,0.5932660102844238,1.2903318405151367
0.0643533393740654,0.6676515936851501,1.3111850023269653
0.06570841372013092,0.5427123308181763,1.199796438217163
0.0701427161693573,0.6405766010284424,1.3420038223266602
0.06380371749401093,0.6318854689598083,1.2699227333068848
0.0597880519926548,0.691482424736023,1.289362907409668
0.06203050911426544,0.5921822190284729,1.2124872207641602
0.0598328560590744,0.6459037661552429,1.244232416152954
0.06957238167524338,0.7352743148803711,1.4309980869293213
0.06440062820911407,0.6315447092056274,1.2755509614944458
0.06278423964977264,0.6272024512290955,1.255044937133789
0.05900754779577255,0.6851153373718262,1.275190830230713
0.06363176554441452,0.5834981203079224,1.219815731048584
0.06836315989494324,0.588864803314209,1.2724964618682861
0.058532074093818665,0.6491756439208984,1.2344963550567627
0.06196591258049011,0.5752339959144592,1.1948931217193604
0.06207898631691933,0.6653720140457153,1.2861618995666504
0.05967043340206146,0.6290068626403809,1.2257112264633179
0.06549693644046783,0.535253643989563,1.190222978591919
0.07177403569221497,0.6829766035079956,1.40071702003479
0.07618816941976547,0.6380555629730225,1.3999372720718384
0.05569475516676903,0.6775680184364319,1.2345155477523804
0.0723397433757782,0.6434969902038574,1.3668944835662842
0.06517860293388367,0.48617690801620483,1.1379629373550415
0.0627400353550911,0.618645429611206,1.2460458278656006
0.06907092034816742,0.6289500594139099,1.3196592330932617
0.06157458573579788,0.594814658164978,1.2105605602264404
0.06214827671647072,0.5499647259712219,1.171447515487671
0.06532397866249084,0.6333608627319336,1.2866005897521973
0.06251173466444016,0.6232683658599854,1.2483856678009033
0.06647258251905441,0.5926896929740906,1.257415533065796
0.05527126416563988,0.6362327337265015,1.1889452934265137
0.060102321207523346,0.5754570364952087,1.1764802932739258
0.06574542820453644,0.6408989429473877,1.2983531951904297
0.06338439136743546,0.592751145362854,1.2265950441360474
0.067093625664711,0.6275694370269775,1.2985056638717651
0.06194048374891281,0.5669931173324585,1.1863980293273926
0.06498079001903534,0.6611381769180298,1.3109461069107056
0.058134060353040695,0.6016174554824829,1.1829581260681152
0.06262149661779404,0.6844727993011475,1.310687780380249
0.06346497684717178,0.545432448387146,1.1800822019577026
0.06824151426553726,0.713959276676178,1.3963744640350342
0.06448560953140259,0.6090965270996094,1.2539526224136353
0.05676289275288582,0.6250550150871277,1.1926839351654053
0.058895308524370193,0.644634485244751,1.2335875034332275
0.06643994152545929,0.6276705861091614,1.292069911956787
0.06594762951135635,0.5877898335456848,1.2472660541534424
0.06349440664052963,0.33846837282180786,0.9734124541282654
0.060649480670690536,0.664359450340271,1.2708542346954346
0.05661279335618019,0.6629030108451843,1.229030966758728
0.06751888245344162,0.6696847081184387,1.3448735475540161
0.06424766778945923,0.5177446603775024,1.1602213382720947
0.0683140680193901,0.639737606048584,1.322878360748291
0.06395210325717926,0.6453958749771118,1.284916877746582
0.05607287213206291,0.657967209815979,1.218695878982544
0.055364206433296204,0.695673942565918,1.2493159770965576
0.06144380569458008,0.5887178182601929,1.2031558752059937
0.0549309179186821,0.6237417459487915,1.173050880432129
0.06902101635932922,0.4633459448814392,1.1535561084747314
0.06748110055923462,0.4776677191257477,1.1524786949157715
0.06816758215427399,0.5879949331283569,1.2696707248687744
0.06168828159570694,0.6527425050735474,1.2696253061294556
0.06052554026246071,0.709212601184845,1.3144680261611938
0.06371350586414337,0.5914401412010193,1.2285752296447754
0.061054687947034836,0.5988477468490601,1.2093946933746338
0.05412624776363373,0.6030375361442566,1.1442999839782715
0.06243130564689636,0.7115265130996704,1.3358395099639893
0.05218423902988434,0.654177188873291,1.176019549369812
0.05911080166697502,0.5611478090286255,1.1522557735443115
0.06060206890106201,0.3698745369911194,0.9758952260017395
0.05559408664703369,0.5316187143325806,1.0875595808029175
0.061634548008441925,0.541486382484436,1.1578319072723389
0.053412701934576035,0.570770800113678,1.1048977375030518
0.06501241028308868,0.6432522535324097,1.2933763265609741
0.06635905802249908,0.6895534992218018,1.3531440496444702
0.055208005011081696,0.6938219666481018,1.2459020614624023
0.05941327288746834,0.6706602573394775,1.2647929191589355
0.058111533522605896,0.6936945915222168,1.2748099565505981
0.07005032151937485,0.5921182632446289,1.2926214933395386
0.059232451021671295,0.5955746173858643,1.187899112701416
0.05595478042960167,0.636736273765564,1.1962840557098389
0.0643584355711937,0.7166470289230347,1.3602313995361328
0.05644036829471588,0.4838219881057739,1.0482256412506104
0.05473904311656952,0.6589530110359192,1.206343412399292
0.06830351799726486,0.709181547164917,1.392216682434082
0.06651492416858673,0.5370700359344482,1.2022192478179932
0.05818171426653862,0.5914977788925171,1.1733149290084839
0.05544973909854889,0.6715630292892456,1.226060390472412
0.055069517344236374,0.6692560315132141,1.2199511528015137
0.056030817329883575,0.5040270686149597,1.0643352270126343
0.05244207754731178,0.5362902283668518,1.0607110261917114
0.0631316751241684,0.5562929511070251,1.1876096725463867
0.056677792221307755,0.5845035314559937,1.151281476020813
0.06706919521093369,0.5871841907501221,1.2578761577606201
0.05805510655045509,0.4434318542480469,1.0239830017089844
0.06658609956502914,0.6315392851829529,1.2974002361297607
0.05717906728386879,0.4428241550922394,1.0146148204803467
0.05593189224600792,0.4791509509086609,1.0384697914123535
0.05656418204307556,0.42380332946777344,0.989445149898529
0.06714487820863724,0.5414990186691284,1.2129478454589844
0.059878814965486526,0.6332206130027771,1.232008695602417
0.064812071621418,0.6139438152313232,1.2620644569396973
0.06413301080465317,0.6309288740158081,1.272258996963501
0.05640584975481033,0.5368897914886475,1.1009483337402344
0.058885857462882996,0.650463342666626,1.2393219470977783
0.0506620779633522,0.6612950563430786,1.1679158210754395
0.05421994999051094,0.5674688220024109,1.109668254852295
0.05872064083814621,0.5948654413223267,1.1820719242095947
0.06646338850259781,0.6455594301223755,1.3101933002471924
0.054077740758657455,0.6622207164764404,1.202998161315918
0.05811377614736557,0.39914679527282715,0.980284571647644
0.060880325734615326,0.5189298987388611,1.1277332305908203
0.06619904935359955,0.46115756034851074,1.1231480836868286
0.05101088061928749,0.6213316917419434,1.13144052028656
0.05962713807821274,0.716821014881134,1.3130924701690674
0.05787891149520874,0.6635130643844604,1.2423021793365479
0.06118076294660568,0.6807842254638672,1.2925918102264404
0.06539469957351685,0.5808679461479187,1.2348148822784424
0.05678018555045128,0.6232083439826965,1.1910102367401123
0.057283807545900345,0.6528137922286987,1.2256518602371216
0.061127375811338425,0.7018904685974121,1.313164234161377
0.06427693367004395,0.55312180519104,1.1958911418914795
0.05762164667248726,0.4790450632572174,1.055261492729187
0.0601140558719635,0.6170927286148071,1.218233346939087
0.053342919796705246,0.6373893618583679,1.170818567276001
0.05586113780736923,0.5336519479751587,1.0922633409500122
0.05582578107714653,0.7089228630065918,1.2671806812286377
0.06273689866065979,0.6555891633033752,1.2829581499099731
0.0656404048204422,0.5454578995704651,1.20186185836792
0.06207406893372536,0.5138027667999268,1.1345434188842773
0.0598859079182148,0.6533991098403931,1.2522581815719604
0.05673130229115486,0.6031250953674316,1.1704380512237549
0.059619054198265076,0.3112497925758362,0.9074403643608093
0.06103378161787987,0.6864075660705566,1.2967453002929688
0.05718891695141792,0.5121474266052246,1.0840365886688232
0.06695935875177383,0.6821024417877197,1.3516960144042969
0.05951565504074097,0.5465324521064758,1.1416890621185303
0.06836655735969543,0.5793248414993286,1.2629904747009277
0.06676295399665833,0.6039620637893677,1.2715916633605957
0.059914056211709976,0.570868968963623,1.1700096130371094
0.0648355707526207,0.6473535299301147,1.295709252357483
0.05920633673667908,0.5958239436149597,1.1878873109817505
0.06587064266204834,0.4738779664039612,1.1325843334197998
0.06920621544122696,0.6543653011322021,1.3464274406433105
0.0570882111787796,0.5535520315170288,1.1244341135025024
0.05948431417346001,0.6635956764221191,1.2584388256072998
0.05939744785428047,0.6252573132514954,1.2192318439483643
0.057352542877197266,0.5188677906990051,1.092393159866333
0.05836397781968117,0.5994040966033936,1.1830439567565918
0.05295507609844208,0.5069791078567505,1.0365298986434937
0.06205826997756958,0.5116419196128845,1.1322245597839355
0.06744742393493652,0.613885760307312,1.2883599996566772
0.06332117319107056,0.6467392444610596,1.2799509763717651
0.06391768902540207,0.5104386806488037,1.1496155261993408
0.059367015957832336,0.5531141757965088,1.1467843055725098
0.057263027876615524,0.7349568605422974,1.3075871467590332
0.06580816209316254,0.5147524476051331,1.1728341579437256
0.05516008287668228,0.4383852779865265,0.9899860620498657
0.06231565400958061,0.7185121774673462,1.341668725013733
0.0699463039636612,0.6522523760795593,1.351715326309204
0.06643179059028625,0.6597972512245178,1.3241151571273804
0.0570354238152504,0.6017879843711853,1.1721422672271729
0.0658021867275238,0.6880427002906799,1.346064567565918
0.055288124829530716,0.43494904041290283,0.9878302812576294
0.07289092987775803,0.5451165437698364,1.2740259170532227
0.06383222341537476,0.6442718505859375,1.282594084739685
0.07099922746419907,0.5537381172180176,1.2637304067611694
0.059375934302806854,0.6552389860153198,1.2489984035491943
0.07894054055213928,0.6796392202377319,1.4690446853637695
0.06043024733662605,0.7123753428459167,1.3166778087615967
0.05792205408215523,0.4788033068180084,1.0580238103866577
0.06208808347582817,0.6173034310340881,1.2381842136383057
0.05372624471783638,0.5685247182846069,1.1057871580123901
0.0703958198428154,0.622431755065918,1.326390027999878
0.06148324906826019,0.5453485250473022,1.1601810455322266
0.06350099295377731,0.6273719668388367,1.262381911277771
0.048369813710451126,0.5834846496582031,1.0671827793121338
0.05822255089879036,0.5204930305480957,1.1027185916900635
0.06581451743841171,0.57032310962677,1.2284682989120483
0.052280228585004807,0.5646563768386841,1.087458610534668
0.05893132463097572,0.5647737979888916,1.1540870666503906
0.0591968409717083,0.5181766152381897,1.110145092010498
0.053653229027986526,0.584714412689209,1.1212466955184937
0.05179937183856964,0.6037899851799011,1.12178373336792
0.05791940912604332,0.4521957337856293,1.031389832496643
0.058960020542144775,0.6250869035720825,1.2146871089935303
0.061734359711408615,0.7068891525268555,1.324232816696167
0.058049533516168594,0.7255682945251465,1.3060636520385742
0.0688479095697403,0.6813774108886719,1.3698564767837524
0.047633808106184006,0.6426955461502075,1.1190335750579834
0.05584593117237091,0.506169319152832,1.0646286010742188
0.06350130587816238,0.6694339513778687,1.3044469356536865
0.06646095216274261,0.5825542211532593,1.2471637725830078
0.0645856037735939,0.6478499174118042,1.293705940246582
0.05018399655818939,0.672528862953186,1.1743688583374023
0.058103665709495544,0.6450671553611755,1.2261037826538086
0.06803663820028305,0.7027798295021057,1.3831462860107422
0.06377863883972168,0.7010558843612671,1.3388422727584839
0.07566866278648376,0.6260554790496826,1.382742166519165
0.05140312388539314,0.5778188109397888,1.0918500423431396
0.06579315662384033,0.5095760226249695,1.1675076484680176
0.05687827244400978,0.5756943821907043,1.144477128982544
0.055461086332798004,0.6468079090118408,1.2014187574386597
0.06791966408491135,0.6883800625801086,1.3675767183303833
0.06897763907909393,0.5986745357513428,1.2884509563446045
0.06116224825382233,0.5471975207328796,1.1588199138641357
0.05918367952108383,0.6953428387641907,1.287179708480835
0.0672733411192894,0.6051919460296631,1.2779253721237183
0.06348427385091782,0.7284088730812073,1.3632516860961914
0.06542833149433136,0.5563855171203613,1.2106688022613525
0.06626635044813156,0.6663309335708618,1.3289945125579834
0.06580426543951035,0.6658707857131958,1.3239134550094604
0.05681529641151428,0.5754880905151367,1.1436409950256348
0.06798157095909119,0.6477342844009399,1.327549934387207
0.05448436737060547,0.5621850490570068,1.1070287227630615
0.06407007575035095,0.6113948225975037,1.2520955801010132
0.059171419590711594,0.6486732959747314,1.2403874397277832
0.059415481984615326,0.45214012265205383,1.046294927597046
0.06375117599964142,0.5973657369613647,1.2348774671554565
0.051921047270298004,0.5491482019424438,1.0683586597442627
0.07098231464624405,0.6565921306610107,1.36641526222229
0.05589957535266876,0.4536622166633606,1.012657880783081
0.06292183697223663,0.7063418626785278,1.3355602025985718
0.05675585940480232,0.5941912531852722,1.1617498397827148
0.06944607943296432,0.6079877614974976,1.3024485111236572
0.07809075713157654,0.6131981611251831,1.3941056728363037
0.05200401693582535,0.7074360847473145,1.2274762392044067
0.06960459053516388,0.5775043964385986,1.273550271987915
0.06314703077077866,0.6350281834602356,1.2664985656738281
0.061469923704862595,0.5950243473052979,1.2097235918045044
0.05542416498064995,0.6113423109054565,1.1655839681625366
0.07088924199342728,0.6858125329017639,1.3947049379348755
0.06990231573581696,0.6015517115592957,1.300574779510498
0.05918172746896744,0.5609863996505737,1.152803659439087
0.06656057387590408,0.6681254506111145,1.3337311744689941
0.053976476192474365,0.6590861082077026,1.1988508701324463
0.06497938930988312,0.6363548636436462,1.2861487865447998
0.05421311780810356,0.5989588499069214,1.1410900354385376
0.06457027047872543,0.650773823261261,1.2964766025543213
0.05747422203421593,0.6680866479873657,1.2428288459777832
0.05654105916619301,0.6754733920097351,1.2408840656280518
0.07174399495124817,0.6983239650726318,1.4157638549804688
0.05589529499411583,0.6506630182266235,1.20961594581604
0.06574040651321411,0.6229157447814941,1.2803198099136353
0.06294487416744232,0.5627565383911133,1.1922053098678589
0.0544586181640625,0.699820876121521,1.244407057762146
0.05613366514444351,0.6316093802452087,1.192945957183838
0.060790181159973145,0.6380829811096191,1.2459847927093506
0.05176696553826332,0.6394898295402527,1.1571595668792725
0.0600312203168869,0.6380690336227417,1.238381266593933
0.06383012235164642,0.6356687545776367,1.2739700078964233
0.0617770254611969,0.5360896587371826,1.1538598537445068
0.05895869433879852,0.5641765594482422,1.1537635326385498
0.06956634670495987,0.6002200841903687,1.2958835363388062
0.060399193316698074,0.5745797157287598,1.1785717010498047
0.05922071263194084,0.4726261496543884,1.0648332834243774
0.05819562077522278,0.5214549899101257,1.1034111976623535
0.05982919782400131,0.6700559258460999,1.268347978591919
0.05202062427997589,0.4514968991279602,0.9717031121253967
0.05555040389299393,0.5895158052444458,1.145019769668579
0.06471376866102219,0.5997418165206909,1.2468795776367188
0.060034338384866714,0.6150649189949036,1.2154083251953125
0.06867729872465134,0.6682229042053223,1.3549959659576416
0.05730941519141197,0.5386013984680176,1.1116955280303955
0.060220979154109955,0.6793652176856995,1.2815749645233154
0.05534788966178894,0.6789278984069824,1.2324068546295166
0.05821661278605461,0.5085381269454956,1.0907042026519775
0.05797223001718521,0.6394316554069519,1.219153881072998
0.06148037314414978,0.494527131319046,1.1093308925628662
0.062111906707286835,0.5252801179885864,1.1463992595672607
0.06029026210308075,0.558180034160614,1.1610827445983887
0.061028946191072464,0.5191431045532227,1.1294325590133667
0.05925314128398895,0.7309772968292236,1.3235087394714355
0.056524477899074554,0.6697667837142944,1.2350115776062012
0.05406589061021805,0.4708788990974426,1.011537790298462
0.057422127574682236,0.7154151201248169,1.2896363735198975
0.057070035487413406,0.6780385971069336,1.2487390041351318
0.06197497993707657,0.6393067240715027,1.259056568145752
0.06849764287471771,0.5251939296722412,1.2101703882217407
0.05707637593150139,0.6486748456954956,1.2194385528564453
0.07087362557649612,0.7141284346580505,1.4228646755218506
0.06624793261289597,0.5776745676994324,1.2401539087295532
0.0664864331483841,0.6726207733154297,1.3374850749969482
0.051786720752716064,0.6604883074760437,1.1783554553985596
0.062433917075395584,0.6186073422431946,1.2429465055465698
0.05410629138350487,0.6167824268341064,1.1578452587127686
0.06593136489391327,0.4697825610637665,1.129096269607544
0.052200451493263245,0.5640946626663208,1.0860991477966309
0.06888409703969955,0.6790525913238525,1.3678935766220093
0.058354854583740234,0.6054744124412537,1.1890230178833008
0.05257408320903778,0.5527091026306152,1.0784499645233154
0.0573199987411499,0.5031377077102661,1.0763376951217651
0.05327686667442322,0.5337207317352295,1.0664894580841064
0.0627269595861435,0.5775095224380493,1.2047791481018066
0.05867478996515274,0.6425504684448242,1.2292983531951904
0.06982409954071045,0.7043628692626953,1.4026038646697998
0.05996932089328766,0.33907538652420044,0.9387685656547546
0.06244456395506859,0.6584274768829346,1.2828731536865234
0.05461908504366875,0.6292363405227661,1.1754271984100342
0.05998869985342026,0.6937026977539062,1.29358971118927
0.05930917710065842,0.4677584767341614,1.0608502626419067
0.0620449036359787,0.6308122873306274,1.2512613534927368
0.05795677378773689,0.6853348016738892,1.2649025917053223
0.058396611362695694,0.5923038721084595,1.1762700080871582
0.056086085736751556,0.5858286023139954,1.1466894149780273
0.06285974383354187,0.6675733327865601,1.296170711517334
0.05582692474126816,0.587365984916687,1.1456352472305298
0.05825284495949745,0.633216142654419,1.2157446146011353
0.05596725270152092,0.6312102675437927,1.1908828020095825
0.06035580858588219,0.516952395439148,1.120510458946228
0.05705973505973816,0.6703024506568909,1.2408998012542725
0.062252674251794815,0.627685010433197,1.2502117156982422
0.05470960587263107,0.5799940824508667,1.1270902156829834
0.057482823729515076,0.5700278282165527,1.1448560953140259
0.05558814853429794,0.5651003122329712,1.1209818124771118
0.06235780566930771,0.5599260330200195,1.1835041046142578
0.05937102064490318,0.6272478103637695,1.2209579944610596
0.06463324278593063,0.44680121541023254,1.0931336879730225
0.05741667002439499,0.5926611423492432,1.166827917098999
0.05521397665143013,0.5851843357086182,1.1373240947723389
0.050081461668014526,0.6003581285476685,1.101172685623169
0.056990936398506165,0.6672365069389343,1.2371459007263184
0.06421861052513123,0.5603188872337341,1.2025049924850464
0.06129641830921173,0.6750525236129761,1.288016676902771
0.06280576437711716,0.7030510902404785,1.331108808517456
0.05779446288943291,0.5801249742507935,1.1580696105957031
0.05953818932175636,0.6347712874412537,1.230153203010559
0.06024130433797836,0.6749939322471619,1.277406930923462
0.05856133997440338,0.6727807521820068,1.2583941221237183
0.06277318298816681,0.522031843662262,1.149763584136963
0.055903900414705276,0.6640092134475708,1.223048210144043
0.06272115558385849,0.49343258142471313,1.1206440925598145
0.0585440993309021,0.46225476264953613,1.0476957559585571
0.056683316826820374,0.5268213748931885,1.0936545133590698
0.06949403136968613,0.5921541452407837,1.2870944738388062
0.05733726546168327,0.6271225214004517,1.2004952430725098
0.058042265474796295,0.38727644085884094,0.9676990509033203
0.0645652711391449,0.49937260150909424,1.1450252532958984
0.05252540856599808,0.5268880128860474,1.0521421432495117
0.051798585802316666,0.6240979433059692,1.1420838832855225
0.056682802736759186,0.5098006725311279,1.0766286849975586
0.05500982329249382,0.4643067717552185,1.0144050121307373
0.05130421742796898,0.5206611752510071,1.033703327178955
0.05636848136782646,0.6081290245056152,1.1718138456344604
0.060601428151130676,0.6475380659103394,1.2535523176193237
0.06943121552467346,0.6067661046981812,1.3010783195495605
0.06328227370977402,0.6639295816421509,1.2967523336410522
0.06333710253238678,0.5470823049545288,1.1804533004760742
0.0666256994009018,0.5848708152770996,1.25112783908844
0.04834192991256714,0.6131409406661987,1.0965602397918701
0.056569408625364304,0.4735111594200134,1.0392053127288818
0.06859377771615982,0.661189079284668,1.347126841545105
0.06053103134036064,0.5189065337181091,1.1242167949676514
0.05577106773853302,0.5073537826538086,1.0650644302368164
0.059064608067274094,0.5853608250617981,1.1760069131851196
0.057641759514808655,0.3887311816215515,0.9651487469673157
0.06547421216964722,0.6871517896652222,1.3418939113616943
0.05249481648206711,0.695169985294342,1.2201181650161743
0.053231339901685715,0.6287017464637756,1.1610151529312134
0.05553664267063141,0.5324186086654663,1.087785005569458
0.049052078276872635,0.6537820100784302,1.1443028450012207
0.05088530853390694,0.6686140894889832,1.1774671077728271
0.05924587324261665,0.5748834609985352,1.167342185974121
0.05954023823142052,0.6829038858413696,1.278306245803833
0.06421113014221191,0.5968513488769531,1.2389626502990723
0.05648122727870941,0.514940619468689,1.0797529220581055
0.057262320071458817,0.6334292888641357,1.206052541732788
0.052153490483760834,0.5635858774185181,1.0851207971572876
0.05517612025141716,0.5377451777458191,1.0895063877105713
0.05444272607564926,0.41249844431877136,0.9569257497787476
0.06192554533481598,0.6966099739074707,1.315865397453308
0.057146865874528885,0.6579555869102478,1.229424238204956
0.05462417006492615,0.6786260604858398,1.224867820739746
0.06570781767368317,0.6593688726425171,1.3164470195770264
0.05817268788814545,0.5165476202964783,1.0982744693756104
0.05567149817943573,0.6865675449371338,1.2432825565338135
0.060596346855163574,0.6392561197280884,1.2452195882797241
0.07154808193445206,0.550818920135498,1.2662997245788574
0.06151790916919708,0.669395387172699,1.2845745086669922
0.05873594060540199,0.6393974423408508,1.2267568111419678
0.058189261704683304,0.524940013885498,1.1068326234817505
0.055408723652362823,0.6867155432701111,1.2408027648925781
0.060343753546476364,0.6092921495437622,1.2127296924591064
0.0518416166305542,0.6759548783302307,1.194370985031128
0.06744632869958878,0.6196796298027039,1.2941429615020752
0.0651845932006836,0.6613255739212036,1.3131715059280396
0.0608316995203495,0.7062364816665649,1.3145534992218018
0.05684671923518181,0.6900579929351807,1.2585251331329346
0.07168121635913849,0.4895029664039612,1.206315040588379
0.055373840034008026,0.5254887342453003,1.0792272090911865
0.061450716108083725,0.6632776856422424,1.277784824371338
0.06533193588256836,0.535886287689209,1.1892056465148926
0.056699395179748535,0.5468289852142334,1.1138229370117188
0.060256827622652054,0.6578196287155151,1.260387897491455
0.05398707836866379,0.6560230255126953,1.1958937644958496
0.06066252663731575,0.6493040323257446,1.2559292316436768
0.06044440343976021,0.6514711380004883,1.2559151649475098
0.05885753408074379,0.6319903135299683,1.220565676689148
0.052329715341329575,0.5385499000549316,1.0618469715118408
0.06058210879564285,0.5191150307655334,1.1249361038208008
0.05570157989859581,0.5883826613426208,1.1453983783721924
0.05681690573692322,0.5026226043701172,1.0707917213439941
0.05801601707935333,0.5709330439567566,1.1510932445526123
0.057932015508413315,0.570031464099884,1.1493515968322754
0.05456765741109848,0.630051851272583,1.175728440284729
0.056788817048072815,0.6150169372558594,1.1829050779342651
0.05790754407644272,0.6138334274291992,1.1929088830947876
0.05282442644238472,0.5568951368331909,1.0851393938064575
0.058018166571855545,0.6593583822250366,1.2395401000976562
0.05530897155404091,0.6155849099159241,1.1686747074127197
0.07266928255558014,0.7239298820495605,1.4506226778030396
0.058700449764728546,0.5726600885391235,1.1596646308898926
0.051531750708818436,0.515924334526062,1.0312418937683105
0.059875793755054474,0.5519145727157593,1.150672435760498
0.05980171263217926,0.5677531957626343,1.1657702922821045
0.06359591335058212,0.5372944474220276,1.1732535362243652
0.051070600748062134,0.6182897090911865,1.128995656967163
0.05527970939874649,0.5504528880119324,1.1032500267028809
0.06747012585401535,0.5576083660125732,1.2323095798492432
0.06926735490560532,0.5579373240470886,1.2506108283996582
0.05823011323809624,0.6189603805541992,1.2012615203857422
0.05820588022470474,0.5016022324562073,1.0836610794067383
0.06997731328010559,0.6724405288696289,1.37221360206604
0.06705952435731888,0.6569857001304626,1.3275809288024902
0.05644175410270691,0.5830894708633423,1.1475069522857666
0.0733296200633049,0.6941272616386414,1.4274234771728516
0.06053588539361954,0.5672264695167542,1.1725852489471436
0.056736625730991364,0.6347763538360596,1.202142596244812
0.06437145918607712,0.6935110092163086,1.3372256755828857
0.05940695479512215,0.47355347871780396,1.0676230192184448
0.055835191160440445,0.4671957492828369,1.025547742843628
0.05887916684150696,0.697426438331604,1.2862181663513184
0.05964558199048042,0.560101330280304,1.1565570831298828
0.06260627508163452,0.5835895538330078,1.209652304649353
0.06814265996217728,0.5867876410484314,1.268214225769043
0.05900847166776657,0.580222487449646,1.1703071594238281
0.05449914187192917,0.5645633935928345,1.1095547676086426
0.06212360039353371,0.655482292175293,1.2767183780670166
0.058254510164260864,0.4496460258960724,1.0321911573410034
0.065126933157444,0.6678391695022583,1.319108486175537
0.0729016438126564,0.6153595447540283,1.3443759679794312
0.0491219200193882,0.6461378931999207,1.1373571157455444
0.05642133206129074,0.6640020608901978,1.2282154560089111
0.05283048003911972,0.4908732771873474,1.0191781520843506
0.05938497558236122,0.6602798700332642,1.2541296482086182
0.05614779144525528,0.6172970533370972,1.1787749528884888
0.0644742026925087,0.6001923084259033,1.244934320449829
0.05257772281765938,0.6223182678222656,1.1480954885482788
0.05934794992208481,0.6147285103797913,1.2082080841064453
0.05411975830793381,0.6394671201705933,1.1806647777557373
0.054230812937021255,0.5965468287467957,1.13885498046875
0.05425547808408737,0.6090027689933777,1.1515575647354126
0.053289446979761124,0.637115478515625,1.170009970664978
0.06066058576107025,0.5638920068740845,1.1704978942871094
0.05380780249834061,0.6115677356719971,1.1496458053588867
0.06030285730957985,0.6121789216995239,1.215207576751709
0.07166402041912079,0.5948830246925354,1.311523199081421
0.06335489451885223,0.711614191532135,1.345163106918335
0.055632028728723526,0.6321216225624084,1.1884419918060303
0.051964279264211655,0.6716221570968628,1.1912648677825928
0.06792077422142029,0.6952093243598938,1.3744170665740967
0.05803457647562027,0.49966731667518616,1.0800130367279053
0.05611716955900192,0.7149291038513184,1.2761008739471436
0.05977487936615944,0.38783013820648193,0.9855789542198181
0.06495459377765656,0.5835078954696655,1.2330538034439087
0.05939268320798874,0.6497032046318054,1.243630051612854
0.05502694845199585,0.6425317525863647,1.1928012371063232
0.06209123507142067,0.5525069236755371,1.1734192371368408
0.0589827224612236,0.6298758387565613,1.2197030782699585
0.06248681619763374,0.6937702894210815,1.3186384439468384
0.056023746728897095,0.6465932130813599,1.2068307399749756
0.05424576625227928,0.4993368983268738,1.0417945384979248
0.053612299263477325,0.628101110458374,1.1642241477966309
0.05651307851076126,0.6174531579017639,1.1825839281082153
0.0541461706161499,0.5654242634773254,1.1068859100341797
0.0553894117474556,0.6769043803215027,1.2307984828948975
0.05177267640829086,0.6762427091598511,1.193969488143921
0.05123531445860863,0.5593281984329224,1.071681261062622
0.06256413459777832,0.6901013851165771,1.3157427310943604
0.052252937108278275,0.6524828672409058,1.175012230873108
0.05234502628445625,0.4702942371368408,0.9937444925308228
0.051501814275979996,0.5421057343482971,1.0571238994598389
0.06100619211792946,0.6505021452903748,1.2605640888214111
0.05417408421635628,0.6310663223266602,1.172807216644287
0.06329629570245743,0.7182998657226562,1.3512628078460693
0.05957334116101265,0.6766613125801086,1.2723946571350098
0.05713655427098274,0.6388105750083923,1.2101761102676392
0.06674382835626602,0.5244987607002258,1.19193696975708
0.048858966678380966,0.6870338916778564,1.1756235361099243
0.059806447476148605,0.5939593315124512,1.192023754119873
0.060174085199832916,0.5259783267974854,1.1277191638946533
0.0633402019739151,0.604727029800415,1.2381290197372437
0.05647554248571396,0.6937675476074219,1.2585229873657227
0.04964752495288849,0.7141584753990173,1.2106337547302246
0.057223472744226456,0.5157812833786011,1.0880160331726074
0.05740025267004967,0.6365113258361816,1.2105138301849365
0.06031484156847,0.6475852131843567,1.2507336139678955
0.061219606548547745,0.659683346748352,1.2718794345855713
0.07062480598688126,0.6968960165977478,1.403144121170044
0.051894135773181915,0.632293164730072,1.15123450756073
0.062299031764268875,0.3686988949775696,0.9916892051696777
0.060305990278720856,0.6586090326309204,1.2616689205169678
0.060755688697099686,0.6424872279167175,1.2500441074371338
0.05787177011370659,0.5607032775878906,1.139420986175537
0.05919066444039345,0.5956911444664001,1.1875977516174316
0.05509231984615326,0.6083388328552246,1.1592620611190796
0.05822843313217163,0.4872971773147583,1.0695815086364746
0.065640889108181,0.4882756173610687,1.1446845531463623
0.06183367595076561,0.5881461501121521,1.2064828872680664
0.06955586373806,0.6552516222000122,1.3508102893829346
0.054756972938776016,0.6171001195907593,1.1646698713302612
0.061457712203264236,0.6911447048187256,1.3057217597961426
0.05212048813700676,0.6429488658905029,1.164153814315796
0.05796658992767334,0.6177198886871338,1.1973857879638672
0.0695517286658287,0.7166080474853516,1.4121253490447998
0.05470767617225647,0.6323865056037903,1.179463267326355
0.06323480606079102,0.7048357129096985,1.3371837139129639
0.055124346166849136,0.658276379108429,1.209519863128662
0.07009562849998474,0.531502366065979,1.2324585914611816
0.06767073273658752,0.5339686274528503,1.2106759548187256
0.06116269528865814,0.6473512649536133,1.258978247642517
0.06671459972858429,0.5967656373977661,1.2639116048812866
0.06105853617191315,0.6741390228271484,1.2847243547439575
0.057311199605464935,0.5200786590576172,1.0931906700134277
0.05155481770634651,0.6058961153030396,1.1214442253112793
0.06626348942518234,0.5669760704040527,1.2296109199523926
0.07288771867752075,0.6726337671279907,1.4015109539031982
0.054207272827625275,0.4683188199996948,1.0103914737701416
0.06281683593988419,0.5704483985900879,1.1986167430877686
0.06172454357147217,0.557690441608429,1.1749358177185059
0.05667657405138016,0.4686950445175171,1.0354607105255127
0.06325069069862366,0.4918586313724518,1.1243655681610107
0.06293725967407227,0.5929886698722839,1.2223613262176514
0.05678311735391617,0.590998113155365,1.1588292121887207
0.050462257117033005,0.5905714631080627,1.0951941013336182
0.051671601831912994,0.6576622724533081,1.1743782758712769
0.05998257175087929,0.6306682825088501,1.2304940223693848
0.04816572740674019,0.6097267866134644,1.0913840532302856
0.05950223281979561,0.4563206434249878,1.0513429641723633
0.06308805197477341,0.5133298635482788,1.1442103385925293
0.05729973688721657,0.5978351831436157,1.170832633972168
0.05274065211415291,0.6461646556854248,1.1735711097717285
0.06338118016719818,0.691849410533905,1.3256611824035645
0.055326592177152634,0.53325355052948,1.086519479751587
0.0628778412938118,0.4548695981502533,1.0836479663848877
0.055354177951812744,0.6934882998466492,1.2470300197601318
0.06602700054645538,0.5405161380767822,1.2007861137390137
0.05337436869740486,0.5072143077850342,1.0409579277038574
0.054373599588871,0.5322555303573608,1.0759915113449097
0.05493974685668945,0.6149054765701294,1.164302945137024
0.05724170058965683,0.5964900255203247,1.1689070463180542
0.06550932675600052,0.7420060634613037,1.397099256515503
0.05538244917988777,0.6782123446464539,1.232036828994751
0.0483776330947876,0.7058203816413879,1.1895966529846191
0.06161943078041077,0.5350325107574463,1.1512267589569092
0.05869811028242111,0.5337046980857849,1.1206858158111572
0.05510536953806877,0.49677273631095886,1.0478264093399048
0.056234993040561676,0.6798381805419922,1.2421880960464478
0.05094382166862488,0.6682751774787903,1.177713394165039
0.04918517544865608,0.6734702587127686,1.1653220653533936
0.05747147276997566,0.6317912340164185,1.2065060138702393
0.04983542859554291,0.50003582239151,0.9983900785446167
0.05646277591586113,0.6022603511810303,1.1668881177902222
0.06491559743881226,0.6446647644042969,1.2938207387924194
0.05632147565484047,0.47376975417137146,1.0369845628738403
0.06125309690833092,0.5534723997116089,1.1660033464431763
0.05051637440919876,0.673682689666748,1.1788463592529297
0.053271032869815826,0.7178419828414917,1.2505522966384888
0.05596991255879402,0.5458904504776001,1.1055896282196045
0.054770227521657944,0.5917172431945801,1.1394195556640625
0.05570870265364647,0.5878024101257324,1.1448893547058105
0.057851847261190414,0.7090190649032593,1.2875375747680664
0.05220470577478409,0.6095120906829834,1.131559133529663
0.05887521058320999,0.6590270400047302,1.247779130935669
0.05423014983534813,0.721239447593689,1.2635409832000732
0.05328616127371788,0.6482250690460205,1.1810866594314575
0.05625997856259346,0.4764026701450348,1.0390024185180664
0.05173402652144432,0.45751476287841797,0.9748550057411194
0.0485587976872921,0.6172495484352112,1.1028375625610352
0.048749808222055435,0.45793646574020386,0.9454345703125
0.05782642588019371,0.6192957758903503,1.1975600719451904
0.06159067526459694,0.5712865591049194,1.1871933937072754
0.05167670547962189,0.5455420017242432,1.0623090267181396
0.05807306617498398,0.5568253993988037,1.1375560760498047
0.05439155921339989,0.4552491307258606,0.9991647005081177
0.06748028844594955,0.7018269896507263,1.3766298294067383
0.05933959409594536,0.5946395397186279,1.188035488128662
0.05525621399283409,0.5638033151626587,1.1163654327392578
0.06389815360307693,0.577568769454956,1.216550350189209
0.054015520960092545,0.5398280620574951,1.0799832344055176
0.05903202295303345,0.5925082564353943,1.182828426361084
0.05185823142528534,0.5918420553207397,1.1104243993759155
0.05086522176861763,0.5797438621520996,1.0883960723876953
0.056598909199237823,0.5330531597137451,1.0990421772003174
0.05326129123568535,0.638836681842804,1.1714496612548828
0.04922078922390938,0.5273634195327759,1.019571304321289
0.06450826674699783,0.5990051031112671,1.2440876960754395
0.0521293580532074,0.5737854242324829,1.095078945159912
0.05868912488222122,0.556560754776001,1.1434519290924072
0.051530513912439346,0.6563667058944702,1.1716718673706055
0.06663710623979568,0.6553270816802979,1.3216981887817383
0.0628981813788414,0.5381908416748047,1.1671726703643799
0.05794026702642441,0.6067831516265869,1.1861858367919922
0.0537056028842926,0.5732284784317017,1.1102845668792725
0.05098019912838936,0.5588539838790894,1.0686559677124023
0.058556001633405685,0.5145223140716553,1.1000823974609375
0.06559912115335464,0.6144496202468872,1.2704408168792725
0.05301154404878616,0.6533289551734924,1.1834443807601929
0.05512167513370514,0.5888350009918213,1.1400517225265503
0.057481370866298676,0.583752453327179,1.1585662364959717
0.053628165274858475,0.6666957139968872,1.2029774188995361
0.052510667592287064,0.6223534345626831,1.1474601030349731
0.05622974783182144,0.6407006978988647,1.202998161315918
0.05407259985804558,0.6915363073348999,1.232262372970581
0.047873228788375854,0.6455368399620056,1.1242691278457642
0.05463435500860214,0.560687780380249,1.1070313453674316
0.055711593478918076,0.5069786310195923,1.0640945434570312
0.06333518028259277,0.699065089225769,1.3324168920516968
0.060087256133556366,0.641642689704895,1.2425153255462646
0.05529819428920746,0.6230621933937073,1.176044225692749
0.057154539972543716,0.6728410720825195,1.2443864345550537
0.05691764876246452,0.6524324417114258,1.2216088771820068
0.06080833822488785,0.558274507522583,1.1663578748703003
0.05349588021636009,0.5962032079696655,1.1311619281768799
0.06016270071268082,0.6862896680831909,1.287916660308838
0.05425170436501503,0.5237386226654053,1.0662556886672974
0.05008234083652496,0.6008967161178589,1.1017200946807861
0.04912029579281807,0.45726484060287476,0.9484677910804749
0.0651911050081253,0.6466672420501709,1.2985782623291016
0.060567013919353485,0.49251875281333923,1.098188877105713
0.06614600121974945,0.6091130971908569,1.2705731391906738
0.05304792895913124,0.5170661211013794,1.0475454330444336
0.05142844468355179,0.7378002405166626,1.252084732055664
0.05549411103129387,0.5556779503822327,1.110619068145752
0.06268882751464844,0.6787961721420288,1.3056844472885132
0.0597982294857502,0.5949422717094421,1.1929244995117188
0.049209240823984146,0.4025653600692749,0.8946577310562134
0.054997894912958145,0.6583331227302551,1.2083120346069336
0.04775442183017731,0.6112592816352844,1.0888035297393799
0.05611937493085861,0.6085622906684875,1.1697560548782349
0.058741241693496704,0.649815559387207,1.2372279167175293
0.05000891536474228,0.543948769569397,1.044037938117981
0.048694461584091187,0.5724883675575256,1.0594329833984375
0.0504123717546463,0.5920922756195068,1.0962159633636475
0.0625741183757782,0.5508648753166199,1.1766060590744019
0.05480320379137993,0.6677034497261047,1.2157354354858398
0.06243722140789032,0.6117488145828247,1.2361210584640503
0.05329645052552223,0.6815801858901978,1.2145447731018066
0.06821324676275253,0.5623800754547119,1.2445125579833984
0.0581258162856102,0.6825265288352966,1.263784646987915
0.05348627641797066,0.49157533049583435,1.0264381170272827
0.05187913402915001,0.5706759691238403,1.0894672870635986
0.05947311595082283,0.6129618883132935,1.207693099975586
0.060555797070264816,0.5153934359550476,1.1209514141082764
0.05632080137729645,0.6253746747970581,1.1885826587677002
0.05808756500482559,0.6559370756149292,1.236812710762024
0.0636385902762413,0.48456549644470215,1.1209514141082764
0.050099410116672516,0.6494698524475098,1.1504639387130737
0.06589502096176147,0.6342171430587769,1.2931673526763916
0.055008821189403534,0.5611300468444824,1.1112182140350342
0.059267282485961914,0.682834267616272,1.2755070924758911
0.056612443178892136,0.4797058701515198,1.045830249786377
0.05641398951411247,0.5761947631835938,1.1403346061706543
0.052152249962091446,0.6037036776542664,1.1252262592315674
0.0625971183180809,0.5722373723983765,1.1982085704803467
0.05000145360827446,0.5478367209434509,1.047851324081421
0.06600801646709442,0.5948874950408936,1.2549676895141602
0.07166635990142822,0.5826964378356934,1.2993600368499756
0.058123666793107986,0.552271842956543,1.1335084438323975
0.05515437200665474,0.6944193243980408,1.2459630966186523
0.05125312879681587,0.490665078163147,1.003196358680725
0.05164562910795212,0.5028591156005859,1.019315481185913
0.058487556874752045,0.5928100347518921,1.1776856184005737
0.05367885157465935,0.48659130930900574,1.0233798027038574
0.05651137977838516,0.643459141254425,1.2085728645324707
0.05080116167664528,0.6505234241485596,1.1585350036621094
0.0489979051053524,0.5889922380447388,1.078971266746521
0.061521437019109726,0.590625524520874,1.2058398723602295
0.06565626710653305,0.6392452716827393,1.295807957649231
0.05579734593629837,0.6543043851852417,1.212277889251709
0.051788996905088425,0.7088011503219604,1.2266911268234253
0.05178888887166977,0.6720874309539795,1.1899763345718384
0.0491502583026886,0.6668705940246582,1.1583731174468994
0.05593406409025192,0.5031484961509705,1.0624891519546509
0.058217763900756836,0.6357870697975159,1.2179646492004395
0.06625682860612869,0.6741931438446045,1.336761474609375
0.05029401555657387,0.6539965271949768,1.1569366455078125
0.06084541231393814,0.47574159502983093,1.0841957330703735
0.06327424943447113,0.6400485038757324,1.2727910280227661
0.053778842091560364,0.7098967432975769,1.247685194015503
0.0654677003622055,0.5841511487960815,1.238828182220459
0.0633639320731163,0.7200235724449158,1.3536629676818848
0.057023804634809494,0.7101559042930603,1.2803939580917358
0.05692598968744278,0.6253383159637451,1.1945981979370117
0.05116398632526398,0.6985048055648804,1.2101446390151978
0.05244703218340874,0.6130111217498779,1.137481451034546
0.05255013331770897,0.7122524976730347,1.2377538681030273
0.0630791038274765,0.6132404804229736,1.244031548500061
0.06057167425751686,0.5736733675003052,1.1793901920318604
0.058884914964437485,0.5781007409095764,1.1669498682022095
0.06514959037303925,0.5559422969818115,1.2074382305145264
0.049622002989053726,0.5971812605857849,1.093401312828064
0.053530994802713394,0.484730064868927,1.0200400352478027
0.05105174705386162,0.5825152397155762,1.093032717704773
0.06343583762645721,0.6011645197868347,1.235522985458374
0.05977962911128998,0.550312876701355,1.1481091976165771
0.07394760847091675,0.7193259000778198,1.4588019847869873
0.05335468053817749,0.648472785949707,1.182019591331482
0.057281602174043655,0.4677271544933319,1.0405431985855103
0.06178266555070877,0.643342137336731,1.2611687183380127
0.05659498646855354,0.5844188928604126,1.1503686904907227
0.06002850830554962,0.6015639305114746,1.2018489837646484
0.06644928455352783,0.6553062200546265,1.3197990655899048
0.052513305097818375,0.584038257598877,1.1091713905334473
0.05705574154853821,0.6486423015594482,1.2191996574401855
0.07151525467634201,0.5086121559143066,1.2237646579742432
0.053827669471502304,0.5680240392684937,1.106300711631775
0.0675051137804985,0.7218000888824463,1.3968513011932373
0.0562589131295681,0.6174911260604858,1.1800801753997803
0.05551016330718994,0.670470118522644,1.2255717515945435
0.051301512867212296,0.6427314281463623,1.155746579170227
0.04993968456983566,0.6155497431755066,1.1149466037750244
0.060044266283512115,0.5832819938659668,1.1837246417999268
0.058997198939323425,0.6333819627761841,1.2233539819717407
0.05925779044628143,0.7013171911239624,1.2938951253890991
0.06715139001607895,0.6758943796157837,1.3474082946777344
0.05284951627254486,0.6106166839599609,1.139111876487732
0.059598322957754135,0.620601236820221,1.2165844440460205
0.053711898624897,0.6430256962776184,1.1801446676254272
0.05913355574011803,0.5264365077018738,1.117772102355957
0.06407821923494339,0.680144727230072,1.3209269046783447
0.05889665335416794,0.6344162821769714,1.223382830619812
0.053881675004959106,0.6414515972137451,1.1802682876586914
0.05446675419807434,0.627802848815918,1.1724703311920166
0.06088360399007797,0.5978694558143616,1.2067055702209473
0.06046496704220772,0.45213383436203003,1.0567834377288818
0.04945676773786545,0.6901103258132935,1.184678077697754
0.07169906795024872,0.5719860792160034,1.288976788520813
0.056629784405231476,0.657211422920227,1.2235093116760254
0.0550166554749012,0.5470494627952576,1.097216010093689
0.06397200375795364,0.6222530603408813,1.2619731426239014
0.061911441385746,0.5546802878379822,1.1737947463989258
0.056346625089645386,0.5452752709388733,1.1087415218353271
0.053596071898937225,0.5782409906387329,1.1142017841339111
0.051522016525268555,0.5413742065429688,1.0565943717956543
0.05549132078886032,0.6091089844703674,1.1640222072601318
0.06539344042539597,0.6431199312210083,1.2970542907714844
0.057492371648550034,0.6658459305763245,1.240769624710083
0.05426643043756485,0.6030847430229187,1.1457490921020508
0.057477209717035294,0.6588922739028931,1.2336643934249878
0.050939660519361496,0.5230574011802673,1.032454013824463
0.05406666547060013,0.6873281002044678,1.227994680404663
0.06533649563789368,0.5718666315078735,1.225231647491455
0.05416000634431839,0.5141150951385498,1.0557150840759277
0.07743387669324875,0.5649400949478149,1.3392789363861084
0.04862692579627037,0.419643759727478,0.9059129953384399
0.0487072691321373,0.5406874418258667,1.0277601480484009
0.05568423494696617,0.5690908432006836,1.1259331703186035
0.047511231154203415,0.635399341583252,1.1105116605758667
0.05845719203352928,0.5030757188796997,1.0876476764678955
0.05928685516119003,0.7078584432601929,1.3007270097732544
0.049752578139305115,0.6447558403015137,1.1422816514968872
0.0578293651342392,0.6488418579101562,1.2271355390548706
0.053830958902835846,0.6618890762329102,1.2001986503601074
0.05429648980498314,0.4862048625946045,1.0291697978973389
0.05527524650096893,0.5827426314353943,1.1354951858520508
0.0523887500166893,0.5855320692062378,1.109419584274292
0.06729163229465485,0.6685695648193359,1.341485857963562
0.05047602206468582,0.538723886013031,1.043484091758728
0.05195997655391693,0.5318247079849243,1.051424503326416
0.06256530433893204,0.7048259973526001,1.3304790258407593
0.0623767264187336,0.6631731390953064,1.286940336227417
0.05706959217786789,0.5480730533599854,1.1187689304351807
0.052627138793468475,0.4535914361476898,0.9798628091812134
0.05196024104952812,0.6755812168121338,1.1951836347579956
0.055123381316661835,0.7101640701293945,1.2613978385925293
0.05304338037967682,0.5364938974380493,1.0669276714324951
0.053530748933553696,0.6504616141319275,1.1857690811157227
0.0589071549475193,0.6431154608726501,1.232187032699585
0.050507619976997375,0.6682928800582886,1.17336905002594
0.053758274763822556,0.6230891942977905,1.1606719493865967
0.06176372617483139,0.5700719356536865,1.1877092123031616
0.05316343158483505,0.6901594400405884,1.2217937707901
0.05390704423189163,0.5800763964653015,1.1191468238830566
0.05436920002102852,0.6811506748199463,1.2248426675796509
0.05570445954799652,0.5711172819137573,1.128161907196045
0.050519950687885284,0.6848015785217285,1.1900010108947754
0.0500747412443161,0.5397839546203613,1.0405313968658447
0.059279557317495346,0.4205979108810425,1.0133934020996094
0.059375785291194916,0.617858350276947,1.2116162776947021
0.04791565611958504,0.49924996495246887,0.978406548500061
0.054518476128578186,0.6255465149879456,1.1707313060760498
0.05952124297618866,0.5436445474624634,1.1388570070266724
0.05729886516928673,0.5187695622444153,1.0917582511901855
0.052887942641973495,0.5054698586463928,1.0343492031097412
0.05265834927558899,0.6166870594024658,1.143270492553711
0.05321944132447243,0.7066062688827515,1.2388007640838623
0.05855413153767586,0.6249196529388428,1.210460901260376
0.04996147379279137,0.5708135962486267,1.0704283714294434
0.0556718073785305,0.6935024261474609,1.250220537185669
0.05802835151553154,0.5959431529045105,1.1762266159057617
0.05613676458597183,0.5966062545776367,1.1579738855361938
0.059991274029016495,0.5822954177856445,1.1822081804275513
0.048777975142002106,0.6748003363609314,1.1625800132751465
0.0483284629881382,0.624817430973053,1.1081020832061768
0.04904660955071449,0.6851077079772949,1.1755738258361816
0.05603308603167534,0.44178467988967896,1.0021154880523682
0.06170554831624031,0.6297646760940552,1.2468202114105225
0.04673419147729874,0.5375579595565796,1.0048998594284058
0.05491175502538681,0.5644729137420654,1.1135904788970947
0.05248007923364639,0.5481952428817749,1.0729960203170776
0.05686827003955841,0.5530703067779541,1.1217529773712158
0.05604369938373566,0.5063596963882446,1.0667966604232788
0.05135846138000488,0.6923255920410156,1.2059102058410645
0.05233174189925194,0.6254888772964478,1.1488063335418701
0.05927026644349098,0.4882529675960541,1.0809556245803833
0.060787782073020935,0.6423426866531372,1.250220537185669
0.059583451598882675,0.513181746006012,1.1090161800384521
0.07298010587692261,0.7092990875244141,1.4391001462936401
0.055248383432626724,0.525499165058136,1.077983021736145
0.05720331519842148,0.44957342743873596,1.0216065645217896
0.060584548860788345,0.619099497795105,1.224945068359375
0.05137655884027481,0.45274829864501953,0.9665138721466064
0.05550818145275116,0.5835529565811157,1.1386348009109497
0.05175825208425522,0.6316474676132202,1.1492300033569336
0.05517301708459854,0.6437556147575378,1.1954858303070068
0.053228478878736496,0.47882550954818726,1.0111103057861328
0.05156869441270828,0.5499470829963684,1.06563401222229
0.06477213650941849,0.6889480948448181,1.3366694450378418
0.05325692519545555,0.5316879153251648,1.0642571449279785
0.05798792839050293,0.5606609582901001,1.1405402421951294
0.05910447612404823,0.5133887529373169,1.104433536529541
0.058655135333538055,0.5613186359405518,1.1478700637817383
0.045542385429143906,0.5403902530670166,0.9958140850067139
0.05489051342010498,0.7117252349853516,1.2606303691864014
0.049720797687768936,0.6770257949829102,1.1742337942123413
0.05448022484779358,0.6472070813179016,1.1920093297958374
0.051351163536310196,0.5871917009353638,1.1007033586502075
0.05690345913171768,0.631877064704895,1.2009116411209106
0.05267610028386116,0.6940362453460693,1.2207973003387451
0.05652622878551483,0.4916078448295593,1.0568702220916748
0.0512811616063118,0.6470218896865845,1.1598334312438965
0.04979446157813072,0.6231964826583862,1.1211410760879517
0.04727689549326897,0.6703000664710999,1.1430690288543701
0.05216200649738312,0.6518016457557678,1.1734216213226318
0.06172449514269829,0.6821536421775818,1.29939866065979
0.054352767765522,0.6307962536811829,1.1743239164352417
0.054665569216012955,0.6596713066101074,1.206326961517334
0.05034327134490013,0.6583181619644165,1.1617507934570312
0.06027388572692871,0.5594699382781982,1.1622087955474854
0.05134298652410507,0.5662819743156433,1.0797119140625
0.054861389100551605,0.6504666805267334,1.1990805864334106
0.04976186901330948,0.6549772024154663,1.1525958776474
0.059247326105833054,0.6595652103424072,1.2520384788513184
0.06343343108892441,0.5144365429878235,1.148770809173584
0.05655994266271591,0.664897084236145,1.2304965257644653
0.06072772294282913,0.6031407117843628,1.2104179859161377
0.051491931080818176,0.6606068015098572,1.1755261421203613
0.05025001987814903,0.5433900356292725,1.045890212059021
0.04925325885415077,0.6214748024940491,1.1140073537826538
0.04970136657357216,0.6032923460006714,1.1003060340881348
0.05343551188707352,0.513434886932373,1.0477900505065918
0.050102658569812775,0.5986782312393188,1.0997047424316406
0.05004504323005676,0.6433253288269043,1.1437757015228271
0.06314116716384888,0.6312583684921265,1.2626700401306152
0.056874413043260574,0.5361124277114868,1.1048564910888672
0.049532514065504074,0.6168355941772461,1.1121606826782227
0.04770829156041145,0.5483365654945374,1.0254194736480713
0.0690285935997963,0.6199201345443726,1.3102060556411743
0.05987976863980293,0.5650505423545837,1.1638481616973877
0.06507888436317444,0.6545367240905762,1.3053255081176758
0.05810759589076042,0.5528472661972046,1.1339232921600342
0.052337732166051865,0.4933393597602844,1.016716718673706
0.062272507697343826,0.6351470351219177,1.2578721046447754
0.04865748807787895,0.46207115054130554,0.948646068572998
0.05149645358324051,0.5173430442810059,1.0323076248168945
0.04836464673280716,0.5747420787811279,1.0583884716033936
0.050193317234516144,0.617272138595581,1.1192052364349365
0.05683844909071922,0.7191279530525208,1.2875124216079712
0.058796823024749756,0.5494604110717773,1.137428641319275
0.05837360396981239,0.5937926769256592,1.177528738975525
0.05074605345726013,0.5860925912857056,1.093553066253662
0.06755795329809189,0.6177855730056763,1.2933651208877563
0.049383606761693954,0.4633347988128662,0.957170844078064
0.06607169657945633,0.5624864101409912,1.223203420639038
0.0566939041018486,0.41479387879371643,0.981732964515686
0.056675415486097336,0.6427467465400696,1.2095009088516235
0.054446011781692505,0.5448700189590454,1.0893301963806152
0.05965922772884369,0.6696988344192505,1.2662911415100098
0.051242947578430176,0.5924147367477417,1.1048442125320435
0.04985024034976959,0.6775009632110596,1.176003336906433
0.05875081568956375,0.6078164577484131,1.1953246593475342
0.05287040397524834,0.6287227272987366,1.1574268341064453
0.05124744027853012,0.6439142227172852,1.1563886404037476
0.046869147568941116,0.5658556222915649,1.0345470905303955
0.05047512799501419,0.5897784233093262,1.094529628753662
0.05237136781215668,0.5433565378189087,1.0670702457427979
0.058440253138542175,0.6180142164230347,1.2024167776107788
0.0469924695789814,0.7222856283187866,1.19221031665802
0.05618273466825485,0.5475516319274902,1.1093790531158447
0.05558013170957565,0.6139070987701416,1.169708490371704
0.051395781338214874,0.678628146648407,1.1925859451293945
0.05056685954332352,0.6171896457672119,1.1228582859039307
0.04997580498456955,0.5487903356552124,1.0485484600067139
0.05678798630833626,0.7001490592956543,1.268028974533081
0.04969218745827675,0.5504963397979736,1.047418236732483
0.050931524485349655,0.6966037750244141,1.2059190273284912
0.06065452843904495,0.6232120394706726,1.229757308959961
0.05300665646791458,0.5016698837280273,1.0317363739013672
0.05644436553120613,0.6689145565032959,1.2333581447601318
0.046800676733255386,0.5904479026794434,1.0584546327590942
0.048548273742198944,0.5806962847709656,1.0661790370941162
0.07480692863464355,0.5862408876419067,1.3343101739883423
0.05004720017313957,0.6191093921661377,1.1195814609527588
0.049904145300388336,0.484820693731308,0.9838621616363525
0.055763013660907745,0.5459915399551392,1.1036217212677002
0.06319728493690491,0.6870357394218445,1.3190085887908936
0.05009057745337486,0.5277765393257141,1.0286822319030762
0.06278780102729797,0.6387908458709717,1.2666687965393066
0.053448863327503204,0.6561709642410278,1.190659523010254
0.05917209014296532,0.6639389991760254,1.255659818649292
0.05089513212442398,0.6496891975402832,1.1586405038833618
0.05032370984554291,0.5925431251525879,1.0957802534103394
0.04984138533473015,0.6390330195426941,1.1374468803405762
0.06005386635661125,0.5864452123641968,1.1869838237762451
0.06274377554655075,0.573896050453186,1.20133376121521
0.0668700784444809,0.4793083965778351,1.148009181022644
0.05679592117667198,0.5729852318763733,1.140944480895996
0.06624859571456909,0.6938236355781555,1.3563096523284912
0.04931827634572983,0.4987275004386902,0.9919102787971497
0.0511120967566967,0.57023686170578,1.0813578367233276
0.04584749415516853,0.7079477906227112,1.166422724723816
0.06049584969878197,0.4470265507698059,1.0519850254058838
0.058730896562337875,0.6836172342300415,1.2709262371063232
0.06711024791002274,0.6197516322135925,1.2908540964126587
0.05162607505917549,0.6522271037101746,1.168487787246704
0.06606277078390121,0.6843302249908447,1.344957947731018
0.0672081783413887,0.6439894437789917,1.3160712718963623
0.05091835930943489,0.6308287382125854,1.140012264251709
0.060628920793533325,0.5281623005867004,1.1344515085220337
0.057039905339479446,0.5706158876419067,1.1410149335861206
0.058390479534864426,0.5463035106658936,1.1302082538604736
0.06250345706939697,0.5112504363059998,1.1362850666046143
0.05500395596027374,0.6323632001876831,1.1824027299880981
0.05582152307033539,0.5613974928855896,1.119612693786621
0.05676906555891037,0.6099885702133179,1.1776793003082275
0.052081137895584106,0.6159965991973877,1.136807918548584
0.0529521219432354,0.6613025069236755,1.1908237934112549
0.05964880809187889,0.5794060230255127,1.175894021987915
0.04667462408542633,0.5706769227981567,1.0374231338500977
0.05452613905072212,0.5307437181472778,1.0760051012039185
0.04641639441251755,0.61457759141922,1.0787415504455566
0.05439844727516174,0.6625994443893433,1.2065839767456055
0.055449195206165314,0.5590945482254028,1.11358642578125
0.05300275608897209,0.6394507884979248,1.169478416442871
0.06485427170991898,0.6975891590118408,1.3461318016052246
0.049959056079387665,0.5289539098739624,1.0285444259643555
0.06168548762798309,0.6148119568824768,1.2316668033599854
0.04715300723910332,0.6072908639907837,1.0788209438323975
0.05454736202955246,0.6176226139068604,1.1630961894989014
0.05579906329512596,0.6410930752754211,1.199083685874939
0.05358201637864113,0.6345329880714417,1.1703531742095947
0.05121257156133652,0.6754456758499146,1.187571406364441
0.0625869557261467,0.5380299091339111,1.1638994216918945
0.045368317514657974,0.4923328757286072,0.9460160732269287
0.05386453866958618,0.47397172451019287,1.0126171112060547
0.05033624544739723,0.7797444462776184,1.2831069231033325
0.05307270959019661,0.6588425636291504,1.1895697116851807
0.06447336822748184,0.6067021489143372,1.2514357566833496
0.05636848509311676,0.67992103099823,1.2436058521270752
0.04849313944578171,0.6431137323379517,1.1280450820922852
0.048225756734609604,0.6147216558456421,1.0969792604446411
0.05076804757118225,0.579646110534668,1.0873265266418457
0.05619922652840614,0.6161657571792603,1.1781580448150635
0.05656830221414566,0.5724043250083923,1.138087272644043
0.06700588762760162,0.6887387037277222,1.358797550201416
0.05972794443368912,0.6655882596969604,1.2628676891326904
0.05309096351265907,0.5599738359451294,1.090883493423462
0.05162215232849121,0.5792864561080933,1.0955079793930054
0.0548650287091732,0.6009760499000549,1.1496262550354004
0.05423714965581894,0.5742197632789612,1.116591215133667
0.05262609198689461,0.6251779794692993,1.1514389514923096
0.05247421935200691,0.6678683757781982,1.192610502243042
0.05156683921813965,0.5589348077774048,1.0746031999588013
0.052606675773859024,0.6374986171722412,1.1635653972625732
0.06251350790262222,0.7146899104118347,1.339824914932251
0.0495375394821167,0.5462128520011902,1.041588306427002
0.05138590931892395,0.6182270050048828,1.1320860385894775
0.06349347531795502,0.652498722076416,1.2874335050582886
0.052943237125873566,0.5611323118209839,1.0905647277832031
0.05231070518493652,0.6008471250534058,1.123954176902771
0.05232072249054909,0.6086958050727844,1.131903052330017
0.05615663900971413,0.6894412636756897,1.2510076761245728
0.05469556152820587,0.6253379583358765,1.1722935438156128
0.051114603877067566,0.6166102886199951,1.1277563571929932
0.05614000931382179,0.6528260707855225,1.214226245880127
0.04713018611073494,0.5461560487747192,1.0174579620361328
0.04987701401114464,0.6091301441192627,1.1079002618789673
0.050306037068367004,0.6594775915145874,1.162537932395935
0.05631342902779579,0.5522400140762329,1.1153743267059326
0.054197393357753754,0.6005436182022095,1.1425175666809082
0.06441686302423477,0.5930870175361633,1.237255573272705
0.059982288628816605,0.5793867707252502,1.1792097091674805
0.050319693982601166,0.5287120342254639,1.0319089889526367
0.0607956238090992,0.6695274114608765,1.2774837017059326
0.04965353012084961,0.6294529438018799,1.125988245010376
0.04812126234173775,0.6275327205657959,1.1087453365325928
0.05211516469717026,0.6699239015579224,1.1910755634307861
0.04930184409022331,0.5667623281478882,1.0597808361053467
0.05395399406552315,0.5621815323829651,1.1017215251922607
0.04994712397456169,0.6927660703659058,1.192237377166748
0.052453409880399704,0.5886706113815308,1.1132047176361084
0.04847564548254013,0.5842930674552917,1.069049596786499
0.0631868839263916,0.6313028931617737,1.263171672821045
0.057221852242946625,0.6131625771522522,1.1853811740875244
0.05142750218510628,0.5603713989257812,1.0746464729309082
0.050478495657444,0.6560073494911194,1.160792350769043
0.054371777921915054,0.6441473960876465,1.1878652572631836
0.04668715223670006,0.567115068435669,1.0339865684509277
0.056726012378931046,0.7037309408187866,1.2709910869598389
0.05658190697431564,0.5695182085037231,1.1353373527526855
0.050987981259822845,0.6123857498168945,1.1222655773162842
0.05011969432234764,0.5658966302871704,1.0670936107635498
0.06330601871013641,0.5551639795303345,1.188224196434021
0.047398198395967484,0.5752606391906738,1.049242615699768
0.049980513751506805,0.6153547167778015,1.1151598691940308
0.04964001849293709,0.5752903819084167,1.071690559387207
0.05110994726419449,0.6224878430366516,1.13358736038208
0.05356716364622116,0.5879085063934326,1.1235802173614502
0.051991190761327744,0.5394018292427063,1.0593137741088867
0.04481544718146324,0.5211924910545349,0.9693470001220703
0.056699320673942566,0.7182271480560303,1.2852203845977783
0.07082272320985794,0.7089515924453735,1.4171788692474365
0.05687262490391731,0.6896284222602844,1.258354663848877
0.05166754126548767,0.6807779669761658,1.1974533796310425
0.05980265513062477,0.687334418296814,1.2853610515594482
0.056993268430233,0.5453482270240784,1.1152808666229248
0.057004641741514206,0.4634630084037781,1.0335094928741455
0.05121073126792908,0.5451834201812744,1.05729079246521
0.061754513531923294,0.5991297960281372,1.2166749238967896
0.054621223360300064,0.6931242346763611,1.2393364906311035
0.05102798715233803,0.6876763701438904,1.1979563236236572
0.05914316698908806,0.5046658515930176,1.096097469329834
0.04977888986468315,0.680046558380127,1.177835464477539
0.055794358253479004,0.5937724113464355,1.1517159938812256
0.056099679321050644,0.5129289031028748,1.0739257335662842
0.05995086953043938,0.624861478805542,1.2243702411651611
0.05560319125652313,0.6394538879394531,1.1954858303070068
0.04609525948762894,0.6373938322067261,1.098346471786499
0.04869941249489784,0.6697063446044922,1.1567004919052124
0.0569179505109787,0.6086152791976929,1.1777948141098022
0.05330071598291397,0.4457356333732605,0.978742778301239
0.04890984669327736,0.6111657023429871,1.1002641916275024
0.05552183464169502,0.6565198302268982,1.211738109588623
0.04763302579522133,0.6054244637489319,1.0817546844482422
0.047416068613529205,0.5693304538726807,1.0434911251068115
0.06448141485452652,0.7057961225509644,1.3506102561950684
0.04827658459544182,0.6484997272491455,1.131265640258789
0.04948261380195618,0.4271198511123657,0.9219459891319275
0.05816781520843506,0.653156042098999,1.2348341941833496
0.05818929523229599,0.5593966245651245,1.1412895917892456
0.054573338478803635,0.582889199256897,1.1286225318908691
0.0526697039604187,0.5108168125152588,1.0375138521194458
0.05632501095533371,0.4815486669540405,1.0447988510131836
0.055158499628305435,0.48366019129753113,1.0352451801300049
0.05144418403506279,0.6242942810058594,1.1387361288070679
0.0493629164993763,0.5557413101196289,1.049370527267456
0.05008690059185028,0.6633144617080688,1.164183497428894
0.07248441129922867,0.6275848150253296,1.352428913116455
0.05069306120276451,0.5783307552337646,1.085261344909668
0.07083668559789658,0.5906103849411011,1.298977255821228
0.05444739758968353,0.3794777989387512,0.9239518046379089
0.06292030215263367,0.5542887449264526,1.1834917068481445
0.07091112434864044,0.6771252751350403,1.3862364292144775
0.05531034618616104,0.6237920522689819,1.1768954992294312
0.05903298035264015,0.5624482035636902,1.1527780294418335
0.05159231647849083,0.5573155879974365,1.073238730430603
0.04920138046145439,0.4925125241279602,0.9845263361930847
0.058409906923770905,0.4086725115776062,0.992771565914154
0.04840191826224327,0.6233928203582764,1.1074119806289673
0.05316099151968956,0.6777791976928711,1.209389090538025
0.047104835510253906,0.5111620426177979,0.9822103977203369
0.06172079220414162,0.5952061414718628,1.212414026260376
0.05155271291732788,0.640078067779541,1.1556051969528198
0.07345801591873169,0.6936367750167847,1.4282169342041016
0.04908689484000206,0.6491458415985107,1.1400147676467896
0.047954488545656204,0.6081516742706299,1.0876965522766113
0.052519530057907104,0.5795612335205078,1.1047565937042236
0.046492818742990494,0.6110552549362183,1.0759834051132202
0.07792594283819199,0.5820477604866028,1.361307144165039
0.047120608389377594,0.600331723690033,1.071537733078003
0.05878547206521034,0.6130592823028564,1.2009140253067017
0.05460544675588608,0.6090283989906311,1.1550829410552979
0.045526351779699326,0.5863893032073975,1.041652798652649
0.049917418509721756,0.6457493901252747,1.1449235677719116
0.05842654034495354,0.7539066076278687,1.3381719589233398
0.054409246891736984,0.5727577209472656,1.1168501377105713
0.04536565765738487,0.6040002107620239,1.0576567649841309
0.050257664173841476,0.7204318642616272,1.2230085134506226
0.06030341610312462,0.4335176646709442,1.036551833152771
0.04837953671813011,0.6611682176589966,1.1449636220932007
0.048690132796764374,0.5955911874771118,1.0824925899505615
0.05297859385609627,0.6730823516845703,1.2028682231903076
0.05610622465610504,0.6801192760467529,1.241181492805481
0.05056924745440483,0.4413398802280426,0.9470323324203491
0.05209725722670555,0.6379672288894653,1.1589398384094238
0.06053788587450981,0.5799938440322876,1.1853727102279663
0.057984426617622375,0.5353036522865295,1.1151478290557861
0.05577141419053078,0.5598095059394836,1.1175236701965332
0.05434674397110939,0.5263534784317017,1.0698208808898926
0.046802762895822525,0.495904803276062,0.9639323949813843
0.04882578179240227,0.6490100622177124,1.137267827987671
0.05077246204018593,0.6797432899475098,1.1874679327011108
0.04780793562531471,0.5048933029174805,0.9829726219177246
0.048886846750974655,0.6529054641723633,1.1417739391326904
0.05637355521321297,0.609410285949707,1.1731457710266113
0.044780079275369644,0.6854801177978516,1.133280873298645
0.045753978192806244,0.6703864932060242,1.1279263496398926
0.054222553968429565,0.5923786163330078,1.1346042156219482
0.047475676983594894,0.4158724844455719,0.8906292915344238
0.06172425299882889,0.5480130314826965,1.1652555465698242
0.04656059667468071,0.6136079430580139,1.0792138576507568
0.048174720257520676,0.661896824836731,1.143644094467163
0.051552824676036835,0.674268901348114,1.1897971630096436
0.06640978157520294,0.5188183784484863,1.1829161643981934
0.04767923057079315,0.5446481704711914,1.0214405059814453
0.054115403443574905,0.5896533727645874,1.1308073997497559
0.06214911863207817,0.660529613494873,1.2820208072662354
0.05550383776426315,0.593523383140564,1.148561716079712
0.05136825889348984,0.4795452952384949,0.9932278990745544
0.06209534406661987,0.5417357087135315,1.162689208984375
0.051954083144664764,0.5587870478630066,1.0783278942108154
0.05655984207987785,0.6069968938827515,1.1725952625274658
0.050211962312459946,0.4778752624988556,0.9799948930740356
0.059756238013505936,0.6623631715774536,1.2599256038665771
0.05238093435764313,0.5854156613349915,1.1092250347137451
0.05155007541179657,0.6357782483100891,1.1512789726257324
0.050256386399269104,0.7117748260498047,1.2143386602401733
0.0507056824862957,0.65692138671875,1.1639782190322876
0.05375896394252777,0.6867231726646423,1.2243127822875977
0.056596942245960236,0.5245757699012756,1.0905451774597168
0.05216880142688751,0.608637809753418,1.1303257942199707
0.055683281272649765,0.6854823231697083,1.2423150539398193
0.0522037036716938,0.6340142488479614,1.1560512781143188
0.05206435173749924,0.6381268501281738,1.1587703227996826
0.05431600660085678,0.6839309930801392,1.2270910739898682
0.05569472908973694,0.5743055939674377,1.1312528848648071
0.05130945146083832,0.6846520304679871,1.1977465152740479
0.05322376266121864,0.5065832138061523,1.0388208627700806
0.05693310871720314,0.7157390117645264,1.2850701808929443
0.049709923565387726,0.5791035890579224,1.0762028694152832
0.05800016596913338,0.7029768228530884,1.2829785346984863
0.057128939777612686,0.6485701203346252,1.2198596000671387
0.054099831730127335,0.740699827671051,1.281698226928711
0.05660596117377281,0.6989840269088745,1.2650436162948608
0.04968130961060524,0.6382344961166382,1.1350475549697876
0.050780829042196274,0.670358419418335,1.1781666278839111
0.058029014617204666,0.5694947838783264,1.1497849225997925
0.04587700590491295,0.6053482890129089,1.0641183853149414
0.05071079730987549,0.6189149618148804,1.1260229349136353
0.04747966304421425,0.6655915975570679,1.1403882503509521
0.05244570970535278,0.6834924221038818,1.2079495191574097
0.049798790365457535,0.6647941470146179,1.162782073020935
0.05348188430070877,0.516843855381012,1.0516626834869385
0.05935162305831909,0.5057991147041321,1.0993154048919678
0.06094026193022728,0.5847704410552979,1.1941730976104736
0.06124358996748924,0.4773865342140198,1.0898224115371704
0.05917682871222496,0.5822596549987793,1.174027919769287
0.05220773443579674,0.5819491147994995,1.104026436805725
0.056684695184230804,0.6428506374359131,1.2096976041793823
0.06888674199581146,0.6767308712005615,1.3655983209609985
0.04995978996157646,0.4321587383747101,0.9317566156387329
0.052258215844631195,0.653334379196167,1.1759165525436401
0.05095813050866127,0.4657686650753021,0.975350022315979
0.05180862545967102,0.3281569480895996,0.8462432026863098
0.05161423608660698,0.4491267502307892,0.9652690887451172
0.049907516688108444,0.30605459213256836,0.8051297664642334
0.05327232554554939,0.6526675224304199,1.1853907108306885
0.05231991037726402,0.6390230655670166,1.162222146987915
0.06135089695453644,0.45431292057037354,1.0678218603134155
0.04434087499976158,0.49067848920822144,0.9340872764587402
0.05035659298300743,0.5571643114089966,1.060730218887329
0.04556955769658089,0.4937400221824646,0.9494355916976929
0.057397544384002686,0.46063122153282166,1.034606695175171
0.06693407148122787,0.6723381280899048,1.3416788578033447
0.056565649807453156,0.496656596660614,1.0623130798339844
0.05859004333615303,0.600123405456543,1.1860238313674927
0.058636635541915894,0.6433714628219604,1.2297377586364746
0.05093858391046524,0.6240167021751404,1.1334025859832764
0.058353208005428314,0.5992478728294373,1.1827800273895264
0.07164644449949265,0.3803941011428833,1.0968585014343262
0.048590391874313354,0.5785481333732605,1.064452052116394
0.05441350117325783,0.5103046298027039,1.054439663887024
0.0486656092107296,0.45535174012184143,0.942007839679718
0.04942014440894127,0.5691259503364563,1.063327431678772
0.0578574500977993,0.6471936702728271,1.2257680892944336
0.058262620121240616,0.7109867930412292,1.2936129570007324
0.048900313675403595,0.6019386053085327,1.0909416675567627
0.04622989147901535,0.48307931423187256,0.9453782439231873
0.04680649936199188,0.654727041721344,1.1227920055389404
0.05226488411426544,0.5545030832290649,1.077151894569397
0.05518868565559387,0.5919749736785889,1.1438617706298828
0.044765494763851166,0.6986836791038513,1.146338701248169
0.05031073838472366,0.5379854440689087,1.041092872619629
0.059701744467020035,0.6351407766342163,1.2321581840515137
0.051518578082323074,0.581494152545929,1.096679925918579
0.044156577438116074,0.5819767713546753,1.0235425233840942
0.051258958876132965,0.5949637293815613,1.107553243637085
0.04733181744813919,0.6892855167388916,1.1626036167144775
0.049813587218523026,0.5747705698013306,1.072906494140625
0.05113254487514496,0.387656569480896,0.898982048034668
0.04846439138054848,0.6333715915679932,1.1180155277252197
0.049356866627931595,0.6477475762367249,1.1413161754608154
0.051321860402822495,0.5298842191696167,1.043102741241455
0.04779830202460289,0.5675435066223145,1.0455265045166016
0.048277270048856735,0.7096708416938782,1.192443609237671
0.04698600992560387,0.5331782102584839,1.0030382871627808
0.049268849194049835,0.6659240126609802,1.1586124897003174
0.05145063251256943,0.6556226015090942,1.1701289415359497
0.050450846552848816,0.537533164024353,1.0420416593551636
0.04851055517792702,0.5285500288009644,1.0136555433273315
0.04710065573453903,0.6357622742652893,1.1067688465118408
0.0484074130654335,0.6539905071258545,1.1380646228790283
0.04208259657025337,0.6568975448608398,1.077723503112793
0.04271332174539566,0.5936170816421509,1.0207502841949463
0.04537549614906311,0.6753685474395752,1.1291234493255615
0.05170828476548195,0.6404458284378052,1.1575286388397217
0.053898051381111145,0.5409218072891235,1.0799022912979126
0.04914124682545662,0.5390722751617432,1.030484676361084
0.04725748300552368,0.671215295791626,1.1437901258468628
0.04922536388039589,0.6766083836555481,1.168861985206604
0.05329222232103348,0.6890380382537842,1.2219603061676025
0.05802331864833832,0.7173239588737488,1.2975571155548096
0.052736327052116394,0.6105084419250488,1.1378717422485352
0.04958866164088249,0.46235519647598267,0.9582418203353882
0.058999672532081604,0.7154504060745239,1.3054471015930176
0.04883471503853798,0.6163420677185059,1.1046892404556274
0.05487054958939552,0.6327421069145203,1.1814476251602173
0.06138138100504875,0.4233344793319702,1.0371482372283936
0.06141972541809082,0.49779441952705383,1.1119916439056396
0.05863757058978081,0.4504646956920624,1.0368404388427734
0.053003355860710144,0.6590428948402405,1.1890764236450195
0.04965103417634964,0.5071253776550293,1.0036356449127197
0.05102813243865967,0.6190364360809326,1.1293177604675293
0.06650980561971664,0.6129838824272156,1.2780818939208984
0.04819420352578163,0.5843472480773926,1.0662893056869507
0.048208579421043396,0.5068747401237488,0.9889605045318604
0.047725826501846313,0.588875412940979,1.066133737564087
0.053771644830703735,0.5439221858978271,1.0816385746002197
0.0571964792907238,0.49093666672706604,1.062901496887207
0.048900991678237915,0.49135154485702515,0.9803614616394043
0.04439267888665199,0.5760128498077393,1.019939661026001
0.05608401447534561,0.662030816078186,1.222870945930481
0.051611755043268204,0.6104579567909241,1.1265754699707031
0.04842675104737282,0.5915795564651489,1.0758470296859741
0.050996437668800354,0.42960619926452637,0.9395705461502075
0.05122154578566551,0.5576998591423035,1.0699152946472168
0.05008428543806076,0.7172195911407471,1.218062400817871
0.07126914709806442,0.6307458281517029,1.3434373140335083
0.05153079330921173,0.5240144729614258,1.0393223762512207
0.06213686987757683,0.5893856883049011,1.21075439453125
0.05405063182115555,0.6750224232673645,1.2155287265777588
0.04593650624155998,0.518406867980957,0.9777719378471375
0.0502488911151886,0.5372895002365112,1.039778470993042
0.05309498682618141,0.6267650127410889,1.15771484375
0.04877708852291107,0.6845311522483826,1.172302007675171
0.04995594918727875,0.5912854671478271,1.090844988822937
0.04874595254659653,0.6597071886062622,1.1471667289733887
0.05750886723399162,0.47903937101364136,1.0541280508041382
0.047295138239860535,0.5985656976699829,1.0715171098709106
0.055696383118629456,0.510126531124115,1.0670902729034424
0.04926583915948868,0.4623508155345917,0.9550092220306396
0.06390100717544556,0.7606260776519775,1.399636149406433
0.05277266353368759,0.6226625442504883,1.1503891944885254
0.046145323663949966,0.6881000399589539,1.1495532989501953
0.05108087882399559,0.614478349685669,1.1252870559692383
0.04969324171543121,0.6961157321929932,1.193048119544983
0.04481933265924454,0.650303840637207,1.0984971523284912
0.07081837952136993,0.6540518999099731,1.36223566532135
0.06445632129907608,0.5563589334487915,1.2009221315383911
0.051462847739458084,0.6475259065628052,1.1621544361114502
0.05331306532025337,0.6378856897354126,1.1710163354873657
0.043694060295820236,0.7280146479606628,1.1649552583694458
0.05118437856435776,0.47407418489456177,0.9859179854393005
0.04517704248428345,0.6414073705673218,1.0931777954101562
0.04653631150722504,0.44903814792633057,0.9144012928009033
0.0480276457965374,0.5589565634727478,1.0392329692840576
0.05014273524284363,0.5926748514175415,1.094102144241333
0.06391999870538712,0.5871991515159607,1.2263991832733154
0.04476647451519966,0.5492321252822876,0.9968968629837036
0.04874587059020996,0.4470795691013336,0.9345382452011108
0.05201444402337074,0.6443592309951782,1.1645036935806274
0.04626286029815674,0.6311525702476501,1.0937812328338623
0.05356791242957115,0.415505975484848,0.9511851072311401
0.04700225591659546,0.6357248425483704,1.1057474613189697
0.046416595578193665,0.6495768427848816,1.1137428283691406
0.05994739383459091,0.4486490488052368,1.0481230020523071
0.05501554533839226,0.5964977741241455,1.146653175354004
0.04410381242632866,0.6697516441345215,1.1107897758483887
0.05496794357895851,0.6815532445907593,1.2312326431274414
0.046533115208148956,0.5910118818283081,1.0563430786132812
0.05588813126087189,0.6789106726646423,1.2377920150756836
0.050333891063928604,0.5495052933692932,1.0528442859649658
0.056325677782297134,0.6558584570884705,1.2191152572631836
0.05144818499684334,0.5493134260177612,1.0637953281402588
0.04698384180665016,0.6582703590393066,1.1281087398529053
0.04307480528950691,0.6123840808868408,1.0431320667266846
0.06491381675004959,0.5462055206298828,1.1953437328338623
0.045043595135211945,0.6306047439575195,1.081040620803833
0.04800611361861229,0.5539562702178955,1.0340174436569214
0.05373609811067581,0.6028785705566406,1.1402394771575928
0.04999807849526405,0.5467297434806824,1.04671049118042
0.04926595091819763,0.5878453850746155,1.0805048942565918
0.05066822096705437,0.6544052958488464,1.1610875129699707
0.051488421857357025,0.5793296098709106,1.094213843345642
0.05612782761454582,0.7178211212158203,1.279099464416504
0.05957948789000511,0.4573034644126892,1.0530983209609985
0.05271393805742264,0.5458462238311768,1.0729856491088867
0.05987757071852684,0.696645975112915,1.2954216003417969
0.045793317258358,0.5418696403503418,0.999802827835083
0.052006710320711136,0.5991189479827881,1.1191860437393188
0.05168510228395462,0.5697391629219055,1.0865901708602905
0.04802878201007843,0.476207971572876,0.9564957618713379
0.055125754326581955,0.5320228934288025,1.0832804441452026
0.05851379781961441,0.5659122467041016,1.1510502099990845
0.04993424564599991,0.6197620034217834,1.1191043853759766
0.049702323973178864,0.7419644594192505,1.238987684249878
0.05383701249957085,0.6485351324081421,1.1869052648544312
0.058813340961933136,0.5182241797447205,1.1063575744628906
0.05248286947607994,0.5961258411407471,1.1209545135498047
0.049656208604574203,0.5415419340133667,1.0381040573120117
0.05100546404719353,0.5121777057647705,1.0222322940826416
0.04534492269158363,0.6643367409706116,1.117785930633545
0.054213374853134155,0.6318081617355347,1.1739418506622314
0.05773761495947838,0.5704681873321533,1.1478443145751953
0.04953601956367493,0.567457914352417,1.0628180503845215
0.06148942932486534,0.6615065336227417,1.2764008045196533
0.044733498245477676,0.5961488485336304,1.043483853340149
0.057288702577352524,0.7321435213088989,1.3050305843353271
0.04187643900513649,0.6141027808189392,1.032867193222046
0.044744886457920074,0.59991455078125,1.0473634004592896
0.05708719417452812,0.5543870329856873,1.1252589225769043
0.05210758000612259,0.5189279317855835,1.040003776550293
0.046177685260772705,0.585314929485321,1.0470917224884033
0.04805190861225128,0.6983469128608704,1.1788660287857056
0.0579075925052166,0.6399623155593872,1.2190382480621338
0.053713154047727585,0.4289642572402954,0.9660958051681519
0.04862846061587334,0.5547509789466858,1.0410356521606445
0.05062589794397354,0.645003080368042,1.1512620449066162
0.062365710735321045,0.5297999978065491,1.1534571647644043
0.05282682925462723,0.698743999004364,1.227012276649475
0.04832788184285164,0.6472746133804321,1.1305534839630127
0.05437597632408142,0.49217551946640015,1.0359352827072144
0.05136517807841301,0.6879393458366394,1.20159113407135
0.04628704488277435,0.6603476405143738,1.123218059539795
0.054352615028619766,0.6364840865135193,1.1800103187561035
0.04940777271986008,0.546647310256958,1.0407249927520752
0.0446481853723526,0.5183827877044678,0.9648646116256714
0.06391038745641708,0.6956150531768799,1.334718942642212
0.059596948325634,0.6771976351737976,1.2731671333312988
0.05967719107866287,0.6377338171005249,1.2345056533813477
0.05875933915376663,0.6391627788543701,1.2267560958862305
0.05590904504060745,0.5740323066711426,1.1331226825714111
0.05654126778244972,0.5627853870391846,1.1281981468200684
0.058713268488645554,0.42993107438087463,1.0170637369155884
0.053232740610837936,0.5651357769966125,1.0974631309509277
0.05420954152941704,0.6871954202651978,1.2292908430099487
0.04701687768101692,0.6312535405158997,1.1014223098754883
0.05135972797870636,0.6470118761062622,1.1606091260910034
0.045558687299489975,0.5660605430603027,1.0216474533081055
0.05394865944981575,0.5572272539138794,1.0967137813568115
0.06207937002182007,0.5997405648231506,1.220534324645996
0.04153623431921005,0.5848016738891602,1.0001640319824219
0.05822979286313057,0.6563946008682251,1.2386925220489502
0.04529497027397156,0.5383682250976562,0.9913179278373718
0.05845898017287254,0.615490198135376,1.2000799179077148
0.048756424337625504,0.3670900762081146,0.8546543121337891
0.055309783667325974,0.4598773419857025,1.0129752159118652
0.04957882687449455,0.5332733988761902,1.0290616750717163
0.06238921359181404,0.6616086959838867,1.2855007648468018
0.049389224499464035,0.4284086227416992,0.9223008751869202
0.04162381961941719,0.6234266757965088,1.0396648645401
0.048285070806741714,0.5141758918762207,0.9970265626907349
0.0619240365922451,0.6140687465667725,1.233309030532837
0.05237124115228653,0.6028242111206055,1.1265366077423096
0.04845407232642174,0.4448017179965973,0.9293424487113953
0.05278392508625984,0.5835844278335571,1.1114237308502197
0.050655849277973175,0.6761473417282104,1.1827058792114258
0.051592130213975906,0.5817623734474182,1.0976836681365967
0.052212730050086975,0.6385350227355957,1.160662293434143
0.048957325518131256,0.515587568283081,1.0051608085632324
0.04927947744727135,0.5449389219284058,1.0377336740493774
0.053960058838129044,0.6673765182495117,1.206977128982544
0.05530982464551926,0.6081041693687439,1.1612024307250977
0.04764983057975769,0.6052395105361938,1.081737756729126
0.04770863428711891,0.5994418263435364,1.0765281915664673
0.051564279943704605,0.6073170900344849,1.122959852218628
0.06448379904031754,0.651875913143158,1.2967138290405273
0.05217897146940231,0.6008599400520325,1.1226496696472168
0.052811283618211746,0.6234050989151001,1.1515178680419922
0.04783421754837036,0.5023019313812256,0.9806441068649292
0.049552153795957565,0.5443860292434692,1.0399075746536255
0.06510079652070999,0.7598606944084167,1.4108686447143555
0.048832379281520844,0.6011049747467041,1.0894287824630737
0.045596957206726074,0.6319069862365723,1.087876558303833
0.05201315879821777,0.6589452624320984,1.179076910018921
0.05809174105525017,0.5997756719589233,1.1806931495666504
0.06052117049694061,0.6712493896484375,1.276461124420166
0.051269736140966415,0.6672644019126892,1.1799616813659668
0.051942128688097,0.5985420942306519,1.1179633140563965
0.05336329713463783,0.6254907250404358,1.1591236591339111
0.05399308726191521,0.6475630402565002,1.187493920326233
0.04985295981168747,0.6199733018875122,1.1185028553009033
0.04738321900367737,0.6754908561706543,1.1493229866027832
0.05316314846277237,0.4680650234222412,0.9996964931488037
0.045325055718421936,0.6073719263076782,1.0606224536895752
0.05563453957438469,0.6078909039497375,1.164236307144165
0.0539255291223526,0.5954746603965759,1.1347298622131348
0.05347795411944389,0.5203571319580078,1.0551366806030273
0.060933493077754974,0.5209139585494995,1.1302489042282104
0.050820913165807724,0.4384363293647766,0.9466454386711121
0.05786016583442688,0.6145601868629456,1.1931618452072144
0.05197560787200928,0.5981780886650085,1.117934226989746
0.05538332089781761,0.5959815979003906,1.1498148441314697
0.046602051705121994,0.5641691088676453,1.0301896333694458
0.04360022395849228,0.5685006380081177,1.0045028924942017
0.05275115370750427,0.6746630668640137,1.2021746635437012
0.06369147449731827,0.6031909584999084,1.2401056289672852
0.044496018439531326,0.6419113874435425,1.08687162399292
0.052862975746393204,0.5493252873420715,1.0779550075531006
0.05548316612839699,0.6914015412330627,1.2462332248687744
0.052898041903972626,0.5657007694244385,1.0946812629699707
0.06828213483095169,0.5049619078636169,1.1877832412719727
0.05156136304140091,0.5233874917030334,1.0390011072158813
0.04742493852972984,0.5424789786338806,1.016728401184082
0.04599204286932945,0.530124306678772,0.9900447130203247
0.059955745935440063,0.6869593262672424,1.286516785621643
0.05704246088862419,0.6931367516517639,1.2635613679885864
0.05477505177259445,0.5242892503738403,1.0720398426055908
0.06300825625658035,0.6230432391166687,1.253125786781311
0.05469147488474846,0.42462578415870667,0.9715405702590942
0.05856211856007576,0.5160412192344666,1.1016623973846436
0.04851999506354332,0.5300391912460327,1.0152391195297241
0.045255523175001144,0.5186090469360352,0.9711642861366272
0.048478223383426666,0.5570486783981323,1.0418308973312378
0.045594941824674606,0.5736498832702637,1.0295993089675903
0.04773923382163048,0.6822108626365662,1.159603238105774
0.041070930659770966,0.6113808155059814,1.022090196609497
0.051654502749443054,0.6224140524864197,1.1389591693878174
0.0565452016890049,0.6251615285873413,1.1906135082244873
0.04665224626660347,0.6754482984542847,1.1419707536697388
0.05493636056780815,0.6294641494750977,1.1788277626037598
0.04530145227909088,0.5187593698501587,0.9717738628387451
0.04813515394926071,0.5913232564926147,1.0726747512817383
0.04628046602010727,0.6194843053817749,1.0822889804840088
0.04923495277762413,0.6261732578277588,1.1185227632522583
0.047777604311704636,0.5637933611869812,1.041569471359253
0.04214499890804291,0.5818436145782471,1.0032936334609985
0.041813332587480545,0.5601592063903809,0.9782925248146057
0.05234907194972038,0.6672626733779907,1.19075345993042
0.05058302357792854,0.6157150864601135,1.1215453147888184
0.049304332584142685,0.5320023894309998,1.0250457525253296
0.054920364171266556,0.459697961807251,1.008901596069336
0.048927802592515945,0.6041017770767212,1.0933797359466553
0.06097400188446045,0.5407221913337708,1.1504621505737305
0.0556318424642086,0.6540430784225464,1.2103614807128906
0.04956351965665817,0.6911579370498657,1.1867930889129639
0.07774938642978668,0.5589990615844727,1.336492896080017
0.05124981701374054,0.6924912929534912,1.2049894332885742
0.047569431364536285,0.5821235179901123,1.057817816734314
0.048840951174497604,0.5701034069061279,1.0585129261016846
0.04677805304527283,0.48020344972610474,0.947983980178833
0.0497405119240284,0.5985144376754761,1.0959196090698242
0.05161075294017792,0.5868625640869141,1.1029701232910156
0.060348279774188995,0.6166201829910278,1.2201030254364014
0.04441067948937416,0.6162402033805847,1.0603469610214233
0.05878287926316261,0.5710519552230835,1.1588807106018066
0.05823686718940735,0.6145250201225281,1.1968936920166016
0.0492030568420887,0.5319243669509888,1.0239548683166504
0.05605252832174301,0.6382768154144287,1.19880211353302
0.049603741616010666,0.5180685520172119,1.014106035232544
0.05491983890533447,0.5743873119354248,1.1235857009887695
0.0534878671169281,0.6172991991043091,1.1521778106689453
0.04604089632630348,0.5377249717712402,0.9981338977813721
0.049981482326984406,0.6400587558746338,1.1398735046386719
0.05491045489907265,0.6792030930519104,1.2283077239990234
0.04963095858693123,0.46048110723495483,0.9567906856536865
0.048409897834062576,0.6277503371238708,1.111849308013916
0.04695307835936546,0.6229433417320251,1.092474102973938
0.05616816505789757,0.6074905395507812,1.1691721677780151
0.04470249265432358,0.6785856485366821,1.125610589981079
0.04878289997577667,0.5107975006103516,0.9986264705657959
0.04813777282834053,0.6504448652267456,1.1318225860595703
0.061270132660865784,0.59357750415802,1.2062788009643555
0.05656952038407326,0.6148503422737122,1.1805455684661865
0.04558907076716423,0.5903967022895813,1.0462874174118042
0.050061557441949844,0.6085476875305176,1.1091632843017578
0.0506601519882679,0.5513415336608887,1.0579431056976318
0.05371985584497452,0.6293730735778809,1.1665716171264648
0.04714283347129822,0.5846652388572693,1.0560935735702515
0.04630334675312042,0.5031371712684631,0.9661706686019897
0.06061629578471184,0.3989972472190857,1.0051602125167847
0.04523904621601105,0.49399638175964355,0.9463868141174316
0.04619907960295677,0.5975637435913086,1.0595545768737793
0.07027535885572433,0.6530342102050781,1.355787754058838
0.047551341354846954,0.5985372066497803,1.0740506649017334
0.04596671834588051,0.5575962066650391,1.017263412475586
0.047271259129047394,0.5862668752670288,1.0589795112609863
0.043054673820734024,0.5528584718704224,0.9834052324295044
0.05267816409468651,0.6369746923446655,1.1637563705444336
0.046046290546655655,0.6318283081054688,1.092291235923767
0.0530632846057415,0.657383918762207,1.1880167722702026
0.05156872421503067,0.5195986032485962,1.0352858304977417
0.054267626255750656,0.5354027152061462,1.0780789852142334
0.04822273552417755,0.6184220910072327,1.1006494760513306
0.05575750768184662,0.39227014780044556,0.9498452544212341
0.05169457569718361,0.6068308353424072,1.1237766742706299
0.06359655410051346,0.42063307762145996,1.0565986633300781
0.05395335331559181,0.6207624673843384,1.1602959632873535
0.04724446311593056,0.6716169118881226,1.14406156539917
0.046819593757390976,0.5996736288070679,1.0678695440292358
0.04919681325554848,0.49617093801498413,0.9881390333175659
0.06310580670833588,0.6751051545143127,1.3061633110046387
0.04154679551720619,0.5788061618804932,0.9942741394042969
0.04828818514943123,0.4147430658340454,0.8976249098777771
0.04629283770918846,0.7083574533462524,1.17128586769104
0.04600466787815094,0.6696219444274902,1.1296685934066772
0.048164162784814835,0.6164587736129761,1.0981004238128662
0.054584018886089325,0.5421579480171204,1.0879981517791748
0.04449394717812538,0.5273288488388062,0.9722683429718018
0.04812083765864372,0.6298947930335999,1.1111031770706177
0.050704095512628555,0.43357646465301514,0.9406174421310425
0.05855133756995201,0.5555371642112732,1.1410505771636963
0.04301351308822632,0.6439869403839111,1.0741220712661743
0.04801559075713158,0.6295872926712036,1.1097432374954224
0.044915519654750824,0.5226104259490967,0.9717656373977661
0.052030500024557114,0.7143925428390503,1.2346975803375244
0.04167606309056282,0.6170555949211121,1.0338162183761597
0.050034310668706894,0.6507053375244141,1.1510484218597412
0.053651612251996994,0.6573027968406677,1.1938189268112183
0.043290700763463974,0.7137088775634766,1.1466158628463745
0.060810428112745285,0.674114465713501,1.2822186946868896
0.05799128860235214,0.506345808506012,1.0862586498260498
0.05073154345154762,0.6869910955429077,1.1943066120147705
0.045348864048719406,0.6458247900009155,1.099313497543335
0.0454770065844059,0.684937596321106,1.1397076845169067
0.048064928501844406,0.6669241786003113,1.147573471069336
0.051992081105709076,0.4570145606994629,0.9769353866577148
0.047771479934453964,0.5724269151687622,1.05014169216156
0.04691792652010918,0.6278030872344971,1.0969823598861694
0.0471150241792202,0.7655330300331116,1.2366832494735718
0.05157066509127617,0.7453596591949463,1.2610663175582886
0.051302891224622726,0.6439611911773682,1.1569900512695312
0.053165823221206665,0.6250216960906982,1.1566798686981201
0.053417474031448364,0.6303610801696777,1.1645357608795166
0.04824644699692726,0.6516514420509338,1.1341159343719482
0.05456314980983734,0.48131459951400757,1.0269460678100586
0.05036516860127449,0.5125865936279297,1.0162382125854492
0.051308032125234604,0.605712890625,1.118793249130249
0.05041467398405075,0.5700631141662598,1.0742099285125732
0.05293019488453865,0.6798989772796631,1.2092008590698242
0.052288711071014404,0.6211485266685486,1.1440355777740479
0.05100410059094429,0.5633327960968018,1.073373794555664
0.043877363204956055,0.5668004751205444,1.005574107170105
0.04452865570783615,0.47087082266807556,0.9161573648452759
0.080886609852314,0.6452563405036926,1.4541224241256714
0.0414426214993,0.6558053493499756,1.070231556892395
0.04252440482378006,0.5016855597496033,0.9269295930862427
0.052104976028203964,0.6904700398445129,1.211519718170166
0.05642220377922058,0.6545958518981934,1.218817949295044
0.05630313605070114,0.5655519962310791,1.1285834312438965
0.05194932594895363,0.7183563709259033,1.2378497123718262
0.04293748736381531,0.5874913334846497,1.0168662071228027
0.047790057957172394,0.5093634724617004,0.9872640371322632
0.04590316861867905,0.4431043863296509,0.9021360874176025
0.05152394622564316,0.5937513113021851,1.1089907884597778
0.0436260811984539,0.6894883513450623,1.125749111175537
0.06175301596522331,0.622891366481781,1.2404215335845947
0.04777645692229271,0.5884636640548706,1.0662282705307007
0.06424649059772491,0.6243014335632324,1.2667663097381592
0.04590212553739548,0.5657402276992798,1.024761438369751
0.05591988563537598,0.5800209045410156,1.1392197608947754
0.04496527463197708,0.6087436676025391,1.058396339416504
0.05364357680082321,0.5633207559585571,1.0997564792633057
0.049520380795001984,0.6655365228652954,1.1607403755187988
0.058957625180482864,0.5635056495666504,1.1530818939208984
0.046939678490161896,0.6210752725601196,1.0904719829559326
0.050804734230041504,0.5316946506500244,1.0397419929504395
0.0534956231713295,0.7007399797439575,1.2356961965560913
0.04781319573521614,0.6071513891220093,1.0852832794189453
0.05727605149149895,0.5787298679351807,1.1514904499053955
0.05143869295716286,0.6370396018028259,1.1514265537261963
0.05808236077427864,0.6003350019454956,1.1811585426330566
0.061368588358163834,0.7168343663215637,1.3305202722549438
0.05343890190124512,0.46720361709594727,1.0015926361083984
0.05455108359456062,0.5107936859130859,1.0563044548034668
0.05220742151141167,0.5704623460769653,1.0925365686416626
0.05301894247531891,0.4585408568382263,0.988730251789093
0.05146508291363716,0.629311203956604,1.143962025642395
0.04804011806845665,0.5146749019622803,0.995076060295105
0.05026058852672577,0.6530991792678833,1.1557050943374634
0.04776080697774887,0.699675440788269,1.177283525466919
0.07231007516384125,0.4881614148616791,1.2112622261047363
0.046106159687042236,0.5263225436210632,0.9873841404914856
0.05465875193476677,0.6597402095794678,1.2063276767730713
0.057667601853609085,0.39373818039894104,0.9704141616821289
0.053591594099998474,0.5202161073684692,1.0561320781707764
0.04306311905384064,0.523481547832489,0.9541127681732178
0.048947881907224655,0.5713716745376587,1.0608505010604858
0.04604661837220192,0.6184864640235901,1.078952670097351
0.0444038026034832,0.5709895491600037,1.0150275230407715
0.04335606470704079,0.703896701335907,1.1374573707580566
0.04305367171764374,0.7090684175491333,1.139605164527893
0.04872448742389679,0.46560436487197876,0.952849268913269
0.05221565440297127,0.6115837097167969,1.1337401866912842
0.04303942620754242,0.6307089328765869,1.0611032247543335
0.050559427589178085,0.6340819597244263,1.1396762132644653
0.05322019010782242,0.6102663278579712,1.1424682140350342
0.04883481189608574,0.7261870503425598,1.2145352363586426
0.048384737223386765,0.6388276219367981,1.1226749420166016
0.0539141446352005,0.7519792914390564,1.2911207675933838
0.055564600974321365,0.44149982929229736,0.9971458315849304
0.04900508373975754,0.4974129796028137,0.9874638319015503
0.052884332835674286,0.46698230504989624,0.9958256483078003
0.048392731696367264,0.6547044515609741,1.138631820678711
0.05080680176615715,0.4830481708049774,0.9911161661148071
0.043351102620363235,0.6603343486785889,1.0938453674316406
0.0492265410721302,0.6258652806282043,1.1181306838989258
0.04608962684869766,0.6235262751579285,1.0844225883483887
0.05277518555521965,0.3289508521556854,0.8567026853561401
0.05821101740002632,0.6921672821044922,1.2742774486541748
0.05907728150486946,0.5839322805404663,1.1747050285339355
0.048685625195503235,0.6274354457855225,1.1142916679382324
0.04782377928495407,0.6376677751541138,1.115905523300171
0.05058545246720314,0.5813126564025879,1.0871672630310059
0.04478182643651962,0.6268079280853271,1.0746262073516846
0.048909157514572144,0.410475492477417,0.8995670676231384
0.04426299035549164,0.6542475819587708,1.0968774557113647
0.04998965188860893,0.6529496908187866,1.1528462171554565
0.04944277182221413,0.5720470547676086,1.0664747953414917
0.04531829431653023,0.5369482636451721,0.9901311993598938
0.04262806102633476,0.5677146315574646,0.9939952492713928
0.04939563572406769,0.6729452610015869,1.1669015884399414
0.04626518115401268,0.6243606805801392,1.087012529373169
0.049009062349796295,0.5527808666229248,1.0428714752197266
0.044975124299526215,0.6140378713607788,1.0637891292572021
0.05190936103463173,0.5061367750167847,1.0252304077148438
0.062365274876356125,0.6304832696914673,1.254136085510254
0.0523870550096035,0.7118340134620667,1.2357045412063599
0.055042993277311325,0.6251624226570129,1.1755924224853516
0.04137973114848137,0.5603526830673218,0.9741500020027161
0.05020436272025108,0.6646420955657959,1.166685700416565
0.05148821324110031,0.6257999539375305,1.1406821012496948
0.04513714089989662,0.723122239112854,1.174493670463562
0.05184347182512283,0.5977482795715332,1.1161830425262451
0.043501488864421844,0.6212012767791748,1.0562162399291992
0.05669184401631355,0.35297468304634094,0.9198931455612183
0.05740760266780853,0.6150624752044678,1.1891385316848755
0.047931984066963196,0.6232345104217529,1.1025543212890625
0.05987371876835823,0.5772527456283569,1.1759898662567139
0.060821447521448135,0.6877318024635315,1.2959463596343994
0.04910122975707054,0.6003119349479675,1.0913242101669312
0.05821704491972923,0.5726466178894043,1.1548171043395996
0.04977111890912056,0.6157243251800537,1.1134355068206787
0.04828370735049248,0.6532710194587708,1.136108160018921
0.04947204515337944,0.5601032972335815,1.0548237562179565
0.0427277572453022,0.5896816253662109,1.0169591903686523
0.04213026165962219,0.5584421157836914,0.9797447323799133
0.04081128537654877,0.53647780418396,0.94459068775177
0.059426020830869675,0.6749513149261475,1.2692115306854248
0.04747393727302551,0.6474904417991638,1.122229814529419
0.0507718063890934,0.5709301233291626,1.0786482095718384
0.04263707622885704,0.599131166934967,1.0255019664764404
0.05001524090766907,0.6625910997390747,1.1627435684204102
0.05081458017230034,0.46616604924201965,0.9743118286132812
0.04355141893029213,0.676988959312439,1.112503170967102
0.04618415609002113,0.570275068283081,1.0321166515350342
0.04724686220288277,0.6300126314163208,1.1024812459945679
0.0444813147187233,0.471438467502594,0.9162515997886658
0.048339471220970154,0.5001577734947205,0.9835524559020996
0.0495215505361557,0.5832436084747314,1.0784591436386108
0.04133526235818863,0.5621473789215088,0.9754999876022339
0.043051622807979584,0.5881325006484985,1.0186487436294556
0.048141028732061386,0.6429266929626465,1.1243369579315186
0.05471381917595863,0.537314236164093,1.0844523906707764
0.04358633980154991,0.6497194766998291,1.0855828523635864
0.04520084708929062,0.6225297451019287,1.074538230895996
0.044695403426885605,0.6161776781082153,1.0631316900253296
0.055433955043554306,0.5812877416610718,1.135627269744873
0.05170555040240288,0.6647796630859375,1.1818351745605469
0.050201788544654846,0.7116801142692566,1.213697910308838
0.04856187850236893,0.5716614723205566,1.0572803020477295
0.04959302023053169,0.5972617864608765,1.0931919813156128
0.039660289883613586,0.6451877355575562,1.0417906045913696
0.07281399518251419,0.731647789478302,1.4597877264022827
0.06749335676431656,0.5574594736099243,1.2323930263519287
0.04602665826678276,0.5383274555206299,0.9985940456390381
0.04770732298493385,0.610644519329071,1.0877177715301514
0.05253449082374573,0.5953409671783447,1.1206858158111572
0.048477210104465485,0.7013290524482727,1.1861011981964111
0.04738457873463631,0.5595731139183044,1.033418893814087
0.038499195128679276,0.5510164499282837,0.9360083937644958
0.04521452635526657,0.4988166093826294,0.9509618878364563
0.049396026879549026,0.5391582250595093,1.033118486404419
0.05010508373379707,0.5639408826828003,1.0649917125701904
0.04870022088289261,0.6324150562286377,1.1194171905517578
0.055089280009269714,0.6061607599258423,1.1570535898208618
0.04414484277367592,0.7058593034744263,1.1473077535629272
0.051047857850790024,0.5149368643760681,1.0254154205322266
0.04451582953333855,0.6665265560150146,1.111684799194336
0.052655674517154694,0.6350447535514832,1.1616015434265137
0.04597984254360199,0.646486759185791,1.1062852144241333
0.04559098929166794,0.5898323655128479,1.0457422733306885
0.04485103115439415,0.6563253402709961,1.1048356294631958
0.042954690754413605,0.6760245561599731,1.1055715084075928
0.05210885778069496,0.5976328253746033,1.1187214851379395
0.051928646862506866,0.5447676777839661,1.0640541315078735
0.04116814583539963,0.580208420753479,0.9918898940086365
0.05255868285894394,0.6880356669425964,1.2136225700378418
0.04204266518354416,0.5482063293457031,0.9686329960823059
0.04381231218576431,0.659939169883728,1.09806227684021
0.0445297509431839,0.6579380035400391,1.1032354831695557
0.046158257871866226,0.6047093272209167,1.0662919282913208
0.046352751553058624,0.5907710790634155,1.0542986392974854
0.055420007556676865,0.625895082950592,1.1800951957702637
0.044278424233198166,0.6243626475334167,1.067146897315979
0.0389627069234848,0.6231722831726074,1.0127993822097778
0.05035584792494774,0.42619162797927856,0.9297500848770142
0.06683825701475143,0.6527198553085327,1.3211023807525635
0.056720659136772156,0.4522092342376709,1.0194158554077148
0.04960843548178673,0.6014704704284668,1.0975548028945923
0.06132883206009865,0.6649548411369324,1.2782431840896606
0.04219035804271698,0.465900719165802,0.8878042697906494
0.04401891678571701,0.5244282484054565,0.9646174311637878
0.058428458869457245,0.4968400001525879,1.0811245441436768
0.0445612408220768,0.47849446535110474,0.9241068363189697
0.05274016782641411,0.610068678855896,1.1374703645706177
0.04789778217673302,0.5798417329788208,1.0588195323944092
0.059986818581819534,0.5608508586883545,1.1607190370559692
0.05302313715219498,0.5202348232269287,1.0504661798477173
0.04967758059501648,0.6855751276016235,1.1823508739471436
0.04981531575322151,0.6555243134498596,1.1536774635314941
0.046248044818639755,0.5976254343986511,1.0601059198379517
0.045459333807229996,0.6720576882362366,1.1266510486602783
0.057994160801172256,0.6427167057991028,1.222658395767212
0.0532638356089592,0.5178377032279968,1.05047607421875
0.05759080871939659,0.4698185324668884,1.0457265377044678
0.04598778486251831,0.4863496422767639,0.946227490901947
0.05619431287050247,0.47262316942214966,1.0345662832260132
0.04587456211447716,0.565061092376709,1.0238066911697388
0.04744693636894226,0.5519859194755554,1.026455283164978
0.06409670412540436,0.6933200359344482,1.3342870473861694
0.059284426271915436,0.6424657702445984,1.2353100776672363
0.04528489708900452,0.6069152355194092,1.0597641468048096
0.06939572840929031,0.7312356233596802,1.4251928329467773
0.04903310164809227,0.4705120623111725,0.9608430862426758
0.046699997037649155,0.6061619520187378,1.0731619596481323
0.05118218809366226,0.6373074054718018,1.1491292715072632
0.05472080409526825,0.5863997936248779,1.1336078643798828
0.052194852381944656,0.6216906905174255,1.1436392068862915
0.04588561877608299,0.6404316425323486,1.0992878675460815
0.05404895171523094,0.4777028560638428,1.0181922912597656
0.05353149399161339,0.5449247360229492,1.0802396535873413
0.053149815648794174,0.5299768447875977,1.0614750385284424
0.05047275871038437,0.5377625226974487,1.0424901247024536
0.04582899436354637,0.47711777687072754,0.9354077577590942
0.05519738048315048,0.425729364156723,0.9777032136917114
0.04560140147805214,0.5850499272346497,1.041063904762268
0.04729700833559036,0.5925992131233215,1.065569281578064
0.04505203291773796,0.42277073860168457,0.8732910752296448
0.061958394944667816,0.6059249639511108,1.2255089282989502
0.04494524374604225,0.5059897899627686,0.9554421901702881
0.04779927060008049,0.6920669674873352,1.1700596809387207
0.04449724033474922,0.5791041851043701,1.0240765810012817
0.0545731782913208,0.5515570044517517,1.0972888469696045
0.05017700046300888,0.620899498462677,1.1226694583892822
0.061310261487960815,0.7277200222015381,1.340822696685791
0.04600842669606209,0.5669859051704407,1.027070164680481
0.04511313885450363,0.5278308391571045,0.978962242603302
0.04433540627360344,0.6424434185028076,1.0857975482940674
0.039974145591259,0.5756200551986694,0.9753615260124207
0.04287629947066307,0.6593351364135742,1.088098168373108
0.04455156996846199,0.6208279132843018,1.0663435459136963
0.04556815326213837,0.6321672797203064,1.0878487825393677
0.04929371550679207,0.6442813873291016,1.1372184753417969
0.04626774787902832,0.6755746603012085,1.1382521390914917
0.0549030676484108,0.5484789609909058,1.0975096225738525
0.04647877812385559,0.5909726023674011,1.055760383605957
0.05293845385313034,0.636689305305481,1.1660737991333008
0.04566343128681183,0.6213572025299072,1.0779914855957031
0.04773306846618652,0.6035357713699341,1.0808664560317993
0.054698359221220016,0.6270941495895386,1.1740777492523193
0.0607108511030674,0.48523783683776855,1.092346429824829
0.04607037082314491,0.4938575327396393,0.9545612335205078
0.05143970623612404,0.6941600441932678,1.20855712890625
0.045008737593889236,0.43030619621276855,0.8803935647010803
0.06038516014814377,0.4760954976081848,1.0799471139907837
0.057251956313848495,0.6725444793701172,1.2450640201568604
0.04576003924012184,0.47431930899620056,0.9319196939468384
0.052952446043491364,0.5382040143013,1.0677285194396973
0.06383760273456573,0.6878963708877563,1.3262723684310913
0.05216067656874657,0.6698276996612549,1.191434383392334
0.060745444148778915,0.65621018409729,1.2636646032333374
0.045754920691251755,0.6098148822784424,1.0673640966415405
0.042946841567754745,0.6228055357933044,1.0522739887237549
0.048031970858573914,0.6599821448326111,1.1403018236160278
0.06412409991025925,0.4014756679534912,1.0427167415618896
0.052307918667793274,0.590104341506958,1.1131834983825684
0.04779079556465149,0.6701725125312805,1.1480804681777954
0.048081688582897186,0.6834369897842407,1.1642539501190186
0.04622010514140129,0.6012494564056396,1.063450574874878
0.05697915703058243,0.625984251499176,1.1957757472991943
0.04932279512286186,0.568274736404419,1.0615026950836182
0.04616260528564453,0.7015803456306458,1.1632063388824463
0.04780906066298485,0.5329786539077759,1.0110692977905273
0.042940087616443634,0.6239345669746399,1.053335428237915
0.04705559462308884,0.6078558564186096,1.0784118175506592
0.043260395526885986,0.6467471122741699,1.0793510675430298
0.042114678770303726,0.577488362789154,0.9986351728439331
0.05009636655449867,0.3844379782676697,0.8854016661643982
0.04531726613640785,0.604965090751648,1.0581377744674683
0.04980268329381943,0.49986594915390015,0.9978927969932556
0.04515737667679787,0.5387952327728271,0.9903689622879028
0.04915326461195946,0.6159383654594421,1.107470989227295
0.06085615232586861,0.5734553337097168,1.1820168495178223
0.044829726219177246,0.5593003630638123,1.0075976848602295
0.04312844201922417,0.5409528017044067,0.972237229347229
0.04376046732068062,0.47041040658950806,0.9080150723457336
0.046541500836610794,0.6381261348724365,1.1035411357879639
0.05531884357333183,0.5316065549850464,1.0847949981689453
0.04576893150806427,0.6631118059158325,1.1208010911941528
0.05171827971935272,0.6545374393463135,1.171720266342163
0.04905737563967705,0.6890743970870972,1.1796481609344482
0.03893556073307991,0.554043710231781,0.9433993101119995
0.044175077229738235,0.594840407371521,1.0365911722183228
0.05272020772099495,0.6507149934768677,1.1779170036315918
0.05174137279391289,0.6470013856887817,1.1644151210784912
0.06286384910345078,0.5559388399124146,1.1845773458480835
0.05235648527741432,0.6168697476387024,1.1404346227645874
0.05093872919678688,0.6647254228591919,1.1741127967834473
0.04352538660168648,0.6845293641090393,1.1197831630706787
0.053418874740600586,0.5243394374847412,1.058528184890747
0.054767727851867676,0.5937303304672241,1.1414076089859009
0.050314176827669144,0.5531214475631714,1.0562632083892822
0.04680764675140381,0.38103562593460083,0.8491120934486389
0.04411518946290016,0.5254591107368469,0.9666110277175903
0.0625120997428894,0.34903305768966675,0.9741540551185608
0.06534597277641296,0.7083067297935486,1.3617664575576782
0.0596458725631237,0.5921509265899658,1.1886096000671387
0.05822724103927612,0.5228632092475891,1.1051356792449951
0.04193750023841858,0.6209802627563477,1.0403552055358887
0.04501790553331375,0.5644590854644775,1.0146381855010986
0.04875821992754936,0.5806936025619507,1.068275809288025
0.048352379351854324,0.4900887906551361,0.9736125469207764
0.04770065099000931,0.6634410619735718,1.1404476165771484
0.0489342138171196,0.5156251192092896,1.004967212677002
0.04978552833199501,0.6026569604873657,1.1005122661590576
0.04947371408343315,0.6237746477127075,1.1185117959976196
0.0527263805270195,0.7054847478866577,1.2327485084533691
0.0513048991560936,0.5247374176979065,1.0377864837646484
0.04606042057275772,0.6424800157546997,1.1030842065811157
0.041310109198093414,0.6994836330413818,1.1125847101211548
0.04956172779202461,0.7052102088928223,1.2008274793624878
0.052657708525657654,0.5065966248512268,1.0331737995147705
0.055253371596336365,0.7039969563484192,1.25653076171875
0.06267073005437851,0.5431630611419678,1.169870376586914
0.03968695178627968,0.6542363166809082,1.0511058568954468
0.04345947131514549,0.39225485920906067,0.8268495798110962
0.0423874631524086,0.5602909922599792,0.984165608882904
0.04892346262931824,0.6555290222167969,1.144763708114624
0.055952753871679306,0.6585725545883179,1.2181000709533691
0.068275086581707,0.649166464805603,1.3319172859191895
0.05651291087269783,0.5595210790634155,1.124650239944458
0.0460529550909996,0.5072687864303589,0.9677983522415161
0.045524630695581436,0.6766178011894226,1.131864070892334
0.04700462520122528,0.5457232594490051,1.0157694816589355
0.05902598053216934,0.5320934057235718,1.122353196144104
0.04383264109492302,0.5652599334716797,1.0035862922668457
0.06475402414798737,0.5573351979255676,1.2048754692077637
0.05449945107102394,0.5418034791946411,1.0867979526519775
0.05078311637043953,0.6492933034896851,1.1571245193481445
0.05157520994544029,0.49090397357940674,1.0066560506820679
0.047725025564432144,0.6186691522598267,1.0959193706512451
0.04866502434015274,0.7172234654426575,1.203873634338379
0.04992760345339775,0.6317086219787598,1.1309846639633179
0.04303480312228203,0.6320589780807495,1.0624070167541504
0.04232870787382126,0.6339422464370728,1.0572292804718018
0.04204687848687172,0.6090511679649353,1.0295199155807495
0.044409751892089844,0.5140136480331421,0.9581111669540405
0.059249117970466614,0.3385707437992096,0.931061863899231
0.04479622840881348,0.5513460040092468,0.9993082880973816
0.058991722762584686,0.6454559564590454,1.2353732585906982
0.0402420312166214,0.5260152816772461,0.9284355640411377
0.046441320329904556,0.6123377084732056,1.0767508745193481
0.04777486249804497,0.5733392834663391,1.0510878562927246
0.0459439791738987,0.46514561772346497,0.9245854020118713
0.06061622127890587,0.6250523924827576,1.2312145233154297
0.0693737342953682,0.45361536741256714,1.147352695465088
0.04590345546603203,0.6748197078704834,1.1338542699813843
0.041056085377931595,0.6325904130935669,1.0431512594223022
0.04786502197384834,0.6060140132904053,1.084664225578308
0.054191987961530685,0.7153137922286987,1.2572336196899414
0.04103676974773407,0.6383526921272278,1.048720359802246
0.04684124141931534,0.530612587928772,0.9990249872207642
0.04990372434258461,0.42553120851516724,0.9245684146881104
0.05041792616248131,0.574921727180481,1.0791009664535522
0.04806007444858551,0.5276118516921997,1.0082125663757324
0.04732489585876465,0.6278752088546753,1.1011241674423218
0.05467749014496803,0.566365659236908,1.11314058303833
0.05502583831548691,0.413998007774353,0.9642564058303833
0.044735271483659744,0.6236810088157654,1.0710337162017822
0.04738094285130501,0.5436549186706543,1.0174643993377686
0.043824080377817154,0.6346273422241211,1.0728681087493896
0.04366469383239746,0.6028379201889038,1.0394848585128784
0.04980997368693352,0.5620808601379395,1.0601806640625
0.042106833308935165,0.6384503841400146,1.0595186948776245
0.051355086266994476,0.5659304261207581,1.0794813632965088
0.05337433144450188,0.4770197570323944,1.0107630491256714
0.053806401789188385,0.6378348469734192,1.175898790359497
0.05308545380830765,0.6976597309112549,1.2285141944885254
0.04552704095840454,0.5254912376403809,0.9807616472244263
0.048010148108005524,0.5468407869338989,1.026942253112793
0.04080984368920326,0.5846515893936157,0.9927500486373901
0.04421789199113846,0.6402112245559692,1.0823900699615479
0.04968035966157913,0.4991419315338135,0.9959455132484436
0.054402463138103485,0.5135650634765625,1.0575897693634033
0.047159191220998764,0.6657822728157043,1.1373741626739502
0.05791298672556877,0.5859909057617188,1.1651208400726318
0.04923730343580246,0.48687124252319336,0.9792442917823792
0.04826166108250618,0.574051022529602,1.0566675662994385
0.04322119802236557,0.5460348129272461,0.978246808052063
0.04688919708132744,0.6654970049858093,1.1343889236450195
0.051087018102407455,0.5633683800697327,1.0742385387420654
0.051435019820928574,0.5468122363090515,1.0611624717712402
0.04917234554886818,0.5580295324325562,1.049752950668335
0.042153894901275635,0.5591691732406616,0.980708122253418
0.04769345372915268,0.5700033903121948,1.0469379425048828
0.04046793654561043,0.5803718566894531,0.9850512146949768
0.060765836387872696,0.67168128490448,1.2793396711349487
0.05795535445213318,0.7007015943527222,1.2802550792694092
0.05050864443182945,0.5999342203140259,1.1050206422805786
0.04874517023563385,0.6088201999664307,1.0962718725204468
0.04423346370458603,0.6453635096549988,1.087698221206665
0.055906813591718674,0.7273989915847778,1.2864670753479004
0.046353913843631744,0.6340703368186951,1.097609519958496
0.04680830240249634,0.6080932021141052,1.0761761665344238
0.0450088195502758,0.5175131559371948,0.9676013588905334
0.046063460409641266,0.7031115293502808,1.1637461185455322
0.04462136700749397,0.5415499210357666,0.9877635836601257
0.05739177018404007,0.6692177653312683,1.2431354522705078
0.05557519197463989,0.56236732006073,1.118119239807129
0.055578336119651794,0.6256893277168274,1.1814727783203125
0.05392506718635559,0.43126845359802246,0.9705191254615784
0.04691610112786293,0.6950260400772095,1.1641870737075806
0.049194518476724625,0.7054957151412964,1.1974408626556396
0.047541722655296326,0.5004005432128906,0.9758177995681763
0.04806547984480858,0.4677586555480957,0.9484134912490845
0.04941155016422272,0.47367629408836365,0.9677917957305908
0.042776308953762054,0.6065621376037598,1.0343252420425415
0.04286651313304901,0.6613930463790894,1.0900582075119019
0.04128760099411011,0.6236832141876221,1.0365592241287231
0.048444632440805435,0.6783515214920044,1.1627978086471558
0.054680127650499344,0.6373134255409241,1.184114694595337
0.049657296389341354,0.6012985706329346,1.0978715419769287
0.04597748443484306,0.4703354835510254,0.9301103353500366
0.05422427877783775,0.5915250182151794,1.13376784324646
0.041779328137636185,0.542639434337616,0.9604327082633972
0.04356108233332634,0.6139839887619019,1.0495948791503906
0.044224996119737625,0.7339199781417847,1.1761698722839355
0.04802556708455086,0.5201845169067383,1.0004401206970215
0.05056380480527878,0.4601821005344391,0.9658201932907104
0.04798333719372749,0.500533938407898,0.9803673028945923
0.043136198073625565,0.7153892517089844,1.1467511653900146
0.06171451136469841,0.6168292760848999,1.2339744567871094
0.042072780430316925,0.5951202511787415,1.0158480405807495
0.04385370388627052,0.6318385601043701,1.0703755617141724
0.0471714586019516,0.6387181282043457,1.110432744026184
0.04689360037446022,0.4512307047843933,0.9201667308807373
0.04378058388829231,0.5231972932815552,0.9610031247138977
0.04321131855249405,0.5591417551040649,0.9912549257278442
0.03994147852063179,0.6475774049758911,1.0469921827316284
0.04897091165184975,0.4986402988433838,0.988349437713623
0.049879711121320724,0.5346256494522095,1.0334227085113525
0.0477096252143383,0.5047513246536255,0.9818475842475891
0.040799450129270554,0.6721646785736084,1.0801591873168945
0.049407146871089935,0.5152826309204102,1.0093541145324707
0.06398209184408188,0.654554009437561,1.294374942779541
0.03825899958610535,0.6076908111572266,0.99028080701828
0.04116356000304222,0.6322427988052368,1.043878436088562
0.05397864431142807,0.4766889214515686,1.0164754390716553
0.04922506958246231,0.5639175176620483,1.0561681985855103
0.05035758391022682,0.6888281106948853,1.19240403175354
0.04698571935296059,0.4887099266052246,0.9585671424865723
0.047501206398010254,0.5727241039276123,1.0477361679077148
0.05066632106900215,0.7012808322906494,1.2079440355300903
0.043926116079092026,0.6127229928970337,1.051984190940857
0.043786197900772095,0.5472230315208435,0.9850850105285645
0.043569888919591904,0.6640605926513672,1.0997594594955444
0.050407957285642624,0.6547765731811523,1.1588561534881592
0.05003086104989052,0.6878880262374878,1.1881966590881348
0.0619053840637207,0.628878116607666,1.247931957244873
0.043326377868652344,0.44571518898010254,0.878978967666626
0.04735719412565231,0.664862871170044,1.138434886932373
0.046511173248291016,0.6316366195678711,1.0967483520507812
0.06499897688627243,0.48226210474967957,1.1322518587112427
0.0494069829583168,0.6332575082778931,1.1273273229599
0.04890662059187889,0.43962860107421875,0.9286948442459106
0.04406069591641426,0.6569733619689941,1.0975803136825562
0.04393884167075157,0.5687780380249023,1.0081664323806763
0.04106361046433449,0.6255886554718018,1.0362247228622437
0.04851054027676582,0.5426639318466187,1.0277693271636963
0.08644869178533554,0.6788578033447266,1.5433447360992432
0.061941374093294144,0.5900633335113525,1.2094770669937134
0.04702609404921532,0.5607677698135376,1.0310287475585938
0.04565512388944626,0.6644254922866821,1.1209766864776611
0.046734876930713654,0.4973864257335663,0.9647351503372192
0.043593768030405045,0.5481228828430176,0.984060525894165
0.03934088721871376,0.4840511679649353,0.8774600028991699
0.050045859068632126,0.5998446941375732,1.100303292274475
0.045210275799036026,0.5933423042297363,1.0454450845718384
0.049114327877759933,0.44650155305862427,0.9376448392868042
0.04808419197797775,0.7078565955162048,1.1886985301971436
0.04735085740685463,0.5637359619140625,1.0372445583343506
0.051015157252550125,0.5397636294364929,1.0499151945114136
0.047752540558576584,0.5863710045814514,1.0638964176177979
0.041456498205661774,0.6232500076293945,1.037814974784851
0.04294677451252937,0.5971271395683289,1.026594877243042
0.04549926146864891,0.46767759323120117,0.9226702451705933
0.05006333440542221,0.5210764408111572,1.0217097997665405
0.056384868919849396,0.6782543063163757,1.2421029806137085
0.0471067801117897,0.554891049861908,1.025958776473999
0.04887329414486885,0.5178736448287964,1.0066065788269043
0.05095421522855759,0.6380975246429443,1.1476397514343262
0.043984320014715195,0.47704002261161804,0.9168832302093506
0.04199138656258583,0.6113802194595337,1.0312941074371338
0.05757215619087219,0.6419864296913147,1.2177079916000366
0.051828350871801376,0.7348930239677429,1.2531764507293701
0.04727792367339134,0.6391281485557556,1.1119073629379272
0.048664987087249756,0.5828906893730164,1.0695405006408691
0.060125552117824554,0.656586766242981,1.2578423023223877
0.04625725746154785,0.613434910774231,1.0760074853897095
0.050904177129268646,0.48985767364501953,0.9988994598388672
0.05350828170776367,0.4551200270652771,0.9902028441429138
0.06138090044260025,0.6358751654624939,1.2496840953826904
0.04462919384241104,0.6553052663803101,1.1015971899032593
0.049953531473875046,0.5754880905151367,1.0750234127044678
0.05090752989053726,0.5924935340881348,1.1015688180923462
0.04990442469716072,0.6005850434303284,1.099629282951355
0.04514124616980553,0.6703736186027527,1.121786117553711
0.04074684530496597,0.5237754583358765,0.931243896484375
0.04600556567311287,0.42186588048934937,0.8819215297698975
0.059159230440855026,0.703082799911499,1.2946751117706299
0.04386850446462631,0.5431708097457886,0.9818558692932129
0.049768030643463135,0.6048319339752197,1.102512240409851
0.0563296414911747,0.6960134506225586,1.2593098878860474
0.05251318961381912,0.6220787167549133,1.1472105979919434
0.04212792217731476,0.5272344350814819,0.9485136270523071
0.046617377549409866,0.6018113493919373,1.0679850578308105
0.059109561145305634,0.6818283200263977,1.2729239463806152
0.04588662460446358,0.4965973496437073,0.9554635882377625
0.04536808282136917,0.6587541103363037,1.1124348640441895
0.05242118611931801,0.4082993268966675,0.9325112104415894
0.04885653778910637,0.7238045930862427,1.2123699188232422
0.05016340687870979,0.5781669020652771,1.0798009634017944
0.05388088896870613,0.6662776470184326,1.2050864696502686
0.053048018366098404,0.43073058128356934,0.9612107872962952
0.05095437541604042,0.6693405508995056,1.1788842678070068
0.044516824185848236,0.7001913785934448,1.1453596353530884
0.04597245156764984,0.5743554830551147,1.0340800285339355
0.03874649852514267,0.6014533042907715,0.9889183044433594
0.050757989287376404,0.5467653274536133,1.0543452501296997
0.039897482842206955,0.6406751275062561,1.0396499633789062
0.04455797001719475,0.6854438781738281,1.131023645401001
0.050457555800676346,0.46933242678642273,0.9739079475402832
0.04738796874880791,0.6683018207550049,1.1421815156936646
0.045929040759801865,0.5542802810668945,1.0135706663131714
0.04543950408697128,0.6621862649917603,1.1165813207626343
0.069410040974617,0.7098652720451355,1.403965711593628
0.05608024820685387,0.6235343217849731,1.18433678150177
0.044552408158779144,0.7034928798675537,1.1490169763565063
0.049545250833034515,0.6568496227264404,1.1523021459579468
0.047951411455869675,0.6193846464157104,1.0988987684249878
0.04887448251247406,0.6572073698043823,1.1459522247314453
0.0426035076379776,0.6432554721832275,1.0692905187606812
0.049655623733997345,0.6971756219863892,1.1937317848205566
0.04842375963926315,0.6030778884887695,1.087315559387207
0.05537660792469978,0.6722133755683899,1.2259794473648071
0.049052003771066666,0.6081563234329224,1.098676323890686
0.04529774934053421,0.5365301370620728,0.9895076155662537
0.04337297007441521,0.559449315071106,0.9931790232658386
0.04575859010219574,0.5154298543930054,0.9730157852172852
0.04886673390865326,0.4633021950721741,0.9519695043563843
0.056537728756666183,0.6489171981811523,1.21429443359375
0.049341537058353424,0.469535231590271,0.962950587272644
0.05508404225111008,0.6371158361434937,1.1879563331604004
0.043850723654031754,0.6966345310211182,1.1351417303085327
0.04506368562579155,0.45056217908859253,0.9011990427970886
0.04523978382349014,0.4434763193130493,0.8958741426467896
0.05998077988624573,0.6993154287338257,1.2991232872009277
0.05669573321938515,0.6491888165473938,1.2161462306976318
0.05031955987215042,0.6606524586677551,1.1638480424880981
0.04627734795212746,0.4928703308105469,0.9556437730789185
0.04490058869123459,0.4987694025039673,0.9477753043174744
0.050140783190727234,0.7065461874008179,1.2079540491104126
0.046564336866140366,0.5275103449821472,0.9931536912918091
0.04616982862353325,0.5369550585746765,0.9986533522605896
0.0502968393266201,0.5243080854415894,1.0272765159606934
0.04441389814019203,0.6616652011871338,1.105804204940796
0.04491183161735535,0.5877623558044434,1.0368807315826416
0.043158773332834244,0.6113393902778625,1.0429271459579468
0.05006742849946022,0.5318108797073364,1.0324852466583252
0.045753490179777145,0.6153734922409058,1.0729084014892578
0.04636799916625023,0.6647050380706787,1.128385066986084
0.05854913219809532,0.6718471646308899,1.257338523864746
0.04820270836353302,0.4142119884490967,0.8962390422821045
0.03957419842481613,0.5751891136169434,0.9709311127662659
0.07839707285165787,0.6628135442733765,1.446784257888794
0.061105694621801376,0.6164937019348145,1.2275506258010864
0.04041088744997978,0.6045131683349609,1.0086220502853394
0.03777247667312622,0.6279807090759277,1.00570547580719
0.042727142572402954,0.6747530102729797,1.1020244359970093
0.04884299263358116,0.6264345645904541,1.114864468574524
0.04078380763530731,0.5884792804718018,0.9963173866271973
0.04799996688961983,0.605780839920044,1.0857805013656616
0.04361819475889206,0.5757206678390503,1.0119025707244873
0.050228316336870193,0.48947978019714355,0.9917629361152649
0.053051356226205826,0.547761082649231,1.0782747268676758
0.04787898063659668,0.5118677020072937,0.9906575083732605
0.04461158066987991,0.6182092428207397,1.0643250942230225
0.04383004084229469,0.6372668743133545,1.0755672454833984
0.06701260805130005,0.537537157535553,1.2076632976531982
0.042718853801488876,0.5363678932189941,0.9635564088821411
0.041787903755903244,0.5829752683639526,1.000854253768921
0.046620119363069534,0.4646739959716797,0.9308751821517944
0.04316074773669243,0.622452974319458,1.054060459136963
0.043364595621824265,0.5397064089775085,0.9733523726463318
0.04154101759195328,0.5602320432662964,0.975642204284668
0.04595625773072243,0.5699511170387268,1.0295137166976929
0.04532551020383835,0.6151995658874512,1.0684547424316406
0.04708091542124748,0.56758713722229,1.0383963584899902
0.04179678484797478,0.61571204662323,1.0336799621582031
0.04749161750078201,0.5586835145950317,1.033599615097046
0.04737523943185806,0.4964955449104309,0.9702479243278503
0.04183141142129898,0.5128387808799744,0.931152880191803
0.04910548776388168,0.6886546611785889,1.179709553718567
0.04173164814710617,0.575189471244812,0.9925059676170349
0.04254673421382904,0.5444815158843994,0.9699488878250122
0.04062545672059059,0.6910302042961121,1.0972847938537598
0.04140117019414902,0.5365698337554932,0.9505815505981445
0.047527845948934555,0.4944799244403839,0.9697583913803101
0.03834884613752365,0.5955125689506531,0.9790010452270508
0.043024033308029175,0.45990681648254395,0.8901471495628357
0.04423808306455612,0.6192691326141357,1.061650037765503
0.04881195351481438,0.6872515082359314,1.1753710508346558
0.04504980891942978,0.47019270062446594,0.9206907749176025
0.04805790260434151,0.5679067969322205,1.0484857559204102
0.038069117814302444,0.5636129379272461,0.9443041086196899
0.04058186337351799,0.5221320390701294,0.9279506802558899
0.04103798046708107,0.5906184911727905,1.0009982585906982
0.04098518565297127,0.6451587677001953,1.0550105571746826
0.046604689210653305,0.5012710690498352,0.9673179388046265
0.04847994074225426,0.526768684387207,1.0115680694580078
0.05688416585326195,0.7101899981498718,1.2790316343307495
0.038160525262355804,0.5907672643661499,0.9723725318908691
0.04696862772107124,0.6629680395126343,1.1326543092727661
0.04744432866573334,0.7309731245040894,1.2054164409637451
0.05235595628619194,0.6548411846160889,1.1784007549285889
0.052064672112464905,0.6118626594543457,1.1325093507766724
0.04772774130105972,0.6002763509750366,1.0775537490844727
0.05889889597892761,0.5601804256439209,1.1491694450378418
0.05134014040231705,0.43675678968429565,0.9501581788063049
0.05593864619731903,0.6602128148078918,1.2195992469787598
0.052641358226537704,0.6279069185256958,1.154320478439331
0.04655928537249565,0.4084973931312561,0.8740902543067932
0.057019446045160294,0.4328417181968689,1.0030362606048584
0.05153559520840645,0.632943868637085,1.1482998132705688
0.046238306909799576,0.6165961027145386,1.0789791345596313
0.04762955754995346,0.5881537199020386,1.0644493103027344
0.040403250604867935,0.6381410956382751,1.0421736240386963
0.049858033657073975,0.639336109161377,1.1379164457321167
0.06656917929649353,0.6664224863052368,1.3321142196655273
0.04469361528754234,0.5941078662872314,1.041043996810913
0.04584946483373642,0.6881561279296875,1.146650791168213
0.04791230335831642,0.6824319362640381,1.1615549325942993
0.041255611926317215,0.6022618412971497,1.0148179531097412
0.0428943894803524,0.697242021560669,1.1261858940124512
0.0433085598051548,0.3775976300239563,0.8106832504272461
0.04664687439799309,0.5835906267166138,1.0500593185424805
0.04472953826189041,0.6317383050918579,1.079033613204956
0.04929674044251442,0.5796850919723511,1.0726524591445923
0.045130014419555664,0.6552464962005615,1.1065466403961182
0.041834063827991486,0.4795112609863281,0.8978518843650818
0.0459565632045269,0.6863692998886108,1.1459349393844604
0.05190369859337807,0.45764046907424927,0.9766774773597717
0.040903009474277496,0.6045035123825073,1.013533592224121
0.049334026873111725,0.623799741268158,1.1171400547027588
0.043511584401130676,0.5748088359832764,1.0099246501922607
0.048311226069927216,0.6245038509368896,1.1076161861419678
0.03776852786540985,0.5357555150985718,0.9134408235549927
0.04649042710661888,0.552841305732727,1.0177456140518188
0.05210154131054878,0.5701563954353333,1.0911717414855957
0.043846677988767624,0.644615888595581,1.083082675933838
0.054047200828790665,0.6554303765296936,1.1959023475646973
0.04211987555027008,0.5712526440620422,0.9924514293670654
0.05084323137998581,0.6465940475463867,1.1550264358520508
0.038930438458919525,0.5257059335708618,0.9150103330612183
0.05564454197883606,0.7434462904930115,1.299891710281372
0.039053693413734436,0.672246515750885,1.0627834796905518
0.04994507506489754,0.5790053606033325,1.078456163406372
0.05385458096861839,0.5634719133377075,1.1020176410675049
0.04895917326211929,0.6377039551734924,1.127295732498169
0.05130036547780037,0.39419105648994446,0.9071947336196899
0.043700579553842545,0.4682145118713379,0.9052202701568604
0.046037692576646805,0.6173062324523926,1.0776832103729248
0.04362231120467186,0.6655490398406982,1.1017721891403198
0.041568029671907425,0.4962589740753174,0.911939263343811
0.05652704834938049,0.6732714176177979,1.238541841506958
0.047072265297174454,0.6724525094032288,1.1431751251220703
0.048801012337207794,0.4802878797054291,0.9682979583740234
0.04104314371943474,0.6931156516075134,1.1035470962524414
0.04118451476097107,0.5393688678741455,0.9512140154838562
0.054679449647665024,0.6895948052406311,1.2363892793655396
0.0667051300406456,0.6058038473129272,1.2728551626205444
0.04902615398168564,0.6216731667518616,1.1119346618652344
0.049440812319517136,0.6787797212600708,1.1731878519058228
0.04078054055571556,0.6822024583816528,1.0900079011917114
0.07825380563735962,0.6491578817367554,1.4316959381103516
0.05003611370921135,0.5048747658729553,1.0052359104156494
0.05624062195420265,0.5152153372764587,1.077621579170227
0.048696912825107574,0.543728232383728,1.0306973457336426
0.0402224138379097,0.536013126373291,0.9382372498512268
0.050255876034498215,0.6447912454605103,1.1473500728607178
0.04220852255821228,0.5886833667755127,1.0107686519622803
0.04983571544289589,0.5279485583305359,1.0263056755065918
0.04530221223831177,0.6269779205322266,1.0800000429153442
0.051138799637556076,0.5342273712158203,1.0456154346466064
0.04619933292269707,0.5952848792076111,1.0572781562805176
0.041278015822172165,0.670950174331665,1.0837303400039673
0.055187441408634186,0.5622236728668213,1.114098072052002
0.043886564671993256,0.6651409864425659,1.1040066480636597
0.04297664761543274,0.4924468994140625,0.9222133755683899
0.043938156217336655,0.7377134561538696,1.1770950555801392
0.04569877311587334,0.5218485593795776,0.9788362979888916
0.043463051319122314,0.5135647058486938,0.948195219039917
0.04875423386693001,0.7187619209289551,1.2063043117523193
0.04097401723265648,0.6693623065948486,1.0791025161743164
0.043236009776592255,0.502493143081665,0.9348532557487488
0.042445436120033264,0.6111745834350586,1.0356289148330688
0.0431397520005703,0.614578366279602,1.045975923538208
0.053208883851766586,0.5543261766433716,1.0864150524139404
0.051343340426683426,0.6369667649269104,1.150400161743164
0.061497971415519714,0.5144451260566711,1.129424810409546
0.042219411581754684,0.653924822807312,1.0761189460754395
0.04207279160618782,0.6401190757751465,1.0608470439910889
0.042931053787469864,0.4845922291278839,0.913902759552002
0.040718939155340195,0.5218967795372009,0.9290862083435059
0.04201735556125641,0.6484392881393433,1.068612813949585
0.050581466406583786,0.6534792184829712,1.1592938899993896
0.05440976470708847,0.7252655029296875,1.2693631649017334
0.08525247126817703,0.6737182140350342,1.526242971420288
0.047956403344869614,0.6434226036071777,1.1229866743087769
0.042290668934583664,0.6261703968048096,1.049077033996582
0.04254661872982979,0.6601788997650146,1.085645079612732
0.045351818203926086,0.5784162282943726,1.031934380531311
0.051385097205638885,0.5474392175674438,1.0612902641296387
0.04567673057317734,0.587209165096283,1.0439765453338623
0.05129051208496094,0.5432497262954712,1.0561548471450806
0.0400792695581913,0.6565841436386108,1.0573768615722656
0.04734852537512779,0.60698401927948,1.0804692506790161
0.04365414008498192,0.6184986233711243,1.0550400018692017
0.038296762853860855,0.699414849281311,1.0823824405670166
0.047614168375730515,0.4596993923187256,0.9358410835266113
0.049504559487104416,0.5512042045593262,1.0462498664855957
0.052740469574928284,0.708251953125,1.2356566190719604
0.04652176424860954,0.5606262683868408,1.025843858718872
0.045577436685562134,0.33561792969703674,0.7913923263549805
0.03959614038467407,0.7083596587181091,1.104321002960205
0.03853120282292366,0.666263222694397,1.0515751838684082
0.0488843098282814,0.5004005432128906,0.9892436265945435
0.0441923663020134,0.5725396871566772,1.0144634246826172
0.04825669154524803,0.6036038398742676,1.0861707925796509
0.04373634234070778,0.4815983176231384,0.918961763381958
0.055473264306783676,0.6258107423782349,1.1805434226989746
0.05954573303461075,0.6381307244300842,1.2335879802703857
0.03999929130077362,0.6438339352607727,1.0438268184661865
0.040694378316402435,0.6209381818771362,1.0278819799423218
0.0463026762008667,0.6632969379425049,1.1263236999511719
0.04220477119088173,0.5381779074668884,0.9602255821228027
0.05039975419640541,0.5924419164657593,1.0964394807815552
0.04483151063323021,0.5160394310951233,0.9643545150756836
0.05409014970064163,0.489317923784256,1.0302194356918335
0.042449042201042175,0.6057164669036865,1.0302069187164307
0.05528853088617325,0.5964043140411377,1.149289608001709
0.046494871377944946,0.48972052335739136,0.9546692371368408
0.039303671568632126,0.605961799621582,0.9989985227584839
0.036821216344833374,0.6865096092224121,1.0547218322753906
0.045976728200912476,0.45423269271850586,0.9139999747276306
0.0413832925260067,0.43396657705307007,0.84779953956604
0.06651381403207779,0.5544290542602539,1.2195671796798706
0.04202417656779289,0.6032857298851013,1.0235275030136108
0.039927832782268524,0.6112176179885864,1.010495901107788
0.04443807527422905,0.6689246296882629,1.1133053302764893
0.06840497255325317,0.6384356021881104,1.322485327720642
0.039193108677864075,0.6453133821487427,1.037244439125061
0.042822014540433884,0.6607121229171753,1.0889322757720947
0.04750192165374756,0.4661905765533447,0.9412097930908203
0.04807690903544426,0.5048292875289917,0.9855983853340149
0.03935372456908226,0.7223838567733765,1.115921139717102
0.047619812190532684,0.6163781881332397,1.092576265335083
0.040422920137643814,0.5846116542816162,0.9888408184051514
0.05353397876024246,0.6104546785354614,1.14579439163208
0.047789931297302246,0.547152042388916,1.0250513553619385
0.047811027616262436,0.6955114006996155,1.173621654510498
0.047452788800001144,0.6664713621139526,1.1409993171691895
0.04318941384553909,0.6519708633422852,1.0838649272918701
0.04216516762971878,0.5801748037338257,1.001826524734497
0.03837725892663002,0.5615466237068176,0.9453191757202148
0.042488425970077515,0.43137437105178833,0.8562586307525635
0.04428626969456673,0.5103714466094971,0.9532341361045837
0.04294391721487045,0.5468000769615173,0.9762392640113831
0.04433640465140343,0.47783374786376953,0.921197772026062
0.04004960507154465,0.6139914393424988,1.0144875049591064
0.038930781185626984,0.545759379863739,0.9350671768188477
0.04297120124101639,0.6641867160797119,1.0938987731933594
0.04351186007261276,0.4465688467025757,0.8816874623298645
0.04120275378227234,0.4674783945083618,0.8795059323310852
0.04363434761762619,0.5302637815475464,0.9666072726249695
0.04824593663215637,0.5205767154693604,1.0030360221862793
0.044795941561460495,0.4772663712501526,0.9252257943153381
0.04668581485748291,0.6640650033950806,1.1309231519699097
0.046045079827308655,0.5820015668869019,1.042452335357666
0.04513505473732948,0.6094528436660767,1.0608034133911133
0.04272153601050377,0.571698009967804,0.9989134073257446
0.052964307367801666,0.6941020488739014,1.2237451076507568
0.05583633482456207,0.646965742111206,1.2053290605545044
0.03996959328651428,0.6774430274963379,1.077138900756836
0.04618583247065544,0.5462280511856079,1.0080864429473877
0.04170294851064682,0.6473215818405151,1.0643510818481445
0.0398147851228714,0.6241487264633179,1.0222965478897095
0.04657810553908348,0.5994246006011963,1.065205693244934
0.04051715135574341,0.6179558038711548,1.0231273174285889
0.04539620503783226,0.7310827970504761,1.1850448846817017
0.053972747176885605,0.7201715707778931,1.2598990201950073
0.04209332540631294,0.5937855243682861,1.014718770980835
0.041481323540210724,0.6451399922370911,1.059953212738037
0.04318532720208168,0.6640561819076538,1.0959094762802124
0.04458068311214447,0.5643173456192017,1.0101242065429688
0.04156240075826645,0.6723408102989197,1.0879647731781006
0.0456998385488987,0.5979518890380859,1.05495023727417
0.037582721561193466,0.6897624135017395,1.0655896663665771
0.04659575968980789,0.6269558668136597,1.0929133892059326
0.04678434133529663,0.6391653418540955,1.107008695602417
0.05730684474110603,0.5901967287063599,1.1632652282714844
0.04196493327617645,0.5788297653198242,0.9984791278839111
0.038082100450992584,0.6159258484840393,0.996746838092804
0.044739898294210434,0.5153721570968628,0.9627711772918701
0.045268986374139786,0.5788408517837524,1.031530737876892
0.05165489390492439,0.616487979888916,1.1330368518829346
0.04444358870387077,0.5397040843963623,0.9841399788856506
0.047383423894643784,0.5733082294464111,1.047142505645752
0.040425125509500504,0.5801644921302795,0.9844157695770264
0.03847329318523407,0.516148030757904,0.9008809328079224
0.04247298091650009,0.6772552728652954,1.1019850969314575
0.05836816877126694,0.5470749735832214,1.1307566165924072
0.047460608184337616,0.5607305765151978,1.0353367328643799
0.041947029531002045,0.6309595108032227,1.0504298210144043
0.04270230233669281,0.541183590888977,0.9682066440582275
0.04309330880641937,0.5106743574142456,0.9416074752807617
0.04060535505414009,0.6612157821655273,1.0672693252563477
0.04438021406531334,0.5188267827033997,0.962628960609436
0.04748380556702614,0.5103029012680054,0.9851409196853638
0.04042135924100876,0.6025855541229248,1.0067992210388184
0.04793396592140198,0.6510399580001831,1.1303796768188477
0.04262214154005051,0.6272328495979309,1.0534542798995972
0.04281971976161003,0.6514352560043335,1.0796325206756592
0.0421527661383152,0.5973626971244812,1.018890380859375
0.03820149600505829,0.5636775493621826,0.9456925392150879
0.04439065232872963,0.6814302802085876,1.125336766242981
0.04056034982204437,0.4725840091705322,0.8781875371932983
0.046743977814912796,0.5449149012565613,1.0123546123504639
0.045422088354825974,0.6162804961204529,1.0705013275146484
0.03832336515188217,0.5515897274017334,0.9348233938217163
0.0498630590736866,0.6889503002166748,1.1875808238983154
0.04596269130706787,0.6377047300338745,1.0973316431045532
0.03664615377783775,0.47595298290252686,0.8424144983291626
0.04550311341881752,0.7028356790542603,1.1578668355941772
0.03903651610016823,0.6428476572036743,1.0332127809524536
0.04024554416537285,0.5615841150283813,0.9640395641326904
0.04041334614157677,0.5501928329467773,0.9543262720108032
0.06207186356186867,0.6183817386627197,1.239100456237793
0.03987875208258629,0.6219988465309143,1.0207864046096802
0.04054463654756546,0.6470273733139038,1.052473783493042
0.04516887292265892,0.6119579076766968,1.063646674156189
0.04347115010023117,0.3440301716327667,0.778741717338562
0.04644174128770828,0.6628261804580688,1.1272435188293457
0.04082079231739044,0.6419200897216797,1.0501279830932617
0.041326504200696945,0.6595848798751831,1.072849988937378
0.03757628798484802,0.5716817378997803,0.9474446177482605
0.04763102903962135,0.7095862030982971,1.1858965158462524
0.042192548513412476,0.6578445434570312,1.0797700881958008
0.04031655192375183,0.5672188997268677,0.970384418964386
0.05546105280518532,0.6151673197746277,1.1697778701782227
0.04425226151943207,0.550317645072937,0.9928402900695801
0.04387925937771797,0.5920351147651672,1.0308277606964111
0.047582630068063736,0.5212618112564087,0.9970880746841431
0.055883150547742844,0.519225001335144,1.0780565738677979
0.040824905037879944,0.6031009554862976,1.0113500356674194
0.05736568570137024,0.5141768455505371,1.0878336429595947
0.04343767091631889,0.5186686515808105,0.9530453681945801
0.05222106724977493,0.647106945514679,1.169317603111267
0.047572698444128036,0.5399070382118225,1.0156340599060059
0.04053430259227753,0.5050749778747559,0.9104180335998535
0.04034443572163582,0.5872572660446167,0.9907016158103943
0.04354620724916458,0.6149687767028809,1.0504307746887207
0.04001323878765106,0.545349657535553,0.9454820156097412
0.06435029953718185,0.7018243670463562,1.345327377319336
0.05280840024352074,0.63362717628479,1.1617112159729004
0.047124747186899185,0.5862687230110168,1.0575162172317505
0.062343452125787735,0.6794196367263794,1.3028541803359985
0.04179752990603447,0.5555600523948669,0.9735353589057922
0.04615764692425728,0.4346323013305664,0.8962087631225586
0.03578191250562668,0.6662043929100037,1.0240235328674316
0.04221069812774658,0.6203053593635559,1.042412281036377
0.04687318950891495,0.5577937364578247,1.026525616645813
0.04824049770832062,0.5203403234481812,1.002745270729065
0.04665298014879227,0.6332477331161499,1.0997774600982666
0.06247026100754738,0.6406057476997375,1.2653083801269531
0.050310954451560974,0.592439591884613,1.0955491065979004
0.05107324570417404,0.6162468194961548,1.1269793510437012
0.04443259909749031,0.5867571234703064,1.031083106994629
0.047561679035425186,0.5620195269584656,1.0376362800598145
0.04613146558403969,0.6952484250068665,1.1565630435943604
0.040678635239601135,0.6888769865036011,1.09566330909729
0.04519520327448845,0.4323938488960266,0.8843458890914917
0.042262595146894455,0.5322945713996887,0.9549205303192139
0.03865927457809448,0.6663868427276611,1.052979588508606
0.051749538630247116,0.5298397541046143,1.047335147857666
0.03927149996161461,0.6533544063568115,1.0460693836212158
0.04215344414114952,0.6475203633308411,1.0690548419952393
0.040372345596551895,0.6475639343261719,1.0512874126434326
0.049839239567518234,0.6308140754699707,1.1292064189910889
0.04780479148030281,0.5207061767578125,0.99875408411026
0.041196662932634354,0.6648417711257935,1.0768084526062012
0.039867281913757324,0.5326337814331055,0.9313066005706787
0.04319645091891289,0.6018894910812378,1.0338540077209473
0.04166298359632492,0.4120187759399414,0.8286486268043518
0.04275863245129585,0.6295894384384155,1.0571757555007935
0.04746932536363602,0.5701324939727783,1.044825792312622
0.03940471261739731,0.5872470140457153,0.9812941551208496
0.05274122580885887,0.6408522725105286,1.1682645082473755
0.041021279990673065,0.41624629497528076,0.8264591097831726
0.03855045884847641,0.5230191946029663,0.9085237979888916
0.04562541842460632,0.6114622354507446,1.067716360092163
0.04596013203263283,0.6197468042373657,1.079348087310791
0.04182989522814751,0.49685904383659363,0.9151580333709717
0.03665894269943237,0.6896692514419556,1.0562586784362793
0.039222829043865204,0.5447241067886353,0.9369524121284485
0.042628511786460876,0.47123482823371887,0.8975199460983276
0.08797691017389297,0.663256049156189,1.5430251359939575
0.04540146142244339,0.4826020300388336,0.9366166591644287
0.0459488220512867,0.5315865278244019,0.9910747408866882
0.049784380942583084,0.5464760065078735,1.0443198680877686
0.0542132668197155,0.6217608451843262,1.163893461227417
0.04552100598812103,0.5784016847610474,1.03361177444458
0.0403444729745388,0.6002204418182373,1.0036652088165283
0.038331013172864914,0.5883394479751587,0.9716495871543884
0.04181259870529175,0.5182291269302368,0.9363551139831543
0.04065590724349022,0.5570873022079468,0.963646411895752
0.03611226752400398,0.5216943621635437,0.8828170299530029
0.04638812690973282,0.6018939018249512,1.0657751560211182
0.050851136445999146,0.6796643733978271,1.1881756782531738
0.05211063101887703,0.6498581171035767,1.1709644794464111
0.04693429544568062,0.5649542808532715,1.034297227859497
0.04271651804447174,0.6125783920288086,1.0397435426712036
0.04139074683189392,0.5185867547988892,0.9324942231178284
0.04552515968680382,0.6306607723236084,1.0859123468399048
0.049743879586458206,0.6348299384117126,1.1322686672210693
0.0535118505358696,0.4779091477394104,1.0130276679992676
0.045834559947252274,0.5242311358451843,0.9825767278671265
0.03834531456232071,0.6799019575119019,1.0633550882339478
0.04593976214528084,0.5597258806228638,1.0191235542297363
0.04450279846787453,0.6470939517021179,1.092121958732605
0.03991998732089996,0.5860892534255981,0.9852890968322754
0.04341307282447815,0.48151010274887085,0.9156408309936523
0.040254343301057816,0.5799199342727661,0.9824633598327637
0.03900442272424698,0.6513485312461853,1.0413928031921387
0.060090482234954834,0.6705491542816162,1.2714539766311646
0.04902574047446251,0.55318683385849,1.043444275856018
0.051817480474710464,0.4597611427307129,0.9779359698295593
0.043528001755476,0.6405683755874634,1.0758483409881592
0.045795589685440063,0.5087832808494568,0.9667391777038574
0.047540269792079926,0.5916100740432739,1.0670127868652344
0.041371989995241165,0.68631911277771,1.100039005279541
0.04218157008290291,0.49593478441238403,0.9177504777908325
0.044900309294462204,0.4520755112171173,0.9010785818099976
0.03922862932085991,0.6227129697799683,1.014999270439148
0.04499579966068268,0.6612215042114258,1.1111794710159302
0.04478507116436958,0.7159097194671631,1.1637604236602783
0.04860146716237068,0.6306305527687073,1.1166452169418335
0.043568868190050125,0.6268362998962402,1.0625250339508057
0.041122231632471085,0.6435651779174805,1.054787516593933
0.04073803126811981,0.6178454160690308,1.0252257585525513
0.04493485391139984,0.546973466873169,0.9963220357894897
0.04111799970269203,0.5865966081619263,0.9977766275405884
0.05823707953095436,0.6964074373245239,1.278778314590454
0.04660778492689133,0.5013629198074341,0.9674407839775085
0.0455479770898819,0.5597132444381714,1.015192985534668
0.04951726272702217,0.5290852785110474,1.0242578983306885
0.05829204246401787,0.5559065341949463,1.1388269662857056
0.040235236287117004,0.6724593639373779,1.0748116970062256
0.04422905296087265,0.5829764604568481,1.0252670049667358
0.042605336755514145,0.4643269181251526,0.8903802633285522
0.040993209928274155,0.49041587114334106,0.9003479480743408
0.04298704117536545,0.5306844115257263,0.960554838180542
0.03882621228694916,0.5566878914833069,0.9449499845504761
0.03697297349572182,0.6149697303771973,0.9846994876861572
0.04935966804623604,0.5196682214736938,1.0132648944854736
0.03883450850844383,0.7044971585273743,1.0928422212600708
0.044733304530382156,0.7333290576934814,1.1806621551513672
0.043973665684461594,0.682691216468811,1.1224279403686523
0.041548579931259155,0.48186972737312317,0.8973555564880371
0.0409490130841732,0.5827637910842896,0.9922538995742798
0.04170404002070427,0.5982858538627625,1.0153262615203857
0.04400954023003578,0.5862500667572021,1.0263454914093018
0.04365558177232742,0.29140710830688477,0.7279629111289978
0.04026833176612854,0.5662294626235962,0.9689127802848816
0.08673357218503952,0.4411242604255676,1.308459997177124
0.04228324443101883,0.5691709518432617,0.9920033812522888
0.055679261684417725,0.36088043451309204,0.9176730513572693
0.04253820702433586,0.5373965501785278,0.962778627872467
0.042614784091711044,0.603847324848175,1.0299952030181885
0.04007599130272865,0.6383181810379028,1.0390781164169312
0.04577312245965004,0.4785457253456116,0.936276912689209
0.04001641646027565,0.5454690456390381,0.9456331729888916
0.042891975492239,0.5211957693099976,0.9501155614852905
0.052175894379615784,0.5595114231109619,1.0812703371047974
0.04200142249464989,0.5559906959533691,0.976004958152771
0.04887697100639343,0.7226202487945557,1.2113900184631348
0.045957956463098526,0.6260825395584106,1.0856621265411377
0.0384204238653183,0.5278247594833374,0.9120290279388428
0.03807312622666359,0.3965573310852051,0.777288556098938
0.045674294233322144,0.5389448404312134,0.9956877827644348
0.045073118060827255,0.752359926700592,1.2030911445617676
0.03810290992259979,0.7096784710884094,1.090707540512085
0.05729532614350319,0.3478772044181824,0.920830488204956
0.03966610133647919,0.6186108589172363,1.0152719020843506
0.04414071887731552,0.5382051467895508,0.9796123504638672
0.04217008873820305,0.5365641713142395,0.9582650661468506
0.046078186482191086,0.6230541467666626,1.0838360786437988
0.038590461015701294,0.45814913511276245,0.8440537452697754
0.03969565033912659,0.6591763496398926,1.0561327934265137
0.036950334906578064,0.577235221862793,0.946738600730896
0.046566855162382126,0.6519672274589539,1.117635726928711
0.04946301132440567,0.48568087816238403,0.9803109765052795
0.04781809076666832,0.5560071468353271,1.0341880321502686
0.04062899202108383,0.6054439544677734,1.011733889579773
0.04138042777776718,0.6261261701583862,1.0399304628372192
0.038353487849235535,0.35344791412353516,0.7369828224182129
0.04434068873524666,0.6063179969787598,1.049724817276001
0.03943207859992981,0.5241866707801819,0.91850745677948
0.039432503283023834,0.5428922772407532,0.9372172951698303
0.04017629474401474,0.598800778388977,1.0005637407302856
0.03734108805656433,0.6185643076896667,0.9919751882553101
0.048825182020664215,0.7398910522460938,1.2281428575515747
0.05609249323606491,0.6673927903175354,1.2283177375793457
0.03909726068377495,0.6937185525894165,1.0846911668777466
0.061277687549591064,0.6770832538604736,1.2898601293563843
0.041514720767736435,0.5450938940048218,0.9602410793304443
0.06282668560743332,0.7266538143157959,1.3549206256866455
0.04301344230771065,0.6228002309799194,1.0529346466064453
0.08924193680286407,0.5976417064666748,1.4900610446929932
0.03975928574800491,0.6731544137001038,1.0707472562789917
0.049699679017066956,0.6826521158218384,1.1796488761901855
0.054619088768959045,0.4513116478919983,0.9975025057792664
0.04659351333975792,0.6354867815971375,1.1014219522476196
0.04156937450170517,0.648570716381073,1.0642645359039307
0.05139549821615219,0.6306301355361938,1.144585132598877
0.03987075388431549,0.6021714210510254,1.000878930091858
0.040301915258169174,0.5899677872657776,0.9929869174957275
0.042489953339099884,0.6491135954856873,1.074013113975525
0.041656069457530975,0.5856189727783203,1.0021796226501465
0.04147815331816673,0.5702019929885864,0.9849835634231567
0.04026876017451286,0.610892117023468,1.0135797262191772
0.06517195701599121,0.6273726224899292,1.2790921926498413
0.042025912553071976,0.38914042711257935,0.8093995451927185
0.04527599364519119,0.6343380212783813,1.0870978832244873
0.04034506902098656,0.5510846376419067,0.9545353651046753
0.04531575366854668,0.578199028968811,1.0313565731048584
0.041880324482917786,0.558640718460083,0.9774439334869385
0.0453568734228611,0.5775961875915527,1.0311648845672607
0.039102960377931595,0.6534493565559387,1.0444788932800293
0.04623773694038391,0.6720477342605591,1.134425163269043
0.04317788779735565,0.6573070287704468,1.0890859365463257
0.04149028658866882,0.5629612803459167,0.977864146232605
0.04194240644574165,0.6731722950935364,1.0925962924957275
0.035955436527729034,0.5996392369270325,0.9591935873031616
0.040035929530858994,0.5350601673126221,0.9354194402694702
0.053426433354616165,0.44182419776916504,0.9760885238647461
0.05108356103301048,0.5143426656723022,1.0251781940460205
0.04174857959151268,0.5885629653930664,1.0060487985610962
0.04297580197453499,0.5923084020614624,1.022066354751587
0.040673501789569855,0.6326115131378174,1.03934645652771
0.036134786903858185,0.47503525018692017,0.8363831043243408
0.05189156532287598,0.34047937393188477,0.8593950271606445
0.04689936339855194,0.6439433693885803,1.1129369735717773
0.04313228651881218,0.45860809087753296,0.8899309635162354
0.036882318556308746,0.5974066257476807,0.9662297964096069
0.03972065448760986,0.4412422478199005,0.8384487628936768
0.03968236222863197,0.6043190956115723,1.0011427402496338
0.04173870384693146,0.6274653673171997,1.044852375984192
0.04475317522883415,0.6093268990516663,1.0568586587905884
0.04490334540605545,0.5897420644760132,1.0387754440307617
0.04139072448015213,0.5881102681159973,1.0020174980163574
0.03676324710249901,0.6127014756202698,0.9803339242935181
0.04104772210121155,0.4766095280647278,0.8870867490768433
0.04532400146126747,0.5049086213111877,0.9581485986709595
0.04456024244427681,0.5737814903259277,1.0193839073181152
0.04143624007701874,0.5692083835601807,0.9835708141326904
0.039656344801187515,0.5710635781288147,0.9676270484924316
0.04774285852909088,0.6849520206451416,1.162380576133728
0.07218655943870544,0.641390323638916,1.3632559776306152
0.05064181983470917,0.5672812461853027,1.0736994743347168
0.07526358217000961,0.530262291431427,1.282898187637329
0.04756574332714081,0.5683032274246216,1.043960690498352
0.04784734919667244,0.6491521596908569,1.1276257038116455
0.046969782561063766,0.5148382186889648,0.9845360517501831
0.04105367511510849,0.6546197533607483,1.0651564598083496
0.047006215900182724,0.5270349979400635,0.9970971345901489
0.039597637951374054,0.5187135338783264,0.9146898984909058
0.04111754149198532,0.6919562816619873,1.1031317710876465
0.04453191161155701,0.634466826915741,1.079785943031311
0.043520696461200714,0.5976431369781494,1.0328500270843506
0.05684489384293556,0.6270530223846436,1.1955020427703857
0.03950304910540581,0.6453119516372681,1.0403424501419067
0.04442424327135086,0.5740106701850891,1.0182530879974365
0.03780212998390198,0.6161656379699707,0.9941869378089905
0.0540027916431427,0.5900589227676392,1.130086898803711
0.05069888010621071,0.4886013865470886,0.9955902099609375
0.04643769934773445,0.48837950825691223,0.9527565240859985
0.04487811028957367,0.605650782585144,1.0544319152832031
0.04483410343527794,0.4713711738586426,0.9197121858596802
0.03816239535808563,0.6148955821990967,0.9965195655822754
0.039190180599689484,0.5589954853057861,0.9508972764015198
0.056573670357465744,0.634890615940094,1.200627326965332
0.039142075926065445,0.6071232557296753,0.9985439777374268
0.04395372420549393,0.6494176387786865,1.0889549255371094
0.03860151022672653,0.605843186378479,0.9918583035469055
0.06741983443498611,0.5153188109397888,1.1895171403884888
0.04765322804450989,0.43405681848526,0.9105890989303589
0.04831022024154663,0.4901999235153198,0.9733021259307861
0.04719243943691254,0.5842682719230652,1.0561926364898682
0.050456080585718155,0.5271211862564087,1.031682014465332
0.04057040810585022,0.6531474590301514,1.0588514804840088
0.04924730584025383,0.5872364044189453,1.079709529876709
0.05135785788297653,0.4010891318321228,0.9146677255630493
0.03952771797776222,0.6286025047302246,1.0238796472549438
0.04100431129336357,0.6221569180488586,1.0322000980377197
0.048732999712228775,0.507280707359314,0.9946106672286987
0.039601173251867294,0.662418007850647,1.0584297180175781
0.03622749447822571,0.6648784875869751,1.027153491973877
0.03914480283856392,0.5692334175109863,0.9606814384460449
0.07024230808019638,0.7005789279937744,1.4030020236968994
0.0411752425134182,0.5881606340408325,0.9999130964279175
0.056280817836523056,0.5438296794891357,1.1066378355026245
0.0494181290268898,0.6574491262435913,1.1516304016113281
0.03968079388141632,0.66422438621521,1.0610322952270508
0.046638600528240204,0.5293170213699341,0.9957030415534973
0.04503461346030235,0.678054690361023,1.1284008026123047
0.03920714184641838,0.6090700626373291,1.0011415481567383
0.03727031126618385,0.5920587182044983,0.9647618532180786
0.041710153222084045,0.6110472679138184,1.0281487703323364
0.04311511293053627,0.4811972379684448,0.9123483896255493
0.06057141348719597,0.6710249781608582,1.2767391204833984
0.0411980040371418,0.6813117265701294,1.0932917594909668
0.04684929922223091,0.44160333275794983,0.910096287727356
0.04176110401749611,0.43697503209114075,0.8545860648155212
0.04218428581953049,0.647087812423706,1.0689306259155273
0.039188604801893234,0.6757721304893494,1.0676581859588623
0.03938746452331543,0.48018479347229004,0.8740594387054443
0.03629108890891075,0.5118106603622437,0.8747215270996094
0.04202943295240402,0.4822638928890228,0.9025582075119019
0.048225656151771545,0.4741848409175873,0.9564414024353027
0.03995875269174576,0.583745002746582,0.9833325147628784
0.03730347380042076,0.5580736994743347,0.9311084747314453
0.04807382449507713,0.7028596997261047,1.1835979223251343
0.03737109154462814,0.46625620126724243,0.8399671316146851
0.05560300499200821,0.566489040851593,1.1225190162658691
0.036652516573667526,0.5967855453491211,0.963310718536377
0.03732884302735329,0.518854558467865,0.8921430110931396
0.04905891418457031,0.6097391843795776,1.1003283262252808
0.04213070496916771,0.5306813716888428,0.9519884586334229
0.05045079439878464,0.4614717960357666,0.9659797549247742
0.03524242341518402,0.7254712581634521,1.0778955221176147
0.03949185088276863,0.5920990705490112,0.9870175719261169
0.038494616746902466,0.4501940608024597,0.8351402282714844
0.04954471066594124,0.61378014087677,1.109227180480957
0.05523448809981346,0.5320812463760376,1.0844261646270752
0.049938395619392395,0.6944260001182556,1.193809986114502
0.046302445232868195,0.6243919134140015,1.087416410446167
0.049169573932886124,0.6062119007110596,1.0979076623916626
0.043834198266267776,0.5096656084060669,0.9480075836181641
0.04147754982113838,0.6013871431350708,1.016162633895874
0.0374133326113224,0.6251394748687744,0.9992728233337402
0.04260928928852081,0.536967396736145,0.9630602598190308
0.043424222618341446,0.6283639073371887,1.0626060962677002
0.0467979796230793,0.7660871148109436,1.2340669631958008
0.03827692195773125,0.5845818519592285,0.9673510789871216
0.03893914818763733,0.46772152185440063,0.8571130037307739
0.041551969945430756,0.6751999855041504,1.0907196998596191
0.04433177784085274,0.5845218300819397,1.0278396606445312
0.054470472037792206,0.544245719909668,1.0889503955841064
0.0457121878862381,0.5434633493423462,1.0005851984024048
0.039757534861564636,0.6478006839752197,1.0453760623931885
0.04293188080191612,0.5244161486625671,0.9537349939346313
0.03550870344042778,0.6451573371887207,1.000244379043579
0.045079555362463,0.38709163665771484,0.837887167930603
0.0759919062256813,0.6070190668106079,1.3669381141662598
0.04616964980959892,0.7030959129333496,1.1647924184799194
0.045392557978630066,0.5829061269760132,1.0368317365646362
0.04314183443784714,0.6064247488975525,1.037843108177185
0.05161726847290993,0.6057078838348389,1.1218805313110352
0.04469994083046913,0.6123934388160706,1.0593928098678589
0.04044279456138611,0.5606978535652161,0.9651257991790771
0.06617174297571182,0.6173936724662781,1.2791111469268799
0.046810492873191833,0.7006653547286987,1.1687703132629395
0.04483896866440773,0.6978113055229187,1.1462010145187378
0.039179541170597076,0.6324759125709534,1.0242712497711182
0.04208562150597572,0.6354387998580933,1.0562950372695923
0.03532072529196739,0.547184944152832,0.9003921747207642
0.05250034108757973,0.6062418222427368,1.1312452554702759
0.04593207314610481,0.6240438222885132,1.083364486694336
0.04258134961128235,0.5612805485725403,0.9870940446853638
0.04306971654295921,0.4992750287055969,0.9299721717834473
0.040994808077812195,0.5736101865768433,0.9835582971572876
0.040197260677814484,0.6246135234832764,1.0265860557556152
0.0440993569791317,0.5076891183853149,0.9486826658248901
0.04595557600259781,0.5674018263816833,1.0269575119018555
0.045560065656900406,0.6141666173934937,1.0697672367095947
0.043688174337148666,0.44083479046821594,0.8777165412902832
0.04645949602127075,0.5674082636833191,1.0320031642913818
0.04564395919442177,0.48293834924697876,0.9393779039382935
0.041113946586847305,0.5394067764282227,0.9505462646484375
0.04211867228150368,0.5720877647399902,0.993274450302124
0.03994405269622803,0.31340253353118896,0.7128430604934692
0.05477731674909592,0.6595650315284729,1.2073382139205933
0.045960135757923126,0.5723851919174194,1.0319864749908447
0.043091800063848495,0.5841172337532043,1.0150352716445923
0.03928634524345398,0.44514089822769165,0.8380043506622314
0.04376077279448509,0.6370766162872314,1.0746843814849854
0.04003943130373955,0.4985170364379883,0.8989113569259644
0.04271752014756203,0.49374496936798096,0.9209201335906982
0.04579443857073784,0.3884128928184509,0.8463572859764099
0.04359481856226921,0.5699077844619751,1.0058560371398926
0.042456865310668945,0.6392589807510376,1.063827633857727
0.0577668659389019,0.5681567788124084,1.1458253860473633
0.046267036348581314,0.5727091431617737,1.0353795289993286
0.039062608033418655,0.6686392426490784,1.059265375137329
0.04562973231077194,0.6234891414642334,1.0797865390777588
0.03676137328147888,0.411376953125,0.7789906859397888
0.03921610862016678,0.5382081866264343,0.9303692579269409
0.045276667922735214,0.5532196760177612,1.0059863328933716
0.07380028814077377,0.5982717275619507,1.3362746238708496
0.05243932083249092,0.4848426878452301,1.0092358589172363
0.040751803666353226,0.71717369556427,1.1246917247772217
0.05779791995882988,0.38661623001098633,0.9645954370498657
0.05536111816763878,0.6417200565338135,1.1953312158584595
0.0487411729991436,0.6164434552192688,1.1038551330566406
0.038256432861089706,0.5409871339797974,0.9235514402389526
0.05161513388156891,0.5331473350524902,1.049298644065857
0.04317186400294304,0.5759304761886597,1.0076491832733154
0.03942767158150673,0.6425483226776123,1.0368250608444214
0.04152575507760048,0.6255313158035278,1.0407888889312744
0.04081255942583084,0.617866039276123,1.025991678237915
0.0485350601375103,0.3629634380340576,0.8483140468597412
0.05438372492790222,0.5843111276626587,1.1281483173370361
0.041756078600883484,0.5792136192321777,0.996774435043335
0.04011376202106476,0.632911205291748,1.0340487957000732
0.04637422412633896,0.4773435592651367,0.9410858154296875
0.045173387974500656,0.606366753578186,1.058100700378418
0.039922211319208145,0.5385245084762573,0.9377466440200806
0.05078432336449623,0.6075741052627563,1.1154173612594604
0.04243701696395874,0.6283104419708252,1.0526806116104126
0.05838503688573837,0.6344764232635498,1.2183268070220947
0.042410898953676224,0.6790734529495239,1.1031824350357056
0.040156103670597076,0.6192865967750549,1.0208475589752197
0.04378579929471016,0.5923735499382019,1.0302314758300781
0.041218165308237076,0.5753569006919861,0.9875385761260986
0.0911661684513092,0.6385849118232727,1.5502465963363647
0.046332910656929016,0.6397280097007751,1.1030571460723877
0.054307807236909866,0.5315018892288208,1.0745799541473389
0.05027562752366066,0.6971622705459595,1.199918508529663
0.04362122714519501,0.6025035381317139,1.0387158393859863
0.055231139063835144,0.46927404403686523,1.021585464477539
0.03762953355908394,0.7390549182891846,1.1153502464294434
0.047870222479104996,0.6074328422546387,1.0861350297927856
0.046094246208667755,0.5186094045639038,0.9795518517494202
0.06628011167049408,0.6694701910018921,1.3322713375091553
0.04159068316221237,0.4874929189682007,0.9033997654914856
0.04447309300303459,0.6833337545394897,1.1280646324157715
0.03985800966620445,0.6074111461639404,1.0059912204742432
0.04132090508937836,0.5364358425140381,0.949644923210144
0.04158174619078636,0.5265436768531799,0.9423611164093018
0.037705197930336,0.66154545545578,1.0385974645614624
0.04353037849068642,0.4586651027202606,0.8939688801765442
0.05051467940211296,0.6902326345443726,1.1953794956207275
0.03782869502902031,0.5224690437316895,0.9007560014724731
0.050604235380887985,0.4657173156738281,0.9717596769332886
0.04942367598414421,0.540668249130249,1.034904956817627
0.04255816712975502,0.674607515335083,1.100189208984375
0.041133809834718704,0.6860209703445435,1.09735906124115
0.05586765334010124,0.6815760135650635,1.2402524948120117
0.04444899037480354,0.5487138628959656,0.9932037591934204
0.03656992316246033,0.6542303562164307,1.0199296474456787
0.040833767503499985,0.5661617517471313,0.9744994640350342
0.03540161997079849,0.49160581827163696,0.8456220030784607
0.044928278774023056,0.5665422677993774,1.0158250331878662
0.03772938624024391,0.6375086307525635,1.0148024559020996
0.043171484023332596,0.5732585787773132,1.0049734115600586
0.05591266602277756,0.6113072037696838,1.1704338788986206
0.04383818060159683,0.5372635126113892,0.9756453037261963
0.04858241602778435,0.706871509552002,1.1926956176757812
0.04731997102499008,0.3835049271583557,0.8567046523094177
0.0487065352499485,0.49682196974754333,0.9838873147964478
0.04278835281729698,0.6784082651138306,1.1062917709350586
0.04488734155893326,0.4982917308807373,0.9471651315689087
0.03570668399333954,0.6864270567893982,1.0434938669204712
0.03723694756627083,0.6791748404502869,1.0515443086624146
0.04188254103064537,0.382005512714386,0.8008309602737427
0.04577759653329849,0.5601321458816528,1.0179080963134766
0.039135660976171494,0.68521648645401,1.076573133468628
0.0396953709423542,0.4302029013633728,0.8271566033363342
0.05365890637040138,0.7159204483032227,1.252509593963623
0.06431756168603897,0.49432849884033203,1.1375041007995605
0.06361660361289978,0.6001501083374023,1.236316204071045
0.04268096759915352,0.7188986539840698,1.1457083225250244
0.048882655799388885,0.46063634753227234,0.949462890625
0.0487891286611557,0.6152111887931824,1.103102445602417
0.04745779559016228,0.6580134034156799,1.1325913667678833
0.04631013795733452,0.5064235925674438,0.9695249795913696
0.044668883085250854,0.5852401256561279,1.0319290161132812
0.049170006066560745,0.4526476263999939,0.9443476796150208
0.0493340902030468,0.5920006036758423,1.085341453552246
0.04264163225889206,0.5864037275314331,1.0128200054168701
0.04082588478922844,0.4228437542915344,0.8311026096343994
0.045572955161333084,0.7058120965957642,1.1615417003631592
0.044576842337846756,0.4847874641418457,0.9305558800697327
0.0418517105281353,0.6835651993751526,1.1020822525024414
0.039270952343940735,0.48119932413101196,0.8739088773727417
0.042252521961927414,0.5462371110916138,0.9687623381614685
0.03978952020406723,0.6904104948043823,1.0883057117462158
0.0502496175467968,0.6202071905136108,1.1227033138275146
0.041460152715444565,0.6860090494155884,1.100610613822937
0.05206995829939842,0.5936025381088257,1.114302158355713
0.037997614592313766,0.6174370050430298,0.997413158416748
0.040819019079208374,0.5112450122833252,0.9194352030754089
0.04661506414413452,0.6352025270462036,1.1013531684875488
0.039521098136901855,0.5143638253211975,0.9095748066902161
0.04358374699950218,0.3527390956878662,0.788576602935791
0.0429200641810894,0.5953261852264404,1.024526834487915
0.04904459789395332,0.4921024739742279,0.9825484752655029
0.04496994614601135,0.4961998760700226,0.9458993673324585
0.04223404452204704,0.6943769454956055,1.1167173385620117
0.04374832287430763,0.6342049837112427,1.071688175201416
0.04403045400977135,0.27363187074661255,0.713936448097229
0.044995613396167755,0.5120168924331665,0.9619730114936829
0.036153554916381836,0.6189746260643005,0.9805101752281189
0.03602160885930061,0.5205200910568237,0.8807361721992493
0.04549889639019966,0.6958166360855103,1.1508055925369263
0.03960848227143288,0.5491513609886169,0.9452362060546875
0.04430756717920303,0.537175178527832,0.9802508354187012
0.042969703674316406,0.5651140213012695,0.9948110580444336
0.037357475608587265,0.6497132778167725,1.0232880115509033
0.04611479118466377,0.5933748483657837,1.0545227527618408
0.04339064285159111,0.637890100479126,1.0717965364456177
0.040345460176467896,0.5129194259643555,0.9163740277290344
0.042365334928035736,0.5145474672317505,0.938200831413269
0.044273220002651215,0.34983131289482117,0.7925635576248169
0.05201156437397003,0.6265231370925903,1.1466387510299683
0.047167062759399414,0.6979051828384399,1.169575810432434
0.04454450681805611,0.6431017518043518,1.0885467529296875
0.04353775456547737,0.6092563271522522,1.0446338653564453
0.04124221205711365,0.5249433517456055,0.9373654723167419
0.039635445922613144,0.6798537969589233,1.076208233833313
0.04041872173547745,0.6292855143547058,1.0334727764129639
0.03877469152212143,0.5944344401359558,0.9821813702583313
0.04369432479143143,0.5951490998268127,1.0320923328399658
0.05340973287820816,0.6132901906967163,1.1473875045776367
0.043691180646419525,0.5193905830383301,0.9563024044036865
0.05510295182466507,0.5316357612609863,1.082665205001831
0.038871802389621735,0.6999068260192871,1.0886248350143433
0.038431551307439804,0.5768947601318359,0.9612102508544922
0.037083983421325684,0.5932757258415222,0.964115560054779
0.03800227865576744,0.5566909909248352,0.9367138147354126
0.03521614894270897,0.6973759531974792,1.0495374202728271
0.04455779120326042,0.33622005581855774,0.7817980051040649
0.038539305329322815,0.6121604442596436,0.9975534677505493
0.04991970211267471,0.612993597984314,1.1121906042099
0.04420407488942146,0.5546306371688843,0.9966713786125183
0.03697174787521362,0.5199272036552429,0.8896446824073792
0.09537467360496521,0.7213366031646729,1.6750833988189697
0.04002217948436737,0.5999720096588135,1.0001938343048096
0.04436742141842842,0.6218907237052917,1.0655648708343506
0.03722802549600601,0.5752372741699219,0.9475175142288208
0.03963558375835419,0.5073134303092957,0.9036692380905151
0.04674858972430229,0.6560887098312378,1.1235746145248413
0.04462147876620293,0.5491936802864075,0.9954084753990173
0.04653099924325943,0.5321699380874634,0.9974799156188965
0.05928714945912361,0.6751981973648071,1.2680697441101074
0.04055110737681389,0.5420187711715698,0.9475298523902893
0.04187470301985741,0.5226688385009766,0.9414159059524536
0.03563797101378441,0.5622053742408752,0.9185850620269775
0.0373997762799263,0.5859514474868774,0.9599491953849792
0.040168363600969315,0.6055075526237488,1.0071911811828613
0.03511258214712143,0.591588020324707,0.9427138566970825
0.038986124098300934,0.5740746855735779,0.963935911655426
0.07955459505319595,0.732584536075592,1.5281305313110352
0.051339443773031235,0.6808812618255615,1.1942756175994873
0.0418788306415081,0.6788886785507202,1.0976769924163818
0.04190751165151596,0.5658031105995178,0.9848782420158386
0.041795678436756134,0.6293902397155762,1.047347068786621
0.03562921658158302,0.6595938801765442,1.0158860683441162
0.04468804970383644,0.6263747811317444,1.0732553005218506
0.0356464758515358,0.645563006401062,1.0020277500152588
0.04091490060091019,0.5357488393783569,0.9448978304862976
0.04867520555853844,0.5278582572937012,1.0146102905273438
0.04745957627892494,0.6738651990890503,1.1484609842300415
0.03820253908634186,0.555407702922821,0.937433123588562
0.051369644701480865,0.5498888492584229,1.0635852813720703
0.03938513994216919,0.6896029114723206,1.0834543704986572
0.05712130293250084,0.5845897197723389,1.1558027267456055
0.06020798534154892,0.7103485465049744,1.3124284744262695
0.04164568707346916,0.5484716892242432,0.9649285674095154
0.04206738993525505,0.6708183884620667,1.0914922952651978
0.045392509549856186,0.5870709419250488,1.0409960746765137
0.041187312453985214,0.501444935798645,0.9133180379867554
0.03976816684007645,0.6570978164672852,1.0547795295715332
0.0480605773627758,0.4465201497077942,0.9271259307861328
0.043441932648420334,0.6875491142272949,1.1219685077667236
0.03536983206868172,0.585391104221344,0.9390894174575806
0.05207204446196556,0.6406369209289551,1.1613574028015137
0.05269807577133179,0.6333626508712769,1.1603434085845947
0.05646441876888275,0.566338300704956,1.130982518196106
0.04704407602548599,0.4714069664478302,0.9418476819992065
0.04697870835661888,0.6996568441390991,1.169443964958191
0.04630792513489723,0.6503965854644775,1.1134757995605469
0.04569690302014351,0.4216800332069397,0.8786490559577942
0.054631467908620834,0.6343474388122559,1.1806621551513672
0.05675460025668144,0.5400884747505188,1.1076345443725586
0.04502059519290924,0.5273782014846802,0.9775841236114502
0.047578293830156326,0.6195217967033386,1.0953047275543213
0.06200152635574341,0.5441672801971436,1.1641825437545776
0.055988311767578125,0.595219075679779,1.155102252960205
0.06151677668094635,0.5598591566085815,1.1750268936157227
0.037751223891973495,0.5860561728477478,0.9635684490203857
0.0388449989259243,0.5806972980499268,0.9691473245620728
0.04331209138035774,0.6653338670730591,1.0984547138214111
0.04636497050523758,0.45083341002464294,0.9144830703735352
0.03932648152112961,0.5608460903167725,0.9541109204292297
0.041718728840351105,0.4039348363876343,0.8211221098899841
0.03933216631412506,0.6039397120475769,0.9972614049911499
0.038160860538482666,0.4974849224090576,0.8790935277938843
0.040717560797929764,0.5584892630577087,0.9656648635864258
0.0517609640955925,0.6313257813453674,1.1489354372024536
0.04425393044948578,0.5635244846343994,1.0060638189315796
0.04535004496574402,0.5284373760223389,0.981937825679779
0.04046468809247017,0.47976332902908325,0.8844102025032043
0.03951910510659218,0.5906097888946533,0.9858008623123169
0.033470455557107925,0.6131235361099243,0.9478280544281006
0.057265594601631165,0.6614753007888794,1.2341312170028687
0.05263713002204895,0.6677485704421997,1.194119930267334
0.048966843634843826,0.567577600479126,1.0572459697723389
0.044522400945425034,0.538733959197998,0.9839580059051514
0.04393237084150314,0.6166178584098816,1.0559415817260742
0.04120093211531639,0.5813025236129761,0.993311882019043
0.0445968396961689,0.45969122648239136,0.9056596159934998
0.0417393334209919,0.5710678100585938,0.9884611368179321
0.04144139215350151,0.5797179937362671,0.9941319227218628
0.038692086935043335,0.5849359631538391,0.9718568325042725
0.039216917008161545,0.6824119687080383,1.0745811462402344
0.039942339062690735,0.6721452474594116,1.0715686082839966
0.04474635794758797,0.6877478361129761,1.13521146774292
0.039566539227962494,0.5872288942337036,0.9828943014144897
0.0408237986266613,0.41256365180015564,0.8208016157150269
0.05010504648089409,0.6462404727935791,1.1472909450531006
0.04424530640244484,0.5941691398620605,1.036622166633606
0.045214537531137466,0.5588672161102295,1.0110125541687012
0.03724295273423195,0.6758919954299927,1.0483214855194092
0.05029826611280441,0.6206652522087097,1.123647928237915
0.0404258593916893,0.6469442844390869,1.0512028932571411
0.08682229369878769,0.5733852386474609,1.441608190536499
0.050246238708496094,0.5288349986076355,1.0312974452972412
0.0634126290678978,0.5512691736221313,1.1853954792022705
0.04253844544291496,0.5727216005325317,0.998106062412262
0.06651764363050461,0.5966033935546875,1.26177978515625
0.039912205189466476,0.645099401473999,1.0442214012145996
0.04091663286089897,0.5364733338356018,0.9456396698951721
0.041006430983543396,0.5756875872612,0.9857518672943115
0.03804386779665947,0.6549094319343567,1.0353481769561768
0.03581070899963379,0.649626612663269,1.007733702659607
0.04191948473453522,0.6185939311981201,1.03778874874115
0.045458804816007614,0.6987487077713013,1.153336763381958
0.04938024654984474,0.7060577869415283,1.1998602151870728
0.03976528346538544,0.5080540180206299,0.9057068824768066
0.04163629934191704,0.6321103572845459,1.0484733581542969
0.04353775084018707,0.6015678644180298,1.0369453430175781
0.0447290763258934,0.6093692779541016,1.0566600561141968
0.050857555121183395,0.6117792129516602,1.1203547716140747
0.04225258529186249,0.6464043259620667,1.0689301490783691
0.038468845188617706,0.5450519323348999,0.9297403693199158
0.05400006100535393,0.39339545369148254,0.9333961009979248
0.05065442994236946,0.5617761611938477,1.0683205127716064
0.042604248970746994,0.6771895885467529,1.1032321453094482
0.04863550886511803,0.625508189201355,1.1118632555007935
0.044495292007923126,0.5687369704246521,1.0136898756027222
0.04350866377353668,0.6747052669525146,1.109791874885559
0.04594200477004051,0.4780985713005066,0.9375185966491699
0.04267492890357971,0.5806421041488647,1.0073914527893066
0.04456545040011406,0.49034178256988525,0.9359962940216064
0.04200996458530426,0.6051987409591675,1.0252983570098877
0.06786878407001495,0.6496638059616089,1.328351616859436
0.038813233375549316,0.5270968079566956,0.9152291417121887
0.04476894438266754,0.5972061157226562,1.0448955297470093
0.04403823986649513,0.6726335287094116,1.11301589012146
0.04406905919313431,0.5370969176292419,0.9777874946594238
0.043057769536972046,0.4792592227458954,0.9098368883132935
0.04122098535299301,0.5796791315078735,0.9918889999389648
0.043263453990221024,0.6182446479797363,1.0508792400360107
0.041077956557273865,0.4478638768196106,0.8586434125900269
0.047803062945604324,0.5918939709663391,1.0699245929718018
0.04202644154429436,0.545485258102417,0.9657496809959412
0.04815683141350746,0.5410761833190918,1.0226445198059082
0.03838201239705086,0.602756917476654,0.986577033996582
0.04143675044178963,0.47255536913871765,0.8869228363037109
0.03797193989157677,0.5090828537940979,0.8888022899627686
0.041099779307842255,0.6089757680892944,1.0199735164642334
0.04351174458861351,0.5422910451889038,0.9774085283279419
0.04064280912280083,0.595138430595398,1.0015665292739868
0.044512707740068436,0.48408403992652893,0.9292111396789551
0.04065283015370369,0.4080492854118347,0.814577579498291
0.04829275608062744,0.6717403531074524,1.154667854309082
0.043769802898168564,0.6343048810958862,1.07200288772583
0.0422491729259491,0.5650349855422974,0.9875267148017883
0.03521411865949631,0.681572675704956,1.0337138175964355
0.04177713394165039,0.6223697662353516,1.0401411056518555
0.04042721167206764,0.6314455270767212,1.0357176065444946
0.04383225739002228,0.7020202875137329,1.1403428316116333
0.03539380803704262,0.7576721906661987,1.1116102933883667
0.046603117138147354,0.5436196327209473,1.0096508264541626
0.04735099896788597,0.509462833404541,0.9829728603363037
0.05144154280424118,0.47652730345726013,0.9909427165985107
0.05245685949921608,0.5543139576911926,1.0788825750350952
0.03741757944226265,0.6755588054656982,1.0497345924377441
0.09243065118789673,0.6489287614822388,1.573235273361206
0.04131568968296051,0.6593548059463501,1.0725116729736328
0.037588223814964294,0.6657537221908569,1.0416359901428223
0.04229032248258591,0.6020615100860596,1.0249648094177246
0.04976349323987961,0.3914739787578583,0.8891088962554932
0.043601829558610916,0.48841947317123413,0.9244377613067627
0.04414818063378334,0.5838935375213623,1.0253753662109375
0.04448960721492767,0.5223738551139832,0.9672698974609375
0.04281645640730858,0.4957461655139923,0.9239107370376587
0.038820162415504456,0.5351650714874268,0.9233666658401489
0.04255790263414383,0.5424854755401611,0.9680644869804382
0.04437125101685524,0.6614598035812378,1.1051722764968872
0.04227698966860771,0.5958893299102783,1.018659234046936
0.07492435723543167,0.6529815793037415,1.402225136756897
0.06974726170301437,0.5077013969421387,1.2051739692687988
0.03393026068806648,0.6009974479675293,0.9403000473976135
0.03938421234488487,0.5915004014968872,0.9853425025939941
0.03978512063622475,0.586968183517456,0.9848194122314453
0.045013222843408585,0.573638916015625,1.0237711668014526
0.04434489086270332,0.5959786772727966,1.0394275188446045
0.0466301366686821,0.6723790764808655,1.1386804580688477
0.03883799910545349,0.5513722896575928,0.9397522807121277
0.046466052532196045,0.4464012384414673,0.9110617637634277
0.040965139865875244,0.6123389601707458,1.0219902992248535
0.04336980730295181,0.4045258164405823,0.8382238745689392
0.04460155963897705,0.4864508807659149,0.9324665069580078
0.03937305137515068,0.6758777499198914,1.069608211517334
0.04763922095298767,0.4977121353149414,0.9741043448448181
0.04519711062312126,0.6961503624916077,1.1481214761734009
0.03836788609623909,0.5516580939292908,0.9353369474411011
0.051236335188150406,0.6198161840438843,1.1321794986724854
0.050158094614744186,0.7434804439544678,1.2450613975524902
0.04499167203903198,0.6692918539047241,1.119208574295044
0.04651547595858574,0.5425480008125305,1.0077028274536133
0.04941774532198906,0.4561839699745178,0.950361430644989
0.038015566766262054,0.699535608291626,1.0796912908554077
0.044699087738990784,0.5947730541229248,1.0417639017105103
0.04500569403171539,0.5253797769546509,0.9754366874694824
0.04376706853508949,0.6823410987854004,1.120011806488037
0.041610509157180786,0.6460434794425964,1.0621485710144043
0.04549528285861015,0.493919312953949,0.9488721489906311
0.04320470243692398,0.5327743291854858,0.9648213386535645
0.04076030105352402,0.7112504839897156,1.1188535690307617
0.03427883982658386,0.6069819927215576,0.9497703909873962
0.0396217405796051,0.5606719255447388,0.9568893313407898
0.05290335416793823,0.7078080177307129,1.2368415594100952
0.04264715313911438,0.6689057946205139,1.0953773260116577
0.04109974205493927,0.5994420647621155,1.0104395151138306
0.06749478727579117,0.6434537172317505,1.318401575088501
0.035763710737228394,0.6913655996322632,1.0490026473999023
0.03966616094112396,0.5370877981185913,0.9337494373321533
0.04332497715950012,0.484806090593338,0.9180558919906616
0.040834490209817886,0.5415838956832886,0.9499287605285645
0.04133855178952217,0.6094229221343994,1.0228084325790405
0.03749058023095131,0.6638935208320618,1.0387992858886719
0.040887318551540375,0.6037013530731201,1.012574553489685
0.048194169998168945,0.40203526616096497,0.883976936340332
0.038867708295583725,0.6523447036743164,1.0410218238830566
0.041900914162397385,0.5720714926719666,0.991080641746521
0.035879142582416534,0.6585399508476257,1.0173313617706299
0.05535956472158432,0.6172284483909607,1.1708240509033203
0.03472534567117691,0.6839388608932495,1.0311923027038574
0.039262186735868454,0.6781387329101562,1.0707606077194214
0.042334821075201035,0.596839189529419,1.0201873779296875
0.03737570345401764,0.5921902656555176,0.9659472703933716
0.049855660647153854,0.535341203212738,1.033897876739502
0.03486202657222748,0.6291971206665039,0.9778174161911011
0.039545778185129166,0.6537359952926636,1.0491937398910522
0.039759427309036255,0.49380630254745483,0.8914005756378174
0.045015692710876465,0.636742115020752,1.0868990421295166
0.042665302753448486,0.4569120407104492,0.8835650682449341
0.045816820114851,0.427645206451416,0.8858134150505066
0.04338090494275093,0.5011644959449768,0.9349735379219055
0.04007372632622719,0.4095935821533203,0.810330867767334
0.04201153293251991,0.6071300506591797,1.0272454023361206
0.04346390441060066,0.47409743070602417,0.9087364673614502
0.03578383848071098,0.6552550792694092,1.0130934715270996
0.04640166461467743,0.587586522102356,1.0516031980514526
0.043017834424972534,0.5315999984741211,0.9617783427238464
0.037697821855545044,0.5095128417015076,0.886491060256958
0.04188627004623413,0.661241888999939,1.0801045894622803
0.042062386870384216,0.7070404887199402,1.12766432762146
0.03986797109246254,0.6058129072189331,1.0044926404953003
0.04057055711746216,0.6408880949020386,1.0465936660766602
0.04514051601290703,0.38811472058296204,0.8395198583602905
0.05370558425784111,0.47249162197113037,1.009547472000122
0.04247156158089638,0.4997061491012573,0.9244217872619629
0.037514250725507736,0.699244499206543,1.0743870735168457
0.049610864371061325,0.5539407134056091,1.0500493049621582
0.04498380422592163,0.6739582419395447,1.1237962245941162
0.03557682782411575,0.5840474963188171,0.9398157596588135
0.06529957801103592,0.6889647841453552,1.3419605493545532
0.051537539809942245,0.483693927526474,0.999069333076477
0.03658450394868851,0.6493836641311646,1.0152287483215332
0.03612130507826805,0.5775960087776184,0.9388090372085571
0.04150043800473213,0.5661404132843018,0.9811447858810425
0.04579383134841919,0.5546514391899109,1.012589693069458
0.04343124106526375,0.6924372315406799,1.1267496347427368
0.05015142261981964,0.6459256410598755,1.1474398374557495
0.046341750770807266,0.5228028297424316,0.9862203598022461
0.03913512080907822,0.5439615845680237,0.935312807559967
0.041714366525411606,0.6447043418884277,1.0618480443954468
0.036516983062028885,0.6645005345344543,1.0296703577041626
0.03849799185991287,0.6813930869102478,1.0663729906082153
0.055320072919130325,0.6018288135528564,1.155029535293579
0.038987793028354645,0.5264006853103638,0.916278600692749
0.046075813472270966,0.6250512003898621,1.085809350013733
0.04581848531961441,0.5503045320510864,1.0084893703460693
0.044913943856954575,0.5716067552566528,1.0207462310791016
0.03743996098637581,0.5368512868881226,0.9112508893013
0.04202070087194443,0.6246334314346313,1.0448404550552368
0.035176318138837814,0.47281527519226074,0.8245784640312195
0.03877488151192665,0.5467388033866882,0.9344875812530518
0.04464252293109894,0.5639392733573914,1.0103645324707031
0.03842131048440933,0.6667918562889099,1.0510048866271973
0.09863762557506561,0.530595600605011,1.5169718265533447
0.04056943580508232,0.5504880547523499,0.9561824202537537
0.03964807838201523,0.5875682830810547,0.9840490818023682
0.04483963921666145,0.3805568218231201,0.828953206539154
0.04715423658490181,0.5274726152420044,0.9990149736404419
0.03614392504096031,0.6305331587791443,0.9919724464416504
0.04768579453229904,0.5590920448303223,1.035949945449829
0.04580116271972656,0.5595245361328125,1.0175361633300781
0.03601086139678955,0.5038015842437744,0.8639101982116699
0.04636523127555847,0.6256560683250427,1.0893083810806274
0.040861327201128006,0.5122029781341553,0.9208162426948547
0.039363011717796326,0.6037116050720215,0.9973417520523071
0.03942873701453209,0.5879994630813599,0.982286810874939
0.040085919201374054,0.6583166122436523,1.059175729751587
0.04194965586066246,0.564298689365387,0.9837952852249146
0.05450782924890518,0.6599389314651489,1.2050172090530396
0.03567628562450409,0.5950408577919006,0.9518036842346191
0.044589389115571976,0.49848219752311707,0.9443761110305786
0.04633500054478645,0.7027778625488281,1.1661279201507568
0.03819851577281952,0.4719439744949341,0.8539291620254517
0.04004579409956932,0.6599318981170654,1.0603898763656616
0.035802531987428665,0.6457411050796509,1.003766417503357
0.05522764474153519,0.663060188293457,1.215336561203003
0.0369267612695694,0.6573293209075928,1.0265969038009644
0.04278596490621567,0.5896434783935547,1.0175031423568726
0.03807573392987251,0.5592471957206726,0.9400045275688171
0.03969574347138405,0.6423929929733276,1.0393503904342651
0.04716895520687103,0.5464475750923157,1.0181370973587036
0.038964394479990005,0.6687276363372803,1.0583715438842773
0.04064691811800003,0.631338357925415,1.0378074645996094
0.04052291810512543,0.48122045397758484,0.8864496350288391
0.03698306530714035,0.6093319654464722,0.9791626334190369
0.03635702282190323,0.6756929159164429,1.039263129234314
0.04187097027897835,0.5344634056091309,0.9531731009483337
0.04350844398140907,0.5066590309143066,0.9417434930801392
0.03854983672499657,0.5314526557922363,0.916951060295105
0.039630331099033356,0.5141741037368774,0.9104773998260498
0.05511462688446045,0.6802518367767334,1.231398105621338
0.03634257987141609,0.6007219552993774,0.9641477465629578
0.04390357434749603,0.6184353232383728,1.0574710369110107
0.03884561359882355,0.6507787704467773,1.0392348766326904
0.043352968990802765,0.6483393311500549,1.0818690061569214
0.052384424954652786,0.4882745146751404,1.0121188163757324
0.03680206090211868,0.6111513376235962,0.9791719317436218
0.039892591536045074,0.5482715964317322,0.9471974968910217
0.039577748626470566,0.6581507921218872,1.053928256034851
0.0691981241106987,0.694951593875885,1.3869328498840332
0.05248536914587021,0.47058507800102234,0.995438814163208
0.08168880641460419,0.599246621131897,1.4161347150802612
0.038983121514320374,0.5543358325958252,0.9441670179367065
0.03928650543093681,0.5309017300605774,0.9237667918205261
0.04810860753059387,0.4948330819606781,0.9759191274642944
0.0441572479903698,0.523635983467102,0.9652084708213806
0.057990625500679016,0.5047557353973389,1.0846619606018066
0.04203914850950241,0.4378834366798401,0.8582749366760254
0.03974940627813339,0.6738905906677246,1.0713846683502197
0.045725155621767044,0.6844244003295898,1.1416759490966797
0.04747568815946579,0.6222269535064697,1.0969839096069336
0.04831530898809433,0.6234824657440186,1.106635570526123
0.0517941452562809,0.4102134704589844,0.9281549453735352
0.039026059210300446,0.47279176115989685,0.8630523681640625
0.039938416332006454,0.5533528923988342,0.9527370929718018
0.039113957434892654,0.582329273223877,0.9734688401222229
0.03545943275094032,0.4745074510574341,0.8291018009185791
0.04034804925322533,0.5256730914115906,0.929153561592102
0.04082684591412544,0.6375999450683594,1.0458683967590332
0.05121610313653946,0.6846439242362976,1.1968050003051758
0.05275292694568634,0.6071046590805054,1.1346338987350464
0.0390993133187294,0.5824496746063232,0.973442792892456
0.036155909299850464,0.6103352308273315,0.9718943238258362
0.036770112812519073,0.5876563787460327,0.9553574919700623
0.060859281569719315,0.6569557189941406,1.2655484676361084
0.03633434697985649,0.5642809271812439,0.9276244044303894
0.037849608808755875,0.5797862410545349,0.9582823514938354
0.0440487340092659,0.615939199924469,1.0564265251159668
0.03999107703566551,0.47483202815055847,0.8747428059577942
0.044573839753866196,0.5903829336166382,1.0361213684082031
0.04363105818629265,0.7002551555633545,1.1365656852722168
0.04955761879682541,0.5824434757232666,1.078019618988037
0.03786047175526619,0.5872678756713867,0.965872585773468
0.042707283049821854,0.5923657417297363,1.0194385051727295
0.047973792999982834,0.6358272433280945,1.1155651807785034
0.038363438099622726,0.35698890686035156,0.7406232953071594
0.05811621993780136,0.4813910722732544,1.0625532865524292
0.03555512800812721,0.4536452293395996,0.8091964721679688
0.036124337464571,0.5222557783126831,0.8834991455078125
0.05193387344479561,0.5351825952529907,1.0545213222503662
0.03761357069015503,0.5487855076789856,0.9249212145805359
0.04338451847434044,0.6134907603263855,1.0473359823226929
0.0528879351913929,0.7019439935684204,1.230823278427124
0.041301701217889786,0.5429767966270447,0.9559937715530396
0.0725843533873558,0.6120234131813049,1.337867021560669
0.035606786608695984,0.6169072389602661,0.9729751348495483
0.05788062885403633,0.6739434003829956,1.2527496814727783
0.04113031178712845,0.6317151188850403,1.0430182218551636
0.03697935864329338,0.6566289663314819,1.0264225006103516
0.06346261501312256,0.6727583408355713,1.3073844909667969
0.04400525987148285,0.5742319822311401,1.014284610748291
0.03974451869726181,0.3883318603038788,0.7857770919799805
0.03640560060739517,0.6800417900085449,1.0440977811813354
0.043090205639600754,0.5728271007537842,1.0037291049957275
0.03946055471897125,0.6591088771820068,1.053714394569397
0.04200821369886398,0.6470948457717896,1.0671770572662354
0.04754363372921944,0.3869639039039612,0.862400233745575
0.047319065779447556,0.6272454261779785,1.1004360914230347
0.04227537289261818,0.6598907113075256,1.0826444625854492
0.05293597653508186,0.47860559821128845,1.007965326309204
0.04068589583039284,0.5115773677825928,0.9184362888336182
0.03762846067547798,0.6719085574150085,1.0481932163238525
0.045277033001184464,0.6147863268852234,1.067556619644165
0.04109647870063782,0.6060272455215454,1.0169920921325684
0.03756510838866234,0.6651114225387573,1.0407625436782837
0.03640970215201378,0.7144545316696167,1.0785515308380127
0.03508256748318672,0.5445096492767334,0.89533531665802
0.033820029348134995,0.5855170488357544,0.9237173795700073
0.04394051432609558,0.38992756605148315,0.829332709312439
0.0438130758702755,0.600787341594696,1.038918137550354
0.0527019128203392,0.6909838914871216,1.2180030345916748
0.040121715515851974,0.4035342037677765,0.8047513961791992
0.05710365250706673,0.48643240332603455,1.0574688911437988
0.03772341087460518,0.6963207721710205,1.0735548734664917
0.03913038596510887,0.5851321816444397,0.9764360189437866
0.04890270531177521,0.47226572036743164,0.9612927436828613
0.03919697552919388,0.5910273790359497,0.9829971194267273
0.04081962630152702,0.5981658697128296,1.0063621997833252
0.038752976804971695,0.7106723785400391,1.098202109336853
0.0387827530503273,0.5196074843406677,0.9074349999427795
0.03564462438225746,0.6579577922821045,1.014404058456421
0.04374987259507179,0.493037611246109,0.9305363297462463
0.04347965866327286,0.5289760828018188,0.9637726545333862
0.03784342110157013,0.6875860691070557,1.0660202503204346
0.03875070437788963,0.6291964054107666,1.016703486442566
0.0470932237803936,0.6502398252487183,1.1211720705032349
0.03870915248990059,0.5831049680709839,0.9701964855194092
0.04245691001415253,0.5809690356254578,1.0055381059646606
0.045749399811029434,0.6310216784477234,1.0885156393051147
0.03823211044073105,0.6445265412330627,1.0268476009368896
0.04371544346213341,0.6182383298873901,1.0553927421569824
0.039940234273672104,0.3824325203895569,0.7818348407745361
0.03692515566945076,0.5911991596221924,0.9604507088661194
0.06527937948703766,0.5107324719429016,1.1635262966156006
0.04356290027499199,0.41184884309768677,0.8474778532981873
0.03944898024201393,0.6603349447250366,1.054824709892273
0.04917304590344429,0.6877596378326416,1.179490089416504
0.03736741468310356,0.5021016597747803,0.8757758140563965
0.06785774230957031,0.5679389238357544,1.2465163469314575
0.03483060002326965,0.6195060014724731,0.9678120017051697
0.04865078628063202,0.664247453212738,1.1507552862167358
0.03832610696554184,0.6050359606742859,0.9882970452308655
0.0512784980237484,0.6333070993423462,1.1460920572280884
0.03567961975932121,0.656375527381897,1.013171672821045
0.04347120597958565,0.5396247506141663,0.9743368029594421
0.040354322642087936,0.6118701696395874,1.0154134035110474
0.03467343747615814,0.6169812679290771,0.963715672492981
0.04342580586671829,0.45719361305236816,0.8914516568183899
0.03703385218977928,0.5790264010429382,0.9493649005889893
0.04388163983821869,0.6469815373420715,1.085797905921936
0.043686702847480774,0.4357716739177704,0.8726387023925781
0.04462623968720436,0.47119125723838806,0.9174536466598511
0.042601607739925385,0.5906665325164795,1.0166826248168945
0.03795851022005081,0.6240183115005493,1.003603458404541
0.050887491554021835,0.5621916055679321,1.0710664987564087
0.03636773303151131,0.6801601648330688,1.043837547302246
0.04042719304561615,0.7220646142959595,1.1263365745544434
0.03421497717499733,0.6740301847457886,1.0161799192428589
0.03987325355410576,0.6210132837295532,1.0197458267211914
0.04154560714960098,0.5017443895339966,0.9172004461288452
0.06437192112207413,0.6232516765594482,1.2669708728790283
0.04567699879407883,0.5871989727020264,1.043968915939331
0.0365937165915966,0.577796220779419,0.9437333941459656
0.03430699557065964,0.6410590410232544,0.984129011631012
0.11961793154478073,0.5525449514389038,1.7487242221832275
0.03624342381954193,0.6336695551872253,0.9961037635803223
0.0426851324737072,0.6567394733428955,1.0835907459259033
0.03999592736363411,0.6267634630203247,1.0267226696014404
0.038191162049770355,0.5467135906219482,0.928625226020813
0.05043165013194084,0.5167593359947205,1.0210758447647095
0.04013107717037201,0.6648831963539124,1.06619393825531
0.042927250266075134,0.48116740584373474,0.9104399085044861
0.04263437166810036,0.39127323031425476,0.8176169395446777
0.046149734407663345,0.6116998195648193,1.0731971263885498
0.04022744670510292,0.6871616244316101,1.0894360542297363
0.0510740727186203,0.6095695495605469,1.1203103065490723
0.04086308181285858,0.5406860113143921,0.9493168592453003
0.040005747228860855,0.5368214249610901,0.9368789196014404
0.03814324364066124,0.6207561492919922,1.0021885633468628
0.0342971570789814,0.6752235889434814,1.0181951522827148
0.04479960352182388,0.5908749103546143,1.038870930671692
0.042023878544569016,0.6567695140838623,1.0770082473754883
0.04282912611961365,0.6090431213378906,1.0373344421386719
0.039278075098991394,0.49612903594970703,0.8889098167419434
0.03648114576935768,0.5995408296585083,0.9643522500991821
0.04509390518069267,0.6012533903121948,1.0521924495697021
0.034718018025159836,0.7120590209960938,1.059239149093628
0.03815045580267906,0.7151322364807129,1.0966367721557617
0.04246911779046059,0.4854027032852173,0.9100939035415649
0.03973400220274925,0.3999355435371399,0.7972755432128906
0.040954552590847015,0.5604767799377441,0.9700223207473755
0.03457174077630043,0.5938918590545654,0.9396092891693115
0.04128697142004967,0.52397620677948,0.9368458986282349
0.03795459493994713,0.6157882213592529,0.9953341484069824
0.03804464265704155,0.4380999505519867,0.8185464143753052
0.035606928169727325,0.6358891725540161,0.9919584393501282
0.038260865956544876,0.6435543298721313,1.0261629819869995
0.0413798987865448,0.40429216623306274,0.8180911540985107
0.037993911653757095,0.5948538780212402,0.9747929573059082
0.03634156659245491,0.6419357061386108,1.0053513050079346
0.041764214634895325,0.7128424644470215,1.1304845809936523
0.03511812165379524,0.5505319833755493,0.9017131924629211
0.04001212865114212,0.6306569576263428,1.030778169631958
0.050949860364198685,0.6001861095428467,1.109684705734253
0.03800719231367111,0.5297641158103943,0.9098360538482666
0.039761241525411606,0.6501461863517761,1.0477585792541504
0.042281705886125565,0.630156934261322,1.052973985671997
0.040293291211128235,0.6203563213348389,1.0232892036437988
0.04046721011400223,0.47799038887023926,0.8826624751091003
0.041021790355443954,0.4025801420211792,0.812798023223877
0.04833243042230606,0.6028003692626953,1.0861246585845947
0.03977862000465393,0.5590755939483643,0.9568617939949036
0.04020751267671585,0.5030553340911865,0.9051304459571838
0.03803318738937378,0.6756322383880615,1.0559641122817993
0.042150527238845825,0.47895222902297974,0.900457501411438
0.04007573798298836,0.6370529532432556,1.0378103256225586
0.04106299206614494,0.6144691705703735,1.0250990390777588
0.03791626915335655,0.5330822467803955,0.9122449159622192
0.03879840672016144,0.5480210781097412,0.9360051155090332
0.07672826200723648,0.6460012793540955,1.4132838249206543
0.0446476973593235,0.42009228467941284,0.8665692806243896
0.04221675917506218,0.5961884260177612,1.0183560848236084
0.03858073800802231,0.5893491506576538,0.9751565456390381
0.04163114354014397,0.6785283088684082,1.0948398113250732
0.04280165955424309,0.39510828256607056,0.823124885559082
0.043988749384880066,0.628280520439148,1.068168044090271
0.03828415274620056,0.5958725214004517,0.9787140488624573
0.04846420884132385,0.5793649554252625,1.064007043838501
0.03750716522336006,0.6976931691169739,1.0727648735046387
0.04264814406633377,0.4426959156990051,0.8691773414611816
0.03483569249510765,0.6958571672439575,1.044214129447937
0.039475806057453156,0.5095676183700562,0.9043256640434265
0.03494561091065407,0.6156540513038635,0.965110182762146
0.05228612199425697,0.603147029876709,1.1260082721710205
0.04589679092168808,0.6598763465881348,1.1188442707061768
0.043419934809207916,0.49196910858154297,0.9261684417724609
0.035426802933216095,0.6665060520172119,1.0207741260528564
0.03860064968466759,0.6562042236328125,1.0422106981277466
0.03868231922388077,0.6547189950942993,1.0415421724319458
0.04185613617300987,0.5808579921722412,0.9994193315505981
0.039091337472200394,0.6571345329284668,1.0480479001998901
0.04262012615799904,0.5946936011314392,1.0208948850631714
0.03727744519710541,0.6820878982543945,1.054862380027771
0.04295620322227478,0.5355250239372253,0.9650870561599731
0.046736523509025574,0.4211239218711853,0.8884891271591187
0.05506136640906334,0.4884226620197296,1.0390362739562988
0.03786170855164528,0.6100292205810547,0.9886462688446045
0.040394194424152374,0.4872688949108124,0.8912107944488525
0.04376671463251114,0.6212784051895142,1.0589455366134644
0.045354101806879044,0.6876450777053833,1.1411861181259155
0.03823072463274002,0.5406080484390259,0.9229152798652649
0.049639325588941574,0.5076600909233093,1.0040533542633057
0.03416859358549118,0.560779333114624,0.902465283870697
0.043411120772361755,0.49761587381362915,0.9317270517349243
0.04283798485994339,0.5660037994384766,0.9943836331367493
0.03524285927414894,0.62574303150177,0.9781715869903564
0.046183254569768906,0.39518266916275024,0.8570152521133423
0.04269447550177574,0.620563268661499,1.0475080013275146
0.035576000809669495,0.6093023419380188,0.9650623798370361
0.03722484037280083,0.5961391925811768,0.9683876037597656
0.048526402562856674,0.5681804418563843,1.053444504737854
0.03620220348238945,0.6723570227622986,1.034379005432129
0.04063152149319649,0.5372832417488098,0.9435984492301941
0.04378267750144005,0.5690025091171265,1.0068292617797852
0.03529733046889305,0.5321680903434753,0.8851413726806641
0.03827303647994995,0.6548912525177002,1.0376216173171997
0.0495992936193943,0.5502783060073853,1.0462712049484253
0.04140675440430641,0.6210314035415649,1.035098910331726
0.038787297904491425,0.5762791633605957,0.9641521573066711
0.03479878976941109,0.6753929257392883,1.0233807563781738
0.042176224291324615,0.45772069692611694,0.8794829249382019
0.03882662206888199,0.6546931862831116,1.042959451675415
0.05925823003053665,0.601251482963562,1.193833827972412
0.036787718534469604,0.6191751956939697,0.9870523810386658
0.04558761045336723,0.5628130435943604,1.0186891555786133
0.042357638478279114,0.6774545311927795,1.101030945777893
0.042222727090120316,0.2969142198562622,0.7191414833068848
0.04242295026779175,0.6411815881729126,1.06541109085083
0.051098231226205826,0.5676190853118896,1.078601360321045
0.03400564566254616,0.7181482315063477,1.0582046508789062
0.041086819022893906,0.573731541633606,0.9845997095108032
0.0500851646065712,0.5366520285606384,1.037503719329834
0.03773776814341545,0.618586540222168,0.9959642291069031
0.03482009470462799,0.5169163942337036,0.8651173114776611
0.04004516080021858,0.5931031703948975,0.9935547709465027
0.042326245456933975,0.5850533843040466,1.0083158016204834
0.04032101854681969,0.5733681917190552,0.9765783548355103
0.03297402709722519,0.6609112024307251,0.9906514883041382
0.0373135544359684,0.5451900362968445,0.9183255434036255
0.04640167951583862,0.6708745956420898,1.134891390800476
0.043313875794410706,0.45860201120376587,0.8917407989501953
0.04365819692611694,0.6315330862998962,1.068114995956421
0.03691863268613815,0.6344154477119446,1.0036017894744873
0.03916168957948685,0.6412401795387268,1.032857060432434
0.04305543377995491,0.6174603700637817,1.0480146408081055
0.04184172675013542,0.6959685683250427,1.1143858432769775
0.04223816469311714,0.6130033731460571,1.035385012626648
0.04653974622488022,0.40689370036125183,0.8722912073135376
0.04325980693101883,0.45111119747161865,0.8837092518806458
0.03801781311631203,0.6605453491210938,1.040723443031311
0.04185941442847252,0.5213865637779236,0.9399807453155518
0.06020747870206833,0.6063737869262695,1.2084486484527588
0.05410497635602951,0.6988048553466797,1.2398545742034912
0.04056078940629959,0.6283509135246277,1.0339587926864624
0.04467226564884186,0.6133079528808594,1.0600305795669556
0.03973761945962906,0.5347591638565063,0.9321353435516357
0.03871006891131401,0.6227719783782959,1.0098726749420166
0.043761078268289566,0.5282741189002991,0.9658849239349365
0.03576165437698364,0.5928590297698975,0.9504755735397339
0.043293297290802,0.5165666341781616,0.9494996070861816
0.034213632345199585,0.586061954498291,0.9281982779502869
0.04155593365430832,0.5634162425994873,0.9789755940437317
0.03743202984333038,0.6135834455490112,0.9879037141799927
0.04295241832733154,0.6612889766693115,1.090813159942627
0.05230150744318962,0.5653438568115234,1.0883588790893555
0.035700369626283646,0.491249144077301,0.8482528328895569
0.04717148095369339,0.5541833639144897,1.0258982181549072
0.03710959106683731,0.6519042253494263,1.0230001211166382
0.03757238760590553,0.59145587682724,0.9671797752380371
0.039336010813713074,0.42306116223335266,0.8164212703704834
0.03445012494921684,0.6230619549751282,0.9675632119178772
0.035697177052497864,0.6328226327896118,0.9897943735122681
0.03989747539162636,0.6234250068664551,1.0223997831344604
0.03771314024925232,0.6179280281066895,0.9950594305992126
0.04098493978381157,0.5228514671325684,0.9327008724212646
0.06271427869796753,0.5861496925354004,1.2132924795150757
0.03857537731528282,0.4796772301197052,0.865431010723114
0.046704597771167755,0.6462897062301636,1.1133356094360352
0.03715149685740471,0.6465871334075928,1.0181021690368652
0.045889612287282944,0.467191219329834,0.9260873794555664
0.04387157782912254,0.48522311449050903,0.9239388704299927
0.03956231847405434,0.6338073015213013,1.0294305086135864
0.0370052307844162,0.5911502838134766,0.9612026214599609
0.04845044016838074,0.33686965703964233,0.8213740587234497
0.038052480667829514,0.6541964411735535,1.0347212553024292
0.04579944908618927,0.504486083984375,0.9624805450439453
0.041842684149742126,0.6391087174415588,1.0575355291366577
0.0347566120326519,0.6535516977310181,1.0011178255081177
0.03677164390683174,0.49681356549263,0.8645299673080444
0.03840702027082443,0.595587968826294,0.9796581864356995
0.034034691751003265,0.6958441734313965,1.0361911058425903
0.040777530521154404,0.5770789384841919,0.9848542213439941
0.04382741078734398,0.5557234883308411,0.9939975738525391
0.054771047085523605,0.6030116081237793,1.1507220268249512
0.037082865834236145,0.5233103036880493,0.8941389322280884
0.042209845036268234,0.543663740158081,0.965762197971344
0.054491136223077774,0.4535441994667053,0.9984555840492249
0.04934884235262871,0.6074856519699097,1.1009740829467773
0.03875384107232094,0.578660249710083,0.9661986827850342
0.057162076234817505,0.6095867156982422,1.1812074184417725
0.04203082248568535,0.6618602275848389,1.082168459892273
0.04172879830002785,0.7179086208343506,1.135196566581726
0.039167337119579315,0.624913215637207,1.0165865421295166
0.03471517562866211,0.5634757280349731,0.9106274843215942
0.03582267463207245,0.6810201406478882,1.039246916770935
0.045177120715379715,0.45727869868278503,0.9090498685836792
0.04558706656098366,0.6138793230056763,1.0697499513626099
0.03907466679811478,0.4230791926383972,0.8138258457183838
0.03593205288052559,0.6814424395561218,1.0407629013061523
0.040150340646505356,0.680947482585907,1.0824508666992188
0.03713001310825348,0.6918400526046753,1.0631401538848877
0.036966096609830856,0.635191798210144,1.0048527717590332
0.04463379830121994,0.6650863885879517,1.111424446105957
0.037129051983356476,0.5739101767539978,0.9452006816864014
0.03682832047343254,0.5177905559539795,0.8860737681388855
0.04278158023953438,0.48818162083625793,0.9159973859786987
0.03634442761540413,0.589722752571106,0.9531670212745667
0.03943423181772232,0.5724795460700989,0.9668218493461609
0.03856778144836426,0.5456469058990479,0.9313247203826904
0.03558677062392235,0.5763617753982544,0.9322295188903809
0.04230540618300438,0.4485059976577759,0.8715600967407227
0.035053640604019165,0.5318851470947266,0.8824215531349182
0.03854575380682945,0.6445853114128113,1.0300428867340088
0.035775672644376755,0.6981024742126465,1.0558592081069946
0.0437832772731781,0.6401156187057495,1.0779483318328857
0.03588465601205826,0.6689289808273315,1.027775526046753
0.03804786875844002,0.4821372628211975,0.8626159429550171
0.04466797411441803,0.41412031650543213,0.86080002784729
0.039877019822597504,0.5445654988288879,0.9433357119560242
0.041548606008291245,0.5484083294868469,0.9638943672180176
0.04177306964993477,0.6904738545417786,1.1082046031951904
0.04159485176205635,0.6521071195602417,1.0680556297302246
0.04194602742791176,0.3969680070877075,0.8164283037185669
0.041715238243341446,0.4306647777557373,0.8478171825408936
0.03759485483169556,0.6879101991653442,1.0638587474822998
0.05148251727223396,0.5467572808265686,1.0615824460983276
0.03558451309800148,0.677261471748352,1.0331065654754639
0.03732706978917122,0.714613676071167,1.0878844261169434
0.034716200083494186,0.6788150072097778,1.0259770154953003
0.035917166620492935,0.5968497395515442,0.9560214281082153
0.06804481148719788,0.6466355919837952,1.327083706855774
0.03412472829222679,0.6099456548690796,0.9511929750442505
0.04523727670311928,0.6459333896636963,1.0983061790466309
0.03568499535322189,0.5408204197883606,0.8976703882217407
0.03955885022878647,0.5014663338661194,0.8970548510551453
0.04100019484758377,0.6746100783348083,1.0846120119094849
0.037875451147556305,0.5280264616012573,0.9067809581756592
0.04690217599272728,0.47243067622184753,0.9414524435997009
0.04401983693242073,0.6081047058105469,1.0483031272888184
0.03523372486233711,0.6153466701507568,0.9676839113235474
0.03622882813215256,0.6467825174331665,1.009070873260498
0.03758057579398155,0.599541425704956,0.9753471612930298
0.04080286622047424,0.5621128082275391,0.9701414704322815
0.038791071623563766,0.6184297800064087,1.006340503692627
0.03440370038151741,0.6476572751998901,0.9916942715644836
0.06831177324056625,0.6144174933433533,1.2975351810455322
0.03637128323316574,0.5745222568511963,0.9382351040840149
0.030741587281227112,0.6414058208465576,0.9488216638565063
0.05879460647702217,0.5947925448417664,1.1827385425567627
0.04152918606996536,0.5507446527481079,0.9660364985466003
0.03227299451828003,0.5260614156723022,0.8487913608551025
0.04327664151787758,0.5326027870178223,0.9653692245483398
0.038503728806972504,0.6833251714706421,1.0683624744415283
0.04126197472214699,0.5468765497207642,0.959496259689331
0.0411626361310482,0.5484729409217834,0.9600993394851685
0.04368444159626961,0.5108171105384827,0.9476615190505981
0.052591387182474136,0.503774881362915,1.029688835144043
0.04014989733695984,0.6021751165390015,1.003674030303955
0.04515725001692772,0.48285365104675293,0.9344261884689331
0.040776439011096954,0.600335955619812,1.0081002712249756
0.0603918693959713,0.6261407136917114,1.2300593852996826
0.06817843019962311,0.6085558533668518,1.2903401851654053
0.03577793389558792,0.6181047558784485,0.9758840799331665
0.044333186000585556,0.48426133394241333,0.9275932312011719
0.037060048431158066,0.4954201877117157,0.866020679473877
0.03457477688789368,0.47167089581489563,0.8174186944961548
0.06228343024849892,0.6913467645645142,1.3141810894012451
0.03999863564968109,0.5534485578536987,0.953434944152832
0.03679864853620529,0.6078667044639587,0.9758532047271729
0.03360414877533913,0.6687111854553223,1.0047526359558105
0.0427633672952652,0.6278164982795715,1.055450201034546
0.041043926030397415,0.7360121607780457,1.146451473236084
0.04157603159546852,0.5472446084022522,0.9630049467086792
0.05630814656615257,0.7306079864501953,1.293689489364624
0.03685694932937622,0.6495558619499207,1.018125295639038
0.04852057620882988,0.5748982429504395,1.0601040124893188
0.04422216862440109,0.6577492356300354,1.0999709367752075
0.042448293417692184,0.5267904996871948,0.9512734413146973
0.04450196772813797,0.5587842464447021,1.0038039684295654
0.04513392224907875,0.44640427827835083,0.8977434635162354
0.047168441116809845,0.6463954448699951,1.1180799007415771
0.04520376771688461,0.6504685878753662,1.1025062799453735
0.03604565188288689,0.6563930511474609,1.0168495178222656
0.04371551051735878,0.6334118843078613,1.070567011833191
0.041687771677970886,0.6239856481552124,1.0408633947372437
0.04212316870689392,0.659357488155365,1.0805891752243042
0.03678097575902939,0.5508148670196533,0.9186246395111084
0.03740917146205902,0.5022920370101929,0.8763837814331055
0.039590660482645035,0.5459936261177063,0.9419002532958984
0.05569802597165108,0.5336552858352661,1.0906355381011963
0.0449986532330513,0.5727210640907288,1.0227075815200806
0.04341880604624748,0.5960325598716736,1.030220627784729
0.039107415825128555,0.5152674913406372,0.9063416719436646
0.03728652745485306,0.4376049041748047,0.8104701638221741
0.0379905104637146,0.6488977670669556,1.0288028717041016
0.03833295777440071,0.5624325275421143,0.9457620978355408
0.044787269085645676,0.6350492238998413,1.0829219818115234
0.040056973695755005,0.5534441471099854,0.9540138840675354
0.04063909128308296,0.5318232178688049,0.938214123249054
0.0396818108856678,0.4553852677345276,0.852203369140625
0.034175124019384384,0.5794267058372498,0.9211779832839966
0.04442040994763374,0.4845743179321289,0.9287784099578857
0.039568763226270676,0.6024374961853027,0.9981251358985901
0.05421912297606468,0.5528572797775269,1.095048427581787
0.04385089501738548,0.5070445537567139,0.9455535411834717
0.04120359197258949,0.5578473806381226,0.9698833227157593
0.04881346598267555,0.5257528424263,1.0138875246047974
0.04307788237929344,0.5586903095245361,0.9894691705703735
0.0378207191824913,0.6022571325302124,0.9804643392562866
0.036021433770656586,0.460186243057251,0.820400595664978
0.03477509692311287,0.6685880422592163,1.0163390636444092
0.03663177043199539,0.6365005970001221,1.0028183460235596
0.05555969104170799,0.6088281869888306,1.1644251346588135
0.03930747136473656,0.5567067861557007,0.9497815370559692
0.03871803358197212,0.6519565582275391,1.0391368865966797
0.043153394013643265,0.595590353012085,1.027124285697937
0.04651327431201935,0.5953318476676941,1.06046462059021
0.03453967347741127,0.5768859386444092,0.9222826957702637
0.044303085654973984,0.6355615854263306,1.0785924196243286
0.04541173204779625,0.5851724147796631,1.0392897129058838
0.04000305011868477,0.5559446811676025,0.9559751749038696
0.052723560482263565,0.5980559587478638,1.1252915859222412
0.04471993446350098,0.4397653043270111,0.8869646787643433
0.044443439692258835,0.6104954481124878,1.0549298524856567
0.03999058157205582,0.6357553005218506,1.0356611013412476
0.04177618399262428,0.6216928362846375,1.039454698562622
0.04134745895862579,0.6752011775970459,1.0886757373809814
0.03472914174199104,0.6102494597434998,0.9575408697128296
0.0359974168241024,0.6162264347076416,0.9762005805969238
0.04106571152806282,0.5527958869934082,0.9634529948234558
0.10806799679994583,0.5755703449249268,1.6562503576278687
0.03909681364893913,0.5002580881118774,0.8912262320518494
0.04973703250288963,0.6802539229393005,1.177624225616455
0.04546274617314339,0.3488709330558777,0.803498387336731
0.043605394661426544,0.5795113444328308,1.015565276145935
0.05813660845160484,0.5445811748504639,1.1259472370147705
0.05350329726934433,0.5325503349304199,1.0675833225250244
0.046066951006650925,0.5039275884628296,0.9645971059799194
0.07689264416694641,0.5731449127197266,1.342071294784546
0.044051554054021835,0.5151269435882568,0.9556424617767334
0.04117043316364288,0.676922082901001,1.0886263847351074
0.039032962173223495,0.47340452671051025,0.8637341260910034
0.04734843969345093,0.6422616839408875,1.115746021270752
0.0405099056661129,0.4955683946609497,0.9006674289703369
0.04417409747838974,0.594146728515625,1.0358877182006836
0.04359949752688408,0.5903224349021912,1.0263173580169678
0.03557997941970825,0.5834159851074219,0.9392157793045044
0.04559939727187157,0.41301047801971436,0.869004487991333
0.040732789784669876,0.5921200513839722,0.9994479417800903
0.039117857813835144,0.5391920804977417,0.9303706884384155
0.041259024292230606,0.6556824445724487,1.0682727098464966
0.050619304180145264,0.695658802986145,1.2018518447875977
0.041101034730672836,0.5198124647140503,0.9308228492736816
0.04399293288588524,0.5143159031867981,0.9542452096939087
0.037987515330314636,0.651985764503479,1.0318609476089478
0.05332760885357857,0.5042136907577515,1.0374897718429565
0.03625301644206047,0.6128877401351929,0.9754179120063782
0.03717539459466934,0.6436153054237366,1.015369176864624
0.05335453152656555,0.3329848051071167,0.8665301203727722
0.045204538851976395,0.6124732494354248,1.064518690109253
0.03883781284093857,0.5718993544578552,0.9602774977684021
0.042243778705596924,0.4979337155818939,0.9203715324401855
0.038724385201931,0.5795623064041138,0.966806173324585
0.03459349647164345,0.7170729637145996,1.0630079507827759
0.035807352513074875,0.5035473704338074,0.8616209030151367
0.04701415076851845,0.4586012661457062,0.9287427663803101
0.03827992454171181,0.6348292231559753,1.0176284313201904
0.039510466158390045,0.5653682947158813,0.9604729413986206
0.03977150097489357,0.6953954696655273,1.09311044216156
0.040649063885211945,0.6541631817817688,1.060653805732727
0.07080195844173431,0.506507158279419,1.2145267724990845
0.04350117966532707,0.6058582663536072,1.0408700704574585
0.03602534532546997,0.6604975461959839,1.0207509994506836
0.05043358728289604,0.46616309881210327,0.9704989790916443
0.03564437851309776,0.6425960063934326,0.9990397691726685
0.038204699754714966,0.6185654401779175,1.000612497329712
0.039981476962566376,0.6266635656356812,1.0264782905578613
0.03960591182112694,0.5947173833847046,0.990776538848877
0.07420451939105988,0.6623340845108032,1.4043792486190796
0.03930967301130295,0.5546646118164062,0.9477613568305969
0.03974897041916847,0.6492500901222229,1.0467398166656494
0.03907188028097153,0.479931116104126,0.8706499338150024
0.03869030997157097,0.6675044298171997,1.0544075965881348
0.03950604796409607,0.5221433639526367,0.9172038435935974
0.03596069663763046,0.7118653655052185,1.071472406387329
0.04121849313378334,0.44640570878982544,0.8585906028747559
0.03711214289069176,0.6235630512237549,0.9946844577789307
0.04511413723230362,0.5156928300857544,0.9668341875076294
0.04847107082605362,0.5606819987297058,1.0453927516937256
0.03263368085026741,0.6490262746810913,0.9753630757331848
0.04059671238064766,0.5491892099380493,0.9551563262939453
0.03930606693029404,0.6818416714668274,1.0749022960662842
0.04786026105284691,0.4952242970466614,0.9738268852233887
0.039614755660295486,0.6387065052986145,1.0348540544509888
0.038113784044981,0.5328861474990845,0.9140239953994751
0.05037112161517143,0.5185211300849915,1.0222322940826416
0.03556887432932854,0.6894084811210632,1.0450972318649292
0.04643545299768448,0.551106333732605,1.0154608488082886
0.045292776077985764,0.4861791729927063,0.9391069412231445
0.043320488184690475,0.5376189947128296,0.9708238840103149
0.033523790538311005,0.5916674137115479,0.9269053339958191
0.03670552000403404,0.6423240900039673,1.009379267692566
0.06418176740407944,0.638717532157898,1.2805352210998535
0.0351380854845047,0.6616193056106567,1.0130001306533813
0.042176503688097,0.5092236995697021,0.9309887290000916
0.05851329490542412,0.5844302177429199,1.1695631742477417
0.06561947613954544,0.6115082502365112,1.2677030563354492
0.05927632749080658,0.6478579044342041,1.2406212091445923
0.03477688506245613,0.6650617718696594,1.0128306150436401
0.03501754254102707,0.4367104172706604,0.7868858575820923
0.04329849034547806,0.46405574679374695,0.897040605545044
0.048660967499017715,0.5020992159843445,0.9887088537216187
0.040352098643779755,0.6101933717727661,1.01371431350708
0.03448854759335518,0.6286214590072632,0.9735069274902344
0.033736348152160645,0.5114549994468689,0.8488184809684753
0.037398066371679306,0.5838342905044556,0.9578149318695068
0.04180343821644783,0.33578622341156006,0.7538205981254578
0.03630021959543228,0.6274145841598511,0.9904167652130127
0.036017030477523804,0.6406899690628052,1.0008602142333984
0.038091033697128296,0.5353267192840576,0.9162370562553406
0.03649916872382164,0.437940388917923,0.80293208360672
0.03963610902428627,0.7102421522140503,1.1066032648086548
0.03489455580711365,0.5714507699012756,0.9203963279724121
0.03925180062651634,0.5570015907287598,0.9495196342468262
0.036747630685567856,0.4019409120082855,0.7694172263145447
0.042911600321531296,0.5980064272880554,1.0271224975585938
0.043439339846372604,0.5657652020454407,1.0001585483551025
0.045290157198905945,0.552266001701355,1.0051676034927368
0.04815344139933586,0.6247969269752502,1.1063313484191895
0.03780801221728325,0.5702061653137207,0.9482862949371338
0.03677498921751976,0.6837828159332275,1.0515327453613281
0.042491067200899124,0.5709446668624878,0.9958553314208984
0.03574613109230995,0.6176336407661438,0.9750949144363403
0.03607496991753578,0.5968290567398071,0.9575787782669067
0.033143483102321625,0.4873608350753784,0.8187956809997559
0.03442135453224182,0.5251160264015198,0.869329571723938
0.04433653503656387,0.47859254479408264,0.9219578504562378
0.052420590072870255,0.4084682762622833,0.9326741695404053
0.03435569629073143,0.578374981880188,0.9219319820404053
0.04098402336239815,0.6433857679367065,1.0532259941101074
0.039446212351322174,0.3981393873691559,0.792601466178894
0.036353129893541336,0.5120276212692261,0.8755589127540588
0.04054535552859306,0.5667821764945984,0.9722357392311096
0.04408350586891174,0.4755706787109375,0.9164057374000549
0.03676965460181236,0.6668464541435242,1.0345430374145508
0.038411300629377365,0.6703987717628479,1.0545117855072021
0.035828351974487305,0.6678451299667358,1.0261286497116089
0.040308188647031784,0.5635451078414917,0.9666270017623901
0.04391179233789444,0.6496366262435913,1.0887545347213745
0.03953921049833298,0.571814775466919,0.9672068953514099
0.04028647392988205,0.595004677772522,0.9978694319725037
0.035236798226833344,0.4648812711238861,0.8172492980957031
0.06631650030612946,0.6448872089385986,1.3080521821975708
0.03764571622014046,0.5133079290390015,0.8897650837898254
0.04446000978350639,0.6766063570976257,1.121206521987915
0.04072955250740051,0.5385985970497131,0.9458941221237183
0.04596368595957756,0.6349689960479736,1.0946059226989746
0.03667151555418968,0.6149502992630005,0.9816654920578003
0.0363868847489357,0.5140737295150757,0.8779425621032715
0.03966540843248367,0.5086517333984375,0.905305802822113
0.036160729825496674,0.5635850429534912,0.9251923561096191
0.034076668322086334,0.5078444480895996,0.8486111164093018
0.048478927463293076,0.5115414261817932,0.996330738067627
0.0424967035651207,0.6026900410652161,1.0276570320129395
0.03482719883322716,0.5973695516586304,0.9456415176391602
0.03312614560127258,0.6007627248764038,0.9320241808891296
0.036324985325336456,0.44403940439224243,0.8072892427444458
0.0436323918402195,0.6274950504302979,1.0638189315795898
0.0366620197892189,0.6083719730377197,0.9749921560287476
0.03686515986919403,0.6185669898986816,0.9872186183929443
0.051833730190992355,0.719773530960083,1.2381107807159424
0.035351697355508804,0.5210939645767212,0.8746109008789062
0.03584834560751915,0.5820798277854919,0.9405633211135864
0.03484043851494789,0.5723962783813477,0.9208006858825684
0.03600895777344704,0.37313979864120483,0.733229398727417
0.06637881696224213,0.7376369833946228,1.4014251232147217
0.03395749628543854,0.6186354160308838,0.9582103490829468
0.03244935721158981,0.5585132241249084,0.8830068111419678
0.039685625582933426,0.40292391180992126,0.7997801303863525
0.044813502579927444,0.46277540922164917,0.910910427570343
0.04000827297568321,0.6118700504302979,1.0119527578353882
0.03414216637611389,0.6499186754226685,0.9913403391838074
0.038109418004751205,0.5343961715698242,0.9154903888702393
0.034832995384931564,0.6570903062820435,1.005420207977295
0.034091874957084656,0.5293906927108765,0.8703094720840454
0.0429864227771759,0.6292427778244019,1.0591070652008057
0.03482910245656967,0.5998654365539551,0.948156476020813
0.03302520886063576,0.4803837239742279,0.8106358051300049
0.03785698115825653,0.5774179697036743,0.955987811088562
0.041666630655527115,0.4076076149940491,0.824273943901062
0.04600394517183304,0.6051064729690552,1.0651459693908691
0.034571174532175064,0.6373107433319092,0.9830224514007568
0.03290070593357086,0.6586114168167114,0.9876184463500977
0.03897726908326149,0.5927469730377197,0.9825196266174316
0.04102826118469238,0.48597341775894165,0.8962560296058655
0.03423663601279259,0.5979849100112915,0.9403512477874756
0.05162247270345688,0.5704389810562134,1.0866637229919434
0.04129898548126221,0.6277663707733154,1.0407562255859375
0.034251414239406586,0.5619328022003174,0.9044469594955444
0.03439907357096672,0.6045912504196167,0.9485819935798645
0.0444677509367466,0.557750940322876,1.002428412437439
0.04162495583295822,0.5771346092224121,0.9933841824531555
0.03843551501631737,0.5179491639137268,0.9023042917251587
0.053117088973522186,0.543277382850647,1.0744483470916748
0.04319043457508087,0.5970619916915894,1.0289663076400757
0.03187043219804764,0.674803614616394,0.9935079216957092
0.047716397792100906,0.6379361152648926,1.1151001453399658
0.03516865521669388,0.5017172694206238,0.8534038066864014
0.0371934175491333,0.6564385294914246,1.0283727645874023
0.03901657834649086,0.6252269744873047,1.015392780303955
0.04017206281423569,0.4355561137199402,0.8372767567634583
0.050723668187856674,0.6591697931289673,1.1664063930511475
0.03502291813492775,0.4933651387691498,0.8435943126678467
0.037228379398584366,0.5597150921821594,0.9319988489151001
0.06997279822826385,0.6462862491607666,1.3460142612457275
0.03442395105957985,0.5872035622596741,0.9314430952072144
0.053885575383901596,0.583903431892395,1.1227591037750244
0.038952771574258804,0.602209210395813,0.991736888885498
0.044257622212171555,0.590096652507782,1.0326728820800781
0.03861475735902786,0.5262072086334229,0.9123547673225403
0.040394969284534454,0.6292385458946228,1.0331882238388062
0.039427500218153,0.5242800712585449,0.9185550808906555
0.044127967208623886,0.5191628932952881,0.9604425430297852
0.04141891747713089,0.6827481985092163,1.0969374179840088
0.03774935379624367,0.7204931974411011,1.0979866981506348
0.03834694251418114,0.6190500259399414,1.0025194883346558
0.04795483127236366,0.5673717260360718,1.0469200611114502
0.039945799857378006,0.5282262563705444,0.9276842474937439
0.050838369876146317,0.5852327942848206,1.0936164855957031
0.044732823967933655,0.49530377984046936,0.9426320195198059
0.04350300505757332,0.5403580665588379,0.9753881096839905
0.039914313703775406,0.62138432264328,1.0205274820327759
0.04348742961883545,0.5006481409072876,0.9355224370956421
0.03480614349246025,0.5040491819381714,0.8521106243133545
0.038135576993227005,0.5994597673416138,0.9808155298233032
0.036873746663331985,0.6072103977203369,0.9759478569030762
0.037203092128038406,0.6131033897399902,0.9851343035697937
0.03497707471251488,0.5654908418655396,0.9152616262435913
0.07895354926586151,0.6171371936798096,1.406672716140747
0.039423730224370956,0.6490878462791443,1.0433251857757568
0.04315423592925072,0.5159692168235779,0.9475115537643433
0.03709035739302635,0.5214129090309143,0.892316460609436
0.03307626023888588,0.6594517230987549,0.9902143478393555
0.06709212809801102,0.5049285292625427,1.1758497953414917
0.03697502240538597,0.5308837890625,0.9006340503692627
0.06266568601131439,0.593719482421875,1.2203763723373413
0.034970056265592575,0.5279648303985596,0.8776654005050659
0.037702228873968124,0.642291247844696,1.0193135738372803
0.03429436311125755,0.6611745357513428,1.0041182041168213
0.03338237851858139,0.7335820198059082,1.0674058198928833
0.04485037922859192,0.5642185807228088,1.012722373008728
0.03731955215334892,0.6113698482513428,0.9845653772354126
0.04818259924650192,0.7004690766334534,1.1822950839996338
0.04578836262226105,0.5225368738174438,0.9804204702377319
0.0409405492246151,0.6702762246131897,1.0796817541122437
0.045153964310884476,0.6413735151290894,1.0929131507873535
0.04660145938396454,0.44550949335098267,0.9115240573883057
0.045369479805231094,0.6013405323028564,1.0550353527069092
0.04627988114953041,0.5407695174217224,1.0035682916641235
0.035001832991838455,0.6427854299545288,0.9928037524223328
0.05001987889409065,0.5218304395675659,1.022029161453247
0.03842457756400108,0.6437082290649414,1.0279539823532104
0.03689249977469444,0.6406117677688599,1.0095367431640625
0.03803190961480141,0.5497956275939941,0.93011474609375
0.07726681232452393,0.7103069424629211,1.4829750061035156
0.04079144075512886,0.592795729637146,1.000710129737854
0.03440050035715103,0.5834368467330933,0.9274418354034424
0.04137035086750984,0.528569221496582,0.9422727227210999
0.03456095978617668,0.4760335087776184,0.8216431140899658
0.048535872250795364,0.6745545864105225,1.1599133014678955
0.04575958102941513,0.5573577880859375,1.01495361328125
0.04815327003598213,0.619096040725708,1.1006287336349487
0.04320135340094566,0.42355602979660034,0.85556960105896
0.04106368124485016,0.5629332065582275,0.9735699892044067
0.0334901288151741,0.6498210430145264,0.9847223162651062
0.0477866530418396,0.5096597671508789,0.9875262975692749
0.03663114830851555,0.6009469032287598,0.9672583937644958
0.034439027309417725,0.5276173949241638,0.8720076680183411
0.04119042679667473,0.5920413136482239,1.0039455890655518
0.03779949992895126,0.43530574440956116,0.8133007287979126
0.03737037256360054,0.6377643346786499,1.0114680528640747
0.03980274125933647,0.5356123447418213,0.9336397647857666
0.059462372213602066,0.5815332531929016,1.176156997680664
0.03799097612500191,0.6889360547065735,1.0688457489013672
0.036177441477775574,0.6042886972427368,0.9660631418228149
0.046117547899484634,0.505571186542511,0.9667466878890991
0.03685804083943367,0.5464609861373901,0.9150413870811462
0.036899860948324203,0.6946109533309937,1.0636096000671387
0.1178591176867485,0.6423949003219604,1.820986032485962
0.039115436375141144,0.332572340965271,0.7237266898155212
0.0326819084584713,0.5734676718711853,0.9002867937088013
0.061702389270067215,0.6683229804039001,1.2853468656539917
0.04166720062494278,0.523712158203125,0.9403841495513916
0.036130134016275406,0.6151245832443237,0.9764258861541748
0.03521277382969856,0.5732840299606323,0.9254117608070374
0.043968696147203445,0.4769858717918396,0.9166728258132935
0.03722650185227394,0.4710835814476013,0.8433486223220825
0.038872215896844864,0.7124466896057129,1.1011688709259033
0.03669947758316994,0.6059954166412354,0.9729901552200317
0.03526349738240242,0.542289674282074,0.8949246406555176
0.04457569867372513,0.616434633731842,1.0621916055679321
0.04285363852977753,0.5241432785987854,0.9526796340942383
0.03484097495675087,0.6849812865257263,1.033390998840332
0.037052221596241,0.6930711269378662,1.0635933876037598
0.03730025887489319,0.5327755212783813,0.9057781100273132
0.03842420503497124,0.5569444894790649,0.9411865472793579
0.04321487620472908,0.5968946218490601,1.029043436050415
0.041755180805921555,0.5556296110153198,0.973181426525116
0.03466799482703209,0.6400182843208313,0.9866982698440552
0.03574534133076668,0.48404327034950256,0.8414967060089111
0.04180150106549263,0.6157846450805664,1.033799648284912
0.04984382912516594,0.5623666644096375,1.0608049631118774
0.035786841064691544,0.627763569355011,0.9856319427490234
0.04216340556740761,0.6822911500930786,1.1039252281188965
0.03716901317238808,0.5586544275283813,0.9303445816040039
0.04159710556268692,0.7049698829650879,1.120940923690796
0.04115928336977959,0.4859735369682312,0.8975663781166077
0.034480396658182144,0.688584566116333,1.0333884954452515
0.05416293069720268,0.620884895324707,1.1625142097473145
0.03671257197856903,0.5417624711990356,0.9088882207870483
0.03977759927511215,0.5831262469291687,0.9809022545814514
0.03979120030999184,0.5166292786598206,0.9145412445068359
0.03961848095059395,0.3337264060974121,0.729911208152771
0.04278365895152092,0.6341449022293091,1.061981439590454
0.033510204404592514,0.6026613116264343,0.9377633333206177
0.03817090764641762,0.6208086609840393,1.0025177001953125
0.03508281707763672,0.5243746042251587,0.8752027750015259
0.03378532826900482,0.5767346024513245,0.9145878553390503
0.05673746019601822,0.6644519567489624,1.2318265438079834
0.048499081283807755,0.5946826338768005,1.079673409461975
0.05170025676488876,0.7069140672683716,1.2239166498184204
0.03630058839917183,0.5775265097618103,0.940532386302948
0.03495606407523155,0.6538145542144775,1.0033751726150513
0.03351927176117897,0.4514380097389221,0.7866307497024536
0.04141150787472725,0.6061522960662842,1.020267367362976
0.03379316255450249,0.5687906742095947,0.9067223072052002
0.036445487290620804,0.64128577709198,1.0057406425476074
0.0469098836183548,0.519640326499939,0.9887391328811646
0.039397403597831726,0.6524455547332764,1.046419620513916
0.04173193871974945,0.5822669267654419,0.9995863437652588
0.040570445358753204,0.5960338115692139,1.0017383098602295
0.035445667803287506,0.5826587677001953,0.9371154308319092
0.03982565551996231,0.5823920965194702,0.9806486368179321
0.04869310185313225,0.6141210198402405,1.1010520458221436
0.042314767837524414,0.6427985429763794,1.0659462213516235
0.04373526573181152,0.4837113320827484,0.921064019203186
0.05339963734149933,0.702333390712738,1.2363297939300537
0.034416284412145615,0.6045740842819214,0.9487369060516357
0.04562078043818474,0.5443003177642822,1.0005080699920654
0.03763177990913391,0.6427565813064575,1.0190744400024414
0.07084423303604126,0.6693627834320068,1.3778051137924194
0.042329154908657074,0.5951608419418335,1.0184524059295654
0.03292830288410187,0.6763134002685547,1.005596399307251
0.03360702469944954,0.5799291133880615,0.9159993529319763
0.03470167517662048,0.4056643545627594,0.7526811361312866
0.05430843308568001,0.668961226940155,1.2120455503463745
0.0376250259578228,0.5556191205978394,0.931869387626648
0.03695294260978699,0.6079514026641846,0.9774808287620544
0.043189503252506256,0.5629400014877319,0.9948350191116333
0.033090367913246155,0.5372562408447266,0.8681598901748657
0.0449976772069931,0.5334905385971069,0.9834673404693604
0.06075220927596092,0.5454690456390381,1.1529910564422607
0.03711880370974541,0.5951447486877441,0.9663327932357788
0.03660496696829796,0.6760210990905762,1.042070746421814
0.03789175674319267,0.579444944858551,0.9583625197410583
0.06230483576655388,0.7077406048774719,1.3307889699935913
0.04367552697658539,0.4011778235435486,0.8379330635070801
0.04217880964279175,0.6778841018676758,1.0996721982955933
0.04260438308119774,0.5808680057525635,1.0069118738174438
0.047159332782030106,0.4476751983165741,0.9192684888839722
0.042139604687690735,0.527913510799408,0.9493095874786377
0.034516461193561554,0.5850412845611572,0.9302058815956116
0.039389461278915405,0.6071572303771973,1.001051902770996
0.04181480407714844,0.6336420774459839,1.0517901182174683
0.039721760898828506,0.6019206047058105,0.9991382360458374
0.04493967443704605,0.5202451944351196,0.969641923904419
0.04415147751569748,0.5779956579208374,1.0195105075836182
0.03795856609940529,0.5438024401664734,0.9233881235122681
0.03995780646800995,0.7114219665527344,1.1110000610351562
0.039316482841968536,0.667438268661499,1.060603141784668
0.04107125103473663,0.5923172235488892,1.003029704093933
0.03500988706946373,0.6018397212028503,0.9519386291503906
0.03613405302166939,0.6637847423553467,1.02512526512146
0.0390920527279377,0.5659670829772949,0.9568876028060913
0.05118590220808983,0.6958582997322083,1.2077172994613647
0.0342552550137043,0.6839394569396973,1.0264919996261597
0.03738030046224594,0.5334509611129761,0.9072539806365967
0.031863123178482056,0.5698599815368652,0.8884912133216858
0.04438772052526474,0.35230928659439087,0.7961865067481995
0.03354763612151146,0.675240159034729,1.0107165575027466
0.03959989920258522,0.6310065984725952,1.0270055532455444
0.04045343026518822,0.6095211505889893,1.0140554904937744
0.04164078086614609,0.6080693006515503,1.0244771242141724
0.037996888160705566,0.4672565460205078,0.8472254276275635
0.056129466742277145,0.648040771484375,1.209335446357727
0.03325209021568298,0.4678717255592346,0.8003926277160645
0.038273684680461884,0.6033530235290527,0.9860898852348328
0.044565070420503616,0.5663338899612427,1.0119845867156982
0.03707849606871605,0.655667245388031,1.0264521837234497
0.032621830701828,0.5654294490814209,0.8916477560997009
0.04099445044994354,0.5617243051528931,0.9716688394546509
0.03153989464044571,0.5546281337738037,0.8700270652770996
0.03409278392791748,0.7545995712280273,1.0955274105072021
0.05254704877734184,0.5535638332366943,1.0790343284606934
0.03550916165113449,0.5195457935333252,0.8746374249458313
0.033666953444480896,0.39512133598327637,0.7317909002304077
0.04249512404203415,0.628502368927002,1.0534536838531494
0.03887738659977913,0.6781724691390991,1.066946268081665
0.05111313238739967,0.5110353231430054,1.0221667289733887
0.06368961185216904,0.4868272542953491,1.1237233877182007
0.0432860292494297,0.47874778509140015,0.911608099937439
0.03321560472249985,0.5530087351799011,0.8851647973060608
0.050171736627817154,0.35964682698249817,0.8613642454147339
0.03682081028819084,0.6910407543182373,1.059248924255371
0.03923924267292023,0.5234079360961914,0.9158003330230713
0.049420423805713654,0.5602461099624634,1.054450273513794
0.034314319491386414,0.6551655530929565,0.9983087778091431
0.06604968011379242,0.6719551682472229,1.3324520587921143
0.0360240638256073,0.47226762771606445,0.8325082659721375
0.037620317190885544,0.5503408312797546,0.9265440106391907
0.03319690749049187,0.6129244565963745,0.9448935389518738
0.03536904975771904,0.5716381669044495,0.9253286719322205
0.041155729442834854,0.4734290838241577,0.884986400604248
0.0322546511888504,0.6711648106575012,0.9937113523483276
0.03981892392039299,0.472838819026947,0.8710280656814575
0.044546015560626984,0.37716925144195557,0.8226293921470642
0.04228469729423523,0.6004302501678467,1.0232772827148438
0.0407467857003212,0.5857875347137451,0.9932553768157959
0.06312920898199081,0.6644001007080078,1.2956922054290771
0.03849372640252113,0.5887315273284912,0.9736688137054443
0.049213141202926636,0.4622504711151123,0.9543818831443787
0.04158947244286537,0.5421569347381592,0.9580516815185547
0.03628597781062126,0.7163939476013184,1.0792536735534668
0.04637505114078522,0.5468407869338989,1.0105912685394287
0.044446833431720734,0.6758164763450623,1.1202847957611084
0.03612659499049187,0.531887412071228,0.8931533694267273
0.04337583854794502,0.5491113662719727,0.9828697443008423
0.0437251441180706,0.6279772520065308,1.0652287006378174
0.037477198988199234,0.6159710884094238,0.9907430410385132
0.03532837703824043,0.6942341327667236,1.0475178956985474
0.04124927148222923,0.6028915047645569,1.0153841972351074
0.04746970161795616,0.48312485218048096,0.9578218460083008
0.04015647619962692,0.4787631034851074,0.8803278803825378
0.035891883075237274,0.626223623752594,0.9851424694061279
0.039911843836307526,0.6369094848632812,1.0360279083251953
0.045306943356990814,0.6400619745254517,1.093131422996521
0.03341742604970932,0.5439803004264832,0.8781545758247375
0.04452691972255707,0.5086207389831543,0.9538899660110474
0.04095085337758064,0.49066436290740967,0.9001728892326355
0.042841836810112,0.3804827034473419,0.8089010715484619
0.04803552106022835,0.6323748826980591,1.1127300262451172
0.043993521481752396,0.6240881085395813,1.0640232563018799
0.04679170995950699,0.4248388707637787,0.8927559852600098
0.03501348942518234,0.519755482673645,0.8698903918266296
0.04604370519518852,0.6140462160110474,1.0744832754135132
0.035073421895504,0.489369660615921,0.8401038646697998
0.0427650548517704,0.5209799408912659,0.9486304521560669
0.0358380526304245,0.6568377017974854,1.0152182579040527
0.0449686162173748,0.6555881500244141,1.1052743196487427
0.03733661025762558,0.27312707901000977,0.6464931964874268
0.03469663858413696,0.6353259086608887,0.9822922945022583
0.04093616083264351,0.6585965752601624,1.067958116531372
0.038085393607616425,0.646056056022644,1.0269100666046143
0.03527403995394707,0.5429630279541016,0.8957034349441528
0.09678205102682114,0.6914577484130859,1.6592782735824585
0.04449993744492531,0.4728880822658539,0.9178874492645264
0.07104317843914032,0.510001540184021,1.2204333543777466
0.040771499276161194,0.620669960975647,1.0283849239349365
0.059348031878471375,0.6061869859695435,1.1996673345565796
0.0638500303030014,0.4379041790962219,1.0764045715332031
0.058871105313301086,0.6380167603492737,1.2267277240753174
0.050044137984514236,0.4953487515449524,0.9957901239395142
0.045609187334775925,0.6164436340332031,1.072535514831543
0.04429853707551956,0.6091605424880981,1.0521459579467773
0.046020202338695526,0.46766218543052673,0.9278641939163208
0.0609113872051239,0.4917585551738739,1.1008723974227905
0.038584236055612564,0.6053943037986755,0.991236686706543
0.04057244956493378,0.5863324999809265,0.9920569658279419
0.035037148743867874,0.5838835835456848,0.934255063533783
0.03521522879600525,0.665132999420166,1.0172853469848633
0.039716459810733795,0.5292348265647888,0.9263994097709656
0.038866132497787476,0.5812410712242126,0.9699023962020874
0.03412685543298721,0.5457929372787476,0.8870614767074585
0.03631880134344101,0.5003264546394348,0.8635144829750061
0.04921488091349602,0.585770845413208,1.0779197216033936
0.051181986927986145,0.6383251547813416,1.1501450538635254
0.03237638249993324,0.5438809394836426,0.8676447868347168
0.0345446802675724,0.541104793548584,0.8865516185760498
0.036091405898332596,0.5418990254402161,0.9028130769729614
0.03863825649023056,0.6122915744781494,0.9986741542816162
0.03783150389790535,0.6366726160049438,1.0149877071380615
0.03222576528787613,0.6151770353317261,0.9374346733093262
0.03479649871587753,0.5334047079086304,0.8813697099685669
0.03786974027752876,0.6244627833366394,1.0031602382659912
0.03654345124959946,0.4755415916442871,0.8409761190414429
0.03714761137962341,0.5029100179672241,0.8743861317634583
0.03407736495137215,0.5363976955413818,0.8771713376045227
0.03576728329062462,0.6618055105209351,1.0194783210754395
0.03736020252108574,0.594630777835846,0.9682328104972839
0.035337429493665695,0.42887210845947266,0.7822464108467102
0.04042597487568855,0.5016219615936279,0.9058817028999329
0.03630020469427109,0.5470484495162964,0.9100505113601685
0.04470745846629143,0.5223339200019836,0.9694085121154785
0.046835847198963165,0.48742225766181946,0.9557807445526123
0.04332111403346062,0.40678998827934265,0.840001106262207
0.036473531275987625,0.6327981352806091,0.9975334405899048
0.040318652987480164,0.5428270101547241,0.9460135698318481
0.03759492561221123,0.5292773246765137,0.9052265882492065
0.033616531640291214,0.6071256399154663,0.9432909488677979
0.036903250962495804,0.4487151503562927,0.8177476525306702
0.06297941505908966,0.6932443380355835,1.3230384588241577
0.03512535244226456,0.629334568977356,0.9805880784988403
0.0443427674472332,0.539010226726532,0.9824379086494446
0.03699720278382301,0.4156985878944397,0.7856706380844116
0.04257235303521156,0.6259194016456604,1.051642894744873
0.04798178747296333,0.6402876377105713,1.120105504989624
0.03633400425314903,0.5564025640487671,0.9197425842285156
0.037336111068725586,0.5476282835006714,0.9209893941879272
0.038723547011613846,0.481414258480072,0.8686497211456299
0.05036727339029312,0.46013832092285156,0.9638110399246216
0.03379463776946068,0.6627014875411987,1.0006479024887085
0.03772823512554169,0.5184628367424011,0.8957451581954956
0.0405244454741478,0.6951531171798706,1.1003975868225098
0.03693171963095665,0.606059193611145,0.9753763675689697
0.03698474168777466,0.4139338731765747,0.7837812900543213
0.052079491317272186,0.5592966675758362,1.0800915956497192
0.03427039086818695,0.4968015253543854,0.8395054340362549
0.03847059980034828,0.618437647819519,1.0031436681747437
0.03323173150420189,0.5224470496177673,0.8547643423080444
0.04621422290802002,0.6655409336090088,1.127683162689209
0.03899151459336281,0.5658462643623352,0.9557614326477051
0.03561227023601532,0.630628228187561,0.9867509603500366
0.04541489854454994,0.5950079560279846,1.049156904220581
0.0420335978269577,0.5511310696601868,0.9714670181274414
0.035045020282268524,0.6437161564826965,0.994166374206543
0.040684159845113754,0.6469038724899292,1.0537455081939697
0.043476179242134094,0.46323323249816895,0.8979949951171875
0.04043469950556755,0.6154201626777649,1.019767165184021
0.0382455475628376,0.6393759250640869,1.0218313932418823
0.03928583115339279,0.5457057356834412,0.9385640621185303
0.04182357341051102,0.4557114243507385,0.8739471435546875
0.0398288294672966,0.5723088979721069,0.9705972075462341
0.04187190905213356,0.6846045255661011,1.1033235788345337
0.04367997497320175,0.415007621049881,0.8518073558807373
0.03245070204138756,0.5643776655197144,0.8888846635818481
0.044780977070331573,0.464952677488327,0.9127624034881592
0.0335884690284729,0.621774435043335,0.957659125328064
0.04919242113828659,0.6185833215713501,1.1105074882507324
0.04057600721716881,0.5012432336807251,0.9070032835006714
0.0430426225066185,0.667612612247467,1.098038911819458
0.05199454352259636,0.40775150060653687,0.927696943283081
0.04346119984984398,0.48685553669929504,0.9214675426483154
0.03817049413919449,0.6814175844192505,1.0631225109100342
0.0554162934422493,0.5862497091293335,1.1404125690460205
0.052832573652267456,0.40865516662597656,0.9369809031486511
0.03574104979634285,0.6042518615722656,0.9616623520851135
0.049765605479478836,0.5141676664352417,1.0118236541748047
0.04531510919332504,0.6935978531837463,1.1467490196228027
0.035689644515514374,0.49809902906417847,0.8549954891204834
0.04593563452363014,0.5543514490127563,1.0137077569961548
0.05041302740573883,0.647791862487793,1.1519221067428589
0.055407289415597916,0.6851643919944763,1.2392373085021973
0.03574328124523163,0.4190294146537781,0.776462197303772
0.03750224411487579,0.661765456199646,1.0367878675460815
0.040865469723939896,0.5121428370475769,0.9207975268363953
0.03648202866315842,0.555190920829773,0.9200112223625183
0.04593672975897789,0.46175771951675415,0.921125054359436
0.04575077444314957,0.6124314069747925,1.069939136505127
0.03371352702379227,0.6163899302482605,0.953525185585022
0.03945409879088402,0.6220657229423523,1.0166066884994507
0.035127706825733185,0.5905759334564209,0.9418529868125916
0.03219548612833023,0.5788707733154297,0.9008256196975708
0.03499229624867439,0.5103936195373535,0.8603165745735168
0.0389753021299839,0.5521045327186584,0.9418575763702393
0.039153385907411575,0.612442135810852,1.0039759874343872
0.03423232212662697,0.6271230578422546,0.9694463014602661
0.03775358945131302,0.6347147822380066,1.0122506618499756
0.031777165830135345,0.6769829988479614,0.9947546720504761
0.03546275943517685,0.5563158988952637,0.9109435081481934
0.03664226830005646,0.6730880737304688,1.039510726928711
0.034845732152462006,0.6501821875572205,0.9986395239830017
0.03605281189084053,0.4809822738170624,0.8415104150772095
0.03210683539509773,0.6110263466835022,0.9320946931838989
0.03757280856370926,0.6849073767662048,1.0606354475021362
0.03935413807630539,0.5855035781860352,0.9790449738502502
0.03428846225142479,0.6137835383415222,0.9566681385040283
0.035842057317495346,0.4499949514865875,0.8084155321121216
0.0382370688021183,0.43086034059524536,0.8132309913635254
0.0451245978474617,0.6257126331329346,1.0769586563110352
0.0370892658829689,0.7324531078338623,1.1033457517623901
0.03563503548502922,0.6959044337272644,1.0522547960281372
0.03473016992211342,0.5326744318008423,0.8799761533737183
0.037237852811813354,0.6197085976600647,0.9920871257781982
0.03366265073418617,0.49860379099845886,0.83523029088974
0.03328871726989746,0.6415385007858276,0.9744256734848022
0.040016598999500275,0.586915135383606,0.9870811104774475
0.03129381686449051,0.4796594977378845,0.7925976514816284
0.034405019134283066,0.5681857466697693,0.9122359752655029
0.043947912752628326,0.6449463367462158,1.084425449371338
0.033549509942531586,0.5793005228042603,0.9147956371307373
0.035170163959264755,0.5569007396697998,0.9086023569107056
0.04866061359643936,0.5412561297416687,1.027862310409546
0.03516966104507446,0.6009083390235901,0.9526049494743347
0.05068046227097511,0.5050204992294312,1.0118250846862793
0.03394123539328575,0.5718785524368286,0.9112908840179443
0.03892875835299492,0.6491135954856873,1.0384011268615723
0.04438347369432449,0.5563768148422241,1.000211477279663
0.03684235364198685,0.44487595558166504,0.8132994771003723
0.04282969981431961,0.5543051362037659,0.9826021194458008
0.04230343922972679,0.5789458751678467,1.0019803047180176
0.0836731418967247,0.5896766185760498,1.426408052444458
0.038223955780267715,0.4889053702354431,0.8711448907852173
0.03768480196595192,0.7043768167495728,1.081224799156189
0.036491937935352325,0.6948409080505371,1.059760332107544
0.04292938485741615,0.6838216781616211,1.1131155490875244
0.03492932394146919,0.5472239851951599,0.8965172171592712
0.04152262583374977,0.5369971990585327,0.9522234201431274
0.03794875368475914,0.6363188028335571,1.0158063173294067
0.032450396567583084,0.5941962003707886,0.9187001585960388
0.040875088423490524,0.4110138416290283,0.8197647333145142
0.04358195513486862,0.5983379483222961,1.0341575145721436
0.03838526830077171,0.6375333666801453,1.0213860273361206
0.03827230632305145,0.660675048828125,1.043398141860962
0.03530251979827881,0.6371520757675171,0.9901772737503052
0.03766311705112457,0.612640380859375,0.9892715215682983
0.042938269674777985,0.6217253804206848,1.0511081218719482
0.03873268887400627,0.6440132856369019,1.0313401222229004
0.04140984266996384,0.5886225700378418,1.0027210712432861
0.03371274471282959,0.47302359342575073,0.8101510405540466
0.034704580903053284,0.6220505237579346,0.969096302986145
0.03953291475772858,0.6040250658988953,0.9993542432785034
0.0455806702375412,0.5198643207550049,0.9756710529327393
0.036389973014593124,0.5953025817871094,0.9592022895812988
0.036761268973350525,0.6348138451576233,1.0024265050888062
0.04320663958787918,0.5040742754936218,0.9361406564712524
0.0446704663336277,0.6047793030738831,1.0514839887619019
0.037000853568315506,0.45982813835144043,0.8298366665840149
0.037642937153577805,0.5359935760498047,0.9124229550361633
0.046414390206336975,0.6312452554702759,1.0953891277313232
0.03436201810836792,0.6750985383987427,1.0187187194824219
0.03310389444231987,0.6264224052429199,0.9574613571166992
0.03681561350822449,0.635040283203125,1.0031964778900146
0.05010601133108139,0.5785340070724487,1.0795941352844238
0.040896233171224594,0.574336588382721,0.9832988977432251
0.04088879004120827,0.4884161949157715,0.8973040580749512
0.03373856097459793,0.6265698075294495,0.9639554023742676
0.03893967345356941,0.6600428819656372,1.0494396686553955
0.03919631987810135,0.45047229528427124,0.8424354791641235
0.04096764326095581,0.5608789920806885,0.9705554246902466
0.037808701395988464,0.5836174488067627,0.9617044925689697
0.03770698979496956,0.5421369075775146,0.9192067980766296
0.048791803419589996,0.6799840331077576,1.1679019927978516
0.037638045847415924,0.5306020379066467,0.9069824814796448
0.03782746568322182,0.6025127172470093,0.9807873964309692
0.03693649172782898,0.4456428289413452,0.815007746219635
0.03491634130477905,0.5833119750022888,0.9324753880500793
0.04049152880907059,0.609316349029541,1.0142316818237305
0.04823760688304901,0.49617189168930054,0.9785479307174683
0.03276690095663071,0.515588641166687,0.8432576656341553
0.04325339198112488,0.5431789755821228,0.9757128953933716
0.03962485119700432,0.5737736225128174,0.9700221419334412
0.03296178951859474,0.6220993995666504,0.9517172574996948
0.0421401672065258,0.42290836572647095,0.8443100452423096
0.039733171463012695,0.6302833557128906,1.0276150703430176
0.04472966119647026,0.5822893381118774,1.0295859575271606
0.048083413392305374,0.3458152711391449,0.8266494274139404
0.03571776673197746,0.515042781829834,0.8722204566001892
0.036868344992399216,0.6290584802627563,0.9977419376373291
0.03522869199514389,0.6212958097457886,0.9735827445983887
0.03652813285589218,0.550621747970581,0.9159030914306641
0.03249553218483925,0.48387816548347473,0.8088334798812866
0.038905832916498184,0.5995771884918213,0.9886355400085449
0.03647640720009804,0.6020725965499878,0.96683669090271
0.03722796216607094,0.5533820390701294,0.9256616830825806
0.03927391767501831,0.6335281729698181,1.0262672901153564
0.033052343875169754,0.5815830230712891,0.912106454372406
0.03922012075781822,0.5723568797111511,0.9645581245422363
0.05362226814031601,0.5555920004844666,1.0918147563934326
0.04415908828377724,0.3994395136833191,0.8410303592681885
0.04171513020992279,0.5900481343269348,1.0071994066238403
0.035264961421489716,0.5191930532455444,0.8718426823616028
0.03392675891518593,0.7194259166717529,1.058693528175354
0.03734974563121796,0.6230040788650513,0.9965015649795532
0.03182274475693703,0.6242406368255615,0.9424680471420288
0.03342777118086815,0.566277027130127,0.9005547761917114
0.03452178090810776,0.6350311040878296,0.9802489280700684
0.05853310227394104,0.6795591115951538,1.264890193939209
0.043885767459869385,0.5084379315376282,0.947295606136322
0.03887716680765152,0.6049103736877441,0.9936820268630981
0.03356092423200607,0.5618873834609985,0.8974966406822205
0.039682935923337936,0.5504119992256165,0.9472413659095764
0.035267870873212814,0.662123441696167,1.0148022174835205
0.032462380826473236,0.5509979724884033,0.8756217956542969
0.036043956875801086,0.5104953050613403,0.8709348440170288
0.043737586587667465,0.5014716386795044,0.938847541809082
0.041776448488235474,0.5337076187133789,0.9514721035957336
0.04498228803277016,0.5244925022125244,0.9743154048919678
0.05563553050160408,0.4800654947757721,1.0364208221435547
0.03557075560092926,0.6067517399787903,0.9624593257904053
0.05187571421265602,0.5142806768417358,1.0330379009246826
0.05640276521444321,0.7317967414855957,1.295824408531189
0.03915693983435631,0.5284601449966431,0.9200295209884644
0.04312979429960251,0.5622105002403259,0.9935084581375122
0.034682564437389374,0.6054924726486206,0.9523181319236755
0.0353529267013073,0.6036050319671631,0.9571343064308167
0.0406804233789444,0.35755521059036255,0.7643594741821289
0.038834165781736374,0.6812601089477539,1.0696017742156982
0.04198705404996872,0.5360956192016602,0.9559661746025085
0.04322909936308861,0.6970429420471191,1.1293339729309082
0.03541107103228569,0.5066606402397156,0.8607713580131531
0.03446941077709198,0.6313899755477905,0.9760841131210327
0.04183829575777054,0.526142954826355,0.9445258975028992
0.06830295920372009,0.6094326972961426,1.2924623489379883
0.036088649183511734,0.6393738985061646,1.000260353088379
0.03421176224946976,0.6690366268157959,1.0111541748046875
0.046212125569581985,0.5283974409103394,0.9905186891555786
0.03302742913365364,0.5917719602584839,0.9220462441444397
0.03742928430438042,0.4730947017669678,0.8473875522613525
0.0385487824678421,0.6430774927139282,1.0285652875900269
0.040871761739254,0.5673555135726929,0.976073145866394
0.03471621870994568,0.6976860761642456,1.0448482036590576
0.036699194461107254,0.6906009316444397,1.0575928688049316
0.03467594459652901,0.5108111500740051,0.8575705885887146
0.038702089339494705,0.6735496520996094,1.060570478439331
0.032283857464790344,0.5559649467468262,0.8788034915924072
0.0621991902589798,0.6958904266357422,1.3178822994232178
0.033963724970817566,0.4851997494697571,0.8248369693756104
0.03677661716938019,0.5705870389938354,0.9383531808853149
0.03919781371951103,0.4952504634857178,0.8872286081314087
0.03454660251736641,0.46560028195381165,0.8110662698745728
0.05324520543217659,0.6135159730911255,1.145967960357666
0.04340218007564545,0.5880056619644165,1.0220274925231934
0.03224562108516693,0.6023189425468445,0.9247751235961914
0.07636238634586334,0.609636127948761,1.3732600212097168
0.047327812761068344,0.6047028303146362,1.0779809951782227
0.03891837224364281,0.5655025243759155,0.9546862840652466
0.0331520140171051,0.5204137563705444,0.8519338965415955
0.034816283732652664,0.567352294921875,0.915515124797821
0.03899984061717987,0.5553893446922302,0.9453877210617065
0.036264050751924515,0.5988385081291199,0.9614790081977844
0.06382045149803162,0.5546269416809082,1.1928315162658691
0.04071345925331116,0.5783159732818604,0.9854505658149719
0.04390233755111694,0.5662731528282166,1.0052964687347412
0.04055580124258995,0.6256108283996582,1.031168818473816
0.034224268049001694,0.5973824262619019,0.9396251440048218
0.03991531580686569,0.5248832702636719,0.92403644323349
0.03728629648685455,0.5468874573707581,0.919750452041626
0.045801032334566116,0.533452033996582,0.9914623498916626
0.033835265785455704,0.6796481609344482,1.018000841140747
0.044568322598934174,0.38559389114379883,0.8312771320343018
0.033626656979322433,0.6298714280128479,0.9661380052566528
0.034624915570020676,0.6074243783950806,0.9536735415458679
0.03689240664243698,0.5228824615478516,0.8918065428733826
0.03947377949953079,0.6098665595054626,1.0046043395996094
0.03510408475995064,0.6043868064880371,0.9554276466369629
0.03378169983625412,0.6515235900878906,0.989340603351593
0.03270423784852028,0.510736346244812,0.8377786874771118
0.03374486044049263,0.5740982294082642,0.9115468263626099
0.08352548629045486,0.6445562243461609,1.4798110723495483
0.03608030825853348,0.6083406805992126,0.9691437482833862
0.08117756247520447,0.6755447387695312,1.4873204231262207
0.03090037778019905,0.5392507910728455,0.8482545614242554
0.03880565986037254,0.5003569722175598,0.8884135484695435
0.03823912888765335,0.6280016303062439,1.0103929042816162
0.036300305277109146,0.7181509733200073,1.0811539888381958
0.038813769817352295,0.6200202703475952,1.0081579685211182
0.051886532455682755,0.547673225402832,1.0665385723114014
0.03954308480024338,0.5210895538330078,0.9165204167366028
0.039511069655418396,0.580504298210144,0.9756150245666504
0.041841842234134674,0.5280364751815796,0.9464548826217651
0.03446405380964279,0.7124243974685669,1.0570650100708008
0.04023073986172676,0.6380318403244019,1.0403392314910889
0.033147867769002914,0.49034783244132996,0.8218265175819397
0.03385715186595917,0.6480096578598022,0.9865812063217163
0.052256278693675995,0.6054651737213135,1.1280279159545898
0.04053777828812599,0.5146473050117493,0.920025110244751
0.03422689810395241,0.6465874314308167,0.9888564348220825
0.03251463547348976,0.6407071948051453,0.9658535718917847
0.03587844595313072,0.5657483339309692,0.9245327711105347
0.03504820168018341,0.6626628041267395,1.013144850730896
0.04003163054585457,0.5318083763122559,0.932124674320221
0.032129980623722076,0.6218412518501282,0.9431410431861877
0.046063873916864395,0.6332218647003174,1.0938606262207031
0.03505146503448486,0.5339549779891968,0.8844696283340454
0.04335682839155197,0.40723758935928345,0.8408058881759644
0.03390579670667648,0.6208945512771606,0.9599525332450867
0.03746322914958,0.6209062337875366,0.9955385327339172
0.036525335162878036,0.5778399705886841,0.9430932998657227
0.049728572368621826,0.6260427236557007,1.123328447341919
0.03537803515791893,0.46605411171913147,0.8198344707489014
0.038396064192056656,0.628989577293396,1.0129501819610596
0.03375774994492531,0.6598145961761475,0.9973920583724976
0.0342102088034153,0.6555957794189453,0.9976978302001953
0.033955227583646774,0.6356453895568848,0.9751976728439331
0.04380561783909798,0.5820704102516174,1.0201265811920166
0.041675664484500885,0.500704824924469,0.9174614548683167
0.0521969273686409,0.4276197552680969,0.9495890140533447
0.03674742579460144,0.678710401058197,1.0461846590042114
0.03333280235528946,0.6829054355621338,1.0162334442138672
0.0454600527882576,0.6930397152900696,1.1476402282714844
0.03560938313603401,0.5723865032196045,0.928480327129364
0.03823022171854973,0.39667463302612305,0.7789768576622009
0.038932330906391144,0.6362302303314209,1.0255534648895264
0.03462366759777069,0.5652920603752136,0.9115287065505981
0.041047725826501846,0.5533902645111084,0.9638675451278687
0.043770790100097656,0.5213772058486938,0.9590851068496704
0.03606851398944855,0.4739162027835846,0.8346013426780701
0.03633607551455498,0.5102730989456177,0.873633861541748
0.03803876414895058,0.47830548882484436,0.8586931228637695
0.038450270891189575,0.5746712684631348,0.9591739773750305
0.035569705069065094,0.49388161301612854,0.8495786190032959
0.03700000047683716,0.5197954177856445,0.8897954225540161
0.05283700302243233,0.6869186162948608,1.2152886390686035
0.03473732993006706,0.5917181968688965,0.9390915036201477
0.0396922342479229,0.4217473864555359,0.8186697363853455
0.05968713387846947,0.5700012445449829,1.166872501373291
0.039255931973457336,0.5946509838104248,0.9872102737426758
0.03745347633957863,0.6170112490653992,0.9915460348129272
0.03911302611231804,0.48284488916397095,0.8739751577377319
0.04831037297844887,0.5238486528396606,1.0069524049758911
0.03405952826142311,0.5413677096366882,0.8819630146026611
0.037584755569696426,0.5617169141769409,0.937564492225647
0.036524251103401184,0.587577760219574,0.9528203010559082
0.05851099267601967,0.5614148378372192,1.1465247869491577
0.040852274745702744,0.5810361504554749,0.9895589351654053
0.03688135743141174,0.6820214986801147,1.050835132598877
0.03189481794834137,0.6311675906181335,0.9501157999038696
0.03578588366508484,0.549406886100769,0.9072657227516174
0.03525350242853165,0.47631824016571045,0.8288532495498657
0.059177421033382416,0.4996970295906067,1.0914711952209473
0.034340452402830124,0.5903044939041138,0.9337090253829956
0.04066440463066101,0.6035070419311523,1.0101511478424072
0.03882794454693794,0.6185956001281738,1.0068750381469727
0.03402252122759819,0.6805488467216492,1.0207741260528564
0.03798934444785118,0.7116979360580444,1.0915913581848145
0.03240421414375305,0.5912869572639465,0.915329098701477
0.03827053681015968,0.6420770883560181,1.024782419204712
0.03026784025132656,0.6141998767852783,0.9168782830238342
0.032380905002355576,0.6268597841262817,0.9506688117980957
0.04745765030384064,0.505698561668396,0.98027503490448
0.035883620381355286,0.6594483852386475,1.018284559249878
0.032928843051195145,0.5566387176513672,0.885927140712738
0.03793247044086456,0.4594969153404236,0.8388216495513916
0.032523419708013535,0.6651076674461365,0.9903419017791748
0.03609214350581169,0.5994915962219238,0.9604130387306213
0.049599405378103256,0.6276700496673584,1.123664140701294
0.040563445538282394,0.6147323846817017,1.020366907119751
0.034007616341114044,0.59061598777771,0.9306921362876892
0.0631222352385521,0.7170975804328918,1.3483200073242188
0.0389406755566597,0.4943792521953583,0.8837859630584717
0.044475603848695755,0.5639937520027161,1.0087497234344482
0.04096819832921028,0.4442368149757385,0.8539187908172607
0.03928560018539429,0.630591630935669,1.0234476327896118
0.03412335738539696,0.5299625992774963,0.8711961507797241
0.07821140438318253,0.47403407096862793,1.256148099899292
0.031390439718961716,0.5979456305503845,0.9118500351905823
0.03839589282870293,0.5169694423675537,0.9009283781051636
0.050522010773420334,0.6603306531906128,1.165550708770752
0.03568127751350403,0.5772089958190918,0.9340217709541321
0.03720470145344734,0.48118671774864197,0.8532336950302124
0.038517676293849945,0.4999701976776123,0.885146975517273
0.03093506395816803,0.6320316791534424,0.9413822889328003
0.03364371508359909,0.7051153182983398,1.0415525436401367
0.034596338868141174,0.6588668823242188,1.004830241203308
0.042238082736730576,0.39562198519706726,0.8180028200149536
0.04415937140583992,0.5089194774627686,0.9505131840705872
0.03879835084080696,0.4814821481704712,0.8694656491279602
0.044124990701675415,0.5944953560829163,1.0357452630996704
0.035903919488191605,0.5965273380279541,0.9555665254592896
0.037692200392484665,0.6749120950698853,1.0518341064453125
0.04056889936327934,0.40322139859199524,0.8089103698730469
0.03543899580836296,0.5308748483657837,0.8852648138999939
0.0361323207616806,0.6505096554756165,1.0118328332901
0.04412486404180527,0.524758517742157,0.9660071730613708
0.035252369940280914,0.5937736630439758,0.9462973475456238
0.033106476068496704,0.6312147378921509,0.9622794985771179
0.04632044956088066,0.6817839741706848,1.1449885368347168
0.03955782204866409,0.46920138597488403,0.8647795915603638
0.03618902340531349,0.4445304274559021,0.8064206838607788
0.04440614581108093,0.4588513970375061,0.9029128551483154
0.03687537834048271,0.5897015333175659,0.9584553241729736
0.04134051129221916,0.36959803104400635,0.7830031514167786
0.03215504437685013,0.5453934073448181,0.8669438362121582
0.04575245827436447,0.6574184894561768,1.114943027496338
0.05032305046916008,0.5732576251029968,1.0764881372451782
0.0384424664080143,0.600741446018219,0.985166072845459
0.03918984904885292,0.617827296257019,1.00972580909729
0.03361217677593231,0.6234555244445801,0.9595773220062256
0.04100753366947174,0.4605693221092224,0.8706446886062622
0.05169358104467392,0.6656925678253174,1.1826283931732178
0.03674524649977684,0.4518812894821167,0.8193337917327881
0.032226406037807465,0.5928115844726562,0.9150756597518921
0.03411351516842842,0.6650758385658264,1.0062110424041748
0.03540833294391632,0.5870447158813477,0.9411280155181885
0.04213795065879822,0.5335609316825867,0.9549404382705688
0.035359494388103485,0.5542272329330444,0.9078221917152405
0.03881606459617615,0.5573141574859619,0.9454748034477234
0.03214334696531296,0.6268950700759888,0.9483285546302795
0.04085465893149376,0.4804563522338867,0.8890029191970825
0.04342762008309364,0.6371685266494751,1.0714447498321533
0.03461543098092079,0.5511009693145752,0.8972553014755249
0.05179839953780174,0.4967518150806427,1.0147358179092407
0.037583548575639725,0.6839876174926758,1.0598230361938477
0.044472359120845795,0.4256893992424011,0.8704130053520203
0.03573107719421387,0.5674617290496826,0.9247725009918213
0.04319353029131889,0.6506068110466003,1.0825421810150146
0.04778148606419563,0.5651513934135437,1.0429662466049194
0.03510604426264763,0.672004222869873,1.0230646133422852
0.03493507578969002,0.6282864809036255,0.9776372313499451
0.041802868247032166,0.5490214824676514,0.9670501947402954
0.04452831298112869,0.4576036036014557,0.9028867483139038
0.03265394642949104,0.6226646304130554,0.9492040872573853
0.03222964331507683,0.6063271164894104,0.9286235570907593
0.035045042634010315,0.5653307437896729,0.9157811403274536
0.037188492715358734,0.6703483462333679,1.0422332286834717
0.03701061010360718,0.6721961498260498,1.0423022508621216
0.03487912565469742,0.5649495124816895,0.9137407541275024
0.03257324919104576,0.451388955116272,0.7771214246749878
0.06587199866771698,0.5700349807739258,1.228754997253418
0.03528473526239395,0.6178690195083618,0.9707163572311401
0.03410894051194191,0.6067558526992798,0.9478452205657959
0.037058088928461075,0.6923599243164062,1.0629408359527588
0.03357086703181267,0.5143855214118958,0.850094199180603
0.03642524406313896,0.5197287201881409,0.8839811682701111
0.04224373400211334,0.5616234540939331,0.9840607643127441
0.03687649592757225,0.6082656383514404,0.9770306348800659
0.054182879626750946,0.7194113731384277,1.2612402439117432
0.036035288125276566,0.6960210800170898,1.056373953819275
0.04158324748277664,0.36783501505851746,0.7836674451828003
0.04183008894324303,0.5665105581283569,0.9848114252090454
0.036304812878370285,0.47846174240112305,0.8415098786354065
0.043958958238363266,0.41789549589157104,0.8574850559234619
0.032752811908721924,0.7114194631576538,1.038947582244873
0.03605612739920616,0.6587181091308594,1.0192793607711792
0.037902750074863434,0.5932211875915527,0.9722486734390259
0.032164521515369415,0.5459469556808472,0.8675921559333801
0.03627895936369896,0.5807462930679321,0.9435359239578247
0.03641923889517784,0.6836881637573242,1.0478805303573608
0.04743199422955513,0.6447832584381104,1.119103193283081
0.040501873940229416,0.6003535985946655,1.0053722858428955
0.03476881980895996,0.4205206334590912,0.7682088613510132
0.030153198167681694,0.5827922821044922,0.8843242526054382
0.03444085642695427,0.5456444025039673,0.8900529742240906
0.0335196852684021,0.5744664072990417,0.9096632599830627
0.032690126448869705,0.543744683265686,0.8706459403038025
0.046026889234781265,0.4904184937477112,0.9506874084472656
0.0322488397359848,0.5880480408668518,0.9105364084243774
0.03997150808572769,0.49685239791870117,0.8965674638748169
0.03546793386340141,0.6874262690544128,1.0421056747436523
0.03537067398428917,0.5944153666496277,0.9481221437454224
0.033781200647354126,0.7239503860473633,1.0617623329162598
0.07859959453344345,0.685912549495697,1.4719085693359375
0.04083651304244995,0.44718337059020996,0.8555485010147095
0.035118404775857925,0.5819838047027588,0.9331678152084351
0.06519806385040283,0.5096315741539001,1.1616122722625732
0.032441046088933945,0.6116287708282471,0.9360392093658447
0.05203741416335106,0.4670356214046478,0.9874097108840942
0.03789663687348366,0.6141159534454346,0.9930822849273682
0.041864871978759766,0.5136411190032959,0.9322898387908936
0.04737474396824837,0.5113266706466675,0.9850741028785706
0.03252897411584854,0.675673246383667,1.0009629726409912
0.041031550616025925,0.6780290603637695,1.0883445739746094
0.0423797070980072,0.5326328277587891,0.9564298987388611
0.03653177246451378,0.615638256072998,0.980955958366394
0.035098761320114136,0.5012187361717224,0.8522063493728638
0.043804582208395004,0.543550968170166,0.981596827507019
0.031861647963523865,0.4773077070713043,0.795924186706543
0.032046571373939514,0.6954736709594727,1.0159393548965454
0.05780060961842537,0.5004225373268127,1.0784286260604858
0.0376809723675251,0.5989968776702881,0.9758065938949585
0.04372977837920189,0.7226689457893372,1.1599667072296143
0.03563695028424263,0.43167799711227417,0.7880474925041199
0.05624523386359215,0.6038364171981812,1.1662887334823608
0.04279707372188568,0.5767258405685425,1.0046966075897217
0.04436533525586128,0.5326764583587646,0.9763298034667969
0.038389649242162704,0.5232453942298889,0.907141923904419
0.0377519354224205,0.592589795589447,0.9701091647148132
0.03333539515733719,0.6589478850364685,0.9923018217086792
0.03711768239736557,0.45092588663101196,0.8221027255058289
0.0393650159239769,0.5604901313781738,0.954140305519104
0.06342484056949615,0.6769922375679016,1.3112406730651855
0.036534085869789124,0.5530291795730591,0.9183700084686279
0.04230619966983795,0.38285303115844727,0.8059149980545044
0.06857720017433167,0.537537157535553,1.2233091592788696
0.03681796044111252,0.6130497455596924,0.9812293648719788
0.035733845084905624,0.4179779887199402,0.7753164768218994
0.036519646644592285,0.6557404398918152,1.0209369659423828
0.03645915165543556,0.5222861766815186,0.8868776559829712
0.03514667600393295,0.63209068775177,0.9835574626922607
0.03750496730208397,0.3675761818885803,0.7426258325576782
0.032844141125679016,0.627375066280365,0.9558165073394775
0.04363403841853142,0.5307197570800781,0.9670601487159729
0.035934463143348694,0.7020726799964905,1.0614173412322998
0.03376207873225212,0.4425135552883148,0.7801343202590942
0.04216435179114342,0.5487195253372192,0.9703630208969116
0.04215186834335327,0.5636568069458008,0.9851754903793335
0.034477412700653076,0.5161453485488892,0.8609194755554199
0.03308381512761116,0.702601969242096,1.033440113067627
0.03908156603574753,0.6300467252731323,1.020862340927124
0.03283483162522316,0.6327322721481323,0.9610805511474609
0.032682791352272034,0.5023015141487122,0.8291294574737549
0.03661733120679855,0.6577084064483643,1.0238816738128662
0.032837774604558945,0.5854053497314453,0.913783073425293
0.04286130890250206,0.5575575828552246,0.9861706495285034
0.032888151705265045,0.5590726733207703,0.8879541754722595
0.03999098762869835,0.444774866104126,0.8446847200393677
0.03960088640451431,0.4554445147514343,0.8514533638954163
0.03342357650399208,0.625318169593811,0.9595539569854736
0.03395899012684822,0.6384590864181519,0.9780489802360535
0.07513818889856339,0.6186919212341309,1.3700737953186035
0.06101837381720543,0.7233479619026184,1.3335316181182861
0.03263767436146736,0.6467871069908142,0.9731638431549072
0.03205201029777527,0.510758638381958,0.8312787413597107
0.03587450087070465,0.4334983825683594,0.7922433614730835
0.03153543919324875,0.5759665966033936,0.8913210034370422
0.09375616163015366,0.557166337966919,1.4947279691696167
0.03302120044827461,0.4422251582145691,0.7724371552467346
0.0451439768075943,0.6210073232650757,1.0724470615386963
0.04070895165205002,0.6337820887565613,1.0408716201782227
0.03313160687685013,0.5838780403137207,0.9151940941810608
0.036501072347164154,0.562772274017334,0.9277830123901367
0.03523068502545357,0.6347763538360596,0.9870831966400146
0.03465018421411514,0.6098830103874207,0.9563848376274109
0.035247258841991425,0.5895422697067261,0.9420148730278015
0.03655675798654556,0.5352247953414917,0.9007923603057861
0.03515779599547386,0.5465213060379028,0.8980993032455444
0.02950998581945896,0.6713226437568665,0.9664224982261658
0.042769379913806915,0.47302889823913574,0.9007226824760437
0.036769554018974304,0.5602846145629883,0.9279801845550537
0.03352396935224533,0.6236562728881836,0.9588959813117981
0.03697921708226204,0.596872091293335,0.9666642546653748
0.03057021088898182,0.4938531517982483,0.7995553016662598
0.03414817526936531,0.5552840828895569,0.8967658281326294
0.041524745523929596,0.48322832584381104,0.8984757661819458
0.0325397327542305,0.51861572265625,0.8440130352973938
0.036048270761966705,0.5144017934799194,0.8748844861984253
0.03862123563885689,0.6472532153129578,1.0334656238555908
0.03660118207335472,0.4121970534324646,0.77820885181427
0.04642389342188835,0.6858240962028503,1.1500630378723145
0.03852403536438942,0.584886908531189,0.9701272249221802
0.041666075587272644,0.6429790258407593,1.059639811515808
0.032800283282995224,0.6869434118270874,1.0149462223052979
0.0442998930811882,0.3952907919883728,0.838289737701416
0.04426402226090431,0.6579006910324097,1.1005408763885498
0.0649724081158638,0.5007697939872742,1.150493860244751
0.03469042107462883,0.5570254325866699,0.9039296507835388
0.03114357590675354,0.37854403257369995,0.6899797916412354
0.04058808833360672,0.4656124413013458,0.8714933395385742
0.039041921496391296,0.3874777555465698,0.7778970003128052
0.03965706750750542,0.654096245765686,1.0506669282913208
0.03424995392560959,0.5991714000701904,0.9416709542274475
0.04900532588362694,0.6208245158195496,1.1108777523040771
0.04773147404193878,0.7269792556762695,1.204293966293335
0.06622017920017242,0.631837010383606,1.2940387725830078
0.03721047565340996,0.5677850246429443,0.9398897886276245
0.038346584886312485,0.5478267073631287,0.9312925338745117
0.04415988177061081,0.5405046939849854,0.9821035265922546
0.03410583361983299,0.6578139066696167,0.9988722801208496
0.04135323688387871,0.5322005152702332,0.9457328915596008
0.031133415177464485,0.29821351170539856,0.6095476746559143
0.0410514697432518,0.5982197523117065,1.0087344646453857
0.038860369473695755,0.6371158361434937,1.0257195234298706
0.03916841372847557,0.5365091562271118,0.9281933307647705
0.03506859019398689,0.495057612657547,0.8457435369491577
0.04481440782546997,0.6647859811782837,1.1129300594329834
0.03703472390770912,0.5997593402862549,0.9701066017150879
0.030378049239516258,0.514779806137085,0.8185603022575378
0.03426237776875496,0.5107529163360596,0.8533766865730286
0.04028896242380142,0.38394615054130554,0.786835789680481
0.033662259578704834,0.6235833764076233,0.9602059721946716
0.036537978798151016,0.6577820777893066,1.0231618881225586
0.03490111604332924,0.6203142404556274,0.9693254232406616
0.03606231510639191,0.6269305944442749,0.9875537157058716
0.03658859431743622,0.4989887773990631,0.8648747205734253
0.036913298070430756,0.6832603812217712,1.0523934364318848
0.034582242369651794,0.592383861541748,0.9382063150405884
0.036982547491788864,0.6293380260467529,0.9991635084152222
0.0351870022714138,0.5410305261611938,0.8929005861282349
0.036976754665374756,0.5445439219474792,0.9143114686012268
0.03442303091287613,0.6126284599304199,0.95685875415802
0.048917029052972794,0.6134949922561646,1.1026653051376343
0.03474852815270424,0.5034765005111694,0.8509618043899536
0.04092388227581978,0.439350962638855,0.8485897779464722
0.03331180661916733,0.6955620646476746,1.0286800861358643
0.03916121646761894,0.40628841519355774,0.7979005575180054
0.03544703498482704,0.5168191194534302,0.8712894916534424
0.04018751159310341,0.6318203210830688,1.0336954593658447
0.03160354867577553,0.5056052207946777,0.8216407299041748
0.0361844003200531,0.43953150510787964,0.8013755083084106
0.04242270439863205,0.5464504957199097,0.9706775546073914
0.04288648068904877,0.43532639741897583,0.8641911745071411
0.055665936321020126,0.5160086154937744,1.0726679563522339
0.03550226613879204,0.6500793695449829,1.0051020383834839
0.03305377438664436,0.5545732975006104,0.8851110339164734
0.034038297832012177,0.6419504880905151,0.9823334813117981
0.05457860231399536,0.6447323560714722,1.1905183792114258
0.03780568018555641,0.6327720284461975,1.0108288526535034
0.0354883037507534,0.5744981169700623,0.9293811321258545
0.033253200352191925,0.5886510610580444,0.9211830496788025
0.04324686899781227,0.3614320755004883,0.793900728225708
0.034905340522527695,0.6702004671096802,1.0192538499832153
0.06333699077367783,0.703587532043457,1.3369574546813965
0.06595552712678909,0.6343753337860107,1.2939305305480957
0.04179186746478081,0.3462200164794922,0.7641386985778809
0.04441900923848152,0.6966646909713745,1.140854835510254
0.038687869906425476,0.6696991920471191,1.0565779209136963
0.039787933230400085,0.7338618040084839,1.1317411661148071
0.0329139269888401,0.66096431016922,0.9901036024093628
0.03711124137043953,0.39636558294296265,0.7674779891967773
0.038744986057281494,0.5753107070922852,0.9627605676651001
0.034948498010635376,0.566835343837738,0.9163203239440918
0.03944254666566849,0.568764328956604,0.9631897807121277
0.03542184457182884,0.6598130464553833,1.0140315294265747
0.06692665815353394,0.5611636638641357,1.230430245399475
0.03658219426870346,0.6788029670715332,1.044624924659729
0.07157763838768005,0.5272323489189148,1.2430087327957153
0.037597496062517166,0.508413553237915,0.8843885064125061
0.03444743528962135,0.6056854724884033,0.9501597881317139
0.04024731367826462,0.5823822021484375,0.9848553538322449
0.04068470746278763,0.593220591545105,1.0000677108764648
0.03197476267814636,0.6414369344711304,0.961184561252594
0.031298790127038956,0.67165607213974,0.9846439361572266
0.04352256655693054,0.5882554054260254,1.0234811305999756
0.03923985734581947,0.5753254890441895,0.967724084854126
0.03460559621453285,0.5094382762908936,0.8554942607879639
0.04781953617930412,0.7184166312217712,1.196612000465393
0.03162087872624397,0.5274944305419922,0.8437032103538513
0.03564821928739548,0.5897276401519775,0.9462098479270935
0.031849849969148636,0.6598614454269409,0.9783599376678467
0.03719405084848404,0.5527631044387817,0.9247035980224609
0.03558056056499481,0.5812444686889648,0.9370501041412354
0.03229393810033798,0.7117048501968384,1.0346442461013794
0.036200765520334244,0.6186599731445312,0.9806675910949707
0.037004515528678894,0.5454149842262268,0.9154601097106934
0.034970737993717194,0.3302713632583618,0.6799787282943726
0.03233035281300545,0.6292732357978821,0.952576756477356
0.03469538688659668,0.538223147392273,0.8851770162582397
0.035939209163188934,0.47706907987594604,0.8364611864089966
0.04560506343841553,0.5524654388427734,1.0085160732269287
0.03351616859436035,0.5609790682792664,0.8961407542228699
0.0343606099486351,0.6153206825256348,0.958926796913147
0.033353544771671295,0.5777350664138794,0.9112704992294312
0.034673627465963364,0.48883697390556335,0.8355732560157776
0.13081596791744232,0.6327980160713196,1.94095778465271
0.05317413806915283,0.6552646160125732,1.1870059967041016
0.039651013910770416,0.6994502544403076,1.0959603786468506
0.033600956201553345,0.5455858707427979,0.8815954327583313
0.034848377108573914,0.5455552339553833,0.8940390348434448
0.03289032727479935,0.5627555847167969,0.8916588425636292
0.0378132164478302,0.6432542204856873,1.0213863849639893
0.03263315558433533,0.5509142279624939,0.8772457838058472
0.042525362223386765,0.5426566004753113,0.9679102301597595
0.03653519228100777,0.5880423188209534,0.9533942341804504
0.04845726117491722,0.44940540194511414,0.9339780211448669
0.030893635004758835,0.4385548233985901,0.747491180896759
0.03752271458506584,0.6617444753646851,1.0369715690612793
0.05155248939990997,0.5758923888206482,1.0914173126220703
0.035267021507024765,0.6348572969436646,0.9875274896621704
0.04006664454936981,0.6304931044578552,1.031159520149231
0.03600630164146423,0.6574594974517822,1.0175225734710693
0.03800481557846069,0.6084372997283936,0.9884854555130005
0.03304976597428322,0.5375503897666931,0.8680480718612671
0.03826523944735527,0.6801033020019531,1.0627557039260864
0.03334585204720497,0.4765925407409668,0.8100510835647583
0.03691016882658005,0.6747263669967651,1.043828010559082
0.0336531400680542,0.3583657145500183,0.6948971152305603
0.053991660475730896,0.6843839287757874,1.2243006229400635
0.04146810993552208,0.5786701440811157,0.9933512210845947
0.034635279327631,0.4684825539588928,0.8148353099822998
0.05474250763654709,0.5013909935951233,1.0488160848617554
0.03841617703437805,0.5988949537277222,0.9830567240715027
0.03614713251590729,0.5410768985748291,0.9025481939315796
0.0382048562169075,0.5349296927452087,0.9169782400131226
0.046279121190309525,0.582042932510376,1.0448341369628906
0.039628878235816956,0.5315106511116028,0.9277994632720947
0.03373008593916893,0.5861766934394836,0.9234775304794312
0.03766145184636116,0.6561497449874878,1.032764196395874
0.07315656542778015,0.6412763595581055,1.3728420734405518
0.03304121643304825,0.6123602986335754,0.9427724480628967
0.03277445584535599,0.6044108271598816,0.9321553707122803
0.03425918519496918,0.46613889932632446,0.8087307214736938
0.05377708747982979,0.5017410516738892,1.0395119190216064
0.030213158577680588,0.5915242433547974,0.8936558365821838
0.04064401611685753,0.5184522867202759,0.9248924255371094
0.07066570967435837,0.6058354377746582,1.3124926090240479
0.03478764742612839,0.5954132080078125,0.9432896971702576
0.036234330385923386,0.5641286373138428,0.9264719486236572
0.047968894243240356,0.5564963817596436,1.0361852645874023
0.03953833878040314,0.6258934736251831,1.021276831626892
0.05048896744847298,0.4714362621307373,0.9763259291648865
0.03453369811177254,0.5961230397224426,0.9414600133895874
0.03524738550186157,0.5591723918914795,0.9116462469100952
0.04203840717673302,0.35328125953674316,0.7736653089523315
0.042252808809280396,0.6164183616638184,1.0389463901519775
0.03792060911655426,0.5549576282501221,0.9341636896133423
0.043630510568618774,0.5439455509185791,0.9802506566047668
0.054839104413986206,0.6235181093215942,1.1719090938568115
0.037677548825740814,0.3875282406806946,0.7643037438392639
0.03464903682470322,0.6069445610046387,0.953434944152832
0.040657054632902145,0.6257802248001099,1.032350778579712
0.03904438018798828,0.5780202150344849,0.9684640169143677
0.03194011375308037,0.46003735065460205,0.7794384956359863
0.038331761956214905,0.5528231859207153,0.936140775680542
0.041300494223833084,0.637231707572937,1.050236701965332
0.03602258488535881,0.6255822777748108,0.9858081340789795
0.03389991819858551,0.6371548175811768,0.9761539697647095
0.032590799033641815,0.5364575386047363,0.8623655438423157
0.03113744966685772,0.6035115122795105,0.9148859977722168
0.033599190413951874,0.5782552361488342,0.9142471551895142
0.07440490275621414,0.59626704454422,1.3403160572052002
0.03564619645476341,0.6502931118011475,1.0067551136016846
0.03314731642603874,0.6040099859237671,0.9354831576347351
0.03610216826200485,0.7018570899963379,1.0628788471221924
0.032750777900218964,0.41805499792099,0.7455627918243408
0.03272281587123871,0.7121721506118774,1.039400339126587
0.04073487967252731,0.6369534134864807,1.044302225112915
0.03891974315047264,0.5439541935920715,0.9331516027450562
0.03992951661348343,0.5707625150680542,0.9700576663017273
0.033524006605148315,0.4597093462944031,0.7949494123458862
0.033557675778865814,0.47067081928253174,0.8062475919723511
0.04542384296655655,0.44852888584136963,0.9027673006057739
0.044283103197813034,0.5608685612678528,1.003699541091919
0.037041615694761276,0.5296084880828857,0.9000246524810791
0.03477765992283821,0.5901853442192078,0.9379619359970093
0.03684369847178459,0.6618932485580444,1.0303301811218262
0.04198721423745155,0.47601497173309326,0.8958871364593506
0.035671357065439224,0.5439265966415405,0.9006401300430298
0.0495566762983799,0.6396141052246094,1.1351808309555054
0.03620287403464317,0.6464036703109741,1.008432388305664
0.03319831192493439,0.6169813275337219,0.9489644765853882
0.04528935253620148,0.42531096935272217,0.8782044649124146
0.030595839023590088,0.5803893804550171,0.886347770690918
0.030268287286162376,0.6879750490188599,0.9906579256057739
0.0322965532541275,0.6538642644882202,0.9768297672271729
0.04744487255811691,0.46208828687667847,0.9365370273590088
0.03756105899810791,0.6535680294036865,1.0291786193847656
0.04301881417632103,0.5852470993995667,1.0154352188110352
0.03561624512076378,0.5860015153884888,0.9421639442443848
0.03071977011859417,0.6854300498962402,0.992627739906311
0.03273751214146614,0.5924924612045288,0.9198675751686096
0.0739700049161911,0.521552324295044,1.2612524032592773
0.034628916531801224,0.5419774651527405,0.8882666230201721
0.03362167626619339,0.5795773267745972,0.9157940745353699
0.036637842655181885,0.6144357323646545,0.9808141589164734
0.043081559240818024,0.5528873205184937,0.9837028980255127
0.0312652625143528,0.6845110654830933,0.9971636533737183
0.033254314213991165,0.5534183979034424,0.8859615325927734
0.04036366939544678,0.5594179630279541,0.9630546569824219
0.03371768072247505,0.44739603996276855,0.7845728397369385
0.041567470878362656,0.574005126953125,0.9896798133850098
0.03531448915600777,0.7199268341064453,1.0730717182159424
0.03817460685968399,0.6330685615539551,1.0148146152496338
0.03460906818509102,0.471476286649704,0.817566990852356
0.031638916581869125,0.5845246911048889,0.9009138345718384
0.0396459586918354,0.6184589266777039,1.014918565750122
0.03360257297754288,0.5408968329429626,0.8769225478172302
0.030632857233285904,0.6237239837646484,0.9300525188446045
0.033875636756420135,0.563166618347168,0.9019230008125305
0.0388813316822052,0.49259763956069946,0.8814109563827515
0.031622227281332016,0.6199507713317871,0.9361730813980103
0.03464735299348831,0.7187213897705078,1.065194845199585
0.04156778007745743,0.6568863987922668,1.0725641250610352
0.03423062711954117,0.6451509594917297,0.9874572157859802
0.0333569273352623,0.6389906406402588,0.972559928894043
0.05268818140029907,0.649359941482544,1.1762417554855347
0.03254101052880287,0.6402110457420349,0.9656211137771606
0.03491334617137909,0.494337260723114,0.8434706926345825
0.03426646441221237,0.5851472616195679,0.9278119206428528
0.03558867424726486,0.5393668413162231,0.895253598690033
0.052172109484672546,0.5884050130844116,1.1101261377334595
0.03806883469223976,0.5165412425994873,0.8972295522689819
0.04124702885746956,0.49101027846336365,0.9034805297851562
0.043545376509428024,0.6271657347679138,1.0626194477081299
0.04036249592900276,0.5051120519638062,0.9087370038032532
0.03833324834704399,0.4593343436717987,0.8426668643951416
0.03970117121934891,0.5491217970848083,0.9461334943771362
0.04385416954755783,0.6080085039138794,1.0465502738952637
0.04173268377780914,0.6450366973876953,1.0623635053634644
0.03879493474960327,0.5583899021148682,0.9463392496109009
0.043718256056308746,0.4214462339878082,0.8586287498474121
0.04015647992491722,0.7088374495506287,1.110402226448059
0.032705727964639664,0.6697068214416504,0.996764063835144
0.034768976271152496,0.6288169622421265,0.9765067100524902
0.04082069918513298,0.4760335385799408,0.8842405080795288
0.03553226962685585,0.4607539772987366,0.8160766363143921
0.03028009459376335,0.4485330879688263,0.7513340711593628
0.03674784675240517,0.6051675081253052,0.9726459980010986
0.037143051624298096,0.5875265598297119,0.9589570760726929
0.04292290657758713,0.39234089851379395,0.8215699791908264
0.03746886923909187,0.6766384840011597,1.0513272285461426
0.04153342545032501,0.5876561403274536,1.0029903650283813
0.043649934232234955,0.6062278747558594,1.0427272319793701
0.04209223762154579,0.5896952152252197,1.0106176137924194
0.029813947156071663,0.6229303479194641,0.921069860458374
0.03086603432893753,0.672815203666687,0.9814755320549011
0.037592172622680664,0.5391913652420044,0.915113091468811
0.05899925157427788,0.5551818609237671,1.1451743841171265
0.04559096321463585,0.5341670513153076,0.9900766611099243
0.03056636080145836,0.6284261345863342,0.9340897798538208
0.04163569211959839,0.5755747556686401,0.991931676864624
0.03096703626215458,0.6993328332901001,1.0090031623840332
0.03848252072930336,0.5791260600090027,0.9639512300491333
0.04367369785904884,0.5123326182365417,0.949069619178772
0.03472987562417984,0.6618783473968506,1.0091770887374878
0.03830021992325783,0.6245028376579285,1.0075050592422485
0.04123146831989288,0.5515016317367554,0.9638162851333618
0.04067336395382881,0.643173098564148,1.0499067306518555
0.04077878221869469,0.5266995429992676,0.9344873428344727
0.03751654550433159,0.46358010172843933,0.8387455940246582
0.09199313074350357,0.5662141442298889,1.4861454963684082
0.046102289110422134,0.5532852411270142,1.0143080949783325
0.03891231492161751,0.5521596074104309,0.9412827491760254
0.040420569479465485,0.5929222106933594,0.997127890586853
0.061185162514448166,0.5871504545211792,1.1990020275115967
0.04219628497958183,0.518650472164154,0.940613329410553
0.035655613988637924,0.6662533283233643,1.0228095054626465
0.03767753392457962,0.6638116836547852,1.0405869483947754
0.039157524704933167,0.5538474321365356,0.9454226493835449
0.03450975567102432,0.6135303378105164,0.9586278796195984
0.04091480374336243,0.6181896924972534,1.0273377895355225
0.035983212292194366,0.5710259675979614,0.9308580756187439
0.0341496579349041,0.6007081270217896,0.9422047138214111
0.031679440289735794,0.6958973407745361,1.0126917362213135
0.03683708980679512,0.6375651955604553,1.0059361457824707
0.05028176307678223,0.6248511075973511,1.1276687383651733
0.03621413931250572,0.5918829441070557,0.9540243148803711
0.03573403134942055,0.48889532685279846,0.8462356328964233
0.030349871143698692,0.6687582731246948,0.9722570180892944
0.02957228571176529,0.4746606647968292,0.7703834772109985
0.04388786479830742,0.6475149393081665,1.0863935947418213
0.03187006339430809,0.6012033224105835,0.9199039936065674
0.032476816326379776,0.44774654507637024,0.7725147008895874
0.040216751396656036,0.600346565246582,1.002514123916626
0.03783222287893295,0.6780095100402832,1.056331753730774
0.03997045010328293,0.7159473896026611,1.1156518459320068
0.03146298602223396,0.5301312208175659,0.844761073589325
0.04602357745170593,0.5162713527679443,0.9765071272850037
0.03670046105980873,0.5518642663955688,0.918868899345398
0.038827259093523026,0.5351678729057312,0.9234404563903809
0.04463636130094528,0.6593776941299438,1.105741262435913
0.03435896709561348,0.6070050001144409,0.9505946636199951
0.04321923851966858,0.5934215784072876,1.0256140232086182
0.04112096503376961,0.6741111278533936,1.0853207111358643
0.033877670764923096,0.5886645317077637,0.9274412393569946
0.032159846276044846,0.6110392808914185,0.9326377511024475
0.04478345811367035,0.4179195761680603,0.8657541275024414
0.04143255949020386,0.5605920553207397,0.9749176502227783
0.03911149129271507,0.6649565696716309,1.0560715198516846
0.03917529433965683,0.6104234457015991,1.0021764039993286
0.03325524926185608,0.6427775621414185,0.9753300547599792
0.041995786130428314,0.5776124000549316,0.997570276260376
0.030872486531734467,0.6225104331970215,0.9312353134155273
0.040728263556957245,0.5910295844078064,0.99831223487854
0.0403958261013031,0.5685361623764038,0.9724944233894348
0.038043312728405,0.655735433101654,1.0361685752868652
0.03483758866786957,0.578985869884491,0.9273617267608643
0.0329742357134819,0.6586847305297852,0.9884271025657654
0.10805989056825638,0.48704349994659424,1.5676424503326416
0.03357319533824921,0.6624587774276733,0.9981907606124878
0.03397741541266441,0.5225974321365356,0.862371563911438
0.029213152825832367,0.6629217267036438,0.9550532698631287
0.04027638956904411,0.5268068313598633,0.929570734500885
0.09960101544857025,0.6843533515930176,1.6803635358810425
0.03698672726750374,0.5059828758239746,0.8758501410484314
0.03480103984475136,0.5352643728256226,0.8832747936248779
0.03491432964801788,0.5562304854393005,0.9053738117218018
0.07431616634130478,0.548993706703186,1.292155385017395
0.057053159922361374,0.5445817708969116,1.115113377571106
0.04171387851238251,0.5174399614334106,0.9345787763595581
0.03784317523241043,0.6262537837028503,1.0046855211257935
0.040978871285915375,0.503677487373352,0.913466215133667
0.07556455582380295,0.6437406539916992,1.3993861675262451
0.032914236187934875,0.33183568716049194,0.6609780788421631
0.03604895621538162,0.5642023682594299,0.924691915512085
0.03311104327440262,0.61854487657547,0.949655294418335
0.039421577006578445,0.6646839380264282,1.0588996410369873
0.03162384405732155,0.6425196528434753,0.9587581157684326
0.04121461510658264,0.5087528228759766,0.920898973941803
0.0443386510014534,0.34241753816604614,0.785804033279419
0.037873756140470505,0.5580779910087585,0.9368155598640442
0.04348209500312805,0.4055126905441284,0.8403336405754089
0.047619178891181946,0.4070034623146057,0.8831952810287476
0.03769750893115997,0.5902574062347412,0.9672324657440186
0.07356899976730347,0.566997766494751,1.3026877641677856
0.03820096328854561,0.6235836744308472,1.0055932998657227
0.04176891967654228,0.6053417921066284,1.0230309963226318
0.03204619884490967,0.6904580593109131,1.0109200477600098
0.03281472623348236,0.6015540957450867,0.9297013282775879
0.04112083464860916,0.622913658618927,1.0341219902038574
0.05115130543708801,0.6014244556427002,1.1129374504089355
0.03446211293339729,0.5337461233139038,0.8783672451972961
0.04196593165397644,0.5218688249588013,0.9415281414985657
0.04087730497121811,0.5971224308013916,1.0058954954147339
0.035054124891757965,0.462283194065094,0.8128244280815125
0.03073110245168209,0.6767443418502808,0.9840553998947144
0.037236832082271576,0.568047046661377,0.9404153823852539
0.03260774910449982,0.49895763397216797,0.8250350952148438
0.0351378433406353,0.5745376348495483,0.9259160757064819
0.032818619161844254,0.5482413172721863,0.8764275312423706
0.037243761122226715,0.5614105463027954,0.9338481426239014
0.037271320819854736,0.49376749992370605,0.8664807081222534
0.03764862194657326,0.6267446279525757,1.0032308101654053
0.036539044231176376,0.5540344715118408,0.9194248914718628
0.03489229828119278,0.4500269591808319,0.7989499568939209
0.04612558335065842,0.3711075186729431,0.8323633670806885
0.03497797250747681,0.551612377166748,0.9013921022415161
0.038480594754219055,0.5204713344573975,0.9052772521972656
0.0363767109811306,0.6413671970367432,1.0051343441009521
0.03896941617131233,0.4821663200855255,0.8718605041503906
0.0329483225941658,0.48198458552360535,0.8114677667617798
0.03305574133992195,0.4763875901699066,0.8069449663162231
0.040634430944919586,0.6841111779212952,1.0904555320739746
0.03493024408817291,0.49093925952911377,0.8402416706085205
0.03530818223953247,0.5494174957275391,0.9024993181228638
0.04477446898818016,0.3577952980995178,0.8055399656295776
0.03953273966908455,0.5893473625183105,0.9846747517585754
0.044124968349933624,0.589312732219696,1.030562400817871
0.03240523859858513,0.6005218029022217,0.9245741963386536
0.030391113832592964,0.6158087253570557,0.9197198748588562
0.05601144954562187,0.6632075905799866,1.2233221530914307
0.032048337161540985,0.4658336043357849,0.786316990852356
0.0313577875494957,0.40030282735824585,0.713880717754364
0.03262285888195038,0.5449446439743042,0.8711732625961304
0.03220200166106224,0.5656707882881165,0.8876907825469971
0.03344620764255524,0.4504833519458771,0.7849454283714294
0.05360434204339981,0.686103343963623,1.22214674949646
0.03856217861175537,0.43162763118743896,0.8172494173049927
0.05801568552851677,0.5395654439926147,1.1197223663330078
0.05044066160917282,0.46285393834114075,0.9672605991363525
0.030448652803897858,0.4625084400177002,0.7669949531555176
0.03179698437452316,0.6255698800086975,0.9435397386550903
0.04593152552843094,0.4811389744281769,0.9404542446136475
0.049015071243047714,0.53046715259552,1.0206178426742554
0.03190603107213974,0.506134033203125,0.8251943588256836
0.033033620566129684,0.6045976281166077,0.9349338412284851
0.031083837151527405,0.4969799220561981,0.8078182935714722
0.032970041036605835,0.5824640989303589,0.9121645092964172
0.036214422434568405,0.4226571321487427,0.7848013639450073
0.04052107781171799,0.5256258249282837,0.9308366179466248
0.03666050359606743,0.5901000499725342,0.9567050933837891
0.08581417798995972,0.6229909062385559,1.4811327457427979
0.030246267095208168,0.5111351013183594,0.8135977983474731
0.057877056300640106,0.5486900806427002,1.1274607181549072
0.03930573910474777,0.5185388326644897,0.9115962386131287
0.037755511701107025,0.3960941731929779,0.7736493349075317
0.03989729657769203,0.5379437804222107,0.936916708946228
0.03429697826504707,0.5524777770042419,0.8954475522041321
0.0320938378572464,0.4214414358139038,0.7423797845840454
0.03562147542834282,0.5886291265487671,0.9448438882827759
0.044460784643888474,0.6641509532928467,1.108758807182312
0.0360068753361702,0.6418107748031616,1.0018794536590576
0.041495393961668015,0.6475872993469238,1.0625412464141846
0.04311344400048256,0.5475285649299622,0.9786629676818848
0.03217193856835365,0.4713951051235199,0.7931144833564758
0.033169761300086975,0.7146795988082886,1.046377182006836
0.04868482053279877,0.5361529588699341,1.0230011940002441
0.06548800319433212,0.6613368988037109,1.3162169456481934
0.03333711996674538,0.5289296507835388,0.8623008728027344
0.03934059292078018,0.56162428855896,0.9550302028656006
0.033914580941200256,0.6123278141021729,0.951473593711853
0.034024935215711594,0.6371306777000427,0.9773800373077393
0.04140948876738548,0.5712822675704956,0.9853771924972534
0.04599260538816452,0.5076584219932556,0.967584490776062
0.03506246581673622,0.6293328404426575,0.9799574613571167
0.03154650703072548,0.6006783246994019,0.9161434173583984
0.03461376577615738,0.5664176940917969,0.9125553369522095
0.04299424961209297,0.4992797076702118,0.9292222261428833
0.034987784922122955,0.5876153707504272,0.9374932050704956
0.04135728254914284,0.42827606201171875,0.8418488502502441
0.034862980246543884,0.6471898555755615,0.9958196878433228
0.03464909642934799,0.6494617462158203,0.9959527254104614
0.035835620015859604,0.4686427116394043,0.8269989490509033
0.03411988914012909,0.5942817330360413,0.9354805946350098
0.043664705008268356,0.5844751000404358,1.0211222171783447
0.030747681856155396,0.6414759159088135,0.9489527344703674
0.03898400813341141,0.5565738081932068,0.9464138746261597
0.03529128059744835,0.61798095703125,0.9708937406539917
0.03928292542695999,0.6233495473861694,1.016178846359253
0.037305016070604324,0.6749387383460999,1.0479888916015625
0.03496325761079788,0.45704948902130127,0.8066820502281189
0.03572747856378555,0.43321922421455383,0.7904939651489258
0.04396775737404823,0.3064207136631012,0.7460982799530029
0.062036216259002686,0.6499894857406616,1.2703516483306885
0.03966130316257477,0.6179417371749878,1.014554738998413
0.04873314127326012,0.6338843107223511,1.1212157011032104
0.03283839300274849,0.5124505758285522,0.8408344984054565
0.0455847829580307,0.5711016654968262,1.0269495248794556
0.037063658237457275,0.5272606611251831,0.8978972434997559
0.038446877151727676,0.5476740598678589,0.9321428537368774
0.04024313762784004,0.48027583956718445,0.8827072381973267
0.0313565693795681,0.6614210605621338,0.9749867916107178
0.03318682685494423,0.5552666783332825,0.8871349096298218
0.031037116423249245,0.5846092104911804,0.8949803709983826
0.04164418205618858,0.5250922441482544,0.9415340423583984
0.03266696631908417,0.6609615087509155,0.9876312017440796
0.04247257113456726,0.6652606725692749,1.0899863243103027
0.03472745791077614,0.5865814685821533,0.9338560104370117
0.037319835275411606,0.6315677165985107,1.0047661066055298
0.03877507895231247,0.57972252368927,0.9674733281135559
0.033331505954265594,0.543603777885437,0.8769188523292542
0.04474474862217903,0.6133037209510803,1.06075119972229
0.04487083852291107,0.45035263895988464,0.8990610241889954
0.03446198254823685,0.6619595289230347,1.0065793991088867
0.04262160509824753,0.5987777709960938,1.024993896484375
0.032094333320856094,0.6376890540122986,0.9586323499679565
0.042169343680143356,0.6972135305404663,1.1189069747924805
0.04134749621152878,0.5623745322227478,0.9758495092391968
0.03646558150649071,0.6008201837539673,0.9654760360717773
0.034197743982076645,0.5413084626197815,0.8832858800888062
0.0441378653049469,0.4406048655509949,0.8819835186004639
0.03367239236831665,0.6051782369613647,0.9419021606445312
0.04353322833776474,0.642533004283905,1.0778653621673584
0.0336860753595829,0.6184216737747192,0.95528244972229
0.0332711897790432,0.6184940338134766,0.9512059688568115
0.03928086906671524,0.44741347432136536,0.8402221202850342
0.03129863366484642,0.5181971192359924,0.8311834335327148
0.05446793511509895,0.5682546496391296,1.1129339933395386
0.031201161444187164,0.6136440634727478,0.9256556630134583
0.03535850718617439,0.6181153059005737,0.9717003703117371
0.042428724467754364,0.37078461050987244,0.7950718402862549
0.0499468632042408,0.6967474222183228,1.196216106414795
0.03230252116918564,0.5780436992645264,0.901068925857544
0.031639229506254196,0.6288025975227356,0.9451949000358582
0.046569474041461945,0.6426283121109009,1.108323097229004
0.036028292030096054,0.38543701171875,0.7457199096679688
0.061459679156541824,0.6338469386100769,1.2484437227249146
0.03166342154145241,0.6396499872207642,0.9562841653823853
0.030740948393940926,0.6203979253768921,0.9278074502944946
0.034568484872579575,0.4768766164779663,0.822561502456665
0.03428886830806732,0.5537659525871277,0.8966546058654785
0.033589452505111694,0.6617578864097595,0.9976524114608765
0.03284952789545059,0.6351571083068848,0.9636523723602295
0.034217435866594315,0.652184247970581,0.9943585991859436
0.03483237326145172,0.5555590987205505,0.9038828611373901
0.03458385542035103,0.514241099357605,0.8600796461105347
0.03531781584024429,0.6634451150894165,1.0166232585906982
0.03674224391579628,0.40469056367874146,0.7721129655838013
0.033892568200826645,0.6274127960205078,0.9663385152816772
0.04728122055530548,0.39073795080184937,0.8635501861572266
0.035898566246032715,0.6649554967880249,1.023941159248352
0.043547626584768295,0.4274825155735016,0.8629587888717651
0.03533586487174034,0.41352298855781555,0.7668816447257996
0.034477125853300095,0.5567434430122375,0.9015147089958191
0.04234269633889198,0.43721872568130493,0.8606456518173218
0.04200667515397072,0.480236291885376,0.9003030061721802
0.04310838133096695,0.6410152316093445,1.072098970413208
0.03267287835478783,0.6108248233795166,0.9375536441802979
0.031227175146341324,0.5165877342224121,0.8288594484329224
0.03201354295015335,0.6436605453491211,0.9637959599494934
0.033107124269008636,0.575591504573822,0.9066627621650696
0.031848885118961334,0.6550154685974121,0.9735043048858643
0.03530263900756836,0.5418462753295898,0.8948726654052734
0.032671008259058,0.5538894534111023,0.8805994987487793
0.04150485247373581,0.47830575704574585,0.8933542966842651
0.03799530491232872,0.6795840263366699,1.0595370531082153
0.043584760278463364,0.6445465087890625,1.0803941488265991
0.034703657031059265,0.541274905204773,0.888311505317688
0.03213334083557129,0.4282611012458801,0.749594509601593
0.03377401828765869,0.5482244491577148,0.8859646320343018
0.031530752778053284,0.596129298210144,0.9114367961883545
0.03522072359919548,0.5984742641448975,0.9506815075874329
0.041428714990615845,0.6241390109062195,1.038426160812378
0.03077341429889202,0.5820773839950562,0.8898115158081055
0.03905484080314636,0.7190310955047607,1.1095795631408691
0.03260961174964905,0.6873052716255188,1.0134013891220093
0.03538266196846962,0.5513741374015808,0.905200719833374
0.05798382684588432,0.6549211144447327,1.2347593307495117
0.03056221455335617,0.7072937488555908,1.012915849685669
0.03753117099404335,0.47842445969581604,0.853736162185669
0.034364666789770126,0.5275282859802246,0.8711749315261841
0.03445037081837654,0.666435956954956,1.010939598083496
0.03642474114894867,0.5855560302734375,0.9498034715652466
0.04100119695067406,0.5538456439971924,0.9638576507568359
0.055028967559337616,0.4938419461250305,1.0441316366195679
0.04358256235718727,0.45552298426628113,0.8913486003875732
0.04868299886584282,0.4073277711868286,0.8941577672958374
0.04603466019034386,0.6658718585968018,1.1262184381484985
0.036094699054956436,0.6210939884185791,0.9820410013198853
0.04326377809047699,0.38973379135131836,0.8223716020584106
0.04111731797456741,0.6084259748458862,1.019599199295044
0.03363191336393356,0.6069108247756958,0.9432299733161926
0.032938987016677856,0.48790863156318665,0.8172985315322876
0.04082772508263588,0.6241691708564758,1.0324463844299316
0.04894537478685379,0.5577548146247864,1.047208547592163
0.037585631012916565,0.5707647204399109,0.9466210603713989
0.03121020831167698,0.659447968006134,0.9715500473976135
0.036604635417461395,0.6920347213745117,1.0580811500549316
0.03168749064207077,0.567744791507721,0.8846197128295898
0.03369585797190666,0.5134307742118835,0.8503893613815308
0.035945530980825424,0.6405302286148071,0.9999855756759644
0.028871482238173485,0.6746664047241211,0.9633812308311462
0.05989232286810875,0.400673508644104,0.9995967149734497
0.037552665919065475,0.5229670405387878,0.8984937071800232
0.03488152474164963,0.6119958162307739,0.9608110785484314
0.03173162043094635,0.4901743531227112,0.8074905872344971
0.036032821983098984,0.5569300055503845,0.9172582626342773
0.032082829624414444,0.5131624341011047,0.8339906930923462
0.03355151787400246,0.6021944284439087,0.9377095699310303
0.03236347809433937,0.5520188808441162,0.8756536245346069
0.03154163435101509,0.4465230107307434,0.7619393467903137
0.03253140300512314,0.5599485635757446,0.8852626085281372
0.035911038517951965,0.6511251926422119,1.0102355480194092
0.03378293290734291,0.5620458722114563,0.8998751640319824
0.04226284846663475,0.6341376900672913,1.056766152381897
0.042022839188575745,0.4812958538532257,0.9015242457389832
0.031062552705407143,0.5467487573623657,0.8573743104934692
0.04360976070165634,0.5450950860977173,0.9811927080154419
0.03887609764933586,0.6624611020088196,1.0512220859527588
0.038221217691898346,0.6127536296844482,0.9949657917022705
0.03190043568611145,0.6247520446777344,0.9437564015388489
0.03167625144124031,0.46649035811424255,0.7832528352737427
0.04602076858282089,0.5946775674819946,1.0548852682113647
0.029704313725233078,0.6735548973083496,0.970598042011261
0.030758030712604523,0.6500030159950256,0.9575833082199097
0.037351105362176895,0.39706292748451233,0.7705739736557007
0.03402791544795036,0.5516337156295776,0.8919128775596619
0.03620268777012825,0.623533308506012,0.9855601787567139
0.038514573127031326,0.626420259475708,1.011565923690796
0.04148153215646744,0.5676249861717224,0.9824402928352356
0.03417346999049187,0.648207426071167,0.9899421334266663
0.03182712942361832,0.4696284532546997,0.7878997325897217
0.038729228079319,0.5797510147094727,0.9670432806015015
0.03130221366882324,0.7226571440696716,1.0356793403625488
0.03399434685707092,0.5060321092605591,0.8459755778312683
0.03234688565135002,0.5415287017822266,0.8649975657463074
0.03555453568696976,0.43287310004234314,0.7884184122085571
0.08052172511816025,0.4942414462566376,1.2994587421417236
0.06179318204522133,0.6478710174560547,1.2658028602600098
0.05038575828075409,0.5291503667831421,1.0330079793930054
0.03038923442363739,0.6316020488739014,0.9354944229125977
0.032672639936208725,0.5800355076789856,0.906761884689331
0.035991352051496506,0.6368105411529541,0.9967240691184998
0.06527068465948105,0.5832874774932861,1.2359943389892578
0.04332060366868973,0.5766247510910034,1.0098307132720947
0.04018166661262512,0.5550645589828491,0.9568812251091003
0.044325090944767,0.5729024410247803,1.016153335571289
0.04386184364557266,0.5388821363449097,0.9775005578994751
0.03737582266330719,0.7042858600616455,1.078044056892395
0.03972239792346954,0.5171536207199097,0.9143775701522827
0.03704511374235153,0.6838737726211548,1.0543248653411865
0.04530540853738785,0.4299529492855072,0.8830070495605469
0.03381730988621712,0.5216395854949951,0.8598126769065857
0.039549849927425385,0.5119518041610718,0.9074503183364868
0.04504237323999405,0.443571537733078,0.8939952850341797
0.03137188404798508,0.6207865476608276,0.9345054030418396
0.029858140274882317,0.4779476821422577,0.77652907371521
0.0326765701174736,0.6070674657821655,0.9338331818580627
0.03352826088666916,0.5823798179626465,0.9176624417304993
0.03595152869820595,0.5554007291793823,0.9149160385131836
0.035455796867609024,0.5370664000511169,0.8916243314743042
0.04134202003479004,0.5464704036712646,0.959890604019165
0.02941380999982357,0.4834498167037964,0.777587890625
0.0342617891728878,0.47154638171195984,0.8141642808914185
0.0323178805410862,0.6765021085739136,0.9996808767318726
0.03141150251030922,0.660531222820282,0.9746462106704712
0.03797535225749016,0.5229952335357666,0.9027487635612488
0.031771447509527206,0.6249080896377563,0.9426225423812866
0.032040856778621674,0.6045061349868774,0.9249147176742554
0.03098929673433304,0.5248955488204956,0.8347885012626648
0.0467253252863884,0.6220560669898987,1.0893093347549438
0.035336337983608246,0.5144617557525635,0.8678251504898071
0.045853983610868454,0.47868505120277405,0.9372248649597168
0.03443010151386261,0.5449109077453613,0.889211893081665
0.034027792513370514,0.4366741180419922,0.7769520282745361
0.03808525204658508,0.5872879028320312,0.9681404232978821
0.04244820401072502,0.36033105850219727,0.7848131060600281
0.04019015282392502,0.6555886268615723,1.0574901103973389
0.0423738919198513,0.5495463609695435,0.9732853174209595
0.03690755367279053,0.5202422142028809,0.8893177509307861
0.03791709244251251,0.6001261472702026,0.9792970418930054
0.03166182339191437,0.5610242486000061,0.8776425123214722
0.033405523747205734,0.49020302295684814,0.8242582678794861
0.03709754720330238,0.44818973541259766,0.8191652297973633
0.03257909417152405,0.534125566482544,0.8599165081977844
0.031701214611530304,0.32603922486305237,0.6430513858795166
0.05499598756432533,0.566735029220581,1.1166949272155762
0.03553153574466705,0.4996107518672943,0.8549261093139648
0.035577818751335144,0.6554700136184692,1.011248230934143
0.029815364629030228,0.5323201417922974,0.830473780632019
0.03498713672161102,0.491671085357666,0.8415424823760986
0.03918224573135376,0.5871081352233887,0.9789305925369263
0.036035165190696716,0.4098091423511505,0.7701607942581177
0.08186492323875427,0.523200273513794,1.3418495655059814
0.03623858094215393,0.5755482316017151,0.9379340410232544
0.048460498452186584,0.6658363342285156,1.150441288948059
0.03670019656419754,0.6759854555130005,1.04298734664917
0.03284503519535065,0.48271656036376953,0.8111668825149536
0.03330882638692856,0.5070371627807617,0.8401254415512085
0.0452580451965332,0.366527259349823,0.819107711315155
0.036307454109191895,0.6268706321716309,0.9899451732635498
0.03662296012043953,0.7218296527862549,1.0880591869354248
0.055987466126680374,0.6590850353240967,1.2189596891403198
0.04844813048839569,0.5871769785881042,1.0716582536697388
0.041664477437734604,0.7104175090789795,1.1270623207092285
0.03985847160220146,0.6208164691925049,1.0194011926651
0.040857307612895966,0.6440669894218445,1.0526400804519653
0.031722791492938995,0.44474875926971436,0.7619766592979431
0.03988313302397728,0.6192315816879272,1.018062949180603
0.04104894399642944,0.4765893518924713,0.8870787620544434
0.036346275359392166,0.5122985243797302,0.8757612705230713
0.03758774697780609,0.6754099130630493,1.0512874126434326
0.05548912659287453,0.7538902163505554,1.3087815046310425
0.038466230034828186,0.4811803102493286,0.8658425807952881
0.03153648227453232,0.5877454280853271,0.9031102657318115
0.035577233880758286,0.4077983498573303,0.7635706663131714
0.030605096369981766,0.5878639817237854,0.8939149379730225
0.03629809245467186,0.6861375570297241,1.0491185188293457
0.06807020306587219,0.6210451722145081,1.30174720287323
0.03487909585237503,0.702448308467865,1.051239252090454
0.03247340768575668,0.5771327018737793,0.9018667936325073
0.030242884531617165,0.4316442310810089,0.7340730428695679
0.036917544901371,0.45117366313934326,0.8203490972518921
0.03184942528605461,0.5883686542510986,0.9068629145622253
0.028589418157935143,0.6901338696479797,0.9760280847549438
0.03373144939541817,0.6433392763137817,0.9806537628173828
0.04147841036319733,0.573921799659729,0.9887058734893799
0.0304835457354784,0.4825311601161957,0.7873666286468506
0.044273730367422104,0.47927188873291016,0.9220092296600342
0.0319475382566452,0.5878068208694458,0.9072822332382202
0.030475737527012825,0.659632682800293,0.9643900394439697
0.04048788174986839,0.6356733441352844,1.0405521392822266
0.03252428025007248,0.5828067660331726,0.9080495834350586
0.03723982349038124,0.3892771601676941,0.7616753578186035
0.03694478049874306,0.5763344168663025,0.9457821846008301
0.03157370910048485,0.5308797359466553,0.8466168642044067
0.033953454345464706,0.6988597512245178,1.0383943319320679
0.03364494815468788,0.5248197913169861,0.8612692356109619
0.03319190815091133,0.5574071407318115,0.8893262147903442
0.03455507755279541,0.48784512281417847,0.8333958983421326
0.03680447116494179,0.47656089067459106,0.844605565071106
0.029873862862586975,0.6449014544487,0.9436401128768921
0.06388797610998154,0.6050455570220947,1.2439253330230713
0.05158833786845207,0.6502108573913574,1.1660943031311035
0.03775497525930405,0.6414997577667236,1.0190495252609253
0.0498204380273819,0.5877488851547241,1.0859532356262207
0.03349470719695091,0.5738964080810547,0.9088435173034668
0.03205998241901398,0.4056028425693512,0.726202666759491
0.030757294967770576,0.48468875885009766,0.7922617197036743
0.04633917659521103,0.7378156185150146,1.2012073993682861
0.03527596965432167,0.5421807765960693,0.8949404954910278
0.0349431112408638,0.6249019503593445,0.9743330478668213
0.032040808349847794,0.7064721584320068,1.0268802642822266
0.03235455974936485,0.39748919010162354,0.7210347652435303
0.030557891353964806,0.5385770797729492,0.84415602684021
0.03681871294975281,0.6316609382629395,0.9998480677604675
0.03392571210861206,0.5858426094055176,0.9250997304916382
0.03491765633225441,0.7135107517242432,1.0626872777938843
0.030555710196495056,0.6090363264083862,0.9145934581756592
0.03178277239203453,0.539768636226654,0.8575963973999023
0.03438160941004753,0.6427979469299316,0.9866140484809875
0.03283420577645302,0.7235499024391174,1.0518919229507446
0.04506000876426697,0.6536598205566406,1.104259967803955
0.04088035970926285,0.48947659134864807,0.898280143737793
0.03430663049221039,0.6285020112991333,0.9715683460235596
0.03310493007302284,0.6225613355636597,0.9536106586456299
0.03601140156388283,0.5436624884605408,0.9037765264511108
0.040899403393268585,0.45091941952705383,0.8599134683609009
0.03192953020334244,0.5408134460449219,0.8601087331771851
0.035860493779182434,0.5555577278137207,0.9141626358032227
0.03785961866378784,0.6300433874130249,1.0086395740509033
0.04295981675386429,0.5310819745063782,0.9606801271438599
0.03620383143424988,0.6420214176177979,1.0040597915649414
0.03579893335700035,0.5470861792564392,0.9050755500793457
0.04224884510040283,0.48024865984916687,0.9027371406555176
0.03693440183997154,0.6080954670906067,0.9774395227432251
0.030305562540888786,0.4309937357902527,0.7340493202209473
0.03176861256361008,0.6015090942382812,0.9191952347755432
0.031212730333209038,0.5429285764694214,0.8550558686256409
0.0362216979265213,0.560867190361023,0.9230841398239136
0.02966964989900589,0.40767401456832886,0.7043704986572266
0.031108852475881577,0.47037285566329956,0.7814613580703735
0.03622516244649887,0.6326598525047302,0.9949114918708801
0.03533615171909332,0.46532949805259705,0.8186910152435303
0.033611007034778595,0.49263888597488403,0.8287489414215088
0.03583589568734169,0.5736849308013916,0.9320439100265503
0.038630127906799316,0.6406750679016113,1.0269763469696045
0.04025057703256607,0.4850708842277527,0.8875766396522522
0.03326478227972984,0.6442187428474426,0.976866602897644
0.036229588091373444,0.5646131038665771,0.9269089698791504
0.03295212984085083,0.7092828154563904,1.038804054260254
0.03947151079773903,0.47265321016311646,0.8673683404922485
0.03754492104053497,0.45018213987350464,0.8256313800811768
0.0477093942463398,0.584100604057312,1.0611945390701294
0.04616210609674454,0.5200748443603516,0.9816958904266357
0.03136110678315163,0.6208672523498535,0.9344782829284668
0.03298215940594673,0.4919086694717407,0.8217302560806274
0.0441986583173275,0.4812765121459961,0.9232630729675293
0.03362584486603737,0.637912392616272,0.9741708040237427
0.03410343825817108,0.6903871297836304,1.0314215421676636
0.03601323440670967,0.505231499671936,0.8653638362884521
0.035355228930711746,0.6773624420166016,1.0309147834777832
0.029278621077537537,0.5290099382400513,0.821796178817749
0.06293164193630219,0.6444656848907471,1.2737821340560913
0.12017809599637985,0.6469254493713379,1.8487063646316528
0.04490489140152931,0.6505113840103149,1.099560260772705
0.042004577815532684,0.491005539894104,0.911051332950592
0.029718007892370224,0.5897982716560364,0.8869783878326416
0.07399557530879974,0.49976465106010437,1.2397204637527466
0.03717707470059395,0.6101572513580322,0.9819279909133911
0.034409333020448685,0.493738055229187,0.8378313779830933
0.03183872997760773,0.7009024024009705,1.0192897319793701
0.04280592501163483,0.48268967866897583,0.9107489585876465
0.035615429282188416,0.5835638642311096,0.9397181272506714
0.03816165775060654,0.5640963912010193,0.9457129836082458
0.05554656311869621,0.6138145923614502,1.1692802906036377
0.03238513693213463,0.5967624187469482,0.9206137657165527
0.038043063133955,0.5593751072883606,0.9398057460784912
0.03496856242418289,0.6306371688842773,0.9803227782249451
0.041742175817489624,0.46552878618240356,0.8829505443572998
0.035194408148527145,0.6617768406867981,1.013720989227295
0.03430621325969696,0.5094106197357178,0.8524727821350098
0.034434959292411804,0.5520936250686646,0.896443247795105
0.06101411208510399,0.6092527508735657,1.2193938493728638
0.032532211393117905,0.5389851927757263,0.8643072843551636
0.04286554828286171,0.49879351258277893,0.9274489879608154
0.032196465879678726,0.622058629989624,0.9440232515335083
0.03483256697654724,0.5965994000434875,0.94492506980896
0.031987279653549194,0.5696771740913391,0.889549970626831
0.04344943165779114,0.5315829515457153,0.9660772681236267
0.031852010637521744,0.6878400444984436,1.0063601732254028
0.03478339686989784,0.6258174180984497,0.9736514091491699
0.04610549658536911,0.6113662123680115,1.0724211931228638
0.03294065594673157,0.5510557293891907,0.8804622888565063
0.03369377553462982,0.5792861580848694,0.9162238836288452
0.033141400665044785,0.6229697465896606,0.9543837308883667
0.03208737447857857,0.6379874348640442,0.9588611721992493
0.035883184522390366,0.5732709765434265,0.9321027994155884
0.04011687636375427,0.5446544885635376,0.9458232522010803
0.04097449779510498,0.5450125932693481,0.954757571220398
0.03212691843509674,0.5029114484786987,0.8241806030273438
0.043242692947387695,0.47887730598449707,0.911304235458374
0.03979964181780815,0.5367146730422974,0.9347110986709595
0.0323796384036541,0.6089873909950256,0.9327837824821472
0.03207124397158623,0.4935215413570404,0.8142340183258057
0.03590968996286392,0.46757835149765015,0.8266752362251282
0.031161295250058174,0.5602738857269287,0.8718868494033813
0.03797463700175285,0.49201399087905884,0.871760368347168
0.03569842129945755,0.562820315361023,0.9198045134544373
0.0446663424372673,0.5962380766868591,1.0429015159606934
0.033523738384246826,0.5909527540206909,0.9261901378631592
0.032491348683834076,0.6331979036331177,0.9581114053726196
0.05402860417962074,0.5756950378417969,1.115981101989746
0.03229455277323723,0.5884682536125183,0.9114137887954712
0.030992357060313225,0.6757485866546631,0.985672116279602
0.038891661912202835,0.5068539381027222,0.8957705497741699
0.035142216831445694,0.46295031905174255,0.8143724799156189
0.03798573836684227,0.5152564644813538,0.8951138257980347
0.03675967827439308,0.5870974063873291,0.9546941518783569
0.0391915999352932,0.3989587724208832,0.7908747792243958
0.03890596702694893,0.5485262870788574,0.9375859498977661
0.031328871846199036,0.5966025590896606,0.9098912477493286
0.03833301365375519,0.6049690842628479,0.9882992506027222
0.03201324865221977,0.5789540410041809,0.8990865349769592
0.04161478579044342,0.6316916942596436,1.0478395223617554
0.029796434566378593,0.4913231134414673,0.7892874479293823
0.03318921476602554,0.5540637969970703,0.8859559297561646
0.11202137917280197,0.6308656930923462,1.7510794401168823
0.030785951763391495,0.6599040031433105,0.9677635431289673
0.03103162907063961,0.5274966955184937,0.8378130197525024
0.0405396930873394,0.6312659382820129,1.0366628170013428
0.03405698388814926,0.5140382051467896,0.8546080589294434
0.04251760244369507,0.5686423778533936,0.9938184022903442
0.03530566021800041,0.590015172958374,0.9430717825889587
0.03108370117843151,0.5226781964302063,0.8335151672363281
0.032359495759010315,0.5604029893875122,0.883997917175293
0.03778877854347229,0.6476520299911499,1.0255398750305176
0.03072180412709713,0.4868135154247284,0.79403156042099
0.034135933965444565,0.34824785590171814,0.6896072030067444
0.07330194860696793,0.5758744478225708,1.3088939189910889
0.03393280506134033,0.5944472551345825,0.9337753057479858
0.035781826823949814,0.4310343265533447,0.7888525724411011
0.04162447154521942,0.6056506037712097,1.0218952894210815
0.03909692540764809,0.481507807970047,0.8724770545959473
0.04034591093659401,0.5834987163543701,0.9869577884674072
0.04988383501768112,0.6222274303436279,1.1210658550262451
0.031213395297527313,0.4654736816883087,0.7776076793670654
0.034570030868053436,0.545714259147644,0.8914145827293396
0.031241266056895256,0.6561753749847412,0.9685879945755005
0.041242752224206924,0.4978087246417999,0.9102362394332886
0.035808734595775604,0.6088409423828125,0.9669283032417297
0.03572887182235718,0.5027928352355957,0.8600815534591675
0.035274095833301544,0.7371374368667603,1.0898783206939697
0.030714508146047592,0.705652117729187,1.012797236442566
0.03683348000049591,0.6352401971817017,1.0035749673843384
0.03615577518939972,0.46879714727401733,0.8303549289703369
0.031308144330978394,0.49051469564437866,0.8035961389541626
0.03168811276555061,0.6372751593589783,0.9541562795639038
0.03145650774240494,0.6500079035758972,0.9645729660987854
0.03767808526754379,0.6377273201942444,1.0145082473754883
0.043332867324352264,0.5393331050872803,0.9726617932319641
0.032025985419750214,0.5550861358642578,0.8753460049629211
0.032123319804668427,0.596506655216217,0.9177398681640625
0.03305429592728615,0.4647224247455597,0.7952653765678406
0.03183740749955177,0.5262805223464966,0.8446545600891113
0.03421831876039505,0.6790173649787903,1.0212005376815796
0.03568384796380997,0.5887957215309143,0.9456341862678528
0.03127306327223778,0.5930420160293579,0.9057726860046387
0.0332610122859478,0.5095865726470947,0.8421967029571533
0.04422520473599434,0.5455046892166138,0.9877567291259766
0.03402548283338547,0.5219876766204834,0.8622425198554993
0.03875574469566345,0.53657066822052,0.9241281151771545
0.031832125037908554,0.5981070399284363,0.9164283275604248
0.03262822702527046,0.6285797357559204,0.9548619985580444
0.029630765318870544,0.5356588959693909,0.8319665193557739
0.03891393542289734,0.6000323295593262,0.9891716837882996
0.05921260267496109,0.5809361934661865,1.1730622053146362
0.04103599861264229,0.550920844078064,0.9612808227539062
0.04068094491958618,0.5999271869659424,1.0067366361618042
0.03442714735865593,0.4617946445941925,0.8060661554336548
0.037015531212091446,0.5541629791259766,0.9243183135986328
0.03562253341078758,0.6815641522407532,1.0377894639968872
0.032194241881370544,0.6036360263824463,0.9255784749984741
0.04261331632733345,0.5925434827804565,1.0186766386032104
0.03508950397372246,0.6039265394210815,0.9548215866088867
0.02920699678361416,0.6162567138671875,0.9083266854286194
0.04512440413236618,0.5170910358428955,0.9683350920677185
0.03424862027168274,0.545771598815918,0.8882578015327454
0.040963467210531235,0.49528083205223083,0.9049155116081238
0.03717152401804924,0.5551775097846985,0.9268927574157715
0.042499419301748276,0.5476690530776978,0.9726632833480835
0.038423873484134674,0.560125470161438,0.9443641901016235
0.05609634891152382,0.6202885508537292,1.1812520027160645
0.03220478445291519,0.6231442093849182,0.9451920390129089
0.04051058366894722,0.693717360496521,1.0988231897354126
0.04355039820075035,0.4461875557899475,0.881691575050354
0.04001899063587189,0.6157119870185852,1.0159019231796265
0.032993707805871964,0.6471748948097229,0.9771119356155396
0.0348326750099659,0.5328834652900696,0.881210207939148
0.030513359233736992,0.605837881565094,0.910971462726593
0.03518269211053848,0.6231991648674011,0.9750260710716248
0.033505771309137344,0.558887243270874,0.8939449787139893
0.034076251089572906,0.6451950073242188,0.9859575033187866
0.03473078832030296,0.6722690463066101,1.019576907157898
0.031121883541345596,0.6541121006011963,0.965330958366394
0.04318353906273842,0.5837796926498413,1.0156151056289673
0.0362364798784256,0.6143245697021484,0.976689338684082
0.034522660076618195,0.5008366107940674,0.8460631966590881
0.03875242918729782,0.6248603463172913,1.0123846530914307
0.034914929419755936,0.6622099876403809,1.0113592147827148
0.0347650945186615,0.6346011161804199,0.9822520613670349
0.0318475179374218,0.615651547908783,0.9341267347335815
0.0341653972864151,0.7354357242584229,1.0770896673202515
0.03115660883486271,0.5910850763320923,0.9026511907577515
0.030271131545305252,0.5022425651550293,0.8049538731575012
0.03150129318237305,0.5084763765335083,0.8234893083572388
0.04086583852767944,0.4761717915534973,0.8848301768302917
0.03229659050703049,0.5040621757507324,0.8270280957221985
0.03625429794192314,0.5787982940673828,0.9413412809371948
0.03087574802339077,0.5932775735855103,0.9020350575447083
0.034271541982889175,0.5893971920013428,0.9321125745773315
0.03794894367456436,0.5843780040740967,0.9638674259185791
0.033347904682159424,0.6595994830131531,0.9930785298347473
0.03580436483025551,0.43508821725845337,0.7931318283081055
0.02919791080057621,0.5859515070915222,0.8779306411743164
0.030355175957083702,0.5514951944351196,0.8550469875335693
0.03872113674879074,0.5382598638534546,0.9254712462425232
0.03231029585003853,0.4858030378818512,0.8089059591293335
0.03265584260225296,0.511823296546936,0.8383817076683044
0.03439589589834213,0.5807229280471802,0.9246819019317627
0.04373319447040558,0.440328449010849,0.8776603937149048
0.041378460824489594,0.49292516708374023,0.9067097902297974
0.0367511585354805,0.4859844446182251,0.8534960150718689
0.03121214173734188,0.5528556108474731,0.8649770021438599
0.034071724861860275,0.6808837056159973,1.0216009616851807
0.03565394878387451,0.5423253774642944,0.8988648653030396
0.028238674625754356,0.6152112483978271,0.8975980281829834
0.034682031720876694,0.34332019090652466,0.6901404857635498
0.029825476929545403,0.6353950500488281,0.9336497783660889
0.030415771529078484,0.5254350900650024,0.8295928239822388
0.03134283423423767,0.5207794904708862,0.8342078328132629
0.12820616364479065,0.5764893889427185,1.858551025390625
0.06626975536346436,0.6081269979476929,1.2708245515823364
0.04219160974025726,0.5780937671661377,1.0000098943710327
0.042172592133283615,0.3569350838661194,0.7786610126495361
0.034712161868810654,0.3909415304660797,0.7380631566047668
0.04495103284716606,0.5725226998329163,1.0220329761505127
0.031129151582717896,0.48615479469299316,0.7974463105201721
0.03558329492807388,0.648916482925415,1.0047494173049927
0.033438023179769516,0.3562456965446472,0.6906259059906006
0.05102365091443062,0.5074630379676819,1.0176994800567627
0.04091576859354973,0.5021361112594604,0.9112938046455383
0.036099355667829514,0.4469178020954132,0.8079113960266113
0.036299992352724075,0.46403539180755615,0.8270353078842163
0.031200973317027092,0.6319082975387573,0.943917989730835
0.03408125042915344,0.549651563167572,0.8904640674591064
0.033627938479185104,0.5446364283561707,0.8809158205986023
0.02889951318502426,0.6085642576217651,0.897559404373169
0.03034454770386219,0.5313310623168945,0.8347765207290649
0.03152891993522644,0.4675644040107727,0.7828536033630371
0.03120574541389942,0.4691509008407593,0.7812083959579468
0.0290885791182518,0.6158021688461304,0.9066879749298096
0.03078523650765419,0.6720961332321167,0.9799485206604004
0.031631793826818466,0.5769393444061279,0.8932572603225708
0.03299032151699066,0.5873501300811768,0.9172533750534058
0.034640006721019745,0.649105429649353,0.9955055117607117
0.0354105643928051,0.4319046139717102,0.7860102653503418
0.030020928010344505,0.5794728398323059,0.8796821236610413
0.037251051515340805,0.5697450637817383,0.9422556161880493
0.034021783620119095,0.4580569267272949,0.7982747554779053
0.03084707446396351,0.5113506317138672,0.8198213577270508
0.03758692741394043,0.5690404772758484,0.9449097514152527
0.03134509176015854,0.4660792648792267,0.7795301675796509
0.030825410038232803,0.5229332447052002,0.83118736743927
0.03741605579853058,0.6357125043869019,1.0098730325698853
0.02962360717356205,0.46225276589393616,0.7584888339042664
0.038867052644491196,0.5289889574050903,0.9176595211029053
0.03547465801239014,0.3825376033782959,0.7372841835021973
0.09133991599082947,0.6870324611663818,1.6004316806793213
0.03241260349750519,0.6388719081878662,0.9629979133605957
0.04644225165247917,0.5022674798965454,0.9666900038719177
0.03996475413441658,0.670762300491333,1.0704097747802734
0.03287960961461067,0.6203886866569519,0.949184775352478
0.04279305413365364,0.4622264504432678,0.8901569843292236
0.035540688782930374,0.6498064398765564,1.0052132606506348
0.0433356799185276,0.526202917098999,0.9595596790313721
0.034524451941251755,0.5456631779670715,0.8909077048301697
0.03759032115340233,0.4593203365802765,0.8352235555648804
0.03226375952363014,0.6220263242721558,0.9446638822555542
0.0345754437148571,0.6485646963119507,0.9943191409111023
0.03519594669342041,0.4580688774585724,0.8100283145904541
0.03657146170735359,0.6210910081863403,0.9868056178092957
0.0348304808139801,0.6042391061782837,0.9525439143180847
0.03271429240703583,0.6345701217651367,0.9617130756378174
0.06068010255694389,0.6804897785186768,1.2872908115386963
0.033449165523052216,0.4827348291873932,0.8172265291213989
0.03403384983539581,0.49515336751937866,0.8354918956756592
0.0340864323079586,0.5439561605453491,0.8848204612731934
0.038332656025886536,0.6605169773101807,1.0438435077667236
0.05083657428622246,0.6236687302589417,1.1320345401763916
0.03572996333241463,0.5430529713630676,0.9003525972366333
0.030222704634070396,0.5484604835510254,0.8506875038146973
0.0324653685092926,0.5225791931152344,0.8472328782081604
0.05957634747028351,0.5906020402908325,1.1863654851913452
0.04380831867456436,0.6298170685768127,1.0679001808166504
0.032093994319438934,0.6892482042312622,1.010188102722168
0.03220859915018082,0.5121819972991943,0.8342679738998413
0.04548211768269539,0.587550163269043,1.0423712730407715
0.033186014741659164,0.5838503837585449,0.9157105684280396
0.034711334854364395,0.5873976945877075,0.9345110654830933
0.04487379267811775,0.6248247623443604,1.0735626220703125
0.04401224106550217,0.5479689836502075,0.9880914092063904
0.04521193727850914,0.49260836839675903,0.9447277784347534
0.04026595503091812,0.570882260799408,0.973541796207428
0.05087451636791229,0.6223166584968567,1.1310617923736572
0.03208498656749725,0.6291804909706116,0.9500303268432617
0.04592254385352135,0.4149325489997864,0.8741580247879028
0.0355040542781353,0.5727594494819641,0.9277999997138977
0.04088711738586426,0.5767595767974854,0.9856307506561279
0.045037493109703064,0.4493766129016876,0.8997515439987183
0.034354068338871,0.7699402570724487,1.1134809255599976
0.03629302605986595,0.5303597450256348,0.8932900428771973
0.03525533899664879,0.6726315021514893,1.0251848697662354
0.03735063970088959,0.6008625030517578,0.9743689298629761
0.031833212822675705,0.4704779088497162,0.7888100147247314
0.039454471319913864,0.6897262334823608,1.08427095413208
0.032501861453056335,0.5328409671783447,0.8578596115112305
0.03405304253101349,0.5690653324127197,0.9095957279205322
0.03681141510605812,0.6183593273162842,0.9864734411239624
0.0425439327955246,0.5799095034599304,1.005348801612854
0.03397102281451225,0.47902554273605347,0.8187357783317566
0.03750840201973915,0.5605305433273315,0.9356145858764648
0.030026962980628014,0.6738553047180176,0.9741249084472656
0.030376415699720383,0.4431668519973755,0.7469310164451599
0.03199298307299614,0.5769132375717163,0.8968430757522583
0.03810909390449524,0.45608240365982056,0.837173342704773
0.03587057814002037,0.5433589816093445,0.9020648002624512
0.0480961911380291,0.6375241875648499,1.1184861660003662
0.039161842316389084,0.5853841304779053,0.9770025610923767
0.029636405408382416,0.5422923564910889,0.8386564254760742
0.037336599081754684,0.4993719756603241,0.8727380037307739
0.034239545464515686,0.39120835065841675,0.733603835105896
0.056362975388765335,0.6124248504638672,1.17605459690094
0.048661183565855026,0.5873435735702515,1.0739554166793823
0.040722306817770004,0.42224758863449097,0.8294706344604492
0.04779835417866707,0.6391551494598389,1.1171386241912842
0.04622092470526695,0.6216734647750854,1.0838826894760132
0.0333142951130867,0.6266764402389526,0.9598193764686584
0.03360898420214653,0.5698078870773315,0.9058977365493774
0.038379061967134476,0.6155405044555664,0.9993311166763306
0.03304901346564293,0.6153208613395691,0.9458110332489014
0.03367270901799202,0.6187291145324707,0.9554561972618103
0.03949432447552681,0.5119585394859314,0.9069017767906189
0.048245325684547424,0.5791833400726318,1.0616365671157837
0.04573877528309822,0.6265033483505249,1.0838911533355713
0.04392312839627266,0.5026063919067383,0.9418376684188843
0.03458743542432785,0.6832501888275146,1.0291244983673096
0.036783333867788315,0.6250991821289062,0.9929325580596924
0.03050759620964527,0.6809790134429932,0.9860550165176392
0.031273093074560165,0.5261567234992981,0.8388876914978027
0.037828076630830765,0.6326749324798584,1.0109556913375854
0.04149558022618294,0.5020508170127869,0.9170066118240356
0.0332634337246418,0.5961287021636963,0.9287630319595337
0.031239772215485573,0.5507068634033203,0.8631045818328857
0.03012220934033394,0.6174392700195312,0.91866135597229
0.04133470728993416,0.6153076887130737,1.0286548137664795
0.04200619459152222,0.6558908820152283,1.0759527683258057
0.0308905728161335,0.6287873387336731,0.9376930594444275
0.07132867723703384,0.5572190880775452,1.2705059051513672
0.031614404171705246,0.633796215057373,0.9499402642250061
0.0325646810233593,0.5024129152297974,0.828059732913971
0.03625119850039482,0.44145601987838745,0.8039680123329163
0.04441750794649124,0.518840491771698,0.9630155563354492
0.04231356084346771,0.4855826497077942,0.9087182283401489
0.045092783868312836,0.6037752628326416,1.0547031164169312
0.03626815974712372,0.6263517141342163,0.9890333414077759
0.029615700244903564,0.5156338810920715,0.8117908835411072
0.03167125955224037,0.5804532766342163,0.8971658945083618
0.04810435324907303,0.5237836837768555,1.0048272609710693
0.04246630519628525,0.557886004447937,0.9825490713119507
0.03631915524601936,0.5200839638710022,0.8832755088806152
0.04088738560676575,0.5493508577346802,0.9582247138023376
0.03579336404800415,0.6330339908599854,0.9909676313400269
0.032085027545690536,0.5544747114181519,0.8753249645233154
0.047924041748046875,0.6222085952758789,1.1014490127563477
0.033964380621910095,0.566339373588562,0.9059832096099854
0.059820596128702164,0.5323504209518433,1.130556344985962
0.04176955670118332,0.5332954525947571,0.9509910345077515
0.03275376558303833,0.5607685446739197,0.888306200504303
0.04990071430802345,0.3773742914199829,0.8763813972473145
0.03834322467446327,0.6342900991439819,1.0177223682403564
0.040097419172525406,0.5595545768737793,0.9605287313461304
0.03927707299590111,0.4483129382133484,0.8410836458206177
0.03064330667257309,0.3623008131980896,0.6687338948249817
0.037936124950647354,0.459966778755188,0.8393280506134033
0.03241398185491562,0.633121907711029,0.9572617411613464
0.031083084642887115,0.5911015868186951,0.901932418346405
0.03995225951075554,0.46371158957481384,0.8632341623306274
0.04011090472340584,0.6504350900650024,1.051544189453125
0.04800165444612503,0.706434965133667,1.1864514350891113
0.07615458220243454,0.64241623878479,1.4039621353149414
0.035723667591810226,0.41708964109420776,0.7743263244628906
0.028535963967442513,0.3231508433818817,0.6085104942321777
0.035619474947452545,0.48862576484680176,0.844820499420166
0.03041394241154194,0.48978519439697266,0.7939246296882629
0.032792750746011734,0.5541763305664062,0.8821038007736206
0.0313660204410553,0.41271111369132996,0.7263712882995605
0.03723717853426933,0.5569148063659668,0.9292865991592407
0.040681514889001846,0.624543309211731,1.0313584804534912
0.039170533418655396,0.4839409291744232,0.8756462335586548
0.0299142487347126,0.6090598702430725,0.9082023501396179
0.03615688532590866,0.4709198474884033,0.8324887156486511
0.03144102916121483,0.5725719928741455,0.8869823217391968
0.0287897028028965,0.5415571331977844,0.8294541835784912
0.07928194105625153,0.5810349583625793,1.373854398727417
0.03234369680285454,0.5250595808029175,0.8484965562820435
0.03444992005825043,0.546430230140686,0.8909294605255127
0.035206519067287445,0.46971604228019714,0.8217812776565552
0.04097120463848114,0.5921417474746704,1.0018538236618042
0.077702596783638,0.6550374627113342,1.432063341140747
0.051718417555093765,0.6153422594070435,1.1325263977050781
0.04320143908262253,0.6501878499984741,1.0822021961212158
0.043424092233181,0.6086875200271606,1.0429284572601318
0.04116686061024666,0.5934654474258423,1.005134105682373
0.037414081394672394,0.6062778234481812,0.9804186224937439
0.042139481753110886,0.4815354347229004,0.9029302597045898
0.04188220202922821,0.6348972916603088,1.0537192821502686
0.03421735763549805,0.6730330586433411,1.0152065753936768
0.035371940582990646,0.5037685036659241,0.8574879169464111
0.03613641485571861,0.6690994501113892,1.0304635763168335
0.030247163027524948,0.5395800471305847,0.8420516848564148
0.03524443507194519,0.47824591398239136,0.8306902647018433
0.043262943625450134,0.4391220211982727,0.8717514276504517
0.03245219588279724,0.5913748741149902,0.9158968329429626
0.03176209330558777,0.6115350723266602,0.9291560053825378
0.042787082493305206,0.4288802146911621,0.856751024723053
0.0355038158595562,0.656162440776825,1.0112006664276123
0.040558815002441406,0.4185282588005066,0.8241164088249207
0.029770230874419212,0.6883519887924194,0.9860543012619019
0.0336967408657074,0.48050105571746826,0.8174684643745422
0.03358903154730797,0.6150366067886353,0.9509268999099731
0.03481610119342804,0.6895315647125244,1.0376925468444824
0.037271417677402496,0.502376914024353,0.8750910758972168
0.03613276779651642,0.6077215671539307,0.9690492153167725
0.034958720207214355,0.5814048051834106,0.9309920072555542
0.03508918732404709,0.5069450736045837,0.8578369617462158
0.034473080188035965,0.40856993198394775,0.7533007264137268
0.046702392399311066,0.6671019792556763,1.1341259479522705
0.029266679659485817,0.5521678328514099,0.8448346257209778
0.03126484900712967,0.39329805970191956,0.7059465646743774
0.031245393678545952,0.6647611856460571,0.9772151112556458
0.04263005405664444,0.549962043762207,0.9762625694274902
0.037019237875938416,0.6102650165557861,0.9804574251174927
0.030013758689165115,0.6366732120513916,0.9368107914924622
0.033216413110494614,0.5643721222877502,0.8965362310409546
0.03673774376511574,0.3420568108558655,0.7094342708587646
0.030385665595531464,0.5589258074760437,0.8627824783325195
0.035671260207891464,0.7088680863380432,1.0655807256698608
0.03017416037619114,0.5784436464309692,0.8801852464675903
0.035552117973566055,0.6145920157432556,0.9701131582260132
0.046985525637865067,0.48262864351272583,0.9524838924407959
0.03396708890795708,0.6840074062347412,1.0236783027648926
0.03187331557273865,0.6215672492980957,0.9403004050254822
0.04601014405488968,0.6523040533065796,1.11240553855896
0.034358911216259,0.5900930166244507,0.9336821436882019
0.04849040135741234,0.6046682596206665,1.0895723104476929
0.030533256009221077,0.5256919264793396,0.8310245275497437
0.03607679530978203,0.6740652918815613,1.0348331928253174
0.030396336689591408,0.5883558988571167,0.8923192620277405
0.04312881454825401,0.6036967039108276,1.034984827041626
0.030325978994369507,0.6206998229026794,0.9239596128463745
0.053409796208143234,0.6491320729255676,1.1832300424575806
0.0419653058052063,0.4628419876098633,0.8824950456619263
0.03402569517493248,0.6231606006622314,0.9634175300598145
0.031361985951662064,0.5692598223686218,0.8828796744346619
0.03094998560845852,0.6234676837921143,0.9329675436019897
0.032182905822992325,0.36543795466423035,0.687267005443573
0.03252552077174187,0.43117427825927734,0.7564294934272766
0.030824856832623482,0.5677031874656677,0.8759517669677734
0.05141822248697281,0.5902647972106934,1.1044470071792603
0.03631379082798958,0.6065062284469604,0.9696441292762756
0.040732841938734055,0.7061008214950562,1.113429307937622
0.040988098829984665,0.5160312056541443,0.9259122014045715
0.03297479823231697,0.4380124509334564,0.7677603960037231
0.03225945681333542,0.5698078870773315,0.8924024701118469
0.030460435897111893,0.6252021789550781,0.9298065304756165
0.03182796388864517,0.4807107448577881,0.7989903688430786
0.029979158192873,0.6257948279380798,0.9255864024162292
0.036203496158123016,0.408718466758728,0.7707534432411194
0.033223263919353485,0.6846408247947693,1.0168734788894653
0.031085629016160965,0.5755244493484497,0.8863807320594788
0.03465446084737778,0.5641434192657471,0.910688042640686
0.03882881999015808,0.5229243040084839,0.9112125039100647
0.043914325535297394,0.3767320513725281,0.8158752918243408
0.040381357073783875,0.5797574520111084,0.9835710525512695
0.04078996926546097,0.5553818941116333,0.9632815718650818
0.037584833800792694,0.6295586228370667,1.0054069757461548
0.03279665857553482,0.6446638107299805,0.9726303815841675
0.0363236740231514,0.5732448101043701,0.9364815354347229
0.0334971584379673,0.5133746862411499,0.8483462333679199
0.031484607607126236,0.6583906412124634,0.9732366800308228
0.029825786128640175,0.5427120923995972,0.8409699201583862
0.031248392537236214,0.5806440114974976,0.8931279182434082
0.03240463137626648,0.6355695724487305,0.9596158862113953
0.056661512702703476,0.6322121620178223,1.1988272666931152
0.0284410510212183,0.6325631141662598,0.9169735908508301
0.03478902205824852,0.46236783266067505,0.8102580308914185
0.03252795711159706,0.597399115562439,0.9226787090301514
0.03716743364930153,0.5287797451019287,0.900454044342041
0.03621629998087883,0.5923880338668823,0.9545510411262512
0.04086146876215935,0.5148836374282837,0.9234983325004578
0.05588887259364128,0.41234317421913147,0.9712319374084473
0.03096105344593525,0.5182650089263916,0.827875554561615
0.02914164774119854,0.4543672800064087,0.7457837462425232
0.03502282872796059,0.6507307291030884,1.000959038734436
0.037038691341876984,0.6095510721206665,0.9799379706382751
0.03482335805892944,0.5730857849121094,0.9213193655014038
0.05090492591261864,0.7028872966766357,1.2119364738464355
0.07118050009012222,0.6844742894172668,1.3962793350219727
0.05733003094792366,0.608664870262146,1.1819651126861572
0.044886570423841476,0.6366400718688965,1.085505723953247
0.033352676779031754,0.5797192454338074,0.9132460355758667
0.04271138086915016,0.5205276608467102,0.9476414918899536
0.029712745919823647,0.5887744426727295,0.885901927947998
0.03162037208676338,0.6448254585266113,0.9610291719436646
0.04205666854977608,0.46997714042663574,0.8905438184738159
0.04379940778017044,0.3705838620662689,0.8085778951644897
0.038671720772981644,0.5487295389175415,0.9354467391967773
0.036591675132513046,0.610664963722229,0.9765816926956177
0.036391232162714005,0.6324423551559448,0.9963546991348267
0.04216817393898964,0.5223969221115112,0.9440786838531494
0.03395022824406624,0.6632834076881409,1.0027856826782227
0.03249591588973999,0.7283300161361694,1.0532891750335693
0.03458626940846443,0.5502943992614746,0.8961570858955383
0.03266920521855354,0.6876168847084045,1.0143089294433594
0.029406815767288208,0.6237903833389282,0.9178585410118103
0.04148362949490547,0.40985947847366333,0.8246957659721375
0.0320059172809124,0.37243884801864624,0.6924980282783508
0.03097200207412243,0.5731312036514282,0.882851243019104
0.037695325911045074,0.6356503963470459,1.0126036405563354
0.032981615513563156,0.5586738586425781,0.8884900212287903
0.03879459202289581,0.4807434678077698,0.8686894178390503
0.03584963083267212,0.6233682632446289,0.9818645715713501
0.030672602355480194,0.642351508140564,0.9490775465965271
0.047576237469911575,0.4395163059234619,0.9152786731719971
0.03288023918867111,0.6818081140518188,1.010610580444336
0.06357912719249725,0.5393766164779663,1.1751679182052612
0.035927463322877884,0.5325098037719727,0.8917844295501709
0.033859580755233765,0.6839470863342285,1.022542953491211
0.030774110928177834,0.49364715814590454,0.8013882637023926
0.096451535820961,0.48821622133255005,1.4527316093444824
0.03252629563212395,0.5689569711685181,0.8942199349403381
0.029377678409218788,0.3895838260650635,0.6833605766296387
0.032195646315813065,0.43010464310646057,0.752061128616333
0.03732392564415932,0.49341675639152527,0.8666560053825378
0.032036155462265015,0.649263858795166,0.9696254134178162
0.040391549468040466,0.6488783359527588,1.0527938604354858
0.03523445874452591,0.5697776079177856,0.9221221804618835
0.03113626316189766,0.6536241173744202,0.9649867415428162
0.07750410586595535,0.7039649486541748,1.479006052017212
0.03135811164975166,0.596927285194397,0.910508394241333
0.04420802369713783,0.5291253328323364,0.9712055921554565
0.030192933976650238,0.600804328918457,0.9027336835861206
0.036663565784692764,0.6539676189422607,1.0206032991409302
0.044632527977228165,0.5401291847229004,0.9864544868469238
0.031099583953619003,0.6836212873458862,0.9946171045303345
0.034739453345537186,0.579472005367279,0.9268665313720703
0.07958842068910599,0.643704891204834,1.439589023590088
0.042523544281721115,0.43343406915664673,0.8586695194244385
0.03219190239906311,0.562561571598053,0.8844805955886841
0.033159274607896805,0.4843522608280182,0.815945029258728
0.040521956980228424,0.4332275986671448,0.8384471535682678
0.030837656930088997,0.6169662475585938,0.9253427982330322
0.04030788689851761,0.5273669958114624,0.9304458498954773
0.03857430815696716,0.44060128927230835,0.82634437084198
0.03089963085949421,0.6555060744285583,0.9645023941993713
0.03592510148882866,0.6311566233634949,0.9904076457023621
0.029721179977059364,0.4843747913837433,0.7815865874290466
0.03724628686904907,0.4449520707130432,0.8174149394035339
0.030752141028642654,0.5819681286811829,0.8894895315170288
0.03405964374542236,0.5615478754043579,0.9021443128585815
0.03547578305006027,0.5627018213272095,0.9174596667289734
0.0358259379863739,0.7504159212112427,1.108675241470337
0.03162092715501785,0.5682199001312256,0.8844291567802429
0.03229415789246559,0.5924499034881592,0.9153914451599121
0.0438837930560112,0.6563037633895874,1.0951416492462158
0.03424631431698799,0.5397242903709412,0.8821874260902405
0.029921870678663254,0.4977027177810669,0.79692143201828
0.039985351264476776,0.6605762243270874,1.0604298114776611
0.04185974970459938,0.5317636132240295,0.9503611326217651
0.04086441174149513,0.4712330102920532,0.8798770904541016
0.03155497461557388,0.5305675268173218,0.8461172580718994
0.036331843584775925,0.617607593536377,0.9809260368347168
0.03302638232707977,0.6598659753799438,0.990129828453064
0.04175517335534096,0.5688278675079346,0.9863796234130859
0.04260122403502464,0.5281866192817688,0.9541988372802734
0.03034752979874611,0.6418567895889282,0.9453320503234863
0.0403345488011837,0.5456628203392029,0.9490083456039429
0.029999608173966408,0.6612401604652405,0.9612362384796143
0.030641157180070877,0.5901382565498352,0.8965498208999634
0.03564801439642906,0.48945552110671997,0.8459357023239136
0.04224693402647972,0.5763751864433289,0.9988445043563843
0.03490842878818512,0.5401960611343384,0.8892803192138672
0.045683953911066055,0.5220882892608643,0.9789278507232666
0.04430637136101723,0.4600514769554138,0.9031151533126831
0.03665131330490112,0.5533460378646851,0.9198591709136963
0.03372179716825485,0.6260490417480469,0.9632670283317566
0.02945493906736374,0.626911997795105,0.9214614033699036
0.03650246933102608,0.5231311917304993,0.8881558775901794
0.034555673599243164,0.5929598808288574,0.9385166168212891
0.030669769272208214,0.5932245850563049,0.899922251701355
0.04029018059372902,0.49812668561935425,0.9010285139083862
0.029484562575817108,0.4826517105102539,0.7774973511695862
0.032676275819540024,0.3687881529331207,0.6955509185791016
0.030954701825976372,0.6167839765548706,0.9263309836387634
0.09963496029376984,0.5613812208175659,1.557730793952942
0.04503635689616203,0.5959702730178833,1.0463337898254395
0.06615317612886429,0.46828776597976685,1.1298195123672485
0.08392155915498734,0.5875852108001709,1.4268007278442383
0.06454390287399292,0.7023767232894897,1.347815752029419
0.054333653301000595,0.5695264339447021,1.1128629446029663
0.04389697685837746,0.5560256242752075,0.9949953556060791
0.034010905772447586,0.4855143129825592,0.8256233930587769
0.029690081253647804,0.6274251937866211,0.9243260025978088
0.04696638509631157,0.4560898244380951,0.9257537126541138
0.03178322687745094,0.5502980947494507,0.8681303262710571
0.029359493404626846,0.6714159250259399,0.9650108814239502
0.03068183735013008,0.34918147325515747,0.6559998393058777
0.028592118993401527,0.5943137407302856,0.880234956741333
0.050907935947179794,0.6030287742614746,1.1121081113815308
0.03395777940750122,0.6237093210220337,0.9632871150970459
0.03388844057917595,0.6475897431373596,0.9864741563796997
0.041124191135168076,0.560848593711853,0.972090482711792
0.03845306113362312,0.6526491641998291,1.037179708480835
0.0309783685952425,0.545007586479187,0.8547912836074829
0.03830140456557274,0.5881651043891907,0.9711791276931763
0.029238568618893623,0.40536773204803467,0.6977534294128418
0.034627556800842285,0.6262592077255249,0.9725347757339478
0.04199667647480965,0.5532950162887573,0.9732617735862732
0.030245119705796242,0.5340316891670227,0.8364828824996948
0.03217771649360657,0.6993786692619324,1.021155834197998
0.030814168974757195,0.5478997230529785,0.856041431427002
0.035843316465616226,0.4238559901714325,0.7822891473770142
0.04261331260204315,0.563190221786499,0.9893233776092529
0.031003644689917564,0.5196822285652161,0.8297187089920044
0.034563809633255005,0.47371041774749756,0.8193485140800476
0.03339453041553497,0.5065207481384277,0.8404660224914551
0.035463809967041016,0.5959155559539795,0.9505536556243896
0.040884558111429214,0.5939999222755432,1.0028455257415771
0.04336608946323395,0.5252766013145447,0.9589375257492065
0.03657480701804161,0.5074651837348938,0.8732132911682129
0.03380002826452255,0.6614413261413574,0.9994416236877441
0.03397476300597191,0.6498523950576782,0.9896000623703003
0.035249531269073486,0.5489333868026733,0.9014286994934082
0.03231064975261688,0.4942859709262848,0.8173924684524536
0.03313479945063591,0.557940661907196,0.8892886638641357
0.0339035801589489,0.5873086452484131,0.9263444542884827
0.03728087618947029,0.6445328593254089,1.0173416137695312
0.03019062802195549,0.5797309875488281,0.8816372752189636
0.030802765861153603,0.5577983856201172,0.8658260107040405
0.030182087793946266,0.5912982225418091,0.8931190967559814
0.036339014768600464,0.3331196904182434,0.696509838104248
0.030126020312309265,0.6752482652664185,0.9765084981918335
0.037262097001075745,0.4954867959022522,0.868107795715332
0.03245947137475014,0.46625733375549316,0.7908520698547363
0.035560812801122665,0.4583051800727844,0.8139133453369141
0.03998946771025658,0.4004351794719696,0.800329864025116
0.029334133490920067,0.5903196334838867,0.8836609721183777
0.038796648383140564,0.599229633808136,0.9871960878372192
0.030156992375850677,0.6311924457550049,0.9327623844146729
0.03819373995065689,0.6224308013916016,1.0043681859970093
0.03618483245372772,0.6738400459289551,1.0356884002685547
0.038056451827287674,0.5177080631256104,0.8982725739479065
0.02922222577035427,0.6707867383956909,0.9630089998245239
0.030774587765336037,0.47295689582824707,0.7807027697563171
0.03592165932059288,0.7222782373428345,1.0814948081970215
0.028476445004343987,0.43325138092041016,0.7180157899856567
0.034093357622623444,0.5718827247619629,0.9128162860870361
0.03195520490407944,0.5873867273330688,0.9069387912750244
0.04094970226287842,0.6032906770706177,1.0127876996994019
0.031818632036447525,0.514985203742981,0.8331714868545532
0.03996706381440163,0.5147060751914978,0.9143767356872559
0.02909201569855213,0.4558343291282654,0.74675452709198
0.03935438022017479,0.5291119813919067,0.9226558208465576
0.03489205613732338,0.5954333543777466,0.9443539381027222
0.03552132472395897,0.5522189736366272,0.9074321985244751
0.030703634023666382,0.5973711013793945,0.9044074416160583
0.03689807280898094,0.5075968503952026,0.876577615737915
0.04116981476545334,0.4210816025733948,0.8327797651290894
0.03138842433691025,0.5159742832183838,0.8298585414886475
0.03106776438653469,0.5644939541816711,0.8751716017723083
0.028682205826044083,0.696176290512085,0.9829983711242676
0.03229740262031555,0.4803310036659241,0.8033050298690796
0.05050164461135864,0.5793721079826355,1.0843884944915771
0.03358905017375946,0.48019692301750183,0.8160874247550964
0.036373864859342575,0.5844628810882568,0.9482015371322632
0.032754912972450256,0.42487001419067383,0.752419114112854
0.041144199669361115,0.4862392544746399,0.8976812362670898
0.03208556026220322,0.5547802448272705,0.8756358623504639
0.031212346628308296,0.441595196723938,0.7537186741828918
0.03054482862353325,0.5881423950195312,0.8935906887054443
0.0710645541548729,0.7270979881286621,1.4377435445785522
0.03583861142396927,0.4511243402957916,0.8095104694366455
0.028180334717035294,0.604425311088562,0.8862286806106567
0.030476242303848267,0.5863889455795288,0.8911513686180115
0.032030437141656876,0.6465271711349487,0.9668315649032593
0.033583153039216995,0.5195894241333008,0.8554209470748901
0.029908377677202225,0.460159569978714,0.759243369102478
0.043505698442459106,0.4286012649536133,0.8636582493782043
0.03352890908718109,0.37679845094680786,0.7120875120162964
0.0332682766020298,0.6658002734184265,0.9984830617904663
0.045430827885866165,0.5859463214874268,1.0402545928955078
0.032083433121442795,0.5146515965461731,0.8354859352111816
0.03122054599225521,0.5619479417800903,0.8741533756256104
0.034253984689712524,0.5798795819282532,0.9224194288253784
0.03833761066198349,0.6734170913696289,1.056793212890625
0.040159277617931366,0.5254573822021484,0.9270501732826233
0.033836111426353455,0.6149787306785583,0.9533398151397705
0.03892837464809418,0.5253495573997498,0.9146332740783691
0.04052979499101639,0.5170619487762451,0.9223598837852478
0.04394068196415901,0.6037832498550415,1.0431900024414062
0.030388252809643745,0.7062700390815735,1.0101525783538818
0.030225403606891632,0.43547192215919495,0.7377259731292725
0.03262506425380707,0.49781081080436707,0.8240614533424377
0.031047463417053223,0.6149539351463318,0.925428569316864
0.030946142971515656,0.5225033760070801,0.8319647908210754
0.03277333080768585,0.549518346786499,0.8772516250610352
0.03517427667975426,0.6453666687011719,0.9971094131469727
0.03227165341377258,0.48558366298675537,0.8083001971244812
0.03372851014137268,0.5446829795837402,0.881968080997467
0.027840064838528633,0.4326905906200409,0.7110912799835205
0.03300800174474716,0.5742006301879883,0.9042806625366211
0.03942711651325226,0.4539825916290283,0.8482537269592285
0.029342761263251305,0.5389684438705444,0.8323960304260254
0.03750613331794739,0.5616874694824219,0.9367488026618958
0.03359294310212135,0.4938890337944031,0.8298184871673584
0.032225895673036575,0.5925577878952026,0.9148167371749878
0.05837635323405266,0.48936259746551514,1.0731260776519775
0.032800350338220596,0.5051735639572144,0.8331770896911621
0.038017284125089645,0.6370360255241394,1.0172088146209717
0.04213312640786171,0.5649587512016296,0.9862899780273438
0.04225439578294754,0.6634325981140137,1.0859766006469727
0.03552763909101486,0.5014499425888062,0.856726348400116
0.032766006886959076,0.6252290606498718,0.9528891444206238
0.03586718812584877,0.5986724495887756,0.9573442935943604
0.03390533849596977,0.6445232629776001,0.9835766553878784
0.05054406821727753,0.39013418555259705,0.8955749273300171
0.039760515093803406,0.5200313329696655,0.917636513710022
0.03371163457632065,0.406329870223999,0.7434462308883667
0.037292879074811935,0.6517900228500366,1.0247187614440918
0.03307352215051651,0.583983302116394,0.914718508720398
0.030060583725571632,0.635070264339447,0.935676097869873
0.042369481176137924,0.45199155807495117,0.8756864070892334
0.03766579180955887,0.4547283947467804,0.8313863277435303
0.03486338257789612,0.5058698058128357,0.8545036315917969
0.040933262556791306,0.573253870010376,0.9825865030288696
0.03870934247970581,0.5965460538864136,0.9836394786834717
0.0328783355653286,0.5958917140960693,0.9246751070022583
0.031202057376503944,0.4725496470928192,0.7845702171325684
0.03167776018381119,0.6337462663650513,0.950523853302002
0.03421526774764061,0.5970674157142639,0.9392200708389282
0.029503824189305305,0.4714429974555969,0.7664812803268433
0.04310455173254013,0.6331890821456909,1.0642346143722534
0.031885553151369095,0.553364098072052,0.8722196221351624
0.05601786449551582,0.6067124009132385,1.166891098022461
0.0442843995988369,0.6182292103767395,1.0610731840133667
0.032176170498132706,0.7250411510467529,1.0468028783798218
0.053159553557634354,0.5024758577346802,1.034071445465088
0.03257276490330696,0.566266655921936,0.891994297504425
0.03466809168457985,0.5657953023910522,0.9124761819839478
0.03744124248623848,0.5209352970123291,0.8953477144241333
0.03358827903866768,0.6897592544555664,1.0256420373916626
0.04523051530122757,0.5183087587356567,0.9706138968467712
0.04091186076402664,0.6945830583572388,1.1037015914916992
0.032889001071453094,0.6075562238693237,0.9364462494850159
0.031741973012685776,0.6045779585838318,0.9219976663589478
0.03857329860329628,0.5473567843437195,0.9330897331237793
0.031097227707505226,0.7000418901443481,1.0110142230987549
0.03538307920098305,0.5191045999526978,0.87293541431427
0.044934991747140884,0.5630561709403992,1.0124061107635498
0.04049677029252052,0.49154597520828247,0.8965137004852295
0.04598361626267433,0.6060714721679688,1.065907597541809
0.04318450018763542,0.38643038272857666,0.8182753920555115
0.033500924706459045,0.5082377195358276,0.8432469367980957
0.030229812487959862,0.5314728021621704,0.8337709307670593
0.03464117646217346,0.5728142261505127,0.9192259907722473
0.03403615951538086,0.5663545727729797,0.9067161679267883
0.03601163253188133,0.5099751353263855,0.870091438293457
0.038713835179805756,0.6522321105003357,1.0393705368041992
0.047186657786369324,0.6054677963256836,1.0773344039916992
0.03218819200992584,0.5437915325164795,0.8656734228134155
0.03592876344919205,0.5408978462219238,0.9001854658126831
0.04274464771151543,0.5988829135894775,1.0263293981552124
0.033090054988861084,0.5578555464744568,0.8887560963630676
0.03249087929725647,0.5523856282234192,0.8772944211959839
0.029959125444293022,0.6188393831253052,0.9184306263923645
0.029856817796826363,0.6703016757965088,0.9688698649406433
0.03505213186144829,0.519750714302063,0.8702720403671265
0.04082851856946945,0.5134040117263794,0.9216892123222351
0.0386265367269516,0.5667192339897156,0.9529845714569092
0.03136533498764038,0.649919867515564,0.9635732173919678
0.0383727103471756,0.5238609313964844,0.907588005065918
0.0425444059073925,0.6507000923156738,1.0761442184448242
0.03766549006104469,0.5624611377716064,0.9391160011291504
0.03791796788573265,0.43426835536956787,0.8134480714797974
0.03222355991601944,0.6020928025245667,0.9243283867835999
0.03295065090060234,0.5794885754585266,0.9089950919151306
0.032313842326402664,0.6192749738693237,0.9424133896827698
0.043420784175395966,0.48608317971229553,0.9202910661697388
0.031942613422870636,0.4766588509082794,0.796085000038147
0.03144032880663872,0.6026654839515686,0.9170687794685364
0.03480280563235283,0.6533690094947815,1.0013971328735352
0.02932157553732395,0.6330808401107788,0.926296591758728
0.06729213148355484,0.6935315132141113,1.3664528131484985
0.04565582051873207,0.6174020767211914,1.073960304260254
0.03240811824798584,0.5828800797462463,0.9069612622261047
0.03018631786108017,0.624181866645813,0.9260450601577759
0.047707878053188324,0.586705207824707,1.0637840032577515
0.02933766134083271,0.598545253276825,0.891921877861023
0.029504479840397835,0.499924898147583,0.7949696779251099
0.05252120643854141,0.527062714099884,1.0522747039794922
0.09104157239198685,0.6522361040115356,1.5626518726348877
0.031099673360586166,0.5699934959411621,0.8809902667999268
0.037020958960056305,0.5914665460586548,0.9616761207580566
0.04139942303299904,0.5905195474624634,1.0045137405395508
0.03216490522027016,0.6767390966415405,0.9983881711959839
0.047058653086423874,0.5690634250640869,1.0396499633789062
0.04321298003196716,0.37757161259651184,0.8097014427185059
0.034676507115364075,0.6496425867080688,0.9964076280593872
0.045967087149620056,0.5859624147415161,1.045633316040039
0.0420488677918911,0.5594808459281921,0.9799695014953613
0.03929774463176727,0.5463646650314331,0.9393421411514282
0.040446627885103226,0.6257703304290771,1.0302366018295288
0.031552642583847046,0.686840832233429,1.0023672580718994
0.03835802897810936,0.584018349647522,0.9675986766815186
0.0321534089744091,0.619315505027771,0.9408496022224426
0.057559918612241745,0.4384986162185669,1.014097809791565
0.03488175943493843,0.5796993970870972,0.9285169839859009
0.0377580001950264,0.5569355487823486,0.9345155358314514
0.03247286379337311,0.595916748046875,0.9206453561782837
0.02991483360528946,0.49998316168785095,0.7991315126419067
0.03523494675755501,0.5207700133323669,0.8731194734573364
0.03487423062324524,0.5301180481910706,0.878860354423523
0.03047405555844307,0.6107187271118164,0.9154592752456665
0.033511094748973846,0.4527958333492279,0.7879067659378052
0.039905186742544174,0.653451681137085,1.0525035858154297
0.029309501871466637,0.7205842137336731,1.0136792659759521
0.029945677146315575,0.6097118258476257,0.9091686010360718
0.029091762378811836,0.4913940131664276,0.7823116779327393
0.0291029941290617,0.710742712020874,1.0017726421356201
0.030558237805962563,0.5767725706100464,0.8823549747467041
0.0324530303478241,0.5393834114074707,0.8639137148857117
0.03294388949871063,0.5465438961982727,0.8759827613830566
0.07126432657241821,0.6220867037773132,1.3347299098968506
0.040024880319833755,0.5622149705886841,0.9624637365341187
0.04065687581896782,0.6973057985305786,1.1038745641708374
0.029433006420731544,0.49506503343582153,0.7893950939178467
0.031084613874554634,0.4643523693084717,0.7751985192298889
0.03106020949780941,0.5988110303878784,0.9094130992889404
0.029219182208180428,0.5343095064163208,0.8265013694763184
0.059930358082056046,0.6695559620857239,1.268859624862671
0.029934465885162354,0.5753105878829956,0.8746552467346191
0.03226770833134651,0.5946084856987,0.9172855615615845
0.0315709263086319,0.512732982635498,0.8284422159194946
0.04896637797355652,0.5391266942024231,1.0287904739379883
0.04599088802933693,0.35895633697509766,0.818865180015564
0.03573205694556236,0.5034976005554199,0.8608181476593018
0.03474639728665352,0.5390826463699341,0.8865466117858887
0.045432329177856445,0.47412437200546265,0.9284476637840271
0.03379429504275322,0.6304969787597656,0.9684399366378784
0.03107803501188755,0.6114820241928101,0.9222623705863953
0.03318912163376808,0.5473488569259644,0.8792400360107422
0.032755136489868164,0.6048518419265747,0.9324032068252563
0.03302079066634178,0.5736269950866699,0.9038349390029907
0.02945086918771267,0.5856192111968994,0.8801279067993164
0.03278123959898949,0.4579106867313385,0.785723090171814
0.035877764225006104,0.5831377506256104,0.9419153928756714
0.029312770813703537,0.5397119522094727,0.8328396677970886
0.047985322773456573,0.36936524510383606,0.849218487739563
0.04273083433508873,0.521345853805542,0.9486541748046875
0.041847456246614456,0.5433570742607117,0.9618316292762756
0.032988645136356354,0.5830000042915344,0.9128864407539368
0.032753877341747284,0.671440839767456,0.9989796280860901
0.02874922938644886,0.5085628032684326,0.7960550785064697
0.03849184885621071,0.4376947581768036,0.8226132392883301
0.029788214713335037,0.5924521684646606,0.8903343081474304
0.030983325093984604,0.5963826179504395,0.9062159061431885
0.03433834761381149,0.5218187570571899,0.8652022480964661
0.03347766771912575,0.5935729742050171,0.9283496141433716
0.03767858445644379,0.4845212697982788,0.8613071441650391
0.03097289614379406,0.39967530965805054,0.7094042301177979
0.08617501705884933,0.6040288805961609,1.4657790660858154
0.030720433220267296,0.6626467108726501,0.969851016998291
0.030504480004310608,0.5793434381484985,0.8843882083892822
0.03179308399558067,0.6473312377929688,0.9652620553970337
0.028906209394335747,0.5623177289962769,0.8513798117637634
0.03434985876083374,0.4791526198387146,0.822651207447052
0.04291298985481262,0.5827319622039795,1.011861801147461
0.12890540063381195,0.6459740400314331,1.935028076171875
0.041117750108242035,0.6543978452682495,1.065575361251831
0.03312800079584122,0.6624738574028015,0.9937538504600525
0.030082810670137405,0.6880106925964355,0.988838791847229
0.041086576879024506,0.4545050263404846,0.8653708100318909
0.03406825289130211,0.5043836832046509,0.8450661897659302
0.038630492985248566,0.6336857676506042,1.0199906826019287
0.04134434089064598,0.43235886096954346,0.8458023071289062
0.03387346863746643,0.6408445835113525,0.9795792698860168
0.03127205744385719,0.6498706936836243,0.962591290473938
0.042396653443574905,0.41837722063064575,0.8423437476158142
0.029215922579169273,0.5550912022590637,0.8472504615783691
0.03430718928575516,0.38669341802597046,0.7297652959823608
0.03426920995116234,0.6630289554595947,1.005721092224121
0.0308828242123127,0.6029415726661682,0.9117698073387146
0.037473082542419434,0.3848819434642792,0.7596127986907959
0.033574897795915604,0.5209618210792542,0.8567107915878296
0.042711056768894196,0.5875972509384155,1.0147078037261963
0.037297364324331284,0.6206336617469788,0.9936072826385498
0.054916925728321075,0.5493897795677185,1.098559021949768
0.06901408731937408,0.5029531717300415,1.19309401512146
0.07165293395519257,0.7113941311836243,1.4279234409332275
0.033227819949388504,0.5802762508392334,0.9125544428825378
0.031753912568092346,0.5875019431114197,0.9050410985946655
0.03046804666519165,0.4947870969772339,0.7994675636291504
0.031107136979699135,0.4725726246833801,0.7836439609527588
0.0340457558631897,0.6866700649261475,1.0271276235580444
0.03159292787313461,0.5676572322845459,0.8835865259170532
0.031816378235816956,0.6315023303031921,0.9496661424636841
0.03996266797184944,0.4752970039844513,0.8749237060546875
0.031200841069221497,0.6284711360931396,0.9404795169830322
0.0379813052713871,0.6495382785797119,1.0293513536453247
0.038638558238744736,0.6576763391494751,1.0440618991851807
0.030592413619160652,0.6303219199180603,0.9362460374832153
0.034714434295892715,0.5572085380554199,0.9043529033660889
0.03229836747050285,0.49411457777023315,0.8170982599258423
0.029697934165596962,0.685483455657959,0.9824627637863159
0.03212842717766762,0.5835134983062744,0.9047977924346924
0.03309144079685211,0.456021785736084,0.7869361639022827
0.03614883869886398,0.5827290415763855,0.9442174434661865
0.02974727377295494,0.5385850667953491,0.8360577821731567
0.029540875926613808,0.6701825261116028,0.965591311454773
0.02962334267795086,0.6436977386474609,0.9399311542510986
0.03249295428395271,0.5575017929077148,0.8824313282966614
0.03319944441318512,0.35389775037765503,0.6858922243118286
0.03428132086992264,0.4879652261734009,0.8307784199714661
0.04259702190756798,0.46264052391052246,0.8886107206344604
0.02928445301949978,0.5002489686012268,0.7930935025215149
0.032230254262685776,0.6591702103614807,0.9814727306365967
0.0639246478676796,0.5939382314682007,1.2331846952438354
0.03746989369392395,0.5459311008453369,0.9206300377845764
0.03006081096827984,0.609818696975708,0.9104267954826355
0.032603196799755096,0.42905768752098083,0.7550896406173706
0.03577672690153122,0.5372326374053955,0.8949999213218689
0.030928170308470726,0.6407551765441895,0.950036883354187
0.030153894796967506,0.5416067242622375,0.8431456685066223
0.03566409647464752,0.6115674376487732,0.9682084321975708
0.03426966443657875,0.41570430994033813,0.7584009170532227
0.030598226934671402,0.5952585935592651,0.9012408256530762
0.03040264919400215,0.4213371276855469,0.7253636121749878
0.04312806949019432,0.5135025978088379,0.9447833299636841
0.04540194198489189,0.5158912539482117,0.9699106812477112
0.03086758777499199,0.39238160848617554,0.701057493686676
0.039855197072029114,0.4491461217403412,0.8476980924606323
0.061347391456365585,0.6600672006607056,1.2735410928726196
0.057909224182367325,0.6761384010314941,1.2552306652069092
0.036171749234199524,0.7035231590270996,1.0652406215667725
0.031284086406230927,0.31257712841033936,0.6254180073738098
0.037098921835422516,0.5415900945663452,0.9125792980194092
0.040106311440467834,0.5024972558021545,0.9035604000091553
0.03347163274884224,0.5288304090499878,0.8635467290878296
0.03793800249695778,0.5793646574020386,0.9587446451187134
0.04037177190184593,0.6358786821365356,1.039596438407898
0.030692949891090393,0.7334001064300537,1.0403295755386353
0.03267568722367287,0.6401034593582153,0.966860294342041
0.035931553691625595,0.5440637469291687,0.9033793210983276
0.029781507328152657,0.6723834276199341,0.9701985120773315
0.04162996634840965,0.531592845916748,0.9478925466537476
0.037689004093408585,0.5275241136550903,0.904414176940918
0.037989530712366104,0.4898499846458435,0.8697452545166016
0.03699875622987747,0.39288508892059326,0.7628726363182068
0.034666892141103745,0.47246265411376953,0.81913161277771
0.039276231080293655,0.4907725155353546,0.8835347890853882
0.044298529624938965,0.6900082230567932,1.132993459701538
0.03292699530720711,0.6197038292884827,0.9489737749099731
0.03565230220556259,0.44551345705986023,0.8020365238189697
0.03912391886115074,0.5521248579025269,0.9433640241622925
0.03470322862267494,0.6512384414672852,0.9982707500457764
0.035132504999637604,0.47072574496269226,0.8220508098602295
0.03226650506258011,0.6065296530723572,0.9291946887969971
0.03595283254981041,0.4433087110519409,0.8028370141983032
0.02934650331735611,0.615436315536499,0.9089013338088989
0.034747473895549774,0.43926480412483215,0.7867395877838135
0.04014535993337631,0.5711965560913086,0.9726501703262329
0.032593097537755966,0.615166425704956,0.9410973787307739
0.05338705703616142,0.669173538684845,1.2030441761016846
0.03945895656943321,0.3869309723377228,0.7815205454826355
0.044769804924726486,0.4293522536754608,0.8770502805709839
0.0334535576403141,0.5314709544181824,0.8660064935684204
0.032323382794857025,0.5292444825172424,0.8524783253669739
0.031551238149404526,0.4751802682876587,0.7906926870346069
0.044402703642845154,0.5440365076065063,0.9880635738372803
0.03479031100869179,0.28488796949386597,0.6327910423278809
0.031151672825217247,0.7015708684921265,1.0130876302719116
0.0430997870862484,0.5389021635055542,0.9699000120162964
0.03209928050637245,0.5801055431365967,0.901098370552063
0.031249426305294037,0.5577270984649658,0.8702213764190674
0.04975768178701401,0.6109216809272766,1.1084985733032227
0.03396228700876236,0.6101510524749756,0.949773907661438
0.03017399273812771,0.4945555627346039,0.7962955236434937
0.03461789712309837,0.41755759716033936,0.7637366056442261
0.0350935198366642,0.5498550534248352,0.9007902145385742
0.04693235456943512,0.6048887968063354,1.0742123126983643
0.02946477383375168,0.5190447568893433,0.8136925101280212
0.03759540989995003,0.5493239164352417,0.9252780079841614
0.029216047376394272,0.5313992500305176,0.8235597610473633
0.04202670603990555,0.6401776075363159,1.0604445934295654
0.04199192300438881,0.6225404143333435,1.0424596071243286
0.030097100883722305,0.6210727691650391,0.9220438003540039
0.032205045223236084,0.5199558734893799,0.8420063257217407
0.030534720048308372,0.5812828540802002,0.8866300582885742
0.03472282737493515,0.5389161705970764,0.8861444592475891
0.04478536173701286,0.5139577388763428,0.961811363697052
0.03309134021401405,0.6674642562866211,0.9983776807785034
0.036656372249126434,0.5763586163520813,0.9429223537445068
0.03438819572329521,0.5369901657104492,0.8808721303939819
0.0326489582657814,0.581740140914917,0.9082297086715698
0.03208081051707268,0.6284250020980835,0.9492331147193909
0.033131640404462814,0.46697181463241577,0.7982882261276245
0.031245702877640724,0.7215300798416138,1.033987045288086
0.03295626491308212,0.6167222261428833,0.9462848901748657
0.03514596447348595,0.5471663475036621,0.8986259698867798
0.03233393281698227,0.47879868745803833,0.8021380305290222
0.03145233541727066,0.4709027111530304,0.7854260206222534
0.029908349737524986,0.5370755195617676,0.8361589908599854
0.030797751620411873,0.6224757432937622,0.9304533004760742
0.042987748980522156,0.5839076042175293,1.0137851238250732
0.06053478270769119,0.6157732009887695,1.221121072769165
0.06721264123916626,0.5279771089553833,1.200103521347046
0.03298028185963631,0.6440596580505371,0.9738624691963196
0.031688570976257324,0.5438611507415771,0.8607468605041504
0.031104374676942825,0.5766283869743347,0.8876721262931824
0.04101604223251343,0.4935421347618103,0.9037025570869446
0.03516322746872902,0.5977826714515686,0.9494149684906006
0.035981643944978714,0.43815040588378906,0.7979668378829956
0.03693745285272598,0.4641393721103668,0.8335138559341431
0.04432366043329239,0.5802493691444397,1.0234858989715576
0.04158961400389671,0.5923735499382019,1.0082696676254272
0.04289369657635689,0.5702354907989502,0.9991724491119385
0.047647006809711456,0.5229070782661438,0.9993771314620972
0.042502183467149734,0.6592193841934204,1.0842411518096924
0.046178560703992844,0.4608536660671234,0.9226392507553101
0.04297879338264465,0.5809977650642395,1.010785698890686
0.03533752262592316,0.6290949583053589,0.9824701547622681
0.041001979261636734,0.4266301393508911,0.8366498947143555
0.05344768986105919,0.44125911593437195,0.9757360219955444
0.044761739671230316,0.5880218744277954,1.0356392860412598
0.03811913728713989,0.6529409885406494,1.0341323614120483
0.03549792245030403,0.5362992286682129,0.8912784457206726
0.03134605288505554,0.6180628538131714,0.9315233826637268
0.04156239330768585,0.5279749631881714,0.9435988664627075
0.037083402276039124,0.6536118984222412,1.02444589138031
0.04462637007236481,0.6485657691955566,1.0948294401168823
0.03302667289972305,0.5738020539283752,0.9040687680244446
0.043656125664711,0.5373772978782654,0.9739385843276978
0.04312661662697792,0.6795356273651123,1.1108018159866333
0.03679437190294266,0.7089798450469971,1.0769236087799072
0.0326429158449173,0.6714255213737488,0.9978547096252441
0.03216639906167984,0.5574885606765747,0.8791525363922119
0.03835843503475189,0.494015634059906,0.8775999546051025
0.031081603839993477,0.674430251121521,0.9852463006973267
0.03283447027206421,0.5516879558563232,0.8800326585769653
0.03163396567106247,0.6143655776977539,0.9307052493095398
0.03480782359838486,0.6534392833709717,1.0015175342559814
0.038886819034814835,0.6100649833679199,0.9989331960678101
0.028964625671505928,0.6793837547302246,0.9690300226211548
0.030068745836615562,0.5599985122680664,0.8606859445571899
0.02932746894657612,0.37289345264434814,0.6661681532859802
0.03126641735434532,0.44210225343704224,0.7547664642333984
0.05796664208173752,0.7826012372970581,1.3622677326202393
0.03546340763568878,0.507719874382019,0.8623539209365845
0.03108791820704937,0.5837831497192383,0.8946623206138611
0.038106683641672134,0.4963589012622833,0.8774257302284241
0.04544639214873314,0.5096176862716675,0.9640816450119019
0.03365764394402504,0.6316568851470947,0.9682333469390869
0.029210401698946953,0.6000821590423584,0.892186164855957
0.02983704023063183,0.4952262043952942,0.793596625328064
0.03770115599036217,0.6838825941085815,1.0608941316604614
0.03590485826134682,0.5441805124282837,0.9032291173934937
0.08592266589403152,0.6446426510810852,1.5038692951202393
0.030430993065238,0.6549125909805298,0.9592225551605225
0.03609994053840637,0.5112967491149902,0.872296154499054
0.030748195946216583,0.4972371459007263,0.804719090461731
0.048885833472013474,0.5771665573120117,1.066024899482727
0.04028907045722008,0.5005082488059998,0.9033989906311035
0.03547808527946472,0.4839920401573181,0.8387728929519653
0.03086063452064991,0.6745198965072632,0.9831262826919556
0.03296578675508499,0.6075241565704346,0.9371820092201233
0.03173668682575226,0.49340832233428955,0.8107751607894897
0.03900023177266121,0.41661664843559265,0.8066189289093018
0.0306195430457592,0.5990733504295349,0.9052687883377075
0.032677702605724335,0.62510746717453,0.9518845081329346
0.03070834092795849,0.6049398183822632,0.9120231866836548
0.0315927155315876,0.7064476609230042,1.0223748683929443
0.0326756127178669,0.4411323666572571,0.7678884863853455
0.03809019923210144,0.6586906909942627,1.0395927429199219
0.03237152844667435,0.65268474817276,0.9764000177383423
0.029563892632722855,0.5510461330413818,0.8466850519180298
0.03163804113864899,0.585763156414032,0.9021435976028442
0.028718022629618645,0.5061402916908264,0.7933205366134644
0.03531847521662712,0.547400712966919,0.9005854725837708
0.03424082323908806,0.6132005453109741,0.9556087851524353
0.029795538634061813,0.6287418603897095,0.9266972541809082
0.049810174852609634,0.6589890718460083,1.1570907831192017
0.03310789912939072,0.5834537148475647,0.9145327210426331
0.13901181519031525,0.4401584267616272,1.8302764892578125
0.04091503098607063,0.5107669830322266,0.9199172854423523
0.029937300831079483,0.4748791456222534,0.77425217628479
0.02847641333937645,0.6001335382461548,0.8848977088928223
0.028967073187232018,0.7047914862632751,0.994462251663208
0.03369646891951561,0.5777482986450195,0.9147130250930786
0.03415077552199364,0.5130663514137268,0.8545740842819214
0.033395715057849884,0.49439769983291626,0.8283548355102539
0.03850864991545677,0.631145179271698,1.016231656074524
0.03037460707128048,0.5614016056060791,0.8651477098464966
0.06853707879781723,0.6368108987808228,1.3221817016601562
0.03060992620885372,0.5544218420982361,0.8605210781097412
0.03402816131711006,0.6280266642570496,0.9683082699775696
0.031421612948179245,0.5769619941711426,0.8911781311035156
0.0313274972140789,0.5626707077026367,0.8759456872940063
0.033423058688640594,0.4991137981414795,0.8333443999290466
0.03374234959483147,0.4628339111804962,0.8002574443817139
0.0373893566429615,0.6436676383018494,1.0175611972808838
0.029822565615177155,0.63204026222229,0.9302659034729004
0.035138629376888275,0.518663763999939,0.8700500726699829
0.03380811586976051,0.4587932527065277,0.7968744039535522
0.03977660834789276,0.5426924228668213,0.9404585361480713
0.03548000007867813,0.5492842793464661,0.9040842652320862
0.03701509162783623,0.6377869248390198,1.0079379081726074
0.03253958001732826,0.5942063331604004,0.9196021556854248
0.030913177877664566,0.45801815390586853,0.7671499252319336
0.028749516233801842,0.4876742362976074,0.7751693725585938
0.030077746137976646,0.5246748924255371,0.8254523277282715
0.0337195061147213,0.6028902530670166,0.9400852918624878
0.03629950433969498,0.4275384247303009,0.7905334234237671
0.044041816145181656,0.6241758465766907,1.064594030380249
0.030535239726305008,0.5091249942779541,0.8144773840904236
0.033491555601358414,0.542689323425293,0.8776048421859741
0.03408859297633171,0.47001999616622925,0.810905933380127
0.03220965713262558,0.6207756400108337,0.9428722262382507
0.038925670087337494,0.5847353935241699,0.973992109298706
0.030212178826332092,0.5741053819656372,0.8762271404266357
0.0323038175702095,0.524628758430481,0.8476669192314148
0.04067816212773323,0.4156345725059509,0.8224161863327026
0.032090432941913605,0.5194084048271179,0.8403127193450928
0.02978220209479332,0.5026260614395142,0.8004480600357056
0.0330076664686203,0.47614213824272156,0.8062188029289246
0.029764913022518158,0.5900722742080688,0.8877214193344116
0.029910411685705185,0.5977298617362976,0.8968340158462524
0.03495313599705696,0.4268735945224762,0.7764049768447876
0.029783843085169792,0.6312397718429565,0.929078221321106
0.037228409200906754,0.6530358791351318,1.0253199338912964
0.031879715621471405,0.5858847498893738,0.904681921005249
0.03524525463581085,0.5849094986915588,0.9373620748519897
0.035596683621406555,0.5806095600128174,0.9365763664245605
0.036393750458955765,0.6492111682891846,1.0131486654281616
0.03118579462170601,0.645709216594696,0.9575671553611755
0.03294377028942108,0.5426283478736877,0.8720660209655762
0.03799009695649147,0.5017040967941284,0.8816050291061401
0.0413685105741024,0.5683518648147583,0.9820369482040405
0.04010939598083496,0.5359200239181519,0.9370139837265015
0.06816014647483826,0.6954953074455261,1.3770967721939087
0.03043738566339016,0.5999221801757812,0.9042960405349731
0.04030928015708923,0.5058659315109253,0.9089587330818176
0.02977321483194828,0.40391868352890015,0.701650857925415
0.028608206659555435,0.6384391784667969,0.9245212078094482
0.029988832771778107,0.5645782947540283,0.8644666075706482
0.032541681081056595,0.4168369472026825,0.7422537803649902
0.029138529673218727,0.5013890266418457,0.7927743196487427
0.029306456446647644,0.5154672265052795,0.8085317611694336
0.042803261429071426,0.5186682939529419,0.946700930595398
0.04150885343551636,0.5420984029769897,0.9571869373321533
0.030909603461623192,0.5522556304931641,0.8613516688346863
0.030965346843004227,0.6277818083763123,0.9374352693557739
0.03863627463579178,0.5173742771148682,0.9037370085716248
0.03462214395403862,0.5733704566955566,0.9195919036865234
0.030915454030036926,0.6326667070388794,0.9418212175369263
0.029807688668370247,0.6042637228965759,0.9023406505584717
0.09767140448093414,0.6134856939315796,1.5901997089385986
0.032257888466119766,0.5285102128982544,0.8510891199111938
0.039495810866355896,0.566664457321167,0.9616225957870483
0.029291348531842232,0.5802408456802368,0.87315434217453
0.033361323177814484,0.5051590204238892,0.8387722373008728
0.03463464602828026,0.6368247270584106,0.9831712245941162
0.029134415090084076,0.7027190327644348,0.9940631985664368
0.035633958876132965,0.49972036480903625,0.8560599088668823
0.03514977917075157,0.5334455966949463,0.8849433660507202
0.04808487743139267,0.651817262172699,1.1326661109924316
0.03112206608057022,0.49016672372817993,0.801387369632721
0.03253480792045593,0.6049489974975586,0.9302970767021179
0.03615288808941841,0.5335193276405334,0.895048201084137
0.029436584562063217,0.49715912342071533,0.7915250062942505
0.03491083160042763,0.6651597023010254,1.0142680406570435
0.03548208251595497,0.5592687726020813,0.914089560508728
0.038782939314842224,0.5722448825836182,0.9600743055343628
0.043541837483644485,0.45441240072250366,0.8898307681083679
0.027810420840978622,0.4852491021156311,0.7633533477783203
0.03135719895362854,0.5979477763175964,0.9115197658538818
0.04095461219549179,0.56898432970047,0.9785304665565491
0.031498022377491,0.6783642172813416,0.9933444261550903
0.04179937392473221,0.5509980916976929,0.9689918160438538
0.03907233104109764,0.46169984340667725,0.8524231910705566
0.03467996418476105,0.28034207224845886,0.6271417140960693
0.0314628891646862,0.4423009157180786,0.7569298148155212
0.029376545920968056,0.647240400314331,0.9410058259963989
0.03953913599252701,0.4927610158920288,0.8881523609161377
0.03434457629919052,0.45471376180648804,0.7981595396995544
0.02801036275923252,0.5922937393188477,0.8723973631858826
0.02958148531615734,0.5109105706214905,0.8067253828048706
0.03244064375758171,0.6250604391098022,0.9494668841362
0.029354477301239967,0.5688003897666931,0.8623451590538025
0.042140696197748184,0.5515025854110718,0.9729095697402954
0.03288150951266289,0.40242379903793335,0.7312389016151428
0.032121699303388596,0.45152896642684937,0.7727459669113159
0.02971865050494671,0.6124165058135986,0.9096029996871948
0.05793856829404831,0.6264530420303345,1.205838680267334
0.029577938839793205,0.5530233383178711,0.8488026857376099
0.030753716826438904,0.5191507339477539,0.8266879320144653
0.029560605064034462,0.5525031089782715,0.8481091260910034
0.03131606802344322,0.45750847458839417,0.770669162273407
0.028855156153440475,0.5096150636672974,0.7981666326522827
0.02824442647397518,0.5155798196792603,0.79802405834198
0.028501203283667564,0.4315241277217865,0.7165361642837524
0.06937573850154877,0.6500278115272522,1.343785285949707
0.03392605856060982,0.5739824771881104,0.9132430553436279
0.031632889062166214,0.4740498661994934,0.790378749370575
0.029211223125457764,0.523009181022644,0.8151214122772217
0.031337469816207886,0.25014322996139526,0.5635179281234741
0.03632482513785362,0.5695554614067078,0.932803750038147
0.05729547142982483,0.601290225982666,1.1742448806762695
0.03106437437236309,0.4786374270915985,0.7892811298370361
0.030293598771095276,0.46209919452667236,0.7650351524353027
0.0288842860609293,0.5003604888916016,0.7892033457756042
0.030562346801161766,0.6229974031448364,0.9286208748817444
0.04818095266819,0.7100297808647156,1.191839337348938
0.03398779034614563,0.4419603943824768,0.7818382978439331
0.040676310658454895,0.5096974968910217,0.9164606332778931
0.033700037747621536,0.6951886415481567,1.0321890115737915
0.030737001448869705,0.5307919383049011,0.8381619453430176
0.03054049052298069,0.6705708503723145,0.975975751876831
0.04181622341275215,0.507757842540741,0.9259200692176819
0.03945591673254967,0.6625927686691284,1.0571519136428833
0.0361798070371151,0.4100428819656372,0.7718409299850464
0.038448430597782135,0.5047693252563477,0.8892536163330078
0.06150289624929428,0.6193673610687256,1.2343963384628296
0.03837432339787483,0.5266389846801758,0.9103822112083435
0.033258888870477676,0.6612987518310547,0.9938876628875732
0.030171597376465797,0.6282731294631958,0.9299890995025635
0.0347423180937767,0.5981588959693909,0.9455820918083191
0.037290800362825394,0.5974718332290649,0.9703798294067383
0.06021490693092346,0.5904507637023926,1.1925997734069824
0.030777040868997574,0.5721323490142822,0.879902720451355
0.031359124928712845,0.5553488731384277,0.8689401149749756
0.02961106039583683,0.4770357012748718,0.7731462717056274
0.03076915629208088,0.5067808628082275,0.8144724369049072
0.03270340710878372,0.6402804255485535,0.9673144817352295
0.04461846500635147,0.5468755960464478,0.9930602312088013
0.030040930956602097,0.4396072030067444,0.740016520023346
0.02906743995845318,0.5143628716468811,0.805037260055542
0.030367989093065262,0.6218429803848267,0.9255228638648987
0.0362599678337574,0.4565943777561188,0.8191940784454346
0.03199520707130432,0.5406662225723267,0.8606182932853699
0.034040238708257675,0.5073363780975342,0.8477387428283691
0.03006904385983944,0.5325442552566528,0.8332346677780151
0.038802772760391235,0.642541766166687,1.0305695533752441
0.029651520773768425,0.5603232383728027,0.8568384647369385
0.02888839691877365,0.3846066892147064,0.6734906435012817
0.040635623037815094,0.45147430896759033,0.8578305244445801
0.08502545952796936,0.7050150632858276,1.555269718170166
0.03161589801311493,0.5822247266769409,0.8983837366104126
0.032135073095560074,0.5582552552223206,0.8796060085296631
0.028309276327490807,0.597288966178894,0.88038170337677
0.038477618247270584,0.38258516788482666,0.7673613429069519
0.028988583013415337,0.6334177255630493,0.9233035445213318
0.03023073635995388,0.5858968496322632,0.8882042169570923
0.042609699070453644,0.5797876119613647,1.0058846473693848
0.028966041281819344,0.6064009666442871,0.8960614204406738
0.029185190796852112,0.4526081681251526,0.7444601058959961
0.03537781909108162,0.6576491594314575,1.011427402496338
0.04218891263008118,0.5242263674736023,0.9461154937744141
0.04411798343062401,0.49072200059890747,0.9319018125534058
0.04304589703679085,0.6188199520111084,1.049278974533081
0.0294400192797184,0.5747969150543213,0.8691971302032471
0.028869591653347015,0.5884857177734375,0.8771816492080688
0.0384070985019207,0.3122580051422119,0.6963289976119995
0.04809236153960228,0.6512054800987244,1.1321290731430054
0.03910123184323311,0.5529463291168213,0.9439586400985718
0.030843688175082207,0.592976450920105,0.9014133214950562
0.029675396159291267,0.6049188375473022,0.9016728401184082
0.03156932443380356,0.5893466472625732,0.90503990650177
0.04594453051686287,0.5434080362319946,1.0028533935546875
0.047513991594314575,0.5171065330505371,0.9922464489936829
0.04337191581726074,0.5938308238983154,1.0275499820709229
0.034012969583272934,0.5220544338226318,0.8621841669082642
0.03385341167449951,0.5518380999565125,0.8903722167015076
0.03503703698515892,0.4656350314617157,0.8160054087638855
0.03189631178975105,0.6074715852737427,0.9264346957206726
0.033314649015665054,0.5965816974639893,0.9297281503677368
0.028687195852398872,0.605137050151825,0.8920090198516846
0.031029747799038887,0.4010174870491028,0.7113149762153625
0.03126111999154091,0.650776743888855,0.9633879661560059
0.028080010786652565,0.61530601978302,0.8961061239242554
0.05415920168161392,0.5138313174247742,1.0554232597351074
0.03165021538734436,0.5592883825302124,0.875790536403656
0.028080500662326813,0.4114726185798645,0.6922776103019714
0.04047148674726486,0.5024610757827759,0.9071759581565857
0.04590418189764023,0.641124963760376,1.1001667976379395
0.02980467490851879,0.4450474977493286,0.7430942058563232
0.03268623352050781,0.6548230648040771,0.9816854000091553
0.03352854773402214,0.5202904343605042,0.8555759191513062
0.050584129989147186,0.686355710029602,1.1921970844268799
0.029879778623580933,0.4922284781932831,0.79102623462677
0.03598004952073097,0.5251523852348328,0.8849529027938843
0.04237763583660126,0.5029011964797974,0.9266775846481323
0.03951830044388771,0.3983902335166931,0.793573260307312
0.030785128474235535,0.38931047916412354,0.6971617937088013
0.03931521996855736,0.5600777864456177,0.9532300233840942
0.0526309534907341,0.6809892058372498,1.207298755645752
0.04908682033419609,0.7701395750045776,1.2610077857971191
0.03321472927927971,0.5605098009109497,0.8926571011543274
0.030701003968715668,0.49273088574409485,0.7997409105300903
0.03367875516414642,0.5269597172737122,0.863747239112854
0.028459832072257996,0.5369552373886108,0.8215535879135132
0.04578167200088501,0.45999354124069214,0.9178102612495422
0.03244937211275101,0.4760504364967346,0.8005441427230835
0.03366859629750252,0.5684460401535034,0.905131995677948
0.03598594292998314,0.5895057320594788,0.9493651390075684
0.03004636988043785,0.5715029239654541,0.8719666004180908
0.041055429726839066,0.47674238681793213,0.8872966766357422
0.03069252520799637,0.6517499685287476,0.95867520570755
0.03273938596248627,0.39442524313926697,0.7218191027641296
0.03658165782690048,0.6920450925827026,1.0578616857528687
0.037620242685079575,0.6144903302192688,0.9906927347183228
0.07702712714672089,0.6092687845230103,1.3795400857925415
0.030040478333830833,0.4424227476119995,0.7428275346755981
0.04805104807019234,0.5728011727333069,1.0533115863800049
0.030483487993478775,0.5266386270523071,0.8314734697341919
0.02897024154663086,0.41721072793006897,0.7069131135940552
0.038962025195360184,0.5361122488975525,0.9257324934005737
0.028979796916246414,0.6111807823181152,0.9009787440299988
0.044534873217344284,0.47014757990837097,0.9154963493347168
0.031627144664525986,0.39387884736061096,0.7101503014564514
0.029235053807497025,0.6209951043128967,0.9133456349372864
0.03520161658525467,0.6286038756370544,0.9806200265884399
0.08394267410039902,0.6574388146400452,1.4968655109405518
0.03536674380302429,0.7564787864685059,1.1101462841033936
0.030747676268219948,0.62217116355896,0.9296479225158691
0.02921062335371971,0.6063950657844543,0.8985012769699097
0.02986817993223667,0.6163794994354248,0.9150612950325012
0.029219727963209152,0.6468603610992432,0.9390576481819153
0.037633031606674194,0.6628506183624268,1.0391809940338135
0.03053128533065319,0.6673104763031006,0.972623348236084
0.030228156596422195,0.535340428352356,0.8376219868659973
0.030753763392567635,0.5761100053787231,0.8836476802825928
0.030101582407951355,0.38040003180503845,0.681415855884552
0.031695570796728134,0.3503182828426361,0.667273998260498
0.043006740510463715,0.6236740350723267,1.053741455078125
0.031074408441781998,0.6570116281509399,0.9677556753158569
0.03417080640792847,0.5987223386764526,0.9404304027557373
0.030372852459549904,0.6018929481506348,0.9056214690208435
0.029751142486929893,0.434813529253006,0.7323249578475952
0.03530265390872955,0.5285197496414185,0.8815462589263916
0.029710885137319565,0.460950642824173,0.7580595016479492
0.0454590804874897,0.5671303272247314,1.0217211246490479
0.03285130858421326,0.6222002506256104,0.9507133364677429
0.03934746980667114,0.6773984432220459,1.0708731412887573
0.030325161293148994,0.533491313457489,0.8367429375648499
0.0310584157705307,0.5143916606903076,0.824975848197937
0.04669630527496338,0.35632503032684326,0.823288083076477
0.03983141854405403,0.5321914553642273,0.930505633354187
0.037079453468322754,0.5808541774749756,0.9516487121582031
0.02946290373802185,0.6013616323471069,0.8959906697273254
0.03159366175532341,0.6901146173477173,1.0060513019561768
0.03627866506576538,0.567060649394989,0.9298473000526428
0.030019685626029968,0.5738767385482788,0.8740736246109009
0.03118542954325676,0.5986632108688354,0.9105175137519836
0.0314672477543354,0.5982456207275391,0.9129180908203125
0.03166442736983299,0.602411687374115,0.9190559387207031
0.029402729123830795,0.613370418548584,0.9073977470397949
0.030681747943162918,0.5680045485496521,0.8748220205307007
0.042884573340415955,0.5962620377540588,1.025107741355896
0.03458879515528679,0.5330543518066406,0.8789423108100891
0.04300711303949356,0.5993173122406006,1.029388427734375
0.032261937856674194,0.6185872554779053,0.9412066340446472
0.02891537733376026,0.5431305766105652,0.8322843313217163
0.02823769487440586,0.6442768573760986,0.9266538023948669
0.02995634637773037,0.6885138154029846,0.9880772829055786
0.035855732858181,0.5140519738197327,0.8726093173027039
0.03279468044638634,0.3860066533088684,0.7139534950256348
0.03234908729791641,0.7596688270568848,1.0831596851348877
0.030956175178289413,0.5279892086982727,0.8375509977340698
0.03941195458173752,0.5594266653060913,0.9535462260246277
0.03288189694285393,0.44300609827041626,0.7718250751495361
0.029429931193590164,0.306965708732605,0.601265013217926
0.02932831458747387,0.3582496643066406,0.651532769203186
0.02926245518028736,0.5022186636924744,0.7948431968688965
0.030404558405280113,0.4635235071182251,0.7675690650939941
0.030464673414826393,0.6253924369812012,0.9300391674041748
0.02918371744453907,0.4796675741672516,0.7715047597885132
0.04227844253182411,0.5606404542922974,0.9834249019622803
0.03386688977479935,0.6736493110656738,1.0123181343078613
0.03179103136062622,0.6462371945381165,0.9641475081443787
0.03215617686510086,0.5085115432739258,0.8300732970237732
0.03514103218913078,0.5958529710769653,0.9472633004188538
0.05863216519355774,0.6129620671272278,1.1992837190628052
0.0284095611423254,0.4350200295448303,0.7191156148910522
0.036965664476156235,0.38575610518455505,0.755412757396698
0.03291657194495201,0.4932480752468109,0.8224138021469116
0.030705144628882408,0.6149301528930664,0.9219815731048584
0.02975078485906124,0.437852680683136,0.7353605031967163
0.0333004854619503,0.5762858986854553,0.9092907905578613
0.03263125196099281,0.579201340675354,0.9055138826370239
0.029610121622681618,0.45697101950645447,0.7530722618103027
0.03105524368584156,0.6838302612304688,0.9943827390670776
0.10863418132066727,0.6521141529083252,1.7384560108184814
0.030461082234978676,0.40414297580718994,0.7087538242340088
0.029764018952846527,0.6703948974609375,0.968035101890564
0.03526907041668892,0.5401453375816345,0.8928360342979431
0.038311101496219635,0.5525635480880737,0.9356745481491089
0.03509383276104927,0.5994917154312134,0.9504300355911255
0.03397482633590698,0.6202242374420166,0.9599725008010864
0.036298856139183044,0.5412998199462891,0.9042884111404419
0.029316972941160202,0.5016887187957764,0.794858455657959
0.035271670669317245,0.4745880365371704,0.8273047208786011
0.028708746656775475,0.48375368118286133,0.770841121673584
0.06430961936712265,0.44127923250198364,1.0843753814697266
0.030764523893594742,0.6245284080505371,0.9321736097335815
0.06656534969806671,0.6472965478897095,1.3129500150680542
0.03652980178594589,0.6493127346038818,1.014610767364502
0.03350004553794861,0.5982793569564819,0.933279812335968
0.07556737214326859,0.6940605640411377,1.4497342109680176
0.028759373351931572,0.4855336844921112,0.7731274366378784
0.028114138171076775,0.6313101053237915,0.9124515056610107
0.03303723782300949,0.5060962438583374,0.8364686369895935
0.04336903616786003,0.5503995418548584,0.9840899109840393
0.042440708726644516,0.43376728892326355,0.8581743836402893
0.03423319756984711,0.5645184516906738,0.9068504571914673
0.035744812339544296,0.572524905204773,0.9299730062484741
0.02896074391901493,0.5794764757156372,0.8690838813781738
0.03355271741747856,0.44112858176231384,0.7766557931900024
0.028755540028214455,0.6925773620605469,0.9801327586174011
0.029181191697716713,0.7119520306587219,1.0037639141082764
0.03191911429166794,0.5571924448013306,0.8763836026191711
0.037418182939291,0.6238958835601807,0.9980777502059937
0.041713494807481766,0.5470321178436279,0.964167058467865
0.029002249240875244,0.5583399534225464,0.8483624458312988
0.03252698853611946,0.6270939707756042,0.9523638486862183
0.05060373246669769,0.5325857400894165,1.0386230945587158
0.044845614582300186,0.590959370136261,1.0394154787063599
0.03631921485066414,0.6211103796958923,0.9843025207519531
0.04033670574426651,0.5693885087966919,0.9727555513381958
0.04212459549307823,0.4428890645503998,0.8641350269317627
0.030882248654961586,0.40336212515830994,0.7121846079826355
0.032018765807151794,0.6633208394050598,0.9835084676742554
0.034468576312065125,0.6481695175170898,0.9928553104400635
0.07917287945747375,0.6444607377052307,1.4361895322799683
0.029021915048360825,0.5608745813369751,0.8510937690734863
0.030138567090034485,0.4912360906600952,0.7926217317581177
0.03380437567830086,0.6256728172302246,0.9637165665626526
0.04331041872501373,0.5263957977294922,0.9594999551773071
0.0355391800403595,0.6074001789093018,0.9627919793128967
0.04127325117588043,0.5591357946395874,0.9718682765960693
0.0381050631403923,0.5299999713897705,0.9110506176948547
0.03637504205107689,0.38265931606292725,0.7464097738265991
0.12856566905975342,0.3026163578033447,1.588273048400879
0.03874077647924423,0.45465341210365295,0.8420611619949341
0.029499439522624016,0.4956154227256775,0.7906098365783691
0.036642562597990036,0.579871416091919,0.9462970495223999
0.03060082532465458,0.6356922388076782,0.9417004585266113
0.03235150873661041,0.5497461557388306,0.8732612133026123
0.029918843880295753,0.5736539959907532,0.8728424310684204
0.029961077496409416,0.5792455673217773,0.8788563013076782
0.0373041033744812,0.5575166344642639,0.9305576682090759
0.029781440272927284,0.5796456336975098,0.8774600028991699
0.029587749391794205,0.508851170539856,0.804728627204895
0.028864115476608276,0.694272518157959,0.9829136729240417
0.03563805669546127,0.5562112331390381,0.912591814994812
0.030165942385792732,0.5194190144538879,0.8210784196853638
0.03453812748193741,0.5451133847236633,0.8904946446418762
0.038988370448350906,0.5283087491989136,0.918192446231842
0.043330445885658264,0.6635196208953857,1.096824049949646
0.03437858447432518,0.62187260389328,0.96565842628479
0.03846893087029457,0.540574848651886,0.9252641201019287
0.032659851014614105,0.37644243240356445,0.7030409574508667
0.03532643988728523,0.45920854806900024,0.812472939491272
0.06786700338125229,0.7118076682090759,1.3904776573181152
0.029268985614180565,0.42683395743370056,0.7195237874984741
0.029153568670153618,0.5160373449325562,0.8075730204582214
0.030981415882706642,0.557487964630127,0.8673021197319031
0.03896858170628548,0.44199734926223755,0.8316831588745117
0.02936103567481041,0.63826584815979,0.9318761825561523
0.04842294380068779,0.5047875642776489,0.9890170097351074
0.032511573284864426,0.6264841556549072,0.9515998959541321
0.030133282765746117,0.5372087955474854,0.8385416269302368
0.06975476443767548,0.49665552377700806,1.1942031383514404
0.036750342696905136,0.5712782144546509,0.9387816190719604
0.03934543952345848,0.6181555986404419,1.0116100311279297
0.07465429604053497,0.6130881309509277,1.359631061553955
0.03799138963222504,0.4845705032348633,0.864484429359436
0.039024822413921356,0.504563570022583,0.8948118090629578
0.03266924247145653,0.6876213550567627,1.014313817024231
0.030132925137877464,0.6538471579551697,0.9551764130592346
0.03494060039520264,0.49700748920440674,0.8464134931564331
0.04042421653866768,0.667921781539917,1.0721639394760132
0.030447274446487427,0.5592132210731506,0.8636859655380249
0.03181435912847519,0.5037660598754883,0.8219096660614014
0.0349159836769104,0.5485533475875854,0.8977131843566895
0.0327015183866024,0.4470033645629883,0.7740185260772705
0.03512437641620636,0.3639379143714905,0.7151817083358765
0.03740820288658142,0.5396771430969238,0.913759171962738
0.03828272596001625,0.5702244639396667,0.9530516862869263
0.027912763878703117,0.44087815284729004,0.7200057506561279
0.0313296765089035,0.6653945446014404,0.9786913394927979
0.03373856842517853,0.559377908706665,0.8967635631561279
0.028524616733193398,0.6568570137023926,0.9421031475067139
0.037048473954200745,0.6089902520179749,0.9794750213623047
0.0597744844853878,0.6477329730987549,1.2454777956008911
0.06576159596443176,0.6311049461364746,1.2887208461761475
0.040614426136016846,0.4988739788532257,0.9050182104110718
0.030224788933992386,0.5421218872070312,0.8443697690963745
0.05905517563223839,0.580440878868103,1.1709926128387451
0.030812982469797134,0.6678603291511536,0.9759901762008667
0.03632906451821327,0.5732294321060181,0.9365200996398926
0.03063841536641121,0.626430332660675,0.9328144788742065
0.054596781730651855,0.46328189969062805,1.0092496871948242
0.04285229369997978,0.6017146110534668,1.0302375555038452
0.04358610883355141,0.5171431303024292,0.9530042409896851
0.030694276094436646,0.4766271412372589,0.7835699319839478
0.043666377663612366,0.40290403366088867,0.8395677804946899
0.04356354847550392,0.6089694499969482,1.0446048974990845
0.03552929684519768,0.6333897709846497,0.988682746887207
0.044088706374168396,0.5315998196601868,0.9724868535995483
0.05980025604367256,0.3835476040840149,0.9815501570701599
0.04238743335008621,0.6845310926437378,1.108405351638794
0.044652801007032394,0.47611773014068604,0.9226457476615906
0.042305413633584976,0.5046380758285522,0.927692174911499
0.04384876415133476,0.4585471749305725,0.8970348238945007
0.04163089767098427,0.6785743236541748,1.0948833227157593
0.03735358268022537,0.6060649156570435,0.979600727558136
0.04621288925409317,0.5431323647499084,1.0052611827850342
0.029784807935357094,0.5487427711486816,0.8465908765792847
0.034549061208963394,0.4636762738227844,0.8091669082641602
0.031105147674679756,0.5838602781295776,0.8949117660522461
0.03299657627940178,0.5457191467285156,0.875684916973114
0.03753391280770302,0.46795719861984253,0.8432962894439697
0.04268788546323776,0.45516377687454224,0.882042646408081
0.030555587261915207,0.5379751920700073,0.84353107213974
0.0605454258620739,0.5389111042022705,1.1443653106689453
0.03467366471886635,0.6746554970741272,1.0213921070098877
0.03106176294386387,0.536300539970398,0.8469181656837463
0.04298276826739311,0.638548731803894,1.0683764219284058
0.03445814922451973,0.6344379186630249,0.9790194034576416
0.04191415384411812,0.6308611035346985,1.0500025749206543
0.03127411752939224,0.45095929503440857,0.7637004852294922
0.06938832253217697,0.6096639633178711,1.3035471439361572
0.02842334285378456,0.6529633402824402,0.9371967315673828
0.02987620234489441,0.48269590735435486,0.7814579010009766
0.0354134663939476,0.5512542128562927,0.9053888916969299
0.03256607428193092,0.3963271975517273,0.7219879627227783
0.03459072485566139,0.5876631736755371,0.933570384979248
0.040216896682977676,0.4681134819984436,0.8702824115753174
0.047644175589084625,0.43070513010025024,0.9071468710899353
0.028748346492648125,0.43455633521080017,0.7220398187637329
0.029316144064068794,0.6372667551040649,0.9304282069206238
0.02815522998571396,0.527595043182373,0.8091473579406738
0.03081725724041462,0.38267722725868225,0.690849781036377
0.03345299884676933,0.587032675743103,0.921562671661377
0.03284285590052605,0.6631389856338501,0.9915675520896912
0.10584014654159546,0.7100381255149841,1.768439531326294
0.03141973167657852,0.5844049453735352,0.8986022472381592
0.03798860311508179,0.5733622312545776,0.9532482624053955
0.038433924317359924,0.5091936588287354,0.8935328722000122
0.02975599654018879,0.4830377697944641,0.7805977463722229
0.04003946855664253,0.3416948914527893,0.742089569568634
0.049451813101768494,0.6378222107887268,1.1323403120040894
0.03856399282813072,0.5405364036560059,0.9261763095855713
0.03410496935248375,0.6003860831260681,0.9414358139038086
0.04279012233018875,0.3955027461051941,0.8234039545059204
0.03903339430689812,0.5622648000717163,0.9525987505912781
0.032432448118925095,0.5899910926818848,0.9143155813217163
0.029961468651890755,0.4182368516921997,0.7178515195846558
0.03522232174873352,0.5906549692153931,0.9428781867027283
0.03147091716527939,0.7044931054115295,1.0192022323608398
0.03253113850951195,0.5117611885070801,0.8370726108551025
0.03732525557279587,0.5185824632644653,0.8918350338935852
0.03860780596733093,0.4812462329864502,0.8673242926597595
0.031340599060058594,0.6449229121208191,0.958328902721405
0.03026103787124157,0.4786740243434906,0.7812843918800354
0.03334729000926018,0.7087702751159668,1.042243242263794
0.03161492943763733,0.6103287935256958,0.9264780879020691
0.03174165263772011,0.5846458673477173,0.9020624160766602
0.029576117172837257,0.6039594411849976,0.8997206091880798
0.03179366514086723,0.4762415885925293,0.7941782474517822
0.03464560583233833,0.30100587010383606,0.6474618911743164
0.02841961197555065,0.5626126527786255,0.8468087911605835
0.03386625275015831,0.5053166151046753,0.8439791202545166
0.02832029014825821,0.5458601713180542,0.8290630578994751
0.03009027987718582,0.5680042505264282,0.8689070343971252
0.02801673114299774,0.5740618705749512,0.854229211807251
0.028991853818297386,0.5586902499198914,0.8486087918281555
0.03610321506857872,0.48960351943969727,0.8506356477737427
0.028995897620916367,0.5084420442581177,0.7984009981155396
0.04625525325536728,0.6137180328369141,1.076270580291748
0.03091568872332573,0.5369172692298889,0.8460741639137268
0.03011217527091503,0.5044918656349182,0.80561363697052
0.03681183606386185,0.3651374280452728,0.7332557439804077
0.0911908745765686,0.6151785850524902,1.5270873308181763
0.028697408735752106,0.5826401710510254,0.8696142435073853
0.0632527694106102,0.5137823820114136,1.1463100910186768
0.02954316884279251,0.5705698728561401,0.866001546382904
0.03479700908064842,0.6050411462783813,0.9530112743377686
0.04025474190711975,0.5612255930900574,0.9637730121612549
0.02875208482146263,0.6597168445587158,0.9472377300262451
0.03722726181149483,0.6559435129165649,1.0282161235809326
0.04132198542356491,0.6337850689888,1.0470049381256104
0.03653807193040848,0.5581228733062744,0.923503577709198
0.03297699987888336,0.5556539297103882,0.8854238986968994
0.039770759642124176,0.4160144627094269,0.8137220144271851
0.043718330562114716,0.5369939804077148,0.9741773009300232
0.03988006338477135,0.5774650573730469,0.9762656688690186
0.032468102872371674,0.6186526417732239,0.9433336853981018
0.044362351298332214,0.4014912545681,0.8451147675514221
0.036601681262254715,0.5626232624053955,0.9286400675773621
0.038145363330841064,0.5039360523223877,0.8853896856307983
0.02876926399767399,0.6511783003807068,0.938870906829834
0.04198520630598068,0.5749047994613647,0.9947568774223328
0.030402733013033867,0.4302610754966736,0.7342883944511414
0.0389452762901783,0.5043776035308838,0.8938303589820862
0.029648883268237114,0.6476843357086182,0.9441731572151184
0.043094705790281296,0.43945395946502686,0.8704010248184204
0.0355801060795784,0.5577530860900879,0.9135541319847107
0.030793767422437668,0.6601154208183289,0.9680531024932861
0.03466875106096268,0.619940996170044,0.9666284918785095
0.03644709289073944,0.5466153621673584,0.9110863208770752
0.03568175062537193,0.6578194499015808,1.0146369934082031
0.03174009919166565,0.5552481412887573,0.8726491332054138
0.046839211136102676,0.33637475967407227,0.8047668933868408
0.04101641848683357,0.6096444129943848,1.0198085308074951
0.032020535320043564,0.5173470377922058,0.8375524282455444
0.02841097116470337,0.5295772552490234,0.8136869668960571
0.02971804514527321,0.5786330699920654,0.8758134841918945
0.03117457777261734,0.6550061702728271,0.9667519330978394
0.034603845328092575,0.5606235265731812,0.9066619873046875
0.03143013268709183,0.6572065353393555,0.9715078473091125
0.06140052154660225,0.5092215538024902,1.1232267618179321
0.0761304646730423,0.5984140634536743,1.359718680381775
0.06560926884412766,0.5988374948501587,1.2549302577972412
0.0365789420902729,0.6422719955444336,1.008061408996582
0.03765413910150528,0.49299412965774536,0.869535505771637
0.0361262671649456,0.6595320105552673,1.0207946300506592
0.04280868545174599,0.4761708378791809,0.9042576551437378
0.03162083402276039,0.6095840334892273,0.9257923364639282
0.03516633063554764,0.5119943618774414,0.8636576533317566
0.03246314451098442,0.5786792635917664,0.9033107161521912
0.03457581624388695,0.4998377859592438,0.8455959558486938
0.04041116312146187,0.5228487253189087,0.9269603490829468
0.03181105852127075,0.5310713052749634,0.8491818904876709
0.0384523905813694,0.6014792919158936,0.9860031604766846
0.03066902607679367,0.6655857563018799,0.9722760319709778
0.033102575689554214,0.5164296627044678,0.8474553823471069
0.0500573106110096,0.6762045621871948,1.1767776012420654
0.04141050577163696,0.6007457971572876,1.0148508548736572
0.029570437967777252,0.6717572212219238,0.9674615859985352
0.029137022793293,0.607628583908081,0.8989987969398499
0.03918023779988289,0.5249274969100952,0.9167298674583435
0.03429783880710602,0.3275611400604248,0.6705394983291626
0.04635308310389519,0.635565996170044,1.0990967750549316
0.0355738028883934,0.6747948527336121,1.0305328369140625
0.02894553542137146,0.7097278833389282,0.9991832375526428
0.030796313658356667,0.5015827417373657,0.8095458745956421
0.029680714011192322,0.40528279542922974,0.7020899057388306
0.073249451816082,0.6785195469856262,1.4110140800476074
0.04252086207270622,0.5933805704116821,1.0185892581939697
0.03176243230700493,0.6130849123001099,0.9307092428207397
0.031196998432278633,0.5542002320289612,0.8661702275276184
0.029692068696022034,0.6060510873794556,0.9029717445373535
0.028145799413323402,0.4910600185394287,0.7725180387496948
0.031429585069417953,0.6731048822402954,0.9874007701873779
0.0409548282623291,0.41591382026672363,0.8254621028900146
0.031098542734980583,0.4435545802116394,0.754539966583252
0.03162873908877373,0.6812651753425598,0.9975525736808777
0.03097268007695675,0.6354131102561951,0.9451398849487305
0.030693870037794113,0.6873775720596313,0.9943162798881531
0.04879046604037285,0.7049689292907715,1.1928735971450806
0.041504062712192535,0.5569708347320557,0.9720114469528198
0.04079318046569824,0.4318843483924866,0.839816153049469
0.04079868271946907,0.490220308303833,0.8982071280479431
0.03419506177306175,0.5644652843475342,0.9064159393310547
0.0297336857765913,0.48555487394332886,0.7828917503356934
0.09060929715633392,0.5667150616645813,1.4728081226348877
0.02960433065891266,0.4229201078414917,0.7189633846282959
0.030028944835066795,0.4762384295463562,0.7765278816223145
0.034802474081516266,0.4864199757575989,0.8344447016716003
0.033041033893823624,0.5539678335189819,0.88437819480896
0.051727429032325745,0.5366705656051636,1.0539448261260986
0.04177938401699066,0.4564642310142517,0.8742580413818359
0.043897420167922974,0.6222259402275085,1.0612001419067383
0.03600161150097847,0.44373443722724915,0.8037505149841309
0.04650455713272095,0.43973207473754883,0.9047776460647583
0.030690636485815048,0.534733772277832,0.8416401147842407
0.03265996649861336,0.6342618465423584,0.9608615040779114
0.030769290402531624,0.6652891039848328,0.9729820489883423
0.0285799503326416,0.5896707773208618,0.8754702806472778
0.03349732607603073,0.5689660906791687,0.9039393663406372
0.042335838079452515,0.4995437264442444,0.9229021072387695
0.03547818958759308,0.6556715965270996,1.010453462600708
0.03507036715745926,0.604921817779541,0.9556254744529724
0.04232705011963844,0.5356654524803162,0.9589359760284424
0.07341179251670837,0.5069568157196045,1.241074800491333
0.028031285852193832,0.5404642820358276,0.820777177810669
0.037783727049827576,0.5215606689453125,0.8993979692459106
0.03665396571159363,0.5415425300598145,0.9080821871757507
0.03194214031100273,0.5580593943595886,0.8774808049201965
0.05542103201150894,0.49104776978492737,1.0452580451965332
0.03855748102068901,0.6194280385971069,1.0050028562545776
0.0369175486266613,0.7528759241104126,1.122051477432251
0.034202687442302704,0.5904300212860107,0.932456910610199
0.029661161825060844,0.6644892692565918,0.9611008763313293
0.046042751520872116,0.5306737422943115,0.9911012649536133
0.0882904976606369,0.7369300127029419,1.6198350191116333
0.03433488681912422,0.5880339741706848,0.9313828349113464
0.03920430317521095,0.6301495432853699,1.0221925973892212
0.03008166328072548,0.553223729133606,0.8540403842926025
0.03559939190745354,0.6679801940917969,1.0239741802215576
0.031243719160556793,0.5991430282592773,0.9115802049636841
0.04147520288825035,0.5527439117431641,0.9674959182739258
0.030488193035125732,0.6216139197349548,0.9264958500862122
0.028270971029996872,0.5071634650230408,0.7898731827735901
0.05850003659725189,0.5456010699272156,1.130601406097412
0.04348880797624588,0.4888016879558563,0.9236897230148315
0.043008916079998016,0.6597892045974731,1.0898783206939697
0.03998800739645958,0.43951520323753357,0.83939528465271
0.041189778596162796,0.6771042346954346,1.089002013206482
0.03302145376801491,0.621558666229248,0.9517731666564941
0.03251809626817703,0.41087132692337036,0.7360522747039795
0.03563889488577843,0.607987105846405,0.9643760919570923
0.030690167099237442,0.6591548323631287,0.9660564661026001
0.0391148217022419,0.6177927255630493,1.0089409351348877
0.03149351850152016,0.4988897144794464,0.8138248920440674
0.029065528884530067,0.48187074065208435,0.7725260257720947
0.03004033863544464,0.6303148865699768,0.9307183027267456
0.0317937433719635,0.5861138105392456,0.9040512442588806
0.027888033539056778,0.44639909267425537,0.7252794504165649
0.02881542406976223,0.685882568359375,0.9740368127822876
0.02812575362622738,0.6442149877548218,0.9254724979400635
0.04204557463526726,0.6009114980697632,1.0213673114776611
0.02876085229218006,0.6506838798522949,0.938292384147644
0.03011813946068287,0.5593885183334351,0.860569953918457
0.03046097420156002,0.3685446083545685,0.673154354095459
0.04100673645734787,0.34376072883605957,0.7538281083106995
0.046905457973480225,0.6803134679794312,1.1493680477142334
0.02961248904466629,0.684819221496582,0.9809440970420837
0.04864215850830078,0.6083979606628418,1.0948195457458496
0.03128059580922127,0.6352906823158264,0.9480966329574585
0.03311309590935707,0.5065590143203735,0.837689995765686
0.030168592929840088,0.5314110517501831,0.833096981048584
0.030222544446587563,0.594991147518158,0.8972165584564209
0.038234930485486984,0.5938537120819092,0.9762030243873596
0.02953208051621914,0.5363417863845825,0.8316625952720642
0.03545139357447624,0.5215979218482971,0.8761118650436401
0.039227452129125595,0.5642045140266418,0.9564790725708008
0.031063659116625786,0.4723924994468689,0.7830290794372559
0.028957581147551537,0.5051865577697754,0.794762372970581
0.03519817069172859,0.5374480485916138,0.8894297480583191
0.02948031760752201,0.503574013710022,0.7983771562576294
0.03005840629339218,0.6674631237983704,0.9680472016334534
0.03020680882036686,0.5275416374206543,0.829609751701355
0.029474232345819473,0.5301858186721802,0.8249281644821167
0.04428935796022415,0.6162084937095642,1.0591020584106445
0.05836867913603783,0.6685250401496887,1.2522118091583252
0.09267929941415787,0.6289187073707581,1.5557117462158203
0.03385733813047409,0.6167973279953003,0.9553707242012024
0.03459125757217407,0.6630039215087891,1.0089164972305298
0.05890501290559769,0.5841373801231384,1.173187494277954
0.034581881016492844,0.5668046474456787,0.9126234650611877
0.028746170923113823,0.4860554337501526,0.7735171318054199
0.029479486867785454,0.5266941785812378,0.8214890360832214
0.043112415820360184,0.5175673365592957,0.9486914873123169
0.029922988265752792,0.5891001224517822,0.8883299827575684
0.048086442053318024,0.5977475047111511,1.0786118507385254
0.03143272548913956,0.4369359016418457,0.7512631416320801
0.029035767540335655,0.39080631732940674,0.681164026260376
0.04353610426187515,0.4830946624279022,0.9184557199478149
0.029790213331580162,0.5341662764549255,0.8320684432983398
0.042507197707891464,0.512516975402832,0.9375889301300049
0.02958124503493309,0.6981859803199768,0.9939984083175659
0.03523236885666847,0.45632150769233704,0.8086451888084412
0.029625892639160156,0.5935790538787842,0.8898379802703857
0.040398240089416504,0.6322636604309082,1.0362460613250732
0.038956865668296814,0.5185607075691223,0.9081293344497681
0.03396447375416756,0.5696649551391602,0.9093096852302551
0.03839779272675514,0.5138457417488098,0.897823691368103
0.029258418828248978,0.4572452902793884,0.7498294711112976
0.04325105622410774,0.44398033618927,0.8764908909797668
0.04249424859881401,0.5487909317016602,0.9737334251403809
0.03699361905455589,0.4564758837223053,0.8264120817184448
0.04051779955625534,0.6014189124107361,1.0065969228744507
0.036547478288412094,0.3336825370788574,0.6991573572158813
0.032368049025535583,0.5948669910430908,0.918547511100769
0.03467412292957306,0.4506702721118927,0.7974115014076233
0.03141893073916435,0.6382313370704651,0.9524206519126892
0.030962981283664703,0.4985951781272888,0.8082249760627747
0.041810620576143265,0.5599991083145142,0.9781053066253662
0.045897118747234344,0.6610766649246216,1.1200478076934814
0.03774762526154518,0.5599868297576904,0.9374630451202393
0.028573639690876007,0.5733423829078674,0.8590787649154663
0.05462129786610603,0.6068253517150879,1.1530382633209229
0.03909910097718239,0.5823261737823486,0.9733171463012695
0.028566161170601845,0.5864971876144409,0.8721587657928467
0.0387842059135437,0.6341485381126404,1.0219905376434326
0.03017052821815014,0.4564068913459778,0.7581121921539307
0.04175715520977974,0.5775308609008789,0.9951024055480957
0.04112951084971428,0.5153809785842896,0.9266760945320129
0.042217936366796494,0.5047286748886108,0.926908016204834
0.04335752874612808,0.5083069801330566,0.9418822526931763
0.03652374818921089,0.3366880416870117,0.70192551612854
0.03206435590982437,0.393433541059494,0.7140771150588989
0.0372273288667202,0.38417476415634155,0.7564480304718018
0.034857142716646194,0.5701435804367065,0.9187150001525879
0.03686225786805153,0.45819181203842163,0.8268144130706787
0.03066415712237358,0.36982840299606323,0.6764699816703796
0.0301804356276989,0.5553590059280396,0.8571633696556091
0.028577283024787903,0.5367754697799683,0.8225482702255249
0.0401090644299984,0.6436065435409546,1.0446971654891968
0.03204372152686119,0.593207597732544,0.9136447906494141
0.036810629069805145,0.5069993734359741,0.8751056790351868
0.030557798221707344,0.5762730836868286,0.881851077079773
0.035554151982069016,0.4277731478214264,0.7833147048950195
0.030415821820497513,0.5590638518333435,0.863222062587738
0.030798962339758873,0.6143234968185425,0.9223130941390991
0.0363791361451149,0.6567552089691162,1.020546555519104
0.03397200629115105,0.6902847290039062,1.0300047397613525
0.03710346296429634,0.5727295279502869,0.9437641501426697
0.04926886782050133,0.6218388080596924,1.1145274639129639
0.03357082977890968,0.5830332040786743,0.9187414646148682
0.06650999188423157,0.6173842549324036,1.2824841737747192
0.03309277817606926,0.5316063761711121,0.8625341653823853
0.07297966629266739,0.5371872782707214,1.266983985900879
0.03713778406381607,0.6672184467315674,1.038596272468567
0.03236779570579529,0.5875189304351807,0.9111968874931335
0.031403493136167526,0.47706812620162964,0.7911030650138855
0.03919664025306702,0.5112602114677429,0.9032266139984131
0.036307573318481445,0.5257620811462402,0.8888378143310547
0.031745586544275284,0.5551540851593018,0.8726099729537964
0.04369742050766945,0.693008542060852,1.1299827098846436
0.04022926464676857,0.4619678258895874,0.8642604351043701
0.043835487216711044,0.37329933047294617,0.8116542100906372
0.03661882132291794,0.4836964011192322,0.8498846292495728
0.03910401836037636,0.5741004347801208,0.9651405811309814
0.03300873190164566,0.38520509004592896,0.7152923941612244
0.028316853567957878,0.6676201820373535,0.9507887363433838
0.040737614035606384,0.5860849618911743,0.9934611320495605
0.029791193082928658,0.5796772241592407,0.8775891661643982
0.04252796620130539,0.5286571979522705,0.9539368748664856
0.04404336214065552,0.3929315209388733,0.8333651423454285
0.04324981942772865,0.39604508876800537,0.8285433053970337
0.03929305076599121,0.5704371929168701,0.9633677005767822
0.03575120121240616,0.5917120575904846,0.949224054813385
0.035914525389671326,0.612896740436554,0.9720419645309448
0.044596120715141296,0.7007067203521729,1.1466679573059082
0.032514411956071854,0.47966521978378296,0.8048093318939209
0.03148915246129036,0.6026551127433777,0.9175466299057007
0.02935178019106388,0.436149537563324,0.7296673059463501
0.04114508628845215,0.5590733289718628,0.9705241918563843
0.031400516629219055,0.6853170394897461,0.9993221759796143
0.02944062650203705,0.49994468688964844,0.7943509817123413
0.06716854870319366,0.7396485805511475,1.4113340377807617
0.04997098818421364,0.589963972568512,1.0896738767623901
0.07278004288673401,0.6312437057495117,1.359044075012207
0.07832778245210648,0.6641483306884766,1.4474260807037354
0.03093244507908821,0.4379439353942871,0.7472683787345886
0.03445953503251076,0.5888012647628784,0.933396577835083
0.0346795953810215,0.4838747978210449,0.8306707143783569
0.029085837304592133,0.5814759731292725,0.872334361076355
0.04134352505207062,0.6206679344177246,1.0341031551361084
0.05047287046909332,0.5866944789886475,1.0914231538772583
0.03553200140595436,0.6510406732559204,1.006360650062561
0.04215427115559578,0.581960916519165,1.0035035610198975
0.03500784933567047,0.610795259475708,0.9608737230300903
0.045017559081315994,0.5740478038787842,1.0242233276367188
0.0381087101995945,0.5913317203521729,0.9724187850952148
0.04311302676796913,0.5437486171722412,0.9748789072036743
0.03230720013380051,0.479583203792572,0.8026552200317383
0.030324148014187813,0.6737524271011353,0.9769939184188843
0.044114165008068085,0.39966481924057007,0.8408064842224121
0.03163280338048935,0.678950846195221,0.9952788949012756
0.031661804765462875,0.5950881242752075,0.9117062091827393
0.031279630959033966,0.5386985540390015,0.8514948487281799
0.03449242189526558,0.511197566986084,0.8561217784881592
0.036874670535326004,0.5799748301506042,0.9487215280532837
0.04143987223505974,0.49035611748695374,0.9047548770904541
0.029434166848659515,0.6643543243408203,0.9586960077285767
0.04163888841867447,0.5702005624771118,0.9865894317626953
0.0338505320250988,0.6682479381561279,1.0067532062530518
0.04326817765831947,0.42059457302093506,0.8532763719558716
0.028242623433470726,0.6404770016670227,0.9229032397270203
0.04222997650504112,0.494884729385376,0.9171844720840454
0.030401812866330147,0.5272603631019592,0.8312785029411316
0.04248587787151337,0.5907020568847656,1.0155608654022217
0.02963573858141899,0.5071520805358887,0.8035094738006592
0.03385193273425102,0.6025049686431885,0.9410243034362793
0.036977481096982956,0.45365312695503235,0.8234279155731201
0.028950873762369156,0.6019594669342041,0.8914681673049927
0.03773267939686775,0.5150855779647827,0.8924123644828796
0.030272485688328743,0.5425011515617371,0.8452260494232178
0.02896854653954506,0.5949621200561523,0.8846476078033447
0.03613797947764397,0.5659469366073608,0.9273267388343811
0.028629593551158905,0.6958410739898682,0.9821370244026184
0.03175128996372223,0.5683212280273438,0.8858340978622437
0.04579731822013855,0.35076284408569336,0.8087360262870789
0.028988750651478767,0.5045441389083862,0.7944316864013672
0.030306586995720863,0.6239861845970154,0.9270520210266113
0.03792540356516838,0.5035940408706665,0.8828480839729309
0.053465504199266434,0.5488194227218628,1.0834743976593018
0.030047476291656494,0.7121171355247498,1.01259183883667
0.034543704241514206,0.5671979188919067,0.9126349687576294
0.03656994178891182,0.5670576691627502,0.9327570796012878
0.03246772289276123,0.651883602142334,0.9765608310699463
0.029982296749949455,0.6812841892242432,0.9811071157455444
0.02912774123251438,0.5998126268386841,0.8910900354385376
0.03249647468328476,0.6186767816543579,0.9436415433883667
0.0435439869761467,0.5975147485733032,1.0329546928405762
0.030470287427306175,0.5808826684951782,0.8855855464935303
0.03739362582564354,0.42056265473365784,0.7944989204406738
0.030165409669280052,0.45066311955451965,0.7523171901702881
0.04167213290929794,0.6185347437858582,1.0352561473846436
0.029073473066091537,0.5493992567062378,0.8401340246200562
0.02977031096816063,0.3166954517364502,0.6143985986709595
0.04148276895284653,0.45773133635520935,0.8725590705871582
0.04565763473510742,0.5511865615844727,1.0077629089355469
0.034022826701402664,0.6230819225311279,0.963310182094574
0.03318961709737778,0.559985876083374,0.891882061958313
0.030282994732260704,0.6374821662902832,0.9403121471405029
0.0365610271692276,0.5474313497543335,0.9130415916442871
0.027916807681322098,0.39061886072158813,0.6697869300842285
0.03837921842932701,0.5094074010848999,0.8931995630264282
0.02895454317331314,0.6084017157554626,0.8979471325874329
0.03265588730573654,0.6163623929023743,0.9429212808609009
0.04658639058470726,0.6155669689178467,1.0814309120178223
0.0289098359644413,0.6678677797317505,0.9569661617279053
0.04273741692304611,0.5686860084533691,0.9960601925849915
0.02904355525970459,0.6755445003509521,0.965980052947998
0.034500617533922195,0.5550511479377747,0.900057315826416
0.04431985691189766,0.5672032833099365,1.0104018449783325
0.03875964879989624,0.5594733953475952,0.9470698833465576
0.02964801900088787,0.6044306755065918,0.9009108543395996
0.030259033665060997,0.5497944951057434,0.8523848056793213
0.07927156239748001,0.5855156183242798,1.3782312870025635
0.037120237946510315,0.5720295906066895,0.9432319402694702
0.0488726906478405,0.5210779905319214,1.0098049640655518
0.04325313866138458,0.5293964147567749,0.9619277715682983
0.03731590509414673,0.4761718809604645,0.8493309020996094
0.039078980684280396,0.43348756432533264,0.824277400970459
0.02974947728216648,0.6263934373855591,0.9238882064819336
0.029823986813426018,0.6336550712585449,0.9318948984146118
0.029210060834884644,0.5080256462097168,0.8001262545585632
0.030953509733080864,0.5183854103088379,0.8279204964637756
0.03257538005709648,0.5683723092079163,0.8941261172294617
0.02954685315489769,0.5339075326919556,0.8293761014938354
0.03182535991072655,0.49256059527397156,0.8108142018318176
0.03037281334400177,0.5741837620735168,0.8779119253158569
0.03734569996595383,0.6423446536064148,1.0158016681671143
0.03186160698533058,0.5815559029579163,0.9001719951629639
0.028386298567056656,0.647872805595398,0.9317357540130615
0.030888451263308525,0.419704794883728,0.7285892963409424
0.03176277130842209,0.5157263875007629,0.833354115486145
0.030247539281845093,0.4649278521537781,0.767403244972229
0.05879933759570122,0.5922529697418213,1.180246353149414
0.03297536075115204,0.579430341720581,0.9091839790344238
0.03227332606911659,0.5937904715538025,0.9165236949920654
0.041958943009376526,0.38649725914001465,0.8060866594314575
0.02916584350168705,0.570616602897644,0.8622750043869019
0.029834236949682236,0.49801233410835266,0.7963547110557556
0.033862631767988205,0.6011829972267151,0.9398093223571777
0.032773420214653015,0.4976540207862854,0.8253881931304932
0.02942514605820179,0.6127490997314453,0.9070005416870117
0.03353765234351158,0.6492717862129211,0.9846483469009399
0.0420357882976532,0.4760463833808899,0.8964042663574219
0.03752131015062332,0.48629000782966614,0.8615031242370605
0.03555627912282944,0.5533483028411865,0.9089111089706421
0.04224362596869469,0.4198380708694458,0.8422743082046509
0.03430373594164848,0.6108791828155518,0.9539165496826172
0.029417918995022774,0.4474789500236511,0.7416581511497498
0.032659757882356644,0.4460412859916687,0.7726388573646545
0.028801118955016136,0.6049712896347046,0.8929824829101562
0.040926992893218994,0.4047296643257141,0.813999593257904
0.04014752805233002,0.46036243438720703,0.8618377447128296
0.0318133570253849,0.45712822675704956,0.7752617597579956
0.031934406608343124,0.652982771396637,0.9723268747329712
0.04038844630122185,0.3688114285469055,0.7726958990097046
0.028513088822364807,0.647697389125824,0.9328283071517944
0.0371311791241169,0.5475455522537231,0.9188573360443115
0.028556903824210167,0.49315887689590454,0.7787278890609741
0.030300769954919815,0.5070596933364868,0.8100674152374268
0.029498592019081116,0.5570534467697144,0.8520393371582031
0.028110357001423836,0.5110429525375366,0.7921465635299683
0.0334966741502285,0.48840832710266113,0.8233751058578491
0.02885856293141842,0.5719643831253052,0.860550045967102
0.03301134333014488,0.6566462516784668,0.9867596626281738
0.029627680778503418,0.5225034356117249,0.818780243396759
0.03372524306178093,0.5324282646179199,0.8696807026863098
0.03937537968158722,0.6224206686019897,1.0161744356155396
0.028292963281273842,0.6999754309654236,0.9829050302505493
0.08265852928161621,0.5861523151397705,1.4127376079559326
0.028479229658842087,0.5020843148231506,0.7868766188621521
0.04461422935128212,0.5252817273139954,0.9714239835739136
0.03410293161869049,0.504723310470581,0.8457525968551636
0.02923733927309513,0.4498978853225708,0.7422713041305542
0.031482379883527756,0.43406763672828674,0.7488914728164673
0.030478790402412415,0.6008942723274231,0.9056822061538696
0.037053681910037994,0.6248365044593811,0.9953733086585999
0.03720160201191902,0.6849596500396729,1.0569756031036377
0.03509342297911644,0.6244206428527832,0.9753549098968506
0.03277318924665451,0.47573792934417725,0.8034698367118835
0.0706997886300087,0.5233979821205139,1.230395793914795
0.03737339377403259,0.670494019985199,1.044227957725525
0.038311105221509933,0.6132321953773499,0.9963432550430298
0.03252551704645157,0.4927472472190857,0.8180024027824402
0.03245384618639946,0.6576880812644958,0.982226550579071
0.03180057927966118,0.6017609238624573,0.9197667241096497
0.028658369556069374,0.5983777046203613,0.8849613666534424
0.03629082813858986,0.5096783638000488,0.8725866079330444
0.032114554196596146,0.5338283777236938,0.8549739122390747
0.033108096569776535,0.6539709568023682,0.9850519299507141
0.04446890950202942,0.6624065041542053,1.1070955991744995
0.029284996911883354,0.47376805543899536,0.766618013381958
0.03115171007812023,0.4829905331134796,0.794507622718811
0.05468195676803589,0.6273120641708374,1.1741316318511963
0.02964363619685173,0.536845862865448,0.8332822322845459
0.03160472959280014,0.4593004286289215,0.7753477096557617
0.04963536188006401,0.46035444736480713,0.9567080736160278
0.03205737844109535,0.5753465294837952,0.8959202766418457
0.02748964913189411,0.617459237575531,0.892355740070343
0.029845086857676506,0.6949100494384766,0.9933608770370483
0.030253702774643898,0.4428485035896301,0.7453855276107788
0.03205564618110657,0.5481283664703369,0.8686848282814026
0.03172533959150314,0.5733442902565002,0.8905977010726929
0.03005160763859749,0.568824052810669,0.8693401217460632
0.0339026115834713,0.5631747841835022,0.9022009372711182
0.04358944296836853,0.4616721570491791,0.897566556930542
0.032960642129182816,0.5951329469680786,0.9247393608093262
0.04270774871110916,0.33328577876091003,0.7603632211685181
0.03182496502995491,0.6052659749984741,0.9235156178474426
0.03870583325624466,0.5444618463516235,0.9315201640129089
0.03144235536456108,0.36960721015930176,0.6840307712554932
0.03445970639586449,0.5854468941688538,0.9300439357757568
0.029297180473804474,0.636304497718811,0.9292762875556946
0.049915578216314316,0.523635983467102,1.0227917432785034
0.040752947330474854,0.5661423802375793,0.9736718535423279
0.028665749356150627,0.5169796943664551,0.8036371469497681
0.04443035274744034,0.5289050936698914,0.9732086062431335
0.030813300982117653,0.6315613985061646,0.9396944046020508
0.03304752707481384,0.5339035987854004,0.8643788695335388
0.028078477829694748,0.5910466909408569,0.871831476688385
0.029665399342775345,0.5904293060302734,0.8870832920074463
0.032724857330322266,0.620695173740387,0.9479437470436096
0.030271481722593307,0.46652138233184814,0.7692362070083618
0.03936385735869408,0.5957348942756653,0.9893734455108643
0.03295479342341423,0.5959751009941101,0.925523042678833
0.02979169227182865,0.5337954759597778,0.8317123651504517
0.030006730929017067,0.592576265335083,0.8926435708999634
0.04031782224774361,0.650365948677063,1.0535441637039185
0.028757715597748756,0.5143775343894958,0.8019546866416931
0.03058185987174511,0.5386088490486145,0.8444274663925171
0.029519429430365562,0.6877737045288086,0.9829679727554321
0.0427326038479805,0.30802690982818604,0.7353529334068298
0.030695712193846703,0.45544785261154175,0.7624049782752991
0.028138814494013786,0.5787360072135925,0.8601241111755371
0.040646471083164215,0.455083429813385,0.861548125743866
0.028132865205407143,0.6305478811264038,0.9118765592575073
0.029398027807474136,0.5385948419570923,0.8325750827789307
0.029917096719145775,0.4429290294647217,0.7421000003814697
0.029030317440629005,0.4447803497314453,0.7350835204124451
0.028055153787136078,0.47864046692848206,0.7591919898986816
0.07255085557699203,0.6766753792762756,1.402184009552002
0.03169538453221321,0.6552451848983765,0.972199022769928
0.038817934691905975,0.5783783197402954,0.9665576815605164
0.036820098757743835,0.5727699995040894,0.9409710168838501
0.033797234296798706,0.4695945680141449,0.8075668811798096
0.02960629016160965,0.5805065631866455,0.8765694499015808
0.039565470069646835,0.4729272127151489,0.8685818910598755
0.02808500826358795,0.5452664494514465,0.8261165618896484
0.030244221910834312,0.6512821316719055,0.9537243843078613
0.03207485377788544,0.4909718632698059,0.8117203712463379
0.03691054508090019,0.37686794996261597,0.7459734082221985
0.03866829350590706,0.43748772144317627,0.8241706490516663
0.041099801659584045,0.5726114511489868,0.9836094379425049
0.04030929505825043,0.4816591143608093,0.8847520351409912
0.04006735607981682,0.494295597076416,0.8949691653251648
0.030292239040136337,0.6933584213256836,0.9962807893753052
0.03628602623939514,0.44942519068717957,0.8122854232788086
0.029689062386751175,0.5261520147323608,0.823042631149292
0.03096982277929783,0.708925187587738,1.0186233520507812
0.03939555957913399,0.5570851564407349,0.9510407447814941
0.028299560770392418,0.6085623502731323,0.8915579319000244
0.031018756330013275,0.4736752212047577,0.783862829208374
0.034877825528383255,0.48022180795669556,0.8290000557899475
0.05301952362060547,0.6873140931129456,1.2175092697143555
0.031232137233018875,0.610081136226654,0.9224025011062622
0.035783737897872925,0.5971527099609375,0.9549900889396667
0.03963174670934677,0.5701163411140442,0.9664338231086731
0.02982354536652565,0.6428828239440918,0.9411182403564453
0.03374995291233063,0.670615553855896,1.0081150531768799
0.03219135105609894,0.5918983221054077,0.9138118028640747
0.031025037169456482,0.6252838969230652,0.9355342388153076
0.03047703020274639,0.6051574945449829,0.9099277853965759
0.04426785558462143,0.3684460520744324,0.8111246228218079
0.029140062630176544,0.5603280067443848,0.851728618144989
0.03315034508705139,0.6097740530967712,0.9412775039672852
0.03464718908071518,0.631414532661438,0.977886438369751
0.03371068090200424,0.38048046827316284,0.7175872921943665
0.03290065750479698,0.6782112121582031,1.0072177648544312
0.04105053469538689,0.47479599714279175,0.8853013515472412
0.03285704925656319,0.6246360540390015,0.9532065391540527
0.039820779114961624,0.5096855759620667,0.9078933596611023
0.02801789902150631,0.6798464059829712,0.960025429725647
0.03766806051135063,0.5053633451461792,0.8820439577102661
0.045482899993658066,0.6261422634124756,1.0809712409973145
0.04004107043147087,0.5991242527961731,0.9995349645614624
0.042482197284698486,0.6147985458374023,1.0396205186843872
0.029098009690642357,0.5050386190414429,0.7960187196731567
0.029314041137695312,0.5043423175811768,0.7974827289581299
0.03321784362196922,0.5143791437149048,0.8465576171875
0.03796742111444473,0.6632637977600098,1.042937994003296
0.028174404054880142,0.5829761028289795,0.8647201061248779
0.03901438042521477,0.5376643538475037,0.9278081655502319
0.03836633637547493,0.6655346155166626,1.0491979122161865
0.035439956933259964,0.559747576713562,0.914147138595581
0.03641730546951294,0.5497391223907471,0.9139121770858765
0.03426799178123474,0.6418206095695496,0.984500527381897
0.02791510336101055,0.5645751953125,0.8437262177467346
0.040131088346242905,0.5776044130325317,0.9789153337478638
0.03873010352253914,0.587363064289093,0.9746640920639038
0.03771509975194931,0.5887593030929565,0.9659103155136108
0.028113387525081635,0.503655195236206,0.7847890853881836
0.03813517466187477,0.45834410190582275,0.8396958112716675
0.03305875137448311,0.7100898027420044,1.0406773090362549
0.03717682883143425,0.6115585565567017,0.9833268523216248
0.029460927471518517,0.575098991394043,0.8697082996368408
0.029690705239772797,0.7737632989883423,1.0706703662872314
0.032778434455394745,0.48739904165267944,0.8151834011077881
0.042884912341833115,0.6152931451797485,1.044142246246338
0.06755112111568451,0.6162006258964539,1.2917118072509766
0.03125576674938202,0.2870863080024719,0.5996439456939697
0.03162289410829544,0.6320918798446655,0.9483208060264587
0.02986113354563713,0.5981025695800781,0.89671391248703
0.027814054861664772,0.6615369319915771,0.9396774768829346
0.04106661677360535,0.5966497659683228,1.0073158740997314
0.04836449772119522,0.616635262966156,1.1002802848815918
0.02903725393116474,0.5137016773223877,0.804074227809906
0.028420712798833847,0.669873833656311,0.9540809392929077
0.043033722788095474,0.32116812467575073,0.7515053749084473
0.030436696484684944,0.5235227942466736,0.8278898000717163
0.03117465414106846,0.4867047965526581,0.79845130443573
0.032631129026412964,0.5703248977661133,0.8966361880302429
0.030076757073402405,0.6008960008621216,0.9016635417938232
0.03656171262264252,0.6816326975822449,1.0472497940063477
0.03706425428390503,0.5416698455810547,0.912312388420105
0.08181416988372803,0.6438102722167969,1.4619519710540771
0.042137064039707184,0.3612237572669983,0.7825943827629089
0.03578892722725868,0.5336053371429443,0.891494631767273
0.030986076220870018,0.7010868787765503,1.0109477043151855
0.03324158862233162,0.48642411828041077,0.8188400268554688
0.029442988336086273,0.6440966725349426,0.9385265707969666
0.032761264592409134,0.3393644392490387,0.666977047920227
0.03625120595097542,0.5495081543922424,0.912020206451416
0.03169398382306099,0.5668518543243408,0.8837916851043701
0.029173359274864197,0.46236810088157654,0.7541016936302185
0.02893860824406147,0.6503235101699829,0.9397096037864685
0.02800873853266239,0.6104294061660767,0.8905167579650879
0.03016677126288414,0.5470187664031982,0.8486864566802979
0.030463334172964096,0.3558981418609619,0.6605315208435059
0.036641594022512436,0.645192563533783,1.0116084814071655
0.05887536704540253,0.7039433717727661,1.2926970720291138
0.028472214937210083,0.4847966134548187,0.7695187330245972
0.028681442141532898,0.6828987002372742,0.9697130918502808
0.04177212342619896,0.32191652059555054,0.7396377325057983
0.03481734171509743,0.5907756090164185,0.9389489889144897
0.052387259900569916,0.6758067607879639,1.1996793746948242
0.033248547464609146,0.42230409383773804,0.7547895908355713
0.031414929777383804,0.6001718044281006,0.9143210649490356
0.06067737564444542,0.47939515113830566,1.086168885231018
0.029903165996074677,0.4830554127693176,0.7820870876312256
0.038204435259103775,0.4315643906593323,0.8136087656021118
0.02907434105873108,0.6137061715126038,0.9044495820999146
0.030714331194758415,0.5166710615158081,0.8238143920898438
0.03431243449449539,0.5806083679199219,0.9237326979637146
0.03613317757844925,0.6443088054656982,1.0056405067443848
0.037309132516384125,0.5667159557342529,0.9398072957992554
0.042799510061740875,0.6062102317810059,1.0342053174972534
0.0325506292283535,0.3815588355064392,0.7070651054382324
0.030232442542910576,0.5195165872573853,0.8218410015106201
0.042126283049583435,0.42088884115219116,0.8421516418457031
0.03493237495422363,0.6852635145187378,1.0345872640609741
0.034092407673597336,0.6539475917816162,0.9948716759681702
0.03022799640893936,0.6382080316543579,0.9404879808425903
0.036667194217443466,0.6046234965324402,0.9712954759597778
0.030752891674637794,0.6460444927215576,0.9535734057426453
0.029738331213593483,0.6717957854270935,0.969179093837738
0.03266114741563797,0.44578033685684204,0.7723917961120605
0.028180260211229324,0.6025547981262207,0.8843573927879333
0.048168305307626724,0.5640417337417603,1.0457247495651245
0.03798002004623413,0.5365926623344421,0.9163928627967834
0.06406722962856293,0.49787241220474243,1.1385447978973389
0.033331774175167084,0.5474283695220947,0.8807461261749268
0.033330436795949936,0.49136659502983093,0.8246709704399109
0.028419723734259605,0.616570234298706,0.90076744556427
0.03755257651209831,0.608629584312439,0.9841553568840027
0.030160170048475266,0.580181360244751,0.8817830681800842
0.04108573868870735,0.42439234256744385,0.8352497220039368
0.05132564902305603,0.49484172463417053,1.0080982446670532
0.036515600979328156,0.580731987953186,0.9458879828453064
0.02925889566540718,0.5068683624267578,0.799457311630249
0.03143469616770744,0.645922064781189,0.960269033908844
0.036684952676296234,0.6608385443687439,1.0276880264282227
0.04449211433529854,0.547520101070404,0.9924412369728088
0.0362163670361042,0.48646628856658936,0.8486299514770508
0.029026977717876434,0.5001000165939331,0.7903698086738586
0.03074723854660988,0.5915903449058533,0.8990627527236938
0.02961289882659912,0.5825809240341187,0.8787099123001099
0.028968870639801025,0.5636352300643921,0.8533239364624023
0.03069387935101986,0.6367319822311401,0.9436707496643066
0.03414340317249298,0.42856353521347046,0.7699975967407227
0.038579635322093964,0.5297694206237793,0.9155657887458801
0.034722700715065,0.6162996292114258,0.9635266065597534
0.03772209212183952,0.5253640413284302,0.902584969997406
0.0292708408087492,0.6057934761047363,0.8985018730163574
0.04044486954808235,0.5525197982788086,0.9569684863090515
0.04320874810218811,0.5615001916885376,0.9935876727104187
0.032088156789541245,0.5339730381965637,0.8548545837402344
0.029125355184078217,0.5756392478942871,0.8668928146362305
0.031712111085653305,0.623708188533783,0.9408292770385742
0.029185615479946136,0.464450478553772,0.7563066482543945
0.03002077154815197,0.5242554545402527,0.8244631290435791
0.034159157425165176,0.6136219501495361,0.9552135467529297
0.02873077057301998,0.42023199796676636,0.7075396776199341
0.029446490108966827,0.6589736938476562,0.9534385800361633
0.02839888446033001,0.566360592842102,0.8503494262695312
0.031449247151613235,0.41810300946235657,0.7325954437255859
0.03273894637823105,0.4176345467567444,0.7450240254402161
0.028470030054450035,0.7208366394042969,1.0055369138717651
0.03246120363473892,0.559188723564148,0.883800745010376
0.03235942870378494,0.5618494749069214,0.8854437470436096
0.029083769768476486,0.4726506173610687,0.7634882926940918
0.03673383221030235,0.6242799758911133,0.991618275642395
0.028953541070222855,0.5760276317596436,0.8655630350112915
0.03848530724644661,0.5893312096595764,0.9741842746734619
0.030044257640838623,0.5233711004257202,0.8238136768341064
0.03527716547250748,0.6735560894012451,1.0263277292251587
0.04762373864650726,0.6547346115112305,1.1309720277786255
0.030706193298101425,0.5657044649124146,0.872766375541687
0.02963903732597828,0.6411231160163879,0.9375134706497192
0.029450925067067146,0.5031773447990417,0.7976865768432617
0.03368612378835678,0.4069637358188629,0.7438249588012695
0.03334280475974083,0.40656137466430664,0.7399893999099731
0.04017053171992302,0.5821313858032227,0.9838367104530334
0.03434540331363678,0.5928801894187927,0.9363342523574829
0.053694337606430054,0.4952605068683624,1.0322039127349854
0.03153800964355469,0.65962815284729,0.9750082492828369
0.03880247846245766,0.45792531967163086,0.8459501266479492
0.04733273386955261,0.6522108316421509,1.1255381107330322
0.03047514706850052,0.6261287927627563,0.9308802485466003
0.03138261288404465,0.5991876125335693,0.913013756275177
0.040343690663576126,0.6868823766708374,1.090319275856018
0.028277482837438583,0.636480450630188,0.919255256652832
0.028013914823532104,0.5039148330688477,0.7840539813041687
0.0361202172935009,0.42887651920318604,0.7900786995887756
0.03963792324066162,0.22840604186058044,0.624785304069519
0.02814471535384655,0.49032771587371826,0.7717748880386353
0.028428930789232254,0.665940523147583,0.950229823589325
0.02925451286137104,0.606836199760437,0.8993813395500183
0.03615446388721466,0.5014456510543823,0.8629902601242065
0.02928844653069973,0.6090497970581055,0.9019342660903931
0.03299463167786598,0.4230972230434418,0.753043532371521
0.02965390495955944,0.4692198634147644,0.7657588720321655
0.04273167997598648,0.36317211389541626,0.7904888987541199
0.0383036807179451,0.44720786809921265,0.8302446603775024
0.040797874331474304,0.5917722582817078,0.9997509717941284
0.056433938443660736,0.32832053303718567,0.8926599025726318
0.03578328341245651,0.5588864088058472,0.9167192578315735
0.03741999343037605,0.5275295376777649,0.9017294645309448
0.031133675947785378,0.4869544506072998,0.7982912063598633
0.04009552299976349,0.5381054878234863,0.9390606880187988
0.03869864344596863,0.6535518169403076,1.0405383110046387
0.03339260071516037,0.5227145552635193,0.8566405773162842
0.033046066761016846,0.5329724550247192,0.8634331226348877
0.04030892252922058,0.45253312587738037,0.8556223511695862
0.030292050912976265,0.5590890645980835,0.862009584903717
0.029598837718367577,0.5049834251403809,0.8009718060493469
0.030478298664093018,0.5788683891296387,0.8836513757705688
0.028065327554941177,0.5282360315322876,0.8088892698287964
0.03116595186293125,0.34391140937805176,0.655570924282074
0.031394973397254944,0.49251270294189453,0.8064624071121216
0.029325203970074654,0.3842315673828125,0.6774836182594299
0.030039355158805847,0.684525728225708,0.9849193096160889
0.02810535579919815,0.5853157043457031,0.8663692474365234
0.028596283867955208,0.6510054469108582,0.9369683265686035
0.03687101975083351,0.6237850189208984,0.9924951791763306
0.03765391558408737,0.3314303755760193,0.7079695463180542
0.03545447066426277,0.48070764541625977,0.8352523446083069
0.0523938350379467,0.71068274974823,1.2346210479736328
0.0402446947991848,0.49951204657554626,0.9019590020179749
0.02871023491024971,0.5400788187980652,0.8271811604499817
0.037111543118953705,0.4236888885498047,0.7948043346405029
0.028026876971125603,0.5395132303237915,0.819782018661499
0.030054548755288124,0.6587889194488525,0.9593343734741211
0.03243483975529671,0.6240739822387695,0.948422372341156
0.039713773876428604,0.4272928833961487,0.8244305849075317
0.031557995826005936,0.48238006234169006,0.7979600429534912
0.0287939440459013,0.5438235998153687,0.8317630290985107
0.036982450634241104,0.703393280506134,1.073217749595642
0.03233234956860542,0.3386862277984619,0.6620097160339355
0.034281134605407715,0.5865249633789062,0.9293363094329834
0.036790043115615845,0.46084046363830566,0.8287408947944641
0.028180837631225586,0.5350596904754639,0.8168680667877197
0.03198311850428581,0.6041918992996216,0.9240230917930603
0.02842387743294239,0.580956220626831,0.8651950359344482
0.058983493596315384,0.6888871788978577,1.2787220478057861
0.03652554005384445,0.4680326581001282,0.8332880735397339
0.02953026257455349,0.7242622375488281,1.0195648670196533
0.02990048937499523,0.5469822287559509,0.84598708152771
0.04074793681502342,0.5792975425720215,0.9867769479751587
0.036411624401807785,0.5087281465530396,0.872844398021698
0.031819507479667664,0.5883012413978577,0.9064962863922119
0.03181784600019455,0.6853945255279541,1.003572940826416
0.034142542630434036,0.5746005773544312,0.9160259962081909
0.035227227956056595,0.5490046739578247,0.9012769460678101
0.032345838844776154,0.596904993057251,0.9203633666038513
0.039605267345905304,0.4845365285873413,0.8805891871452332
0.03825146704912186,0.3898334503173828,0.7723481059074402
0.03202299773693085,0.44177305698394775,0.7620030641555786
0.03161228448152542,0.6935148239135742,1.0096375942230225
0.042051468044519424,0.5200724601745605,0.9405871629714966
0.029573725536465645,0.5170091390609741,0.8127464056015015
0.03137555345892906,0.4754815995693207,0.7892371416091919
0.034545399248600006,0.4715914726257324,0.8170454502105713
0.028831446543335915,0.54209303855896,0.8304075002670288
0.02964729815721512,0.4941231310367584,0.7905961275100708
0.03202666714787483,0.6148993968963623,0.93516606092453
0.04610612615942955,0.5080857872962952,0.9691470861434937
0.04248249530792236,0.49008578062057495,0.9149107336997986
0.029256073758006096,0.600317120552063,0.8928778171539307
0.030747976154088974,0.6695373058319092,0.9770170450210571
0.029030583798885345,0.47315019369125366,0.7634560465812683
0.03063705563545227,0.7043697834014893,1.0107402801513672
0.030603311955928802,0.40199095010757446,0.7080240845680237
0.03159639239311218,0.4516562521457672,0.7676202058792114
0.027199741452932358,0.6361255049705505,0.9081228971481323
0.02925189584493637,0.6083863973617554,0.9009053707122803
0.028699375689029694,0.633293867111206,0.9202876091003418
0.031632427126169205,0.38884878158569336,0.7051730155944824
0.031828027218580246,0.47895050048828125,0.7972307801246643
0.02961428463459015,0.31621113419532776,0.6123539805412292
0.027415581047534943,0.6233189105987549,0.8974747061729431
0.04062109440565109,0.46692150831222534,0.8731324672698975
0.03135203197598457,0.6493550539016724,0.9628753662109375
0.02985701523721218,0.6426150798797607,0.9411852359771729
0.028679974377155304,0.48991942405700684,0.7767191529273987
0.040996428579092026,0.5260361433029175,0.9360004663467407
0.030950607731938362,0.6334550380706787,0.9429610967636108
0.028922520577907562,0.6447975039482117,0.9340227246284485
0.031900323927402496,0.6532337069511414,0.9722369313240051
0.03283067047595978,0.5934540033340454,0.9217606782913208
0.03066445142030716,0.696074366569519,1.0027189254760742
0.03349253535270691,0.5734518766403198,0.9083772301673889
0.02826620638370514,0.44931283593177795,0.7319748997688293
0.031437113881111145,0.44394874572753906,0.7583198547363281
0.0400288887321949,0.4504396915435791,0.8507285714149475
0.030981091782450676,0.5600874423980713,0.8698983192443848
0.02852756530046463,0.5900325775146484,0.8753082156181335
0.027940990403294563,0.6364222168922424,0.9158321619033813
0.03035585582256317,0.5795449614524841,0.8831034898757935
0.02899293415248394,0.7139484882354736,1.003877878189087
0.02899041585624218,0.5939726829528809,0.8838768005371094
0.027599778026342392,0.6521701216697693,0.9281679391860962
0.03364420682191849,0.41878968477249146,0.7552317380905151
0.04713570326566696,0.7259334921836853,1.1972905397415161
0.02929438091814518,0.4239606559276581,0.7169044613838196
0.028762731701135635,0.6197881698608398,0.907415509223938
0.030088424682617188,0.6744765639305115,0.9753608107566833
0.028703035786747932,0.6327496767044067,0.9197800159454346
0.030178584158420563,0.5635867118835449,0.8653725385665894
0.0331919863820076,0.5795599222183228,0.9114797711372375
0.03831758722662926,0.6599839925765991,1.04315984249115
0.027691373601555824,0.5894187092781067,0.8663324117660522
0.04209039732813835,0.5793040990829468,1.0002081394195557
0.035861581563949585,0.46385839581489563,0.8224742412567139
0.028111062943935394,0.5758479833602905,0.8569586277008057
0.03633600100874901,0.6035639643669128,0.9669239521026611
0.03209429979324341,0.4246981739997864,0.7456411719322205
0.032526444643735886,0.574531078338623,0.8997955322265625
0.06439615041017532,0.5090625286102295,1.1530239582061768
0.03363601118326187,0.646640419960022,0.9830005168914795
0.030187858268618584,0.4678718149662018,0.7697503566741943
0.03252103924751282,0.42144641280174255,0.7466567754745483
0.02837064303457737,0.5513499975204468,0.8350564241409302
0.029648905619978905,0.5407788753509521,0.8372679352760315
0.03412996232509613,0.6403663158416748,0.9816659688949585
0.03851504251360893,0.6031186580657959,0.9882690906524658
0.045482587069272995,0.5983476042747498,1.053173542022705
0.03080851584672928,0.6300703287124634,0.938155472278595
0.02957795187830925,0.4160689115524292,0.7118484377861023
0.027853798121213913,0.4940720498561859,0.772610068321228
0.030505875125527382,0.6442749500274658,0.949333667755127
0.027646711096167564,0.44893962144851685,0.7254067659378052
0.03171970695257187,0.5446785688400269,0.8618756532669067
0.02969088964164257,0.6954027414321899,0.9923115968704224
0.030170561745762825,0.49414846301078796,0.7958540916442871
0.032591573894023895,0.4678926467895508,0.7938084006309509
0.033936239778995514,0.40454164147377014,0.7439039945602417
0.032650645822286606,0.6754927635192871,1.0019992589950562
0.032901518046855927,0.4351077079772949,0.7641229033470154
0.04588759317994118,0.6737841963768005,1.132660150527954
0.0314643532037735,0.6068154573440552,0.9214589595794678
0.035806767642498016,0.5431545972824097,0.901222288608551
0.02974492311477661,0.6480616331100464,0.9455108642578125
0.04446769505739212,0.4012411832809448,0.8459181189537048
0.027912018820643425,0.5104814171791077,0.7896015644073486
0.0316988080739975,0.5163941383361816,0.833382248878479
0.04321051761507988,0.5579760074615479,0.9900811910629272
0.030012819916009903,0.49049699306488037,0.7906252145767212
0.027729086577892303,0.5488524436950684,0.8261433243751526
0.0847192108631134,0.6800068616867065,1.5271990299224854
0.041405048221349716,0.657541036605835,1.0715914964675903
0.07401007413864136,0.5495123863220215,1.289613127708435
0.02805331163108349,0.640731692314148,0.9212647676467896
0.029815761372447014,0.5135393142700195,0.8116968870162964
0.030446983873844147,0.5968771576881409,0.9013469815254211
0.045582521706819534,0.6474496126174927,1.1032748222351074
0.04152428358793259,0.4366738498210907,0.8519166707992554
0.02766835317015648,0.5619909763336182,0.8386745452880859
0.03179395571351051,0.5796756744384766,0.8976151943206787
0.027520984411239624,0.5931922197341919,0.8684020638465881
0.0408053994178772,0.637683629989624,1.045737624168396
0.039534792304039,0.5372450947761536,0.9325929880142212
0.033626217395067215,0.5115121006965637,0.8477742671966553
0.028603145852684975,0.7182772159576416,1.0043087005615234
0.03998366370797157,0.5037838220596313,0.9036204814910889
0.03769910708069801,0.483815461397171,0.8608065247535706
0.03829082474112511,0.6053630113601685,0.9882712364196777
0.03614478185772896,0.5182766914367676,0.8797245025634766
0.0366034060716629,0.633622407913208,0.9996564388275146
0.02908765710890293,0.5274931788444519,0.8183697462081909
0.03489876911044121,0.6784372329711914,1.027424931526184
0.03155755251646042,0.4674339294433594,0.7830094695091248
0.038525186479091644,0.47194865345954895,0.8572005033493042
0.02881322056055069,0.41551968455314636,0.7036519050598145
0.03325067088007927,0.5464624166488647,0.878969132900238
0.037496987730264664,0.4932354688644409,0.8682053089141846
0.027593370527029037,0.5880456566810608,0.8639793395996094
0.03771920129656792,0.5424537062644958,0.9196457266807556
0.03777855634689331,0.4782428741455078,0.8560284376144409
0.042927857488393784,0.5610660910606384,0.9903446435928345
0.027859898284077644,0.5997810363769531,0.8783800601959229
0.02753441222012043,0.5284899473190308,0.803834080696106
0.04184341803193092,0.6470491886138916,1.0654833316802979
0.03648624196648598,0.5684689879417419,0.9333313703536987
0.029456784948706627,0.6681665182113647,0.9627343416213989
0.02791852131485939,0.43955516815185547,0.7187403440475464
0.057845860719680786,0.6435261964797974,1.22198486328125
0.028340019285678864,0.47546425461769104,0.7588644027709961
0.03440131992101669,0.5067617893218994,0.8507750034332275
0.030345138162374496,0.5165127515792847,0.8199641704559326
0.039981529116630554,0.4839273691177368,0.8837426900863647
0.03162044659256935,0.6033749580383301,0.9195793867111206
0.028444550931453705,0.4393391013145447,0.7237846255302429
0.027662968263030052,0.6169858574867249,0.8936155438423157
0.02930562011897564,0.44760429859161377,0.7406604886054993
0.028494462370872498,0.5936471819877625,0.878591775894165
0.029805386438965797,0.6244775652885437,0.9225314259529114
0.0356442928314209,0.5676862001419067,0.9241291284561157
0.0342930369079113,0.5895966291427612,0.9325270056724548
0.02837054617702961,0.6171011924743652,0.9008066654205322
0.030121801421046257,0.5837869048118591,0.8850048780441284
0.09318213164806366,0.5224932432174683,1.4543145895004272
0.028405779972672462,0.6132875084877014,0.8973453044891357
0.030073391273617744,0.5523755550384521,0.8531094789505005
0.028608491644263268,0.653928816318512,0.9400137662887573
0.03312285244464874,0.5362038612365723,0.8674323558807373
0.029110174626111984,0.5420597195625305,0.833161473274231
0.0447269044816494,0.6333881616592407,1.0806572437286377
0.031826362013816833,0.42675673961639404,0.7450203895568848
0.027691157534718513,0.5406060218811035,0.8175176382064819
0.029826566576957703,0.6216259598731995,0.9198915958404541
0.040633317083120346,0.5512167811393738,0.9575499296188354
0.03040849044919014,0.4452701210975647,0.7493550181388855
0.04429056867957115,0.5762988924980164,1.0192046165466309
0.04821343719959259,0.6652467250823975,1.147381067276001
0.07241950929164886,0.6393340229988098,1.3635292053222656
0.040774255990982056,0.4276779890060425,0.835420548915863
0.029188381507992744,0.6971980333328247,0.989081859588623
0.03907164931297302,0.5101746320724487,0.900891125202179
0.03296007588505745,0.5684869289398193,0.8980876803398132
0.03769434988498688,0.5859295129776001,0.9628729820251465
0.07195256650447845,0.5132633447647095,1.2327890396118164
0.03178992494940758,0.5223889946937561,0.8402882814407349
0.040926795452833176,0.665787935256958,1.0750558376312256
0.0371098555624485,0.4104262590408325,0.7815247774124146
0.03897608444094658,0.4395328760147095,0.8292937278747559
0.03722866624593735,0.6198796033859253,0.99216628074646
0.040091753005981445,0.44144052267074585,0.8423580527305603
0.03466710075736046,0.6991457343101501,1.0458167791366577
0.0308067724108696,0.6239980459213257,0.9320657849311829
0.03128371015191078,0.46424996852874756,0.7770870923995972
0.03362857550382614,0.4918549656867981,0.8281407356262207
0.039575349539518356,0.5405915379524231,0.9363450407981873
0.03236481547355652,0.568311333656311,0.8919594883918762
0.03075684793293476,0.6236541867256165,0.931222677230835
0.033149246126413345,0.4598671793937683,0.7913596630096436
0.04573487117886543,0.5254989862442017,0.9828476905822754
0.043441057205200195,0.5083248615264893,0.9427354335784912
0.030895132571458817,0.5907314419746399,0.8996827602386475
0.031232984736561775,0.5642474293708801,0.8765772581100464
0.028516558930277824,0.5351475477218628,0.8203130960464478
0.039670128375291824,0.6200382113456726,1.0167394876480103
0.04383574053645134,0.522411048412323,0.960768461227417
0.028430763632059097,0.537773847579956,0.822081446647644
0.028681190684437752,0.5760380625724792,0.8628499507904053
0.040543198585510254,0.5881874561309814,0.993619441986084
0.05515654385089874,0.5311879515647888,1.0827534198760986
0.03971023112535477,0.605933427810669,1.0030357837677002
0.053115114569664,0.6264938116073608,1.1576449871063232
0.033833421766757965,0.4281372129917145,0.7664713859558105
0.046779777854681015,0.5145903825759888,0.9823881387710571
0.03815562650561333,0.5738511681556702,0.955407440662384
0.039311110973358154,0.6543465852737427,1.0474576950073242
0.042044296860694885,0.6553549766540527,1.0757979154586792
0.038873497396707535,0.506354808807373,0.8950897455215454
0.03030688874423504,0.6581153869628906,0.9611842632293701
0.030732998624444008,0.7141374349594116,1.0214674472808838
0.039656952023506165,0.3989579677581787,0.795527458190918
0.043354157358407974,0.5261159539222717,0.9596575498580933
0.03709430992603302,0.48861533403396606,0.8595584630966187
0.047016922384500504,0.3864923119544983,0.8566615581512451
0.040217325091362,0.5333159565925598,0.9354891777038574
0.029368078336119652,0.48637399077415466,0.7800548076629639
0.03866345062851906,0.5188143849372864,0.9054489135742188
0.030865821987390518,0.4258718192577362,0.7345300316810608
0.028031961992383003,0.676724910736084,0.9570445418357849
0.035359662026166916,0.5474346876144409,0.9010313153266907
0.033599935472011566,0.4911893904209137,0.8271887302398682
0.03525649756193161,0.49030208587646484,0.8428670763969421
0.028663720935583115,0.6823729276657104,0.9690101146697998
0.041874855756759644,0.5966224670410156,1.0153710842132568
0.032033536583185196,0.3905975818634033,0.7109329700469971
0.0328095518052578,0.3812457323074341,0.709341287612915
0.030878152698278427,0.5347342491149902,0.8435157537460327
0.028055431321263313,0.5896657705307007,0.8702200651168823
0.02792888879776001,0.6778172850608826,0.9571061730384827
0.031649813055992126,0.6350972652435303,0.9515954256057739
0.029847918078303337,0.4484027028083801,0.7468818426132202
0.029012707993388176,0.5093092918395996,0.7994363307952881
0.03128674253821373,0.47544482350349426,0.7883122563362122
0.028349289670586586,0.47933435440063477,0.7628272771835327
0.0292142853140831,0.4823850691318512,0.774527907371521
0.07505671679973602,0.620690107345581,1.3712573051452637
0.05497719347476959,0.6562108993530273,1.2059828042984009
0.033310867846012115,0.7020660638809204,1.0351747274398804
0.035470545291900635,0.6293014287948608,0.9840068817138672
0.03313000500202179,0.592201292514801,0.9235013723373413
0.029021892696619034,0.52806556224823,0.8182845115661621
0.05952177196741104,0.5607603788375854,1.1559780836105347
0.03536346182227135,0.5525615215301514,0.906196117401123
0.043927762657403946,0.46146929264068604,0.9007469415664673
0.03633880242705345,0.6417808532714844,1.0051689147949219
0.030127529054880142,0.6236833333969116,0.9249585866928101
0.03065105713903904,0.6092298030853271,0.9157403707504272
0.0313851460814476,0.41677725315093994,0.7306287288665771
0.03270578384399414,0.423317551612854,0.7503753900527954
0.030466798692941666,0.5366256237030029,0.8412935733795166
0.028873294591903687,0.6306978464126587,0.9194307923316956
0.04235505312681198,0.44896382093429565,0.8725143671035767
0.03472113236784935,0.5767571926116943,0.9239685535430908
0.035218190401792526,0.40920931100845337,0.7613912224769592
0.04255874082446098,0.5711045265197754,0.9966919422149658
0.0399029366672039,0.6389957666397095,1.038025140762329
0.0312659777700901,0.5208562016487122,0.833516001701355
0.030437573790550232,0.5031179785728455,0.8074936866760254
0.03803245723247528,0.4382372498512268,0.8185617923736572
0.03486573323607445,0.564469039440155,0.9131263494491577
0.03361068665981293,0.6405808925628662,0.9766877889633179
0.02855970710515976,0.5360502600669861,0.8216473460197449
0.030747810378670692,0.5111300945281982,0.8186081647872925
0.02987430989742279,0.592810869216919,0.8915539979934692
0.031959790736436844,0.49654385447502136,0.8161417245864868
0.027776656672358513,0.559920608997345,0.8376871347427368
0.041010208427906036,0.6083720326423645,1.0184741020202637
0.031012676656246185,0.612618088722229,0.922744870185852
0.029603706672787666,0.6405357122421265,0.936572790145874
0.03501337394118309,0.6442225575447083,0.9943562746047974
0.038749564439058304,0.4795931577682495,0.867088794708252
0.03571280837059021,0.6126883029937744,0.9698163866996765
0.028583062812685966,0.6059415340423584,0.8917721509933472
0.03823546692728996,0.4549800157546997,0.8373346924781799
0.03622922673821449,0.5861135125160217,0.9484057426452637
0.030920136719942093,0.42241212725639343,0.7316135168075562
0.02868771180510521,0.5258527994155884,0.8127299547195435
0.028862236067652702,0.5911611318588257,0.8797835111618042
0.03815619274973869,0.5298933982849121,0.9114553332328796
0.033508896827697754,0.5078418850898743,0.8429308533668518
0.02969754859805107,0.4490690231323242,0.7460445165634155
0.02877589501440525,0.5988014340400696,0.8865603804588318
0.04045041650533676,0.4608217477798462,0.865325927734375
0.02847622148692608,0.40617793798446655,0.6909401416778564
0.03508444502949715,0.5405115485191345,0.8913559913635254
0.027562949806451797,0.5202939510345459,0.7959234714508057
0.028364237397909164,0.5580259561538696,0.8416683673858643
0.07877576351165771,0.6397795677185059,1.427537202835083
0.0289005059748888,0.651195228099823,0.9402003288269043
0.03131609782576561,0.7151781320571899,1.028339147567749
0.03249027952551842,0.49426978826522827,0.8191726207733154
0.027538469061255455,0.4508073925971985,0.7261921167373657
0.028134077787399292,0.5402529239654541,0.821593701839447
0.02816763147711754,0.595399022102356,0.8770753145217896
0.02905861660838127,0.4654848575592041,0.7560710310935974
0.030188878998160362,0.39568185806274414,0.6975706815719604
0.04048783704638481,0.5362114906311035,0.9410898685455322
0.03355327248573303,0.5624551773071289,0.8979879021644592
0.04138217121362686,0.5841296911239624,0.9979513883590698
0.03068910725414753,0.4077050983905792,0.714596152305603
0.03065670095384121,0.6661045551300049,0.9726715683937073
0.029658887535333633,0.6807637214660645,0.9773526191711426
0.034398894757032394,0.5154209136962891,0.8594098687171936
0.02837768755853176,0.6699851155281067,0.9537619948387146
0.046055618673563004,0.608356237411499,1.068912386894226
0.0305598434060812,0.5036534667015076,0.8092519044876099
0.030854718759655952,0.5949418544769287,0.9034890532493591
0.03714077174663544,0.6521517038345337,1.0235594511032104
0.039832331240177155,0.6647520065307617,1.063075304031372
0.03345538303256035,0.6646590828895569,0.999212920665741
0.029745740815997124,0.6018955707550049,0.8993529677391052
0.03667940944433212,0.4465555250644684,0.8133496046066284
0.028018563985824585,0.48359769582748413,0.76378333568573
0.028467461466789246,0.4459517002105713,0.7306263446807861
0.043413251638412476,0.5506097078323364,0.9847422242164612
0.029520627111196518,0.42984646558761597,0.7250527143478394
0.031632035970687866,0.5313349962234497,0.8476553559303284
0.030507128685712814,0.653928279876709,0.9589995741844177
0.032416459172964096,0.4645874500274658,0.7887520790100098
0.028142955154180527,0.5620492696762085,0.843478798866272
0.0310269333422184,0.5549160838127136,0.8651853799819946
0.029845556244254112,0.458526074886322,0.756981611251831
0.030124856159090996,0.47242552042007446,0.7736740708351135
0.030006317421793938,0.5047127604484558,0.8047759532928467
0.06264390051364899,0.6915841102600098,1.3180230855941772
0.03646254539489746,0.39061373472213745,0.7552391886711121
0.03819670528173447,0.6598182916641235,1.0417853593826294
0.029167113825678825,0.5496714115142822,0.841342568397522
0.02765812538564205,0.5474884510040283,0.8240697383880615
0.02837216481566429,0.5089589953422546,0.7926806211471558
0.03174732252955437,0.5259118676185608,0.8433851003646851
0.03033113107085228,0.6100795269012451,0.9133908748626709
0.0288834385573864,0.6601235866546631,0.9489579796791077
0.031673185527324677,0.5582560896873474,0.8749879598617554
0.038399968296289444,0.3698211908340454,0.7538208961486816
0.02789130248129368,0.61435866355896,0.8932716846466064
0.03031514585018158,0.5057737231254578,0.8089251518249512
0.03239857405424118,0.6325808167457581,0.956566572189331
0.030128084123134613,0.618147611618042,0.9194284677505493
0.04101109877228737,0.5455655455589294,0.9556765556335449
0.07109684497117996,0.5521029233932495,1.2630712985992432
0.027889937162399292,0.6150075197219849,0.8939068913459778
0.027995852753520012,0.5205737352371216,0.8005322217941284
0.030382337048649788,0.6054461598396301,0.9092695713043213
0.028260258957743645,0.5044793486595154,0.7870819568634033
0.027844905853271484,0.4981670379638672,0.776616096496582
0.04104510322213173,0.5323168039321899,0.942767858505249
0.029901541769504547,0.42270421981811523,0.7217196226119995
0.050365302711725235,0.5520923733711243,1.0557453632354736
0.02916646935045719,0.5972316265106201,0.8888963460922241
0.032014623284339905,0.5007396936416626,0.8208858966827393
0.030330238863825798,0.4629003405570984,0.7662026882171631
0.028989575803279877,0.5321359634399414,0.8220317363739014
0.036984410136938095,0.6301549673080444,0.9999990463256836
0.035125330090522766,0.5448294281959534,0.8960827589035034
0.037014417350292206,0.47854524850845337,0.8486894369125366
0.034522105008363724,0.41368669271469116,0.7589077353477478
0.032362863421440125,0.5827685594558716,0.9063972234725952
0.029358213767409325,0.5989397764205933,0.8925219178199768
0.029052581638097763,0.6048483848571777,0.8953741788864136
0.0289083831012249,0.46801188588142395,0.7570956945419312
0.030156975612044334,0.5168965458869934,0.818466305732727
0.03566168621182442,0.6416154503822327,0.9982323050498962
0.028975553810596466,0.5134031772613525,0.803158700466156
0.03508606553077698,0.43943294882774353,0.7902935743331909
0.028677551075816154,0.5334165096282959,0.8201919794082642
0.027985619381070137,0.572303295135498,0.8521595001220703
0.032285336405038834,0.4911107122898102,0.8139640688896179
0.04941491782665253,0.6053570508956909,1.0995062589645386
0.02916601672768593,0.5292748212814331,0.8209350109100342
0.029449310153722763,0.6047124862670898,0.8992055654525757
0.09371637552976608,0.4524843692779541,1.389648199081421
0.03855585679411888,0.700930118560791,1.0864887237548828
0.040131594985723495,0.4037185311317444,0.8050345182418823
0.028834613040089607,0.464704692363739,0.7530508041381836
0.036813657730817795,0.6522753238677979,1.0204119682312012
0.03424316272139549,0.5548946261405945,0.8973262310028076
0.029919225722551346,0.5737653374671936,0.8729575872421265
0.03041144087910652,0.6160454750061035,0.9201598763465881
0.03649403527379036,0.4804766774177551,0.8454170227050781
0.03311530500650406,0.5535600185394287,0.8847130537033081
0.044030603021383286,0.46149641275405884,0.9018024206161499
0.02970624715089798,0.5248851180076599,0.8219475746154785
0.03763264790177345,0.6051759719848633,0.9815024137496948
0.02833876758813858,0.588788628578186,0.8721762895584106
0.04194937273859978,0.5233951807022095,0.9428889155387878
0.02761804684996605,0.656701922416687,0.9328824281692505
0.031494930386543274,0.695565938949585,1.0105152130126953
0.02904488518834114,0.4989027976989746,0.7893516421318054
0.03117600455880165,0.7101708650588989,1.0219309329986572
0.03195440396666527,0.5553511381149292,0.8748952150344849
0.042888619005680084,0.5626410245895386,0.9915271997451782
0.03264563903212547,0.5987144708633423,0.9251708984375
0.02983854152262211,0.6642633676528931,0.9626487493515015
0.03921165689826012,0.5266547799110413,0.9187713861465454
0.036753732711076736,0.5502902269363403,0.9178275465965271
0.028884686529636383,0.4964015483856201,0.7852483987808228
0.03276677057147026,0.5543922781944275,0.8820599913597107
0.030148763209581375,0.46323904395103455,0.7647266387939453
0.04282158240675926,0.375652551651001,0.8038684129714966
0.028988251462578773,0.6193588972091675,0.9092414379119873
0.03884611651301384,0.36724039912223816,0.7557015419006348
0.0318850539624691,0.5193377137184143,0.8381882905960083
0.03738364204764366,0.5129998922348022,0.8868362903594971
0.030606314539909363,0.4493093490600586,0.7553725242614746
0.030697539448738098,0.5662761926651001,0.8732515573501587
0.028648721054196358,0.6233046054840088,0.9097918272018433
0.04917355626821518,0.40973174571990967,0.9014673233032227
0.0317530632019043,0.6163428425788879,0.9338734745979309
0.03142516687512398,0.4893045723438263,0.8035562038421631
0.030321255326271057,0.6974656581878662,1.0006781816482544
0.029366562142968178,0.6626679301261902,0.9563335180282593
0.03886665776371956,0.6320613622665405,1.0207278728485107
0.0323457196354866,0.6732951998710632,0.9967523813247681
0.031125904992222786,0.480596125125885,0.7918552160263062
0.03169892728328705,0.5008376836776733,0.8178269863128662
0.03366823494434357,0.6774421334266663,1.0141245126724243
0.028250237926840782,0.5688523054122925,0.851354718208313
0.03288672864437103,0.6317005753517151,0.960567831993103
0.02824251540005207,0.670569658279419,0.9529948234558105
0.028811508789658546,0.5565922260284424,0.8447073101997375
0.03424501419067383,0.6297847032546997,0.972234845161438
0.029820309951901436,0.6130824089050293,0.9112855195999146
0.044275298714637756,0.6844772696495056,1.1272302865982056
0.033013660460710526,0.561055600643158,0.8911921977996826
0.04201827943325043,0.45618945360183716,0.876372218132019
0.030892983078956604,0.6414066553115845,0.9503364562988281
0.030261481180787086,0.542807936668396,0.8454227447509766
0.03281503915786743,0.5967196822166443,0.9248700737953186
0.030119454488158226,0.42997434735298157,0.7311688661575317
0.029998531565070152,0.48502975702285767,0.7850151062011719
0.031515683978796005,0.5118110179901123,0.8269678354263306
0.029878253117203712,0.6206610202789307,0.9194435477256775
0.02840055525302887,0.4441588222980499,0.7281643748283386
0.03238074481487274,0.5764200091362,0.900227427482605
0.02777906134724617,0.6254650354385376,0.9032556414604187
0.03471652790904045,0.49036169052124023,0.8375269770622253
0.029049839824438095,0.6133779287338257,0.9038763046264648
0.04372616484761238,0.42225122451782227,0.8595128655433655
0.028069572523236275,0.5724177956581116,0.8531135320663452
0.02766280621290207,0.5722028017044067,0.8488308787345886
0.03153784200549126,0.46427905559539795,0.7796574831008911
0.027450408786535263,0.618452787399292,0.8929568529129028
0.029072321951389313,0.5445587635040283,0.8352819681167603
0.04168001562356949,0.5489488840103149,0.9657490253448486
0.0314578078687191,0.5657466650009155,0.8803247213363647
0.02890639752149582,0.4914569854736328,0.7805209755897522
0.030750464648008347,0.5690470933914185,0.8765517473220825
0.10093142092227936,0.46792393922805786,1.4772381782531738
0.02825198322534561,0.6117348670959473,0.8942546844482422
0.031049175187945366,0.3793801963329315,0.6898719072341919
0.027991220355033875,0.7318187952041626,1.0117310285568237
0.03454604744911194,0.41376763582229614,0.7592281103134155
0.032308951020240784,0.5048716068267822,0.8279610872268677
0.04377283528447151,0.4276093542575836,0.8653377294540405
0.1037667915225029,0.6078847646713257,1.645552635192871
0.042445108294487,0.5415496826171875,0.9660007953643799
0.028980327770113945,0.5232653617858887,0.8130686283111572
0.0283473189920187,0.5671967267990112,0.8506699204444885
0.03956757113337517,0.56731116771698,0.9629868865013123
0.028628462925553322,0.587254524230957,0.8735391497612
0.033670321106910706,0.4788113832473755,0.8155145645141602
0.04582051560282707,0.6517835259437561,1.1099886894226074
0.030322615057229996,0.594132125377655,0.8973582983016968
0.038908738642930984,0.6125235557556152,1.0016109943389893
0.028107112273573875,0.5776617527008057,0.8587328791618347
0.04209733009338379,0.5266731977462769,0.9476464986801147
0.03123561479151249,0.4807905852794647,0.7931467294692993
0.03763747960329056,0.5645344853401184,0.9409092664718628
0.028405386954545975,0.5583041310310364,0.8423579931259155
0.02998589351773262,0.6330605745315552,0.9329195022583008
0.03628470376133919,0.3801535367965698,0.7430005669593811
0.034891385585069656,0.5721463561058044,0.9210602045059204
0.028734225779771805,0.5445875525474548,0.8319298028945923
0.029159395024180412,0.4568679630756378,0.748461902141571
0.03946179896593094,0.5679025650024414,0.9625205397605896
0.03783832862973213,0.536677896976471,0.9150611758232117
0.039545752108097076,0.4881856143474579,0.8836431503295898
0.029269861057400703,0.43314042687416077,0.7258390188217163
0.03211945667862892,0.5393669009208679,0.8605614900588989
0.04871344938874245,0.5651078224182129,1.0522422790527344
0.03333278000354767,0.5887520909309387,0.9220799207687378
0.040739789605140686,0.4830141067504883,0.8904119729995728
0.043504320085048676,0.5249943137168884,0.9600375294685364
0.03688960522413254,0.6052278280258179,0.9741238951683044
0.04170650243759155,0.5412209033966064,0.958285927772522
0.042392902076244354,0.5030465722084045,0.9269756078720093
0.03140236437320709,0.5867056846618652,0.9007292985916138
0.02767903171479702,0.627359926700592,0.9041502475738525
0.06645990163087845,0.6313416361808777,1.295940637588501
0.03148587793111801,0.5065346360206604,0.8213934302330017
0.027318283915519714,0.6165802478790283,0.8897631168365479
0.028280092403292656,0.5954508185386658,0.8782517313957214
0.03149982541799545,0.4627906382083893,0.7777888774871826
0.03009367734193802,0.39986878633499146,0.7008055448532104
0.04316341131925583,0.4423491358757019,0.8739832639694214
0.04153008013963699,0.4760485291481018,0.8913493156433105
0.04501021280884743,0.5449877977371216,0.9950898885726929
0.046181049197912216,0.5431256294250488,1.0049360990524292
0.030348563566803932,0.6017173528671265,0.9052029848098755
0.030029049143195152,0.5875588655471802,0.8878493309020996
0.03295489028096199,0.6322671175003052,0.9618160128593445
0.03654243052005768,0.4230533838272095,0.7884776592254639
0.030994972214102745,0.4409027695655823,0.7508524656295776
0.03187181055545807,0.5247940421104431,0.8435121774673462
0.029812855646014214,0.6305481195449829,0.9286766648292542
0.033737633377313614,0.46697747707366943,0.8043538331985474
0.03148117661476135,0.6204824447631836,0.9352942109107971
0.02726340852677822,0.39761972427368164,0.6702538132667542
0.028568590059876442,0.5500626564025879,0.835748553276062
0.03273125737905502,0.5878491401672363,0.9151617288589478
0.14300662279129028,0.43876034021377563,1.8688266277313232
0.027666205540299416,0.5146834850311279,0.7913455367088318
0.027699731290340424,0.6081169843673706,0.885114312171936
0.027772216126322746,0.6352369785308838,0.912959098815918
0.04680371657013893,0.513154149055481,0.9811912775039673
0.03145768865942955,0.681655764579773,0.9962326288223267
0.028033491224050522,0.5994764566421509,0.8798114061355591
0.0314849391579628,0.49785327911376953,0.8127026557922363
0.032510820776224136,0.6260805726051331,0.9511888027191162
0.028733599931001663,0.638308584690094,0.92564457654953
0.03516487777233124,0.4843376576900482,0.8359864354133606
0.02908189594745636,0.6173245906829834,0.9081435203552246
0.027528436854481697,0.5860645771026611,0.8613489866256714
0.032360777258872986,0.5882511138916016,0.9118589162826538
0.044155560433864594,0.6301080584526062,1.0716636180877686
0.028464559465646744,0.552728533744812,0.8373740911483765
0.033741533756256104,0.55293869972229,0.8903540372848511
0.028781332075595856,0.5660020709037781,0.8538153767585754
0.03035183809697628,0.6011741161346436,0.904692530632019
0.027721840888261795,0.671567440032959,0.9487858414649963
0.029052507132291794,0.47122135758399963,0.7617464065551758
0.03848084434866905,0.4903721213340759,0.8751806020736694
0.02918609045445919,0.44870495796203613,0.7405658960342407
0.03140529617667198,0.550858736038208,0.864911675453186
0.05476953461766243,0.5909788608551025,1.138674259185791
0.029822371900081635,0.4548530578613281,0.7530767917633057
0.031556617468595505,0.5005817413330078,0.8161479234695435
0.03200645372271538,0.6113957762718201,0.9314603209495544
0.04265338554978371,0.5851082801818848,1.0116420984268188
0.02832026593387127,0.5268175601959229,0.8100202083587646
0.03201349824666977,0.4436222314834595,0.7637572288513184
0.03690948709845543,0.540172278881073,0.9092671871185303
0.03353915363550186,0.4784431755542755,0.8138346672058105
0.03042634390294552,0.5141690969467163,0.8184325695037842
0.033394064754247665,0.6278641223907471,0.9618047475814819
0.028289174661040306,0.4928225874900818,0.7757143378257751
0.0401112399995327,0.5238355994224548,0.92494797706604
0.03334871307015419,0.5537577867507935,0.8872449398040771
0.03975175321102142,0.5583978891372681,0.9559154510498047
0.03353473171591759,0.5457319617271423,0.8810793161392212
0.028798185288906097,0.5228779315948486,0.8108597993850708
0.034298479557037354,0.45938193798065186,0.8023667335510254
0.031535230576992035,0.6186783313751221,0.9340306520462036
0.03972836211323738,0.28922203183174133,0.6865056753158569
0.046208009123802185,0.4350099563598633,0.8970900774002075
0.02940509095788002,0.4876706302165985,0.7817215323448181
0.03147229552268982,0.5074546337127686,0.8221775889396667
0.0645405501127243,0.6359925270080566,1.281398057937622
0.02863740734755993,0.5818185210227966,0.8681925535202026
0.029258083552122116,0.46401247382164,0.7565933465957642
0.03498915210366249,0.38247549533843994,0.7323670387268066
0.053501278162002563,0.6939525604248047,1.2289652824401855
0.045799244195222855,0.700218915939331,1.158211350440979
0.02743295580148697,0.7047758102416992,0.9791053533554077
0.03032723069190979,0.5012141466140747,0.8044864535331726
0.02870902419090271,0.547924816608429,0.835015058517456
0.03354627266526222,0.5840500593185425,0.9195127487182617
0.04334113374352455,0.5677423477172852,1.0011537075042725
0.0287784431129694,0.46658846735954285,0.7543728947639465
0.027801377698779106,0.5367209911346436,0.8147347569465637
0.03949510678648949,0.5532617568969727,0.9482128620147705
0.030673813074827194,0.5989320874214172,0.9056702256202698
0.04391505569219589,0.5729631185531616,1.0121136903762817
0.03126995638012886,0.6191033124923706,0.9318028688430786
0.03961385786533356,0.5096148252487183,0.9057533740997314
0.02824554033577442,0.5859925746917725,0.86844801902771
0.031914517283439636,0.4964141845703125,0.8155593872070312
0.02830410934984684,0.6067755222320557,0.8898166418075562
0.029002634808421135,0.4464621841907501,0.7364885210990906
0.03245273977518082,0.570920467376709,0.895447850227356
0.02803029492497444,0.6236647367477417,0.9039676785469055
0.02803047187626362,0.5550183653831482,0.8353230953216553
0.02874734066426754,0.4955289959907532,0.7830023765563965
0.028331667184829712,0.6942295432090759,0.977546215057373
0.03263338655233383,0.4632994532585144,0.7896333336830139
0.027904681861400604,0.5614520311355591,0.8404988646507263
0.07045843452215195,0.46491461992263794,1.1694989204406738
0.046720970422029495,0.7289465665817261,1.1961562633514404
0.02759961597621441,0.5875829458236694,0.8635790944099426
0.05749043822288513,0.5898466110229492,1.1647510528564453
0.0339023619890213,0.542573869228363,0.8815975189208984
0.03531864657998085,0.6341314315795898,0.9873179197311401
0.029628461226820946,0.6317777633666992,0.928062379360199
0.028353534638881683,0.520528256893158,0.804063618183136
0.045539744198322296,0.6051417589187622,1.0605392456054688
0.02943551354110241,0.6821694374084473,0.9765245914459229
0.028758089989423752,0.5422924160957336,0.8298733234405518
0.039197713136672974,0.39804577827453613,0.7900229096412659
0.03114863485097885,0.4923326373100281,0.8038190007209778
0.030978215858340263,0.5185377597808838,0.8283199071884155
0.03871466964483261,0.45541322231292725,0.8425599336624146
0.031668469309806824,0.660873532295227,0.9775582551956177
0.0772872343659401,0.45117101073265076,1.224043369293213
0.04227602109313011,0.6282174587249756,1.0509777069091797
0.03991938754916191,0.3834306597709656,0.7826245427131653
0.03527546674013138,0.6811832785606384,1.033937931060791
0.042812589555978775,0.4857410490512848,0.9138669371604919
0.0447973906993866,0.5940723419189453,1.042046308517456
0.02812408097088337,0.6565625667572021,0.9378033876419067
0.03374683856964111,0.33861052989959717,0.6760789155960083
0.028676744550466537,0.3748158812522888,0.6615833044052124
0.04003391042351723,0.5434325933456421,0.9437717199325562
0.0404135063290596,0.3930354416370392,0.7971705198287964
0.03282275050878525,0.49400094151496887,0.8222284317016602
0.0339684933423996,0.35715433955192566,0.6968392729759216
0.028218870982527733,0.49397528171539307,0.7761639952659607
0.04267562925815582,0.4942992329597473,0.9210555553436279
0.03377130627632141,0.4094749689102173,0.7471880316734314
0.028246724978089333,0.6564725041389465,0.9389397501945496
0.029513264074921608,0.39947110414505005,0.6946037411689758
0.03777891770005226,0.6458395719528198,1.0236287117004395
0.030447592958807945,0.44914451241493225,0.753620445728302
0.04093050956726074,0.7078288197517395,1.1171338558197021
0.028920870274305344,0.5577881336212158,0.8469968438148499
0.02812371216714382,0.541109025478363,0.8223461508750916
0.03075212612748146,0.6777846813201904,0.985305905342102
0.0667097419500351,0.6256983280181885,1.2927957773208618
0.04031042754650116,0.5030558705329895,0.9061601161956787
0.0305189099162817,0.6428658962249756,0.9480550289154053
0.027730250731110573,0.6144187450408936,0.891721248626709
0.030524445697665215,0.5747017860412598,0.879946231842041
0.033530719578266144,0.3756691813468933,0.7109763622283936
0.033307913690805435,0.6072073578834534,0.9402865171432495
0.030524035915732384,0.47552168369293213,0.7807620763778687
0.028661584481596947,0.584623396396637,0.8712392449378967
0.027975354343652725,0.5777269601821899,0.857480525970459
0.03841935470700264,0.5008834600448608,0.8850769996643066
0.040978871285915375,0.7343111038208008,1.1440998315811157
0.050006203353405,0.6573476791381836,1.15740966796875
0.029776673763990402,0.5380293130874634,0.835796058177948
0.04207955673336983,0.5621962547302246,0.9829918146133423
0.027864808216691017,0.45647770166397095,0.7351257801055908
0.034310925751924515,0.5288262367248535,0.8719354867935181
0.03854543715715408,0.42878562211990356,0.8142399787902832
0.028398126363754272,0.4631101191043854,0.7470914125442505
0.03565893694758415,0.542180061340332,0.8987694382667542
0.028808394446969032,0.640367865562439,0.9284517765045166
0.04186983034014702,0.5112683773040771,0.9299666881561279
0.03532429412007332,0.3689365088939667,0.7221794128417969
0.03361813724040985,0.49534520506858826,0.8315265774726868
0.03269445151090622,0.5898362398147583,0.9167807698249817
0.03211524710059166,0.6335383653640747,0.9546908140182495
0.032662566751241684,0.5618147850036621,0.8884404897689819
0.030892161652445793,0.4674893021583557,0.7764109373092651
0.02904653549194336,0.7226338386535645,1.013099193572998
0.0299462229013443,0.44159263372421265,0.741054892539978
0.032874301075935364,0.5704543590545654,0.8991973400115967
0.029273539781570435,0.6185473799705505,0.9112827777862549
0.034416958689689636,0.5162233710289001,0.8603929281234741
0.028331346809864044,0.6155914068222046,0.8989048600196838
0.02724345587193966,0.39964836835861206,0.6720829010009766
0.032952938228845596,0.6191426515579224,0.9486720561981201
0.029148856177926064,0.44344857335090637,0.7349371314048767
0.030414441600441933,0.580545961856842,0.8846904039382935
0.027748851105570793,0.5239732265472412,0.8014616966247559
0.04234665259718895,0.5215699672698975,0.9450365304946899
0.038654226809740067,0.6653760671615601,1.0519182682037354
0.04410792887210846,0.5579128265380859,0.9989920854568481
0.03432733565568924,0.5177382826805115,0.8610116243362427
0.027736149728298187,0.6861923336982727,0.9635538458824158
0.1109100729227066,0.5458959937095642,1.654996633529663
0.030431602150201797,0.5436222553253174,0.8479382991790771
0.04577360674738884,0.5348161458969116,0.9925522208213806
0.047302842140197754,0.7066671848297119,1.1796956062316895
0.029050620272755623,0.5937826633453369,0.8842889070510864
0.03297954797744751,0.5578994750976562,0.8876949548721313
0.03787485882639885,0.538196325302124,0.9169449210166931
0.031526558101177216,0.7079377174377441,1.0232033729553223
0.11746330559253693,0.5547981262207031,1.72943115234375
0.04996565729379654,0.43251463770866394,0.9321712255477905
0.04352657496929169,0.6318005919456482,1.0670663118362427
0.04889364540576935,0.5175382494926453,1.0064747333526611
0.03435985743999481,0.5259698629379272,0.8695684671401978
0.045186590403318405,0.5121355056762695,0.9640014171600342
0.03337248042225838,0.5734210014343262,0.9071457982063293
0.028346892446279526,0.6553218364715576,0.9387907981872559
0.04225955903530121,0.35840219259262085,0.7809977531433105
0.038888778537511826,0.48018431663513184,0.8690720796585083
0.039012614637613297,0.481719970703125,0.871846079826355
0.029269160702824593,0.5515074729919434,0.8441990613937378
0.0294104665517807,0.6390949487686157,0.9331996440887451
0.028978722169995308,0.7092919945716858,0.9990792274475098
0.03399880975484848,0.6316561698913574,0.9716442823410034
0.032533444464206696,0.5132788419723511,0.8386132717132568
0.04000559449195862,0.5394700169563293,0.9395259618759155
0.02775803953409195,0.6031432747840881,0.8807236552238464
0.02908460982143879,0.5374196767807007,0.8282657861709595
0.1006438285112381,0.5766199827194214,1.58305823802948
0.030801687389612198,0.38114699721336365,0.689163863658905
0.0414426326751709,0.397716760635376,0.812143087387085
0.029419464990496635,0.6485178470611572,0.9427124857902527
0.03023189678788185,0.39967891573905945,0.7019978761672974
0.04878387972712517,0.3649022579193115,0.8527410626411438
0.027834344655275345,0.5948561429977417,0.8731995820999146
0.03503521531820297,0.5061761736869812,0.8565283417701721
0.04256470873951912,0.4107171595096588,0.8363642692565918
0.028435518965125084,0.5986130237579346,0.8829681873321533
0.02851126901805401,0.651060163974762,0.9361728429794312
0.029289593920111656,0.5667771697044373,0.8596731424331665
0.032954536378383636,0.5958023071289062,0.9253476858139038
0.02834809012711048,0.5386369228363037,0.822117805480957
0.03900132700800896,0.5111263394355774,0.9011396169662476
0.03818027675151825,0.5587584972381592,0.9405612945556641
0.030096527189016342,0.39676976203918457,0.697735071182251
0.03230338543653488,0.518637478351593,0.841671347618103
0.029509607702493668,0.49515944719314575,0.7902555465698242
0.03033059649169445,0.4748901128768921,0.7781960964202881
0.046581096947193146,0.593379020690918,1.059190034866333
0.02874090149998665,0.5806461572647095,0.8680551648139954
0.03540179505944252,0.4285493791103363,0.7825673222541809
0.03576613590121269,0.5253404378890991,0.8830018043518066
0.029700247570872307,0.5917400121688843,0.8887424468994141
0.04554956033825874,0.5141404867172241,0.969636082649231
0.03860427439212799,0.7013486623764038,1.0873913764953613
0.03163525462150574,0.4551467299461365,0.7714992761611938
0.027556557208299637,0.44828593730926514,0.7238515019416809
0.028555044904351234,0.49242132902145386,0.7779717445373535
0.030635252594947815,0.591884434223175,0.8982369899749756
0.040561966598033905,0.612912654876709,1.0185322761535645
0.028099142014980316,0.48961883783340454,0.7706102728843689
0.03047019988298416,0.4902437627315521,0.7949457168579102
0.03594626113772392,0.4219917953014374,0.7814544439315796
0.028875330463051796,0.5466104745864868,0.8353637456893921
0.045411162078380585,0.5820167064666748,1.036128282546997
0.03302236273884773,0.719021201133728,1.0492448806762695
0.04311665520071983,0.6102899312973022,1.0414564609527588
0.028423426672816277,0.3082429766654968,0.5924772024154663
0.030537359416484833,0.6354717016220093,0.9408453106880188
0.03219396993517876,0.4753475785255432,0.7972872853279114
0.03258826583623886,0.5050276517868042,0.830910325050354
0.02791457809507847,0.5721531510353088,0.8512989282608032
0.028723476454615593,0.43320560455322266,0.7204403877258301
0.030817756429314613,0.528264045715332,0.8364416360855103
0.0278631504625082,0.6745923757553101,0.9532238841056824
0.03336678072810173,0.5275614261627197,0.8612292408943176
0.02963157743215561,0.4715447425842285,0.7678605318069458
0.03461453318595886,0.39312630891799927,0.7392716407775879
0.033457349985837936,0.5261895656585693,0.8607630729675293
0.02782280184328556,0.6163433790206909,0.8945714235305786
0.02988884411752224,0.4643252193927765,0.7632136344909668
0.04351795092225075,0.4648030698299408,0.8999825716018677
0.03305879235267639,0.5312001705169678,0.8617880940437317
0.06211476027965546,0.7446732521057129,1.3658208847045898
0.036195915192365646,0.6474387645721436,1.0093979835510254
0.02994323894381523,0.6379783153533936,0.9374107122421265
0.027950933203101158,0.5979409217834473,0.8774502277374268
0.037060823291540146,0.6103817224502563,0.980989933013916
0.02999766916036606,0.3802104890346527,0.6801872253417969
0.0279785618185997,0.5551743507385254,0.8349599838256836
0.031502705067396164,0.5413431525230408,0.856370210647583
0.04293329641222954,0.5051529407501221,0.934485912322998
0.03621983900666237,0.4991869330406189,0.8613853454589844
0.03182052820920944,0.557990312576294,0.8761956095695496
0.036012936383485794,0.5684009790420532,0.9285303354263306
0.03879934176802635,0.4981861114501953,0.8861795663833618
0.039012860506772995,0.5278339385986328,0.9179625511169434
0.029264263808727264,0.47128692269325256,0.7639296054840088
0.031836215406656265,0.7381603717803955,1.0565224885940552
0.028566529974341393,0.602188229560852,0.8878535032272339
0.029227470979094505,0.5032816529273987,0.795556366443634
0.028845764696598053,0.38981154561042786,0.6782691478729248
0.02855207584798336,0.5644986629486084,0.8500194549560547
0.03539053723216057,0.6375267505645752,0.9914321303367615
0.029926396906375885,0.49195596575737,0.79121994972229
0.03870795667171478,0.46021902561187744,0.8472986221313477
0.032171450555324554,0.5681281685829163,0.889842689037323
0.04269469529390335,0.40496745705604553,0.8319144248962402
0.030956489965319633,0.5722113847732544,0.8817762732505798
0.033369239419698715,0.5560227632522583,0.8897151947021484
0.03050607442855835,0.6557618379592896,0.960822582244873
0.02944071777164936,0.6325215101242065,0.926928699016571
0.03882835805416107,0.5015673041343689,0.8898508548736572
0.031110970303416252,0.5437968969345093,0.8549065589904785
0.041535597294569016,0.42625951766967773,0.8416154980659485
0.028923658654093742,0.6046397686004639,0.893876314163208
0.034907836467027664,0.5543217658996582,0.9034001231193542
0.03269856795668602,0.5973647236824036,0.924350380897522
0.031489282846450806,0.6930218935012817,1.0079147815704346
0.02953590266406536,0.588722825050354,0.8840818405151367
0.042667169123888016,0.46759849786758423,0.8942701816558838
0.029774613678455353,0.6011514663696289,0.8988975882530212
0.04234287142753601,0.6169948577880859,1.0404236316680908
0.028911102563142776,0.4033254384994507,0.6924364566802979
0.04914935678243637,0.7121449708938599,1.2036385536193848
0.027993274852633476,0.639243483543396,0.9191762208938599
0.027503931894898415,0.5104280114173889,0.7854673266410828
0.05302061885595322,0.5185415744781494,1.0487477779388428
0.031098511070013046,0.7254704833030701,1.0364556312561035
0.03961179777979851,0.5074572563171387,0.9035752415657043
0.02919202670454979,0.5614621043205261,0.8533823490142822
0.03918834030628204,0.33744311332702637,0.7293264865875244
0.030847374349832535,0.5218963623046875,0.8303700685501099
0.029820775613188744,0.6269232630729675,0.9251310229301453
0.030981747433543205,0.6856394410133362,0.9954569339752197
0.0293342936784029,0.43953844904899597,0.7328814268112183
0.029887167736887932,0.48009616136550903,0.7789678573608398
0.031690940260887146,0.48762941360473633,0.8045388460159302
0.028166722506284714,0.5010718107223511,0.7827390432357788
0.027437137439846992,0.5565736889839172,0.8309450745582581
0.027411922812461853,0.6081293225288391,0.8822485208511353
0.028093388304114342,0.48529332876205444,0.7662272453308105
0.028266599401831627,0.5931453704833984,0.8758113384246826
0.030023468658328056,0.6046388745307922,0.9048735499382019
0.03335268422961235,0.5971971750259399,0.930724024772644
0.031674209982156754,0.6079127192497253,0.9246548414230347
0.03338612988591194,0.5255093574523926,0.8593706488609314
0.027380332350730896,0.6658192873001099,0.9396226406097412
0.02805497869849205,0.5495623350143433,0.830112099647522
0.02849060669541359,0.5160297155380249,0.8009357452392578
0.03421908989548683,0.5307653546333313,0.8729562759399414
0.028571220114827156,0.5366103649139404,0.8223226070404053
0.03894626721739769,0.5757677555084229,0.9652304649353027
0.029771966859698296,0.5561202764511108,0.8538399338722229
0.038170360028743744,0.4241946339607239,0.8058982491493225
0.029836466535925865,0.5220074653625488,0.8203721046447754
0.033769212663173676,0.5649968385696411,0.9026889801025391
0.03251742571592331,0.4201684296131134,0.7453427314758301
0.028714392334222794,0.5270578265190125,0.8142017126083374
0.03098336234688759,0.7070498466491699,1.0168834924697876
0.027672741562128067,0.4172612428665161,0.6939886808395386
0.02796470932662487,0.6509777307510376,0.9306248426437378
0.02941264770925045,0.5084023475646973,0.8025288581848145
0.07831194251775742,0.5793231725692749,1.3624426126480103
0.028997253626585007,0.5214993953704834,0.8114719390869141
0.03596345707774162,0.5425096154212952,0.902144193649292
0.02834835834801197,0.6043936014175415,0.8878772258758545
0.032516807317733765,0.6857824921607971,1.0109505653381348
0.0333232581615448,0.5552562475204468,0.8884888291358948
0.02751244232058525,0.5847232341766357,0.8598476648330688
0.02835783176124096,0.6289507150650024,0.9125289916992188
0.037734195590019226,0.6867597103118896,1.0641016960144043
0.03037567064166069,0.5554641485214233,0.8592208623886108
0.030138567090034485,0.4712054133415222,0.7725911140441895
0.03372682258486748,0.3501676917076111,0.6874359250068665
0.02843555063009262,0.36872756481170654,0.653083086013794
0.029885990545153618,0.46219345927238464,0.7610533237457275
0.033475831151008606,0.5469229221343994,0.8816812038421631
0.028767883777618408,0.5016077756881714,0.7892866134643555
0.029443547129631042,0.5879182815551758,0.8823537826538086
0.04247554764151573,0.5273152589797974,0.9520707130432129
0.03376084566116333,0.5934744477272034,0.9310829043388367
0.06268371641635895,0.6480002999305725,1.2748374938964844
0.029651399701833725,0.6670161485671997,0.9635301828384399
0.028081165626645088,0.6017193794250488,0.8825310468673706
0.03979870676994324,0.5587188005447388,0.9567058682441711
0.030500823631882668,0.46766793727874756,0.7726761698722839
0.028609268367290497,0.5124006271362305,0.7984933257102966
0.046666890382766724,0.5725618600845337,1.0392308235168457
0.030524957925081253,0.6253326535224915,0.9305822253227234
0.027623599395155907,0.6565029621124268,0.9327389597892761
0.03391508758068085,0.5003117322921753,0.8394626379013062
0.13601598143577576,0.6084733605384827,1.9686331748962402
0.0341346301138401,0.48225200176239014,0.8235982656478882
0.031820446252822876,0.6699868440628052,0.9881913065910339
0.027980314567685127,0.41185450553894043,0.6916576623916626
0.028463929891586304,0.6390408277511597,0.9236801266670227
0.03323759883642197,0.5502802133560181,0.8826562166213989
0.02978275530040264,0.6035994291305542,0.9014269709587097
0.04272005334496498,0.4319456219673157,0.8591461181640625
0.04049361124634743,0.5783718824386597,0.983307957649231
0.0321376696228981,0.4830556809902191,0.8044323921203613
0.029680894687771797,0.6719599962234497,0.9687689542770386
0.029464861378073692,0.5209131240844727,0.8155617713928223
0.03468099236488342,0.6712633967399597,1.018073320388794
0.028132401406764984,0.42221659421920776,0.7035406231880188
0.04284421727061272,0.4611760079860687,0.8896181583404541
0.029515055939555168,0.36519378423690796,0.6603443622589111
0.027600867673754692,0.5622594356536865,0.8382681012153625
0.029581831768155098,0.4910579323768616,0.7868762612342834
0.047129832208156586,0.5525375604629517,1.0238358974456787
0.03398172929883003,0.5400677919387817,0.8798850774765015
0.03050943836569786,0.4910479187965393,0.7961423397064209
0.029364371672272682,0.47653597593307495,0.7701796889305115
0.03695449233055115,0.5738426446914673,0.9433875679969788
0.02839982695877552,0.5787602663040161,0.8627585172653198
0.027982676401734352,0.3739936351776123,0.6538203954696655
0.030958959832787514,0.45252901315689087,0.7621185779571533
0.0327242910861969,0.4274890124797821,0.7547318935394287
0.029158126562833786,0.5527224540710449,0.8443037271499634
0.03730969876050949,0.5951493978500366,0.9682464003562927
0.03223778307437897,0.6299600601196289,0.9523378610610962
0.02830553986132145,0.5475901365280151,0.8306455612182617
0.029805123805999756,0.5497874021530151,0.8478386402130127
0.027645505964756012,0.5716925263404846,0.8481475710868835
0.027855869382619858,0.3984343409538269,0.6769930124282837
0.027777839452028275,0.5750176310539246,0.8527960181236267
0.03141827508807182,0.5134013891220093,0.8275841474533081
0.03356423228979111,0.4381721019744873,0.7738144397735596
0.02789548970758915,0.4311990737915039,0.7101539373397827
0.02940659411251545,0.5223820805549622,0.8164480328559875
0.03153396397829056,0.4696579575538635,0.7849975824356079
0.029610058292746544,0.5268154144287109,0.8229160308837891
0.031181035563349724,0.5298477411270142,0.8416581153869629
0.03214011713862419,0.4550178647041321,0.7764190435409546
0.029111050069332123,0.5244588851928711,0.8155694007873535
0.028301026672124863,0.4601842761039734,0.743194580078125
0.028091052547097206,0.4897138476371765,0.7706243991851807
0.02751114033162594,0.5889269709587097,0.864038348197937
0.02795061655342579,0.5107859373092651,0.7902921438217163
0.03946521133184433,0.4167626202106476,0.8114147186279297
0.03240376338362694,0.6189942359924316,0.943031907081604
0.02768615633249283,0.5296483635902405,0.8065099120140076
0.02890404872596264,0.4633784294128418,0.7524188756942749
0.10723897069692612,0.6476382613182068,1.7200279235839844
0.043980635702610016,0.5479909181594849,0.9877972602844238
0.032272327691316605,0.4961008131504059,0.818824052810669
0.027875876054167747,0.5469646453857422,0.82572340965271
0.04264269769191742,0.3708670437335968,0.797294020652771
0.027589598670601845,0.6404261589050293,0.9163221120834351
0.031040096655488014,0.6802676916122437,0.9906686544418335
0.03008701279759407,0.5827378034591675,0.8836079239845276
0.02764330618083477,0.6862201690673828,0.9626532196998596
0.031709954142570496,0.42266780138015747,0.73976731300354
0.031317755579948425,0.46947088837623596,0.7826484441757202
0.03896872326731682,0.6435787677764893,1.0332660675048828
0.03227923437952995,0.5640900135040283,0.8868823647499084
0.03545990213751793,0.5841144919395447,0.938713550567627
0.033429987728595734,0.5841307640075684,0.9184306263923645
0.03120288997888565,0.46064502000808716,0.7726739048957825
0.03996872156858444,0.6212049126625061,1.0208921432495117
0.030098378658294678,0.45034587383270264,0.7513296604156494
0.04202251508831978,0.47931206226348877,0.899537205696106
0.02860494889318943,0.5398811101913452,0.8259305953979492
0.02908395789563656,0.6166061758995056,0.9074457883834839
0.03220968320965767,0.4640808701515198,0.7861776947975159
0.02858870103955269,0.49890702962875366,0.7847940325737
0.04455704987049103,0.5147844552993774,0.9603549242019653
0.036561496555805206,0.5707629323005676,0.9363778829574585
0.032648734748363495,0.6784402132034302,1.004927635192871
0.048229340463876724,0.39950042963027954,0.8817938566207886
0.028289107605814934,0.38768506050109863,0.6705760955810547
0.03090362437069416,0.5553856492042542,0.8644219040870667
0.040817685425281525,0.6620076298713684,1.0701844692230225
0.05838017165660858,0.6149011254310608,1.1987028121948242
0.029530497267842293,0.34347671270370483,0.6387816667556763
0.03265697881579399,0.6298990845680237,0.9564688801765442
0.027922257781028748,0.4765172004699707,0.7557398080825806
0.028741512447595596,0.45361778140068054,0.7410328984260559
0.03252638503909111,0.4622558355331421,0.7875196933746338
0.03078705072402954,0.609169065952301,0.9170395731925964
0.05365565046668053,0.5283955335617065,1.06495201587677
0.02938399650156498,0.5297502279281616,0.8235901594161987
0.03674401715397835,0.6366812586784363,1.0041214227676392
0.07902931421995163,0.6065568923950195,1.3968501091003418
0.03413929045200348,0.5512231588363647,0.8926160335540771
0.02760838158428669,0.6752440333366394,0.9513278603553772
0.036355745047330856,0.4506375193595886,0.8141949772834778
0.036214835941791534,0.5633716583251953,0.9255200028419495
0.02769622951745987,0.6207929253578186,0.8977552056312561
0.042559877038002014,0.5432587265968323,0.9688575267791748
0.028802013024687767,0.5741113424301147,0.8621314764022827
0.030869824811816216,0.4275124669075012,0.7362107038497925
0.040313974022865295,0.4551931619644165,0.8583328723907471
0.03727186843752861,0.5254876613616943,0.898206353187561
0.032159626483917236,0.634628176689148,0.9562244415283203
0.029230419546365738,0.4269828796386719,0.7192870378494263
0.03500112146139145,0.4891394376754761,0.8391506671905518
0.029504206031560898,0.6388247013092041,0.9338667392730713
0.14848066866397858,0.5836378335952759,2.0684444904327393
0.029056400060653687,0.6428625583648682,0.933426558971405
0.03883769363164902,0.5210707783699036,0.9094477295875549
0.0770573616027832,0.6895207762718201,1.4600944519042969
0.03047003224492073,0.4971466660499573,0.801846981048584
0.02744661085307598,0.6194638013839722,0.8939298987388611
0.03283953294157982,0.5401536226272583,0.8685489892959595
0.03456958383321762,0.5116029381752014,0.8572987914085388
0.02887585759162903,0.44857972860336304,0.7373383045196533
0.02909180521965027,0.5663837194442749,0.8573017716407776
0.028284888714551926,0.5790810585021973,0.8619299530982971
0.03223714232444763,0.6256976127624512,0.9480690360069275
0.03196186199784279,0.6293044090270996,0.9489229917526245
0.03362934663891792,0.5098657011985779,0.8461591601371765
0.03153534606099129,0.6031819581985474,0.9185354113578796
0.027929075062274933,0.5283991098403931,0.8076898455619812
0.02799225226044655,0.665300190448761,0.9452227354049683
0.05360361933708191,0.623490571975708,1.1595268249511719
0.03371278941631317,0.5455399751663208,0.8826678991317749
0.03486616909503937,0.5894715189933777,0.9381332397460938
0.04212222620844841,0.33348706364631653,0.7547093629837036
0.02796635404229164,0.5401531457901001,0.8198167085647583
0.04307425767183304,0.43583953380584717,0.8665820956230164
0.03612019121646881,0.5526852607727051,0.9138871431350708
0.031459882855415344,0.5140082836151123,0.8286070823669434
0.03543540835380554,0.6187019944190979,0.9730560779571533
0.033506810665130615,0.4243677258491516,0.7594358325004578
0.04166148602962494,0.3578062653541565,0.7744210958480835
0.03310063108801842,0.6712278127670288,1.0022341012954712
0.033239126205444336,0.6408300399780273,0.9732213020324707
0.030905067920684814,0.40176647901535034,0.7108171582221985
0.06362364441156387,0.5415080785751343,1.1777445077896118
0.029840584844350815,0.5046239495277405,0.8030297756195068
0.035795461386442184,0.35834553837776184,0.7163001298904419
0.03255155682563782,0.5708138942718506,0.8963294625282288
0.03797603398561478,0.5025308728218079,0.8822911977767944
0.03169143572449684,0.6819251775741577,0.9988394975662231
0.03407486155629158,0.552825927734375,0.8935745358467102
0.0343417152762413,0.503859281539917,0.8472764492034912
0.029385006055235863,0.6434955596923828,0.9373456239700317
0.02770196460187435,0.6791057586669922,0.9561253786087036
0.041788626462221146,0.46350523829460144,0.8813915252685547
0.03547436371445656,0.6735488176345825,1.0282924175262451
0.03571498766541481,0.575264573097229,0.9324144124984741
0.027905868366360664,0.5988381505012512,0.8778968453407288
0.03733166307210922,0.4741777181625366,0.84749436378479
0.03708186373114586,0.6035524606704712,0.974371075630188
0.04326339811086655,0.5833097696304321,1.0159437656402588
0.03214548900723457,0.6296201348304749,0.95107501745224
0.028123974800109863,0.4793722331523895,0.7606120109558105
0.041683513671159744,0.4565005302429199,0.8733356595039368
0.02811436727643013,0.43578988313674927,0.71693354845047
0.02781021222472191,0.579641580581665,0.8577437400817871
0.037360355257987976,0.5718096494674683,0.9454132318496704
0.028146712109446526,0.3524867296218872,0.6339538097381592
0.028185853734612465,0.681025505065918,0.9628840684890747
0.028681298717856407,0.5303441286087036,0.8171571493148804
0.02898850291967392,0.5008679032325745,0.7907529473304749
0.04165792092680931,0.40935686230659485,0.8259360790252686
0.028068047016859055,0.48912709951400757,0.7698075771331787
0.02779288776218891,0.5915042757987976,0.8694331645965576
0.027737127617001534,0.40644901990890503,0.6838203072547913
0.04387052357196808,0.5288817882537842,0.9675869941711426
0.04247702658176422,0.5367622971534729,0.9615325927734375
0.02985021285712719,0.5800879001617432,0.8785899877548218
0.027636075392365456,0.526095986366272,0.8024567365646362
0.02962108701467514,0.5333318710327148,0.8295427560806274
0.02811967208981514,0.41798320412635803,0.6991798877716064
0.03270402178168297,0.5278245210647583,0.8548647165298462
0.03218074142932892,0.6395038366317749,0.9613112211227417
0.04052630066871643,0.515491247177124,0.9207542538642883
0.03414326161146164,0.6140560507774353,0.9554886817932129
0.05778757110238075,0.5575025677680969,1.135378360748291
0.028616005554795265,0.6196975708007812,0.9058576226234436
0.029506973922252655,0.4799538552761078,0.7750235795974731
0.028355984017252922,0.6918625831604004,0.9754223823547363
0.04260784015059471,0.5709136724472046,0.9969921112060547
0.03564470633864403,0.5596696734428406,0.9161167144775391
0.0296033825725317,0.6208333969116211,0.9168672561645508
0.028379593044519424,0.571357250213623,0.8551532030105591
0.03287341073155403,0.5475013852119446,0.8762354850769043
0.03211139887571335,0.4127238988876343,0.733837902545929
0.04080621525645256,0.42732903361320496,0.8353911638259888
0.029226144775748253,0.5602613687515259,0.8525228500366211
0.0295614842325449,0.5015026926994324,0.7971175312995911
0.030665595084428787,0.5752331018447876,0.8818890452384949
0.027946991845965385,0.398792028427124,0.678261935710907
0.02785828523337841,0.4712176024913788,0.749800443649292
0.034303221851587296,0.46825110912323,0.8112833499908447
0.0282744187861681,0.49199989438056946,0.7747440934181213
0.035261038690805435,0.43732404708862305,0.7899343967437744
0.02794966660439968,0.6415865421295166,0.9210832118988037
0.02756056934595108,0.6736356019973755,0.9492412805557251
0.033829595893621445,0.5315706729888916,0.8698666095733643
0.028136901557445526,0.49533605575561523,0.7767050862312317
0.029111232608556747,0.45169347524642944,0.7428058385848999
0.058703407645225525,0.4937083125114441,1.080742359161377
0.030012374743819237,0.5954533815383911,0.8955771327018738
0.031523168087005615,0.624031662940979,0.9392633438110352
0.031641289591789246,0.51655513048172,0.83296799659729
0.03635843098163605,0.44142717123031616,0.805011510848999
0.028582384809851646,0.5185456871986389,0.8043695688247681
0.02964738756418228,0.5407881736755371,0.8372620344161987
0.042451269924640656,0.3759711980819702,0.8004838824272156
0.027587786316871643,0.5821238160133362,0.858001708984375
0.042292963713407516,0.5058261752128601,0.9287558197975159
0.04321497306227684,0.5144608020782471,0.9466105699539185
0.028238283470273018,0.5897800922393799,0.872162938117981
0.028038037940859795,0.6533247232437134,0.9337050914764404
0.0317210890352726,0.5771458148956299,0.8943567276000977
0.027617406100034714,0.6119553446769714,0.8881294131278992
0.028073986992239952,0.5966166257858276,0.8773565292358398
0.028671447187662125,0.6559863090515137,0.9427007436752319
0.03239598497748375,0.47874969244003296,0.8027095794677734
0.04287301003932953,0.37664303183555603,0.8053731322288513
0.029094219207763672,0.5096837282180786,0.8006259202957153
0.03676727041602135,0.5871068835258484,0.9547796249389648
0.03413783386349678,0.6641513705253601,1.0055296421051025
0.029680149629712105,0.553181529045105,0.8499830365180969
0.028715286403894424,0.6257058382034302,0.9128587245941162
0.02937697432935238,0.6662165522575378,0.9599863290786743
0.04208090528845787,0.5195695757865906,0.9403786659240723
0.05042735114693642,0.5509251356124878,1.0551986694335938
0.03214174509048462,0.5841724276542664,0.9055898785591125
0.027863847091794014,0.5663403868675232,0.8449788689613342
0.04323108121752739,0.626832902431488,1.0591437816619873
0.030656974762678146,0.516905665397644,0.8234754204750061
0.027594512328505516,0.6955546140670776,0.9714997410774231
0.040794260799884796,0.39744454622268677,0.8053871393203735
0.03533416613936424,0.638925313949585,0.9922670125961304
0.0307757630944252,0.5018328428268433,0.8095904588699341
0.029933642596006393,0.5697891712188721,0.8691256046295166
0.033732566982507706,0.39609605073928833,0.7334216833114624
0.02780097723007202,0.5236388444900513,0.8016486167907715
0.03242906183004379,0.5263071060180664,0.8505977392196655
0.03179692476987839,0.5282645225524902,0.8462337851524353
0.043604526668787,0.5323910713195801,0.9684363603591919
0.029269959777593613,0.5648804903030396,0.8575800657272339
0.034449122846126556,0.5697321891784668,0.9142234325408936
0.03039706125855446,0.5993098020553589,0.9032803773880005
0.03219013288617134,0.4103209674358368,0.732222318649292
0.03484527766704559,0.5665671825408936,0.9150199890136719
0.04046099632978439,0.5495975017547607,0.9542074799537659
0.03120480105280876,0.5379318594932556,0.8499798774719238
0.0324205718934536,0.36132729053497314,0.6855330467224121
0.04263616353273392,0.3616383671760559,0.7879999876022339
0.045428670942783356,0.6684813499450684,1.1227680444717407
0.027437716722488403,0.5905019640922546,0.8648791313171387
0.029230959713459015,0.6053674221038818,0.8976770043373108
0.027462227270007133,0.5935821533203125,0.8682044148445129
0.03211667016148567,0.4462592601776123,0.7674259543418884
0.08225198090076447,0.5410339832305908,1.363553762435913
0.06037678197026253,0.5579549074172974,1.1617226600646973
0.06349587440490723,0.639384388923645,1.2743431329727173
0.036209236830472946,0.6447577476501465,1.0068501234054565
0.04694969952106476,0.4452083706855774,0.9147053956985474
0.02795969881117344,0.5500667095184326,0.8296636939048767
0.02973940223455429,0.4847846031188965,0.7821786403656006
0.029548320919275284,0.5846625566482544,0.880145788192749
0.038675691932439804,0.38416510820388794,0.770922064781189
0.030795300379395485,0.5089151263237,0.8168681263923645
0.03680838644504547,0.5585954189300537,0.926679253578186
0.03717050328850746,0.6112772226333618,0.9829822778701782
0.033618755638599396,0.562080442905426,0.8982679843902588
0.04343321546912193,0.49742501974105835,0.9317572116851807
0.04230774939060211,0.46920621395111084,0.8922836780548096
0.04280753433704376,0.472378671169281,0.900454044342041
0.030888071283698082,0.6361693143844604,0.9450500011444092
0.031573664397001266,0.5297253131866455,0.8454619646072388
0.06384748965501785,0.6504525542259216,1.288927435874939
0.05054151266813278,0.5607703924179077,1.066185474395752
0.04545801877975464,0.3899862766265869,0.8445664644241333
0.0635661780834198,0.5623468160629272,1.1980085372924805
0.042921800166368484,0.5213236212730408,0.950541615486145
0.04743853956460953,0.5694307684898376,1.043816089630127
0.043015461415052414,0.6456742286682129,1.0758287906646729
0.04149782657623291,0.4789888262748718,0.8939670920372009
0.04201662912964821,0.6836043000221252,1.1037706136703491
0.034791745245456696,0.5201190710067749,0.8680365085601807
0.04158186912536621,0.5145543813705444,0.9303730726242065
0.04733451455831528,0.4217507839202881,0.895095944404602
0.03619755804538727,0.608921229839325,0.97089684009552
0.04512576758861542,0.5229669213294983,0.9742245674133301
0.041547488421201706,0.5626558065414429,0.9781306982040405
0.04322417452931404,0.48636025190353394,0.9186019897460938
0.04075920209288597,0.433390349149704,0.8409823775291443
0.02840663306415081,0.48851093649864197,0.7725772857666016
0.035831913352012634,0.5165249705314636,0.8748440742492676
0.03438091650605202,0.7178312540054321,1.0616403818130493
0.029674064368009567,0.45462310314178467,0.7513637542724609
0.03413964435458183,0.46881890296936035,0.8102153539657593
0.03104785457253456,0.6647287607192993,0.9752073287963867
0.028325673192739487,0.5183509588241577,0.8016077280044556
0.043742913752794266,0.6849374175071716,1.1223665475845337
0.03261516988277435,0.44620317220687866,0.7723548412322998
0.028427936136722565,0.5913280844688416,0.875607430934906
0.03115166909992695,0.5344961881637573,0.8460128903388977
0.028858046978712082,0.506070077419281,0.7946505546569824
0.03693323954939842,0.5032333135604858,0.872565746307373
0.037758421152830124,0.2797328233718872,0.657317042350769
0.029034879058599472,0.4911363124847412,0.7814850807189941
0.027736609801650047,0.5453314781188965,0.8226975798606873
0.027437403798103333,0.6480013132095337,0.9223753213882446
0.027397265657782555,0.5146744251251221,0.7886470556259155
0.028832940384745598,0.5841230154037476,0.8724523782730103
0.030568571761250496,0.4855797290802002,0.7912654876708984
0.02938682585954666,0.5347813367843628,0.8286495804786682
0.03534594178199768,0.7285019159317017,1.0819613933563232
0.027927525341510773,0.581513524055481,0.8607887625694275
0.03246968239545822,0.37528276443481445,0.6999796032905579
0.028762580826878548,0.693476676940918,0.981102466583252
0.02989577315747738,0.367660254240036,0.6666179895401001
0.02848736383020878,0.48348820209503174,0.7683618068695068
0.028197912499308586,0.38891229033470154,0.6708914041519165
0.03243028745055199,0.5122781991958618,0.8365811109542847
0.028120199218392372,0.5369716882705688,0.8181736469268799
0.028296900913119316,0.5808618664741516,0.8638308644294739
0.028009090572595596,0.525921106338501,0.8060120344161987
0.029645828530192375,0.5841529369354248,0.8806111812591553
0.02933182381093502,0.7125722169876099,1.0058904886245728
0.033058587461709976,0.6240402460098267,0.9546260833740234
0.03420894593000412,0.5499712228775024,0.8920606970787048
0.035110652446746826,0.5224789381027222,0.8735854625701904
0.10132509469985962,0.4948026239871979,1.5080535411834717
0.0292222760617733,0.6727410554885864,0.9649637937545776
0.03203172609210014,0.5474954843521118,0.8678127527236938
0.027303393930196762,0.39499109983444214,0.668025016784668
0.03954746574163437,0.6932622790336609,1.0887370109558105
0.03171421214938164,0.4742578864097595,0.7914000153541565
0.02998216263949871,0.6835781931877136,0.9833998084068298
0.04301859810948372,0.43981778621673584,0.8700037598609924
0.03085094317793846,0.6277939677238464,0.9363033771514893
0.03317718580365181,0.5718268752098083,0.9035987257957458
0.03210965543985367,0.600807785987854,0.9219043254852295
0.02981307916343212,0.5580500364303589,0.8561807870864868
0.028330981731414795,0.3933252692222595,0.6766350865364075
0.029789315536618233,0.45491862297058105,0.7528117895126343
0.03795774653553963,0.5266726613044739,0.9062501192092896
0.14573858678340912,0.48262733221054077,1.9400131702423096
0.0305793397128582,0.6438096165657043,0.9496030211448669
0.031930867582559586,0.5992569923400879,0.9185656309127808
0.03911071643233299,0.5715200304985046,0.9626271724700928
0.03964531421661377,0.34388643503189087,0.7403395771980286
0.136442169547081,0.4888792932033539,1.8533010482788086
0.028100473806262016,0.4993806779384613,0.7803853750228882
0.029301557689905167,0.5629651546478271,0.8559807538986206
0.03191069886088371,0.4656451344490051,0.7847521305084229
0.029874110594391823,0.5568298697471619,0.8555709719657898
0.03186620771884918,0.6283401250839233,0.9470021724700928
0.04225533828139305,0.5436010956764221,0.9661544561386108
0.02914741449058056,0.566769003868103,0.8582431077957153
0.030879193916916847,0.3556530773639679,0.6644450426101685
0.049123723059892654,0.6461492776870728,1.1373865604400635
0.028255539014935493,0.544797420501709,0.8273528218269348
0.02789926715195179,0.576056957244873,0.8550496101379395
0.02890102192759514,0.6497571468353271,0.9387673735618591
0.027238385751843452,0.5146824717521667,0.7870663404464722
0.027478424832224846,0.44755345582962036,0.7223377227783203
0.039645981043577194,0.5671795010566711,0.9636393189430237
0.030795633792877197,0.595710277557373,0.903666615486145
0.0319778136909008,0.7302286028862,1.0500067472457886
0.03213755786418915,0.6542115211486816,0.9755871295928955
0.04150873422622681,0.5924778580665588,1.0075652599334717
0.027694035321474075,0.5975043773651123,0.8744447231292725
0.027170149609446526,0.578994631767273,0.8506960868835449
0.028485309332609177,0.6080024242401123,0.8928555250167847
0.028430184349417686,0.5466436743736267,0.8309454917907715
0.028347119688987732,0.5260636806488037,0.8095349073410034
0.03728863224387169,0.6301209330558777,1.0030072927474976
0.02753349579870701,0.5341074466705322,0.809442400932312
0.02949354238808155,0.5550994873046875,0.8500349521636963
0.03331264853477478,0.5843940377235413,0.9175205230712891
0.03009885363280773,0.4295538663864136,0.7305424213409424
0.028178241103887558,0.7123303413391113,0.9941127300262451
0.030112775042653084,0.6331703066825867,0.934298038482666
0.027409078553318977,0.643077552318573,0.917168378829956
0.03147599846124649,0.695554256439209,1.0103142261505127
0.027494942769408226,0.3632153272628784,0.638164758682251
0.030877621844410896,0.44496628642082214,0.753742516040802
0.027342483401298523,0.5776982307434082,0.8511230945587158
0.042145758867263794,0.6056734323501587,1.0271310806274414
0.028638996183872223,0.45720788836479187,0.7435978651046753
0.03191734105348587,0.3626757562160492,0.6818491220474243
0.029945578426122665,0.5620759725570679,0.8615317344665527
0.04343922808766365,0.6890624165534973,1.1234546899795532
0.0830300822854042,0.44761860370635986,1.2779194116592407
0.02799716778099537,0.5296787023544312,0.8096504211425781
0.02925793267786503,0.5844616889953613,0.8770409822463989
0.028263812884688377,0.4240330457687378,0.7066711783409119
0.03521810844540596,0.6283283233642578,0.9805094003677368
0.027401627972722054,0.5649706125259399,0.838986873626709
0.02873201295733452,0.4771304726600647,0.7644506096839905
0.027258459478616714,0.5436614751815796,0.8162460327148438
0.028841745108366013,0.5672931671142578,0.8557106256484985
0.030303753912448883,0.6104678511619568,0.9135053753852844
0.029022308066487312,0.6980496644973755,0.9882727861404419
0.04000559449195862,0.5523686408996582,0.9524245858192444
0.04021579027175903,0.6047917604446411,1.0069496631622314
0.03380844369530678,0.32794374227523804,0.6660281419754028
0.0290535856038332,0.6646279096603394,0.9551637768745422
0.03958079218864441,0.5445300936698914,0.9403380155563354
0.035709597170352936,0.6127594709396362,0.9698554277420044
0.02969980053603649,0.4279988706111908,0.7249968647956848
0.0414041206240654,0.5623020529747009,0.9763432741165161
0.028584031388163567,0.6586765050888062,0.9445167779922485
0.027661757543683052,0.3663386404514313,0.6429562568664551
0.02801397070288658,0.5186147689819336,0.7987544536590576
0.03693239763379097,0.6383320093154907,1.0076559782028198
0.04488508775830269,0.46930545568466187,0.9181563258171082
0.02857191488146782,0.46168795228004456,0.747407078742981
0.030076155439019203,0.5281306505203247,0.8288922309875488
0.042288023978471756,0.48434823751449585,0.9072284698486328
0.03081454522907734,0.620089590549469,0.9282350540161133
0.02870669588446617,0.45668381452560425,0.743750810623169
0.02982013300061226,0.5213744640350342,0.8195757865905762
0.02811862714588642,0.5925441980361938,0.873730480670929
0.03438197076320648,0.5243394374847412,0.8681591749191284
0.028353912755846977,0.3498944640159607,0.6334335803985596
0.027908029034733772,0.43472373485565186,0.7138040065765381
0.03158127889037132,0.3370797038078308,0.6528924703598022
0.027892405167222023,0.39296194911003113,0.6718859672546387
0.029230996966362,0.4670804738998413,0.7593904733657837
0.02819354273378849,0.6303780674934387,0.9123134613037109
0.031042180955410004,0.5332753658294678,0.843697190284729
0.030727678909897804,0.6236260533332825,0.9309028387069702
0.03321462869644165,0.49032339453697205,0.8224697113037109
0.030350996181368828,0.6229475736618042,0.9264575242996216
0.027556708082556725,0.6437529921531677,0.9193201065063477
0.03702668845653534,0.5835542678833008,0.9538211822509766
0.02762480638921261,0.5726319551467896,0.8488800525665283
0.0326092503964901,0.47231101989746094,0.7984035015106201
0.027806462720036507,0.5616735219955444,0.839738130569458
0.04350375756621361,0.5375096797943115,0.9725472927093506
0.028266480192542076,0.5918766856193542,0.8745415210723877
0.029266823083162308,0.43205803632736206,0.7247262597084045
0.028010714799165726,0.4953572750091553,0.7754644155502319
0.04443942382931709,0.4325791001319885,0.8769733309745789
0.03875354677438736,0.4869616627693176,0.87449711561203
0.0331626795232296,0.5326969623565674,0.8643237352371216
0.03907739743590355,0.671653151512146,1.0624271631240845
0.028754716739058495,0.5741296410560608,0.861676812171936
0.031951162964105606,0.5666162967681885,0.8861279487609863
0.028467006981372833,0.4817030727863312,0.7663731575012207
0.031263723969459534,0.49655258655548096,0.8091897964477539
0.027897441759705544,0.5806524753570557,0.8596268892288208
0.027865078300237656,0.5733036994934082,0.851954460144043
0.03208271786570549,0.5954092741012573,0.9162364602088928
0.038598306477069855,0.560175895690918,0.9461589455604553
0.05716538056731224,0.5401318669319153,1.111785650253296
0.03326570987701416,0.4578699767589569,0.7905271053314209
0.029784519225358963,0.6649883985519409,0.96283358335495
0.029134904965758324,0.5681728720664978,0.8595219254493713
0.031578611582517624,0.5428184270858765,0.8586045503616333
0.029949264600872993,0.6111937761306763,0.9106864333152771
0.02963222563266754,0.6134253740310669,0.9097476005554199
0.027913302183151245,0.3952213525772095,0.6743543744087219
0.0402110330760479,0.46331143379211426,0.8654217720031738
0.1272781938314438,0.689333438873291,1.9621154069900513
0.03261566162109375,0.6739392280578613,1.0000958442687988
0.02947358600795269,0.5731602311134338,0.8678960800170898
0.028400346636772156,0.41352319717407227,0.6975266933441162
0.05508984997868538,0.5671509504318237,1.1180493831634521
0.02847781404852867,0.5590866804122925,0.8438647985458374
0.04260517656803131,0.29653823375701904,0.7225899696350098
0.027271855622529984,0.5093033313751221,0.7820218801498413
0.030048269778490067,0.6180455684661865,0.9185282588005066
0.032788850367069244,0.5858289003372192,0.9137173891067505
0.028609469532966614,0.6066474318504333,0.8927421569824219
0.03832698240876198,0.7267757058143616,1.1100455522537231
0.030467547476291656,0.4976673722267151,0.8023428320884705
0.03622400760650635,0.44422653317451477,0.8064665794372559
0.027230154722929,0.5100415349006653,0.7823430895805359
0.027664076536893845,0.6089731454849243,0.8856139183044434
0.03785184025764465,0.38980504870414734,0.7683234214782715
0.038971446454524994,0.5724374055862427,0.9621518850326538
0.02948642149567604,0.3526090383529663,0.6474732160568237
0.0280816201120615,0.5234776735305786,0.8042938709259033
0.02748991921544075,0.6046702861785889,0.8795694708824158
0.029011880978941917,0.459677129983902,0.7497959136962891
0.03959633782505989,0.5358262062072754,0.9317895770072937
0.04072645679116249,0.40412667393684387,0.8113912343978882
0.027310842648148537,0.593123197555542,0.8662316203117371
0.028707388788461685,0.6226722002029419,0.9097460508346558
0.027729270979762077,0.6388247013092041,0.9161174297332764
0.031191285699605942,0.5615293383598328,0.8734421730041504
0.02764204889535904,0.48744523525238037,0.7638657093048096
0.030367456376552582,0.5126394033432007,0.8163139820098877
0.03737032413482666,0.6545735597610474,1.028276801109314
0.05475902557373047,0.69624263048172,1.2438328266143799
0.031278789043426514,0.6117629408836365,0.9245508313179016
0.050190698355436325,0.5411803722381592,1.043087363243103
0.09723813086748123,0.6607560515403748,1.6331373453140259
0.02843172661960125,0.6623504161834717,0.9466676712036133
0.028247863054275513,0.3449349105358124,0.6274135112762451
0.03920160233974457,0.6514056921005249,1.043421745300293
0.027520189061760902,0.5607692003250122,0.8359711170196533
0.027489807456731796,0.6995350122451782,0.9744330644607544
0.028373826295137405,0.5821337699890137,0.8658720254898071
0.05084909871220589,0.6821420192718506,1.1906330585479736
0.043060727417469025,0.5178890228271484,0.9484962821006775
0.03159526735544205,0.6126686334609985,0.9286212921142578
0.03317263722419739,0.47063589096069336,0.8023622632026672
0.04193520545959473,0.5867657661437988,1.006117820739746
0.04695022478699684,0.5192440152168274,0.9887462854385376
0.04267796501517296,0.5786914229393005,1.005471110343933
0.029281198978424072,0.4654078483581543,0.758219838142395
0.04121857509016991,0.5687727332115173,0.9809584617614746
0.04382668063044548,0.4152308702468872,0.8534976840019226
0.0348406620323658,0.688712477684021,1.0371191501617432
0.039749570190906525,0.5739527940750122,0.9714484810829163
0.03878491744399071,0.5328575372695923,0.9207067489624023
0.04591381549835205,0.5889694690704346,1.048107624053955
0.03265023231506348,0.4704211950302124,0.7969235181808472
0.03908273205161095,0.5429286956787109,0.9337559938430786
0.03411943092942238,0.5445716381072998,0.8857659101486206
0.036310501396656036,0.4971587657928467,0.8602637648582458
0.029100552201271057,0.6900531053543091,0.9810585975646973
0.029397716745734215,0.5199424624443054,0.8139196634292603
0.04467318207025528,0.4801124334335327,0.9268442392349243
0.032302338629961014,0.5409283638000488,0.8639517426490784
0.028785811737179756,0.5854814052581787,0.8733395338058472
0.029395602643489838,0.5347743034362793,0.8287303447723389
0.028941795229911804,0.5461919903755188,0.8356099128723145
0.028259344398975372,0.5740792751312256,0.8566727042198181
0.03606732562184334,0.49670541286468506,0.8573786616325378
0.02972957119345665,0.5572216510772705,0.8545173406600952
0.028512978926301003,0.39300572872161865,0.6781355142593384
0.13636542856693268,0.6580270528793335,2.021681308746338
0.0367647223174572,0.6131887435913086,0.9808359742164612
0.02802243083715439,0.5461950302124023,0.8264193534851074
0.040885355323553085,0.5091826915740967,0.9180362224578857
0.027910850942134857,0.5529680252075195,0.8320765495300293
0.044232018291950226,0.5170936584472656,0.9594138264656067
0.03459848463535309,0.5521296262741089,0.8981144428253174
0.02820545621216297,0.4699957072734833,0.7520502805709839
0.029467346146702766,0.5388575196266174,0.8335310220718384
0.02739129029214382,0.5898178219795227,0.8637307286262512
0.028658978641033173,0.441922664642334,0.7285124659538269
0.03162812814116478,0.4308386743068695,0.7471199631690979
0.04274667426943779,0.45738041400909424,0.8848471641540527
0.028733476996421814,0.3920547366142273,0.679389476776123
0.029671592637896538,0.658063530921936,0.9547794461250305
0.028854474425315857,0.516525149345398,0.8050699234008789
0.037886809557676315,0.5167244076728821,0.8955925107002258
0.028385942801833153,0.5543674230575562,0.838226854801178
0.02844398468732834,0.47889548540115356,0.7633353471755981
0.027849653735756874,0.5932087302207947,0.8717052936553955
0.029054366052150726,0.5122522115707397,0.8027958869934082
0.08133107423782349,0.679368793964386,1.4926795959472656
0.030282480642199516,0.5204278230667114,0.8232526183128357
0.031662147492170334,0.45901182293891907,0.7756333351135254
0.03225338086485863,0.5549509525299072,0.8774847984313965
0.037368547171354294,0.5378499627113342,0.9115354418754578
0.028645111247897148,0.48222917318344116,0.7686802744865417
0.02949649840593338,0.5545127391815186,0.8494777083396912
0.0281621553003788,0.5368914604187012,0.818513035774231
0.027281247079372406,0.5952063798904419,0.8680188655853271
0.08595582097768784,0.6913983821868896,1.5509566068649292
0.027275627478957176,0.4992764890193939,0.7720327377319336
0.02958494797348976,0.25859081745147705,0.5544402599334717
0.030529810115695,0.4314855933189392,0.7367836833000183
0.027700280770659447,0.4553585350513458,0.7323613166809082
0.11925623565912247,0.5861102342605591,1.7786725759506226
0.03496475890278816,0.6239100098609924,0.9735575914382935
0.04004261642694473,0.6803788542747498,1.0808050632476807
0.03685125708580017,0.5318548679351807,0.9003674387931824
0.029332347214221954,0.46035686135292053,0.7536803483963013
0.029997406527400017,0.41933611035346985,0.7193101644515991
0.040099989622831345,0.41181522607803345,0.8128151297569275
0.03674618527293205,0.5869321823120117,0.9543940424919128
0.040779657661914825,0.5091232061386108,0.9169197678565979
0.028217390179634094,0.6871305704116821,0.9693044424057007
0.02928663231432438,0.43366554379463196,0.7265318632125854
0.04319080710411072,0.5118915438652039,0.943799614906311
0.028332078829407692,0.6195446252822876,0.9028654098510742
0.028891434893012047,0.6950247883796692,0.9839391708374023
0.029910406097769737,0.47049883008003235,0.76960289478302
0.03712759166955948,0.49570217728614807,0.8669780492782593
0.033299773931503296,0.6042613983154297,0.9372591376304626
0.03695502132177353,0.543178915977478,0.9127291440963745
0.032526660710573196,0.5339384078979492,0.8592050075531006
0.039814215153455734,0.5054003000259399,0.9035424590110779
0.033160604536533356,0.6654849648475647,0.9970909953117371
0.02810552343726158,0.47358545660972595,0.7546406984329224
0.0757221132516861,0.4913531243801117,1.2485742568969727
0.03306569531559944,0.32660815119743347,0.6572650671005249
0.049917496740818024,0.4661206603050232,0.9652956128120422
0.02992289699614048,0.4871100187301636,0.7863389849662781
0.027412913739681244,0.5993479490280151,0.8734771013259888
0.029062194749712944,0.6164282560348511,0.9070501923561096
0.028382955119013786,0.5520623922348022,0.8358919620513916
0.04118733108043671,0.6547362804412842,1.0666096210479736
0.04443681240081787,0.7079899311065674,1.152358055114746
0.028147082775831223,0.6067889928817749,0.8882598280906677
0.04082813113927841,0.550165593624115,0.9584469199180603
0.039054207503795624,0.48165497183799744,0.8721970319747925
0.02884610742330551,0.6467612981796265,0.9352223873138428
0.030733739957213402,0.6119118928909302,0.9192492961883545
0.036592334508895874,0.5582074522972107,0.9241307973861694
0.030160194262862206,0.5354166626930237,0.837018609046936
0.027928359806537628,0.46831613779067993,0.747599720954895
0.04314068332314491,0.5497174859046936,0.9811242818832397
0.03968582674860954,0.5428765416145325,0.9397348165512085
0.04265638440847397,0.22840626537799835,0.654970109462738
0.028153494000434875,0.5771498680114746,0.858684778213501
0.03874599561095238,0.5890114307403564,0.9764714241027832
0.03524404391646385,0.5552203059196472,0.907660722732544
0.03129096329212189,0.6509600877761841,0.9638696908950806
0.028164684772491455,0.5743136405944824,0.855960488319397
0.03259899839758873,0.5318878889083862,0.8578778505325317
0.031665537506341934,0.6572930812835693,0.9739484786987305
0.03130662441253662,0.5048485398292542,0.8179147839546204
0.027701890096068382,0.5492874979972839,0.8263064026832581
0.02907286398112774,0.6874008178710938,0.9781294465065002
0.05911475792527199,0.7111989259719849,1.3023464679718018
0.027439260855317116,0.4947105944156647,0.7691031694412231
0.052876126021146774,0.6242673397064209,1.1530286073684692
0.02916960045695305,0.4343918263912201,0.7260878086090088
0.064567431807518,0.6381999254226685,1.283874273300171
0.028330916538834572,0.5841591358184814,0.8674682974815369
0.03459716960787773,0.5171297192573547,0.8631014227867126
0.02916600927710533,0.5614041686058044,0.8530642986297607
0.0285577941685915,0.5565603971481323,0.8421383500099182
0.02785653807222843,0.4307529926300049,0.7093183994293213
0.04145948961377144,0.3050575256347656,0.7196524143218994
0.02880597673356533,0.6185048818588257,0.9065646529197693
0.043991368263959885,0.576603889465332,1.0165176391601562
0.04262695461511612,0.40359845757484436,0.829867959022522
0.03679540008306503,0.35231316089630127,0.7202671766281128
0.028933990746736526,0.6254121661186218,0.9147520661354065
0.02871064655482769,0.5240839719772339,0.8111904263496399
0.027133602648973465,0.5728284120559692,0.8441644310951233
0.03201190382242203,0.4539561867713928,0.7740752100944519
0.02792372740805149,0.5275084972381592,0.8067457675933838
0.03506314754486084,0.34765303134918213,0.6982845067977905
0.02822018414735794,0.6501825451850891,0.9323843717575073
0.04208884760737419,0.612944483757019,1.0338330268859863
0.028220459818840027,0.5732932090759277,0.8554978370666504
0.03453430160880089,0.38478612899780273,0.7301291227340698
0.029866047203540802,0.6798321008682251,0.9784925580024719
0.033735841512680054,0.5337001085281372,0.8710585236549377
0.03385583311319351,0.5834397673606873,0.9219980835914612
0.029649971053004265,0.6320271492004395,0.9285268783569336
0.08148588985204697,0.6566872596740723,1.4715461730957031
0.029190633445978165,0.5434219241142273,0.835328221321106
0.029324406757950783,0.5725432634353638,0.8657873272895813
0.03366446495056152,0.5056263208389282,0.8422709703445435
0.028601964935660362,0.3624744415283203,0.6484941244125366
0.02707301266491413,0.5844188928604126,0.8551490306854248
0.03206093609333038,0.590440571308136,0.9110499620437622
0.03495315462350845,0.5962520837783813,0.9457836151123047
0.031985633075237274,0.6666949987411499,0.9865513443946838
0.042703185230493546,0.23324334621429443,0.6602752208709717
0.02793603576719761,0.5599184036254883,0.8392787575721741
0.028044451028108597,0.4221632480621338,0.7026077508926392
0.027538182213902473,0.5615406036376953,0.8369224071502686
0.029033983126282692,0.3864409327507019,0.6767807602882385
0.02978374809026718,0.6034655570983887,0.9013030529022217
0.02732139825820923,0.6788791418075562,0.9520931243896484
0.03222658485174179,0.528290331363678,0.8505561947822571
0.04050597921013832,0.3782917261123657,0.7833515405654907
0.032034873962402344,0.4803975820541382,0.8007463216781616
0.027635619044303894,0.5483614206314087,0.82471764087677
0.03649931401014328,0.549974799156189,0.914967954158783
0.030891813337802887,0.4955044388771057,0.8044225573539734
0.027363983914256096,0.4613199234008789,0.7349597215652466
0.03256172686815262,0.538424015045166,0.864041268825531
0.028547178953886032,0.29336678981781006,0.578838586807251
0.029370654374361038,0.49412617087364197,0.7878327369689941
0.027513515204191208,0.5727311372756958,0.8478662967681885
0.03350101038813591,0.6931903958320618,1.0282005071640015
0.037716563791036606,0.6108331084251404,0.9879987239837646
0.04016230255365372,0.5050309896469116,0.9066540002822876
0.029883066192269325,0.6155702471733093,0.9144009351730347
0.09694039076566696,0.5026065111160278,1.4720103740692139
0.028345907106995583,0.4362369179725647,0.7196959853172302
0.042865484952926636,0.5488501787185669,0.9775050282478333
0.028047922998666763,0.6853287220001221,0.9658079147338867
0.036600664258003235,0.5494754314422607,0.9154820442199707
0.027744490653276443,0.6170455813407898,0.8944904804229736
0.03741198033094406,0.5198657512664795,0.8939855694770813
0.03648439422249794,0.4281231760978699,0.7929670810699463
0.028739532455801964,0.5574605464935303,0.8448559045791626
0.04400420933961868,0.5193643569946289,0.9594064354896545
0.04050455987453461,0.5935918092727661,0.9986374378204346
0.032504718750715256,0.6003820896148682,0.9254292845726013
0.029479853808879852,0.44717085361480713,0.7419694066047668
0.037211909890174866,0.3711381256580353,0.7432572245597839
0.04321208596229553,0.5277575850486755,0.9598784446716309
0.03307156264781952,0.6468697786331177,0.9775854349136353
0.030597686767578125,0.540585994720459,0.8465628623962402
0.028466474264860153,0.4177505373954773,0.7024152874946594
0.04364649951457977,0.6099895238876343,1.0464545488357544
0.04053845629096031,0.5285307168960571,0.9339152574539185
0.035595305263996124,0.6289499998092651,0.9849030375480652
0.030417731031775475,0.5399181842803955,0.8440954685211182
0.029926493763923645,0.39300358295440674,0.6922684907913208
0.03643215075135231,0.5174986124038696,0.8818200826644897
0.03233852982521057,0.5653700232505798,0.8887553215026855
0.028323005884885788,0.4668521285057068,0.7500821948051453
0.02926640585064888,0.46875056624412537,0.761414647102356
0.027621587738394737,0.4543502926826477,0.730566143989563
0.03834688290953636,0.41848236322402954,0.8019511699676514
0.0277105662971735,0.568838357925415,0.8459440469741821
0.027970455586910248,0.5220354795455933,0.8017400503158569
0.030718568712472916,0.5362660884857178,0.843451738357544
0.039955150336027145,0.395012229681015,0.7945637702941895
0.03450215980410576,0.6629471778869629,1.007968783378601
0.029259826987981796,0.5943238735198975,0.8869221210479736
0.0481426976621151,0.5993812084197998,1.080808162689209
0.02928575873374939,0.6172953844070435,0.9101529717445374
0.027803756296634674,0.6273705959320068,0.9054081439971924
0.027556929737329483,0.5368077754974365,0.8123770952224731
0.042806923389434814,0.37425193190574646,0.802321195602417
0.03180360794067383,0.5155363082885742,0.8335723876953125
0.027380215004086494,0.4346548318862915,0.7084569931030273
0.03047415055334568,0.40001362562179565,0.7047551274299622
0.030930643901228905,0.5551961660385132,0.8645026087760925
0.02770610712468624,0.5430888533592224,0.8201498985290527
0.040148504078388214,0.5044258832931519,0.9059109091758728
0.03182486444711685,0.5091767907142639,0.8274254202842712
0.028028743341565132,0.4753287732601166,0.7556161880493164
0.0317801870405674,0.5242336988449097,0.8420355319976807
0.02879296988248825,0.6000701189041138,0.8879998326301575
0.028338953852653503,0.6951724886894226,0.9785619974136353
0.029781894758343697,0.582579493522644,0.8803984522819519
0.03322197124361992,0.568642795085907,0.9008625149726868
0.028690384700894356,0.650789201259613,0.9376930594444275
0.036384597420692444,0.513374388217926,0.8772203922271729
0.029453221708536148,0.519421398639679,0.8139536380767822
0.03169086202979088,0.4239022135734558,0.7408108711242676
0.029327642172574997,0.6392948627471924,0.932571291923523
0.032128166407346725,0.673197329044342,0.9944790005683899
0.04196055606007576,0.5983269214630127,1.017932415008545
0.036982543766498566,0.5828239917755127,0.9526494145393372
0.027939697727560997,0.5583088994026184,0.8377058506011963
0.03174950182437897,0.6239194273948669,0.941414475440979
0.03650214895606041,0.47484391927719116,0.8398654460906982
0.02773779258131981,0.5017613172531128,0.7791392803192139
0.027052555233240128,0.41823846101760864,0.6887639760971069
0.028846649453043938,0.6999276876449585,0.9883941411972046
0.028885168954730034,0.5355165004730225,0.8243681788444519
0.030226625502109528,0.6618767976760864,0.9641430377960205
0.0661052018404007,0.6351089477539062,1.2961609363555908
0.028451260179281235,0.49284762144088745,0.777360200881958
0.028486397117376328,0.6088424921035767,0.8937064409255981
0.047848451882600784,0.48317012190818787,0.9616546630859375
0.030007310211658478,0.485531210899353,0.7856042981147766
0.029025638476014137,0.5077992677688599,0.7980556488037109
0.029971370473504066,0.6393835544586182,0.9390972852706909
0.03217357397079468,0.3943082094192505,0.7160439491271973
0.04165996238589287,0.5011530518531799,0.9177526831626892
0.027611734345555305,0.5542513132095337,0.8303686380386353
0.04289771616458893,0.5373970866203308,0.9663742780685425
0.034059830009937286,0.4898267090320587,0.8304250240325928
0.034759268164634705,0.3301631212234497,0.6777558326721191
0.04423529654741287,0.640701174736023,1.0830540657043457
0.03590076044201851,0.47276753187179565,0.8317751288414001
0.0331890732049942,0.45380285382270813,0.7856935858726501
0.028822802007198334,0.7371018528938293,1.025329828262329
0.031743500381708145,0.5711703896522522,0.8886053562164307
0.028524301946163177,0.5840438604354858,0.8692868947982788
0.03109745681285858,0.5361519455909729,0.8471264839172363
0.030686315149068832,0.6162558794021606,0.923119068145752
0.03606051579117775,0.5597800612449646,0.9203852415084839
0.02961813285946846,0.46649590134620667,0.7626771926879883
0.03547380119562149,0.5280488133430481,0.8827868103981018
0.03805490955710411,0.5648348331451416,0.9453839063644409
0.027637682855129242,0.5210753679275513,0.7974522113800049
0.028486283496022224,0.6141354441642761,0.8989982604980469
0.02784559316933155,0.25942349433898926,0.537879467010498
0.027877753600478172,0.4670599699020386,0.7458375096321106
0.0970318540930748,0.44801363348960876,1.4183322191238403
0.02863440103828907,0.5803009271621704,0.8666449785232544
0.08032451570034027,0.6853703260421753,1.4886155128479004
0.02730569988489151,0.36940309405326843,0.6424601078033447
0.02956339903175831,0.5885461568832397,0.8841801881790161
0.028980491682887077,0.5333965420722961,0.8232014179229736
0.02803781069815159,0.5120035409927368,0.7923816442489624
0.029262378811836243,0.5239191651344299,0.8165429830551147
0.03228157013654709,0.6388401985168457,0.9616559147834778
0.03370236977934837,0.5205069780349731,0.8575307130813599
0.02797706238925457,0.5122346878051758,0.7920053005218506
0.03822820633649826,0.5770308971405029,0.9593129754066467
0.040952954441308975,0.49440997838974,0.9039394855499268
0.050135646015405655,0.7166224122047424,1.2179789543151855
0.04001059755682945,0.5422090291976929,0.9423149824142456
0.03249611705541611,0.48478806018829346,0.8097492456436157
0.03867098689079285,0.4930194914340973,0.8797293901443481
0.03005295991897583,0.5143406391143799,0.8148702383041382
0.03916846960783005,0.492841899394989,0.8845266103744507
0.037505097687244415,0.5714960098266602,0.9465469717979431
0.029431097209453583,0.4443686604499817,0.7386796474456787
0.02736501209437847,0.5481206774711609,0.8217707872390747
0.029022928327322006,0.6421679258346558,0.9323972463607788
0.030616354197263718,0.39521628618240356,0.7013798356056213
0.028210753574967384,0.5696473121643066,0.8517548441886902
0.03678039833903313,0.5781631469726562,0.9459671378135681
0.02855556085705757,0.6559187173843384,0.9414743185043335
0.04030583053827286,0.5015586614608765,0.9046169519424438
0.03835023194551468,0.39252662658691406,0.7760289311408997
0.03178529068827629,0.628637433052063,0.9464903473854065
0.02749817632138729,0.4791124761104584,0.7540942430496216
0.02839246205985546,0.48260313272476196,0.7665277719497681
0.03421782702207565,0.5919287204742432,0.9341070055961609
0.037172816693782806,0.6357982158660889,1.0075263977050781
0.028873266652226448,0.5066652894020081,0.7953979969024658
0.041835956275463104,0.4564170837402344,0.8747766613960266
0.03177204728126526,0.6147904992103577,0.9325109720230103
0.028417497873306274,0.5714970827102661,0.8556720614433289
0.027767149731516838,0.5627387762069702,0.8404102325439453
0.0318937823176384,0.5075703859329224,0.8265082240104675
0.06049845740199089,0.6892697215080261,1.2942543029785156
0.029572419822216034,0.6297045946121216,0.9254288077354431
0.027941672131419182,0.4591113328933716,0.7385280132293701
0.04514085501432419,0.41737186908721924,0.8687804341316223
0.027836544439196587,0.517229437828064,0.7955948710441589
0.08383481204509735,0.4581252336502075,1.2964733839035034
0.028828728944063187,0.5732830166816711,0.8615702986717224
0.041191257536411285,0.5824130773544312,0.9943256378173828
0.027360787615180016,0.5796473026275635,0.8532551527023315
0.027835404500365257,0.4758561849594116,0.7542102336883545
0.039845168590545654,0.4045736789703369,0.8030253648757935
0.04284440726041794,0.5341859459877014,0.962630033493042
0.02719641849398613,0.4733234941959381,0.7452876567840576
0.0287247896194458,0.5433768033981323,0.8306246995925903
0.027666689828038216,0.446565181016922,0.723232090473175
0.032564979046583176,0.6580626964569092,0.9837124943733215
0.042602475732564926,0.39382705092430115,0.819851815700531
0.043366797268390656,0.5644139647483826,0.9980819225311279
0.029961032792925835,0.41447246074676514,0.7140827775001526
0.027349594980478287,0.49189743399620056,0.7653933763504028
0.03476430103182793,0.49985432624816895,0.8474973440170288
0.028520653024315834,0.5749773979187012,0.8601839542388916
0.029012948274612427,0.4204774498939514,0.7106069326400757
0.028426414355635643,0.5232157707214355,0.8074799180030823
0.028293831273913383,0.42508330941200256,0.7080216407775879
0.04726293310523033,0.5909802913665771,1.0636096000671387
0.03285101056098938,0.4951914846897125,0.8237016201019287
0.029507916420698166,0.5651369094848633,0.8602160811424255
0.02990032359957695,0.6559406518936157,0.9549438953399658
0.028288735076785088,0.596587061882019,0.879474401473999
0.03258984163403511,0.3802192211151123,0.7061176300048828
0.03333559259772301,0.4622689187526703,0.795624852180481
0.04679175838828087,0.5819716453552246,1.0498892068862915
0.041900549083948135,0.515817403793335,0.9348229169845581
0.028522027656435966,0.5292320847511292,0.8144523501396179
0.030352098867297173,0.3357642889022827,0.6392852663993835
0.028618494048714638,0.6568863391876221,0.9430712461471558
0.03855683654546738,0.5179109573364258,0.9034793376922607
0.030747223645448685,0.4558348059654236,0.7633070349693298
0.03940868750214577,0.5890267491340637,0.9831136465072632
0.02864224463701248,0.46734026074409485,0.7537627220153809
0.02833552099764347,0.6529671549797058,0.9363223314285278
0.030849868431687355,0.5308012962341309,0.8392999768257141
0.02928883768618107,0.5592374205589294,0.8521257638931274
0.0280607957392931,0.4695950746536255,0.750203013420105
0.04200353845953941,0.3460591733455658,0.7660945653915405
0.04258909821510315,0.44526875019073486,0.8711597323417664
0.03087233006954193,0.5361243486404419,0.8448476791381836
0.027824562042951584,0.6967231631278992,0.9749687910079956
0.030230144038796425,0.6563632488250732,0.9586646556854248
0.039704568684101105,0.6625743508338928,1.0596200227737427
0.027342140674591064,0.4725426435470581,0.7459640502929688
0.03312361240386963,0.4447593688964844,0.7759954929351807
0.02781071700155735,0.5566108226776123,0.8347179889678955
0.028733741492033005,0.5485751628875732,0.8359125852584839
0.030604520812630653,0.6705620288848877,0.9766072034835815
0.027528563514351845,0.45141321420669556,0.7266988754272461
0.031713660806417465,0.5746973752975464,0.891834020614624
0.028075801208615303,0.402614951133728,0.683372974395752
0.03201470896601677,0.4445810914039612,0.7647281885147095
0.02713947184383869,0.5495080947875977,0.8209028244018555
0.030593443661928177,0.582273006439209,0.8882074356079102
0.027362346649169922,0.5511453151702881,0.8247687816619873
0.03278794139623642,0.4364166259765625,0.7642960548400879
0.039882414042949677,0.5834766626358032,0.9823008179664612
0.02759612165391445,0.5938558578491211,0.8698170781135559
0.037131812423467636,0.3579283058643341,0.7292464375495911
0.06832138448953629,0.40836772322654724,1.0915815830230713
0.027187097817659378,0.6307983994483948,0.902669370174408
0.032535042613744736,0.5714904069900513,0.8968408107757568
0.02764267660677433,0.6318840980529785,0.9083108901977539
0.02794533036649227,0.4930926263332367,0.7725459337234497
0.02889489009976387,0.43038856983184814,0.7193374633789062
0.030537521466612816,0.4592095911502838,0.7645847797393799
0.02779487334191799,0.6384890675544739,0.9164378046989441
0.027863681316375732,0.6179503202438354,0.8965871334075928
0.027411330491304398,0.568501889705658,0.8426151871681213
0.02857297472655773,0.5480966567993164,0.8338264226913452
0.03219063580036163,0.7195471525192261,1.04145348072052
0.028618162497878075,0.5562991499900818,0.8424807786941528
0.03211084008216858,0.6814029216766357,1.0025112628936768
0.03037601336836815,0.672656774520874,0.9764169454574585
0.031058570370078087,0.4352962374687195,0.7458819150924683
0.0277694221585989,0.5938868522644043,0.8715810775756836
0.03488021716475487,0.3451780080795288,0.6939802169799805
0.02837073616683483,0.5995501279830933,0.8832575082778931
0.027776330709457397,0.42448192834854126,0.7022452354431152
0.03218138962984085,0.4090179204940796,0.7308318018913269
0.028807297348976135,0.6162742972373962,0.90434730052948
0.0552273765206337,0.5897031426429749,1.1419768333435059
0.027624502778053284,0.5426276922225952,0.8188726902008057
0.030568672344088554,0.4606871008872986,0.7663738131523132
0.030010530725121498,0.5373190641403198,0.8374243974685669
0.031804077327251434,0.4433445334434509,0.7613853216171265
0.03864840045571327,0.43571656942367554,0.8222005367279053
0.04636114090681076,0.6182562112808228,1.0818676948547363
0.0300043523311615,0.6675875782966614,0.9676311016082764
0.027897626161575317,0.5572992563247681,0.8362755179405212
0.037507545202970505,0.4873560070991516,0.8624314665794373
0.02889997325837612,0.5250647068023682,0.8140644431114197
0.02886827476322651,0.3756055235862732,0.6642882823944092
0.02916659601032734,0.5971449017524719,0.8888108730316162
0.029855865985155106,0.5937879085540771,0.8923465609550476
0.02877618744969368,0.46077960729599,0.7485414743423462
0.02803921140730381,0.5549293160438538,0.8353214263916016
0.04050038754940033,0.3848015069961548,0.7898054122924805
0.042488280683755875,0.4596346318721771,0.8845174312591553
0.028786994516849518,0.42478102445602417,0.7126509547233582
0.03340352326631546,0.606913685798645,0.9409489035606384
0.027954822406172752,0.5471635460853577,0.8267117738723755
0.03756072744727135,0.5768197774887085,0.9524270296096802
0.0331953763961792,0.48732197284698486,0.8192757368087769
0.028279021382331848,0.6070823669433594,0.8898725509643555
0.029616452753543854,0.5140079259872437,0.810172438621521
0.028698571026325226,0.5008045434951782,0.7877902388572693
0.03193671628832817,0.5196226835250854,0.8389898538589478
0.036002885550260544,0.5487570762634277,0.9087859392166138
0.02808859571814537,0.5161463022232056,0.7970322370529175
0.02766859345138073,0.6553729772567749,0.9320589303970337
0.031537819653749466,0.5708519220352173,0.8862301111221313
0.038297541439533234,0.5788464546203613,0.9618218541145325
0.031049583107233047,0.5587259531021118,0.8692218065261841
0.038702379912137985,0.5105025172233582,0.8975263237953186
0.03687666729092598,0.6475911736488342,1.0163578987121582
0.02730734832584858,0.627456545829773,0.9005300402641296
0.032623544335365295,0.5223550796508789,0.8485904932022095
0.031560204923152924,0.5653401613235474,0.8809422254562378
0.027786236256361008,0.5626973509788513,0.840559720993042
0.06390675902366638,0.7118789553642273,1.3509465456008911
0.027325378730893135,0.6414806842803955,0.9147344827651978
0.03428187966346741,0.6112638711929321,0.9540826678276062
0.06752745062112808,0.4754164218902588,1.1506909132003784
0.02948104962706566,0.5786198377609253,0.8734303712844849
0.030034339055418968,0.5560372471809387,0.8563806414604187
0.030239559710025787,0.4973781108856201,0.7997736930847168
0.030133185908198357,0.4588700532913208,0.7602019309997559
0.03334547206759453,0.43344366550445557,0.7668983936309814
0.04192247986793518,0.6300550699234009,1.0492799282073975
0.034480419009923935,0.3691330552101135,0.7139372825622559
0.034417688846588135,0.5084848999977112,0.8526617884635925
0.039726562798023224,0.5146586894989014,0.9119243025779724
0.03157252445816994,0.49673062562942505,0.8124558925628662
0.0476272851228714,0.5314145088195801,1.0076873302459717
0.036179929971694946,0.5883113145828247,0.9501106142997742
0.03780888020992279,0.553828239440918,0.9319170713424683
0.0279677826911211,0.5981420278549194,0.8778198957443237
0.04167575761675835,0.5439841747283936,0.9607417583465576
0.028059950098395348,0.43934574723243713,0.7199452519416809
0.03760972246527672,0.5552148222923279,0.931312084197998
0.04259912669658661,0.5432491302490234,0.9692404270172119
0.029160674661397934,0.6390734910964966,0.9306802749633789
0.06480178236961365,0.5860162377357483,1.2340340614318848
0.028160031884908676,0.4717004895210266,0.7533007860183716
0.027474746108055115,0.49828672409057617,0.7730342149734497
0.04228363186120987,0.5390394926071167,0.9618757963180542
0.03672308474779129,0.48690253496170044,0.8541333675384521
0.02980407327413559,0.6135214567184448,0.9115622043609619
0.03802146017551422,0.5260492563247681,0.9062638282775879
0.039940349757671356,0.41961967945098877,0.8190231919288635
0.027786074206233025,0.5828108191490173,0.8606715202331543
0.02900402806699276,0.556989312171936,0.8470295667648315
0.027330666780471802,0.4655657112598419,0.7388724088668823
0.043538898229599,0.529498279094696,0.964887261390686
0.03956667333841324,0.5970468521118164,0.9927135705947876
0.027335485443472862,0.5155733823776245,0.7889282703399658
0.028026048094034195,0.4913116991519928,0.7715721726417542
0.05633345618844032,0.6907910108566284,1.2541255950927734
0.03510799631476402,0.5197920799255371,0.8708720207214355
0.027331894263625145,0.6066410541534424,0.8799600005149841
0.038937706500291824,0.618358850479126,1.0077359676361084
0.028526464477181435,0.5126973390579224,0.797961950302124
0.03317846357822418,0.6116862297058105,0.94347083568573
0.02831306867301464,0.6886622905731201,0.9717929363250732
0.028672361746430397,0.6934351921081543,0.980158805847168
0.027739470824599266,0.4835489094257355,0.7609436511993408
0.028480669483542442,0.5990062355995178,0.8838129043579102
0.029414517804980278,0.621533989906311,0.9156791567802429
0.03441338241100311,0.5675091743469238,0.9116430282592773
0.027390269562602043,0.5916445255279541,0.8655471801757812
0.03402494639158249,0.594529926776886,0.9347794055938721
0.027723828330636024,0.5057421922683716,0.7829804420471191
0.031044378876686096,0.5798913836479187,0.890335202217102
0.03195293992757797,0.5247707366943359,0.8443001508712769
0.03233269229531288,0.4000733196735382,0.7234002351760864
0.042328912764787674,0.5226402282714844,0.9459293484687805
0.027987249195575714,0.5623090863227844,0.8421815633773804
0.03266439586877823,0.45090430974960327,0.7775482535362244
0.033804383128881454,0.5394212603569031,0.8774651288986206
0.02829841896891594,0.5246399641036987,0.8076241612434387
0.027235163375735283,0.6291486024856567,0.9015002250671387
0.03502413630485535,0.5549168586730957,0.9051582217216492
0.029326098039746284,0.5096253156661987,0.8028863072395325
0.02822849713265896,0.47681811451911926,0.7591030597686768
0.027693046256899834,0.6364628672599792,0.9133933186531067
0.027799393981695175,0.44534996151924133,0.7233439087867737
0.027783261612057686,0.4853580892086029,0.763190746307373
0.04549376294016838,0.6975781917572021,1.1525158882141113
0.028356971219182014,0.6045176982879639,0.8880873918533325
0.027529658749699593,0.5251303911209106,0.8004269599914551
0.02887713722884655,0.5855472087860107,0.8743185997009277
0.030375417321920395,0.58318030834198,0.8869345188140869
0.03266734629869461,0.6851877570152283,1.0118612051010132
0.028563586995005608,0.5751774311065674,0.8608132600784302
0.027227716520428658,0.7194705009460449,0.9917476773262024
0.02750421315431595,0.5874258279800415,0.8624679446220398
0.05432267487049103,0.5501302480697632,1.093356966972351
0.035701118409633636,0.6076407432556152,0.9646519422531128
0.03153713792562485,0.31366151571273804,0.6290329098701477
0.03577636182308197,0.5795812010765076,0.9373447895050049
0.02816668711602688,0.5357919931411743,0.8174588680267334
0.029301103204488754,0.6355569362640381,0.9285680055618286
0.02772350236773491,0.6058815121650696,0.8831165432929993
0.03275299817323685,0.3857557475566864,0.7132856845855713
0.028908466920256615,0.49144434928894043,0.7805290222167969
0.03614696487784386,0.5404281616210938,0.9018977880477905
0.029908625409007072,0.5319864153862,0.8310726881027222
0.03513718768954277,0.5073606371879578,0.8587325215339661
0.029888447374105453,0.4959234893321991,0.7948079705238342
0.046623848378658295,0.5803699493408203,1.0466084480285645
0.02771827206015587,0.5755173563957214,0.8527001142501831
0.029425527900457382,0.6475702524185181,0.9418255090713501
0.06754472851753235,0.545090913772583,1.2205381393432617
0.03195473924279213,0.5511008501052856,0.8706482648849487
0.02847234718501568,0.40138840675354004,0.6861118674278259
0.07771081477403641,0.46782901883125305,1.2449371814727783
0.03161235526204109,0.5445184707641602,0.8606420159339905
0.0294792577624321,0.5576534867286682,0.8524460792541504
0.032275862991809845,0.6677273511886597,0.9904859662055969
0.028554212301969528,0.5053476095199585,0.7908897399902344
0.03728858381509781,0.6967117190361023,1.0695974826812744
0.03297875449061394,0.5605749487876892,0.8903625011444092
0.03203136846423149,0.6566053628921509,0.9769190549850464
0.041473422199487686,0.4068005084991455,0.8215347528457642
0.030051566660404205,0.4174424707889557,0.7179580926895142
0.030120858922600746,0.5763239860534668,0.8775326013565063
0.02818516455590725,0.6668390035629272,0.94869065284729
0.028122153133153915,0.4947488605976105,0.7759703993797302
0.03323778882622719,0.4858512580394745,0.8182291388511658
0.03427905961871147,0.577799916267395,0.9205905199050903
0.03946029394865036,0.47165238857269287,0.8662553429603577
0.02788429893553257,0.4798658490180969,0.7587088346481323
0.04173702001571655,0.47792550921440125,0.8952957391738892
0.04242810979485512,0.43605902791023254,0.8603401184082031
0.029078742489218712,0.5505415201187134,0.8413289785385132
0.031406551599502563,0.3823809325695038,0.696446418762207
0.029268523678183556,0.541375458240509,0.8340606689453125
0.02760864794254303,0.5341852903366089,0.8102717399597168
0.027843764051795006,0.6759980916976929,0.9544357061386108
0.03983764722943306,0.5816128849983215,0.9799893498420715
0.02727382630109787,0.4402947425842285,0.7130330204963684
0.027623137459158897,0.37258008122444153,0.6488114595413208
0.028672099113464355,0.4056348204612732,0.6923558115959167
0.02790580876171589,0.538449227809906,0.8175073266029358
0.02744753472507,0.523876428604126,0.7983517646789551
0.028894204646348953,0.5372835397720337,0.8262255787849426
0.031304001808166504,0.5545528531074524,0.8675928711891174
0.02719569392502308,0.5133242607116699,0.7852811813354492
0.02922067977488041,0.5126349925994873,0.8048417568206787
0.1433725655078888,0.6796218752861023,2.1133475303649902
0.02746017649769783,0.6804082989692688,0.9550100564956665
0.031083131209015846,0.3891903758049011,0.7000216841697693
0.028660282492637634,0.4800896644592285,0.7666925191879272
0.03782818093895912,0.6948864459991455,1.0731682777404785
0.027807576581835747,0.5662717223167419,0.8443474769592285
0.029289498925209045,0.5694865584373474,0.8623815774917603
0.027968648821115494,0.5069879293441772,0.7866743803024292
0.030299732461571693,0.5725033283233643,0.8755006790161133
0.027446264401078224,0.5924174189567566,0.8668800592422485
0.04171699285507202,0.467438668012619,0.8846086263656616
0.0374104343354702,0.43073469400405884,0.804839015007019
0.028933698311448097,0.532639741897583,0.8219767212867737
0.028333229944109917,0.5927272439002991,0.8760595321655273
0.035712260752916336,0.511394739151001,0.8685173392295837
0.03852389007806778,0.28021344542503357,0.6654523611068726
0.028653642162680626,0.6237192153930664,0.9102556705474854
0.028547434136271477,0.6810665130615234,0.9665408134460449
0.027453789487481117,0.5427226424217224,0.8172605037689209
0.02927905134856701,0.6522859334945679,0.9450764656066895
0.03566126525402069,0.7440702319145203,1.1006828546524048
0.028585882857441902,0.5795942544937134,0.8654531240463257
0.03031555376946926,0.580994725227356,0.8841502666473389
0.0281993318349123,0.5833442807197571,0.865337610244751
0.028997287154197693,0.5786840915679932,0.8686569929122925
0.02866421639919281,0.6002134084701538,0.8868556022644043
0.027934618294239044,0.6148566007614136,0.8942027688026428
0.027104392647743225,0.5213592052459717,0.7924031019210815
0.028816834092140198,0.6479330658912659,0.9361014366149902
0.02759348787367344,0.5037888288497925,0.7797237038612366
0.04268745705485344,0.4479488134384155,0.8748233914375305
0.03053181618452072,0.5407172441482544,0.8460354208946228
0.036295320838689804,0.4624650180339813,0.82541823387146
0.02799184061586857,0.5772919654846191,0.8572103977203369
0.027609217911958694,0.5340332984924316,0.810125470161438
0.02774427831172943,0.5470895767211914,0.8245323896408081
0.07529697567224503,0.6295168399810791,1.3824865818023682
0.029573854058980942,0.4770101010799408,0.7727486491203308
0.04648686945438385,0.519305944442749,0.9841746091842651
0.031121106818318367,0.6332730650901794,0.9444841146469116
0.036439791321754456,0.5843815207481384,0.9487794637680054
0.03289002925157547,0.5499734878540039,0.8788737654685974
0.042186200618743896,0.45780712366104126,0.8796691298484802
0.028002241626381874,0.455956369638443,0.7359787821769714
0.030888570472598076,0.5457168817520142,0.854602575302124
0.029638448730111122,0.6073490977287292,0.9037336111068726
0.03486630320549011,0.5381191968917847,0.8867822289466858
0.033413179218769073,0.6520209908485413,0.9861527681350708
0.04474993050098419,0.37839174270629883,0.8258910179138184
0.03998827561736107,0.49175482988357544,0.8916375637054443
0.03899862989783287,0.5640683770179749,0.9540547132492065
0.031424298882484436,0.6968148350715637,1.0110578536987305
0.038816630840301514,0.4507095515727997,0.8388758897781372
0.03817673772573471,0.4811290502548218,0.8628964424133301
0.04051126912236214,0.5412609577178955,0.9463736414909363
0.039171673357486725,0.34051814675331116,0.7322348356246948
0.027686825022101402,0.6905949115753174,0.9674631357192993
0.03824416920542717,0.5334712862968445,0.9159129858016968
0.03467273339629173,0.4582153856754303,0.8049427270889282
0.02986905165016651,0.5773393511772156,0.8760298490524292
0.03509229049086571,0.5570810437202454,0.9080039262771606
0.027843687683343887,0.6546313762664795,0.9330682754516602
0.02832523174583912,0.5471861958503723,0.830438494682312
0.02812216244637966,0.44043242931365967,0.7216540575027466
0.03246326744556427,0.6751366853713989,0.9997693300247192
0.03279278799891472,0.4481427073478699,0.7760705947875977
0.027639416977763176,0.38478702306747437,0.6611812114715576
0.03429248183965683,0.5295214653015137,0.8724462985992432
0.02799973078072071,0.6244121789932251,0.9044095277786255
0.02740577608346939,0.656021237373352,0.9300789833068848
0.027420757338404655,0.427412748336792,0.70162034034729
0.02951534278690815,0.3895825147628784,0.6847359538078308
0.028228186070919037,0.39798614382743835,0.6802680492401123
0.04191220551729202,0.4369552433490753,0.8560773134231567
0.030451353639364243,0.4590070843696594,0.7635205984115601
0.027087274938821793,0.43219807744026184,0.7030708193778992
0.028936410322785378,0.3768237233161926,0.6661878228187561
0.04810352623462677,0.48529964685440063,0.9663349390029907
0.027529209852218628,0.6460542678833008,0.9213463664054871
0.04395639896392822,0.5071486234664917,0.9467126131057739
0.04267656430602074,0.5264862775802612,0.9532519578933716
0.029497263953089714,0.4868883788585663,0.7818610072135925
0.02795291133224964,0.5094291567802429,0.7889583110809326
0.028499167412519455,0.4054521322250366,0.6904438138008118
0.027098366990685463,0.592484712600708,0.8634684085845947
0.033142056316137314,0.5438055396080017,0.8752261400222778
0.02797037921845913,0.6451614499092102,0.9248652458190918
0.028066447004675865,0.314395010471344,0.5950595140457153
0.02986910007894039,0.54466712474823,0.8433581590652466
0.027536839246749878,0.5936259031295776,0.8689942955970764
0.03658277168869972,0.595815122127533,0.961642861366272
0.037031546235084534,0.5960037112236023,0.96631920337677
0.04376031458377838,0.5260906219482422,0.9636937379837036
0.04009135812520981,0.5786275863647461,0.9795411825180054
0.027025479823350906,0.4417685866355896,0.7120233774185181
0.031065093353390694,0.6804310083389282,0.991081953048706
0.04154977202415466,0.5244032740592957,0.9399009943008423
0.03733988106250763,0.5990328788757324,0.9724316596984863
0.036256853491067886,0.4174959361553192,0.7800644636154175
0.028575457632541656,0.6990537643432617,0.9848083257675171
0.02942347154021263,0.5781092643737793,0.8723440170288086
0.02951061725616455,0.42588576674461365,0.7209919691085815
0.040975574404001236,0.45537853240966797,0.8651342391967773
0.0338514968752861,0.6020885705947876,0.9406035542488098
0.02880648896098137,0.5852800607681274,0.8733449578285217
0.02750999480485916,0.532916784286499,0.8080167174339294
0.027548285201191902,0.6348013877868652,0.9102842807769775
0.0408395379781723,0.4598119854927063,0.8682073354721069
0.035806287080049515,0.5344316959381104,0.8924945592880249
0.027207713574171066,0.4373360574245453,0.7094131708145142
0.02818264812231064,0.5675925016403198,0.8494189977645874
0.027654919773340225,0.39057379961013794,0.6671229600906372
0.027524208649992943,0.5568827390670776,0.8321248292922974
0.02709144353866577,0.39525991678237915,0.6661743521690369
0.02847689390182495,0.47910982370376587,0.7638787627220154
0.05425817146897316,0.61643385887146,1.1590156555175781
0.028717728331685066,0.5832752585411072,0.8704525232315063
0.07998457551002502,0.6347532272338867,1.4345989227294922
0.028490722179412842,0.5993242859840393,0.8842315077781677
0.029614871367812157,0.4227505624294281,0.7188992500305176
0.02823539264500141,0.584014892578125,0.86636883020401
0.028387179598212242,0.6164821982383728,0.9003540277481079
0.02865324355661869,0.5397833585739136,0.8263157606124878
0.028690742328763008,0.45321786403656006,0.740125298500061
0.0431152768433094,0.4602327346801758,0.8913854956626892
0.030018925666809082,0.6268777847290039,0.9270670413970947
0.03030364029109478,0.5470202565193176,0.8500566482543945
0.029904954135417938,0.5327351093292236,0.8317846655845642
0.05533802509307861,0.45646432042121887,1.0098445415496826
0.031177332624793053,0.48940309882164,0.8011764287948608
0.03996444121003151,0.42781975865364075,0.8274641633033752
0.040881168097257614,0.522235095500946,0.9310467839241028
0.029985185712575912,0.5195223093032837,0.8193742036819458
0.03886058181524277,0.4302733838558197,0.818879246711731
0.028564156964421272,0.7248560190200806,1.0104975700378418
0.02881455607712269,0.6520346999168396,0.9401803016662598
0.03587181493639946,0.5202347040176392,0.8789528608322144
0.03976939991116524,0.4952276051044464,0.8929215669631958
0.03206939622759819,0.4941053092479706,0.8147993087768555
0.032101236283779144,0.5591259598731995,0.8801383376121521
0.05491476505994797,0.5894165635108948,1.1385642290115356
0.027733350172638893,0.4793373942375183,0.7566708922386169
0.04424826800823212,0.5167267918586731,0.9592094421386719
0.03453948721289635,0.43957632780075073,0.7849712371826172
0.12855322659015656,0.6125253438949585,1.8980575799942017
0.042779915034770966,0.4691653549671173,0.8969645500183105
0.03580028936266899,0.5585533380508423,0.9165562391281128
0.03519487380981445,0.6902238130569458,1.0421725511550903
0.029794542118906975,0.5379840135574341,0.8359293937683105
0.028641818091273308,0.6758670806884766,0.9622852802276611
0.035819683223962784,0.5469765663146973,0.9051734209060669
0.03000953420996666,0.6262794733047485,0.9263747930526733
0.03512335941195488,0.5489943027496338,0.9002279043197632
0.03235006704926491,0.4935276508331299,0.817028284072876
0.02921544387936592,0.5882556438446045,0.8804100751876831
0.04102685675024986,0.5609562397003174,0.9712247848510742
0.03151271119713783,0.6168525218963623,0.9319796562194824
0.028693582862615585,0.6357957720756531,0.9227316379547119
0.03375955671072006,0.37900274991989136,0.7165983319282532
0.053120192140340805,0.46492254734039307,0.9961244463920593
0.037646181881427765,0.653857946395874,1.0303196907043457
0.02763066440820694,0.5812181234359741,0.8575247526168823
0.029676424339413643,0.503365695476532,0.8001299500465393
0.0364411436021328,0.4188153147697449,0.783226728439331
0.028249720111489296,0.5210699439048767,0.8035671710968018
0.0390433706343174,0.3469013571739197,0.7373350858688354
0.02732827328145504,0.5110459327697754,0.7843286991119385
0.035686369985342026,0.6455665230751038,1.0024302005767822
0.029031679034233093,0.5310167074203491,0.8213335275650024
0.028203656896948814,0.6426501870155334,0.9246867895126343
0.028420787304639816,0.37041962146759033,0.6546275019645691
0.04033908247947693,0.6281486749649048,1.0315394401550293
0.036526311188936234,0.6147114634513855,0.9799745678901672
0.042890764772892,0.6171441674232483,1.0460517406463623
0.03209638595581055,0.6402425765991211,0.9612064361572266
0.13172806799411774,0.6725299954414368,1.9898107051849365
0.02744315192103386,0.439525842666626,0.7139573693275452
0.034706439822912216,0.5755969285964966,0.922661304473877
0.0274458397179842,0.632107675075531,0.9065660834312439
0.04266328737139702,0.5172526836395264,0.9438855648040771
0.02965879999101162,0.5558966398239136,0.8524846434593201
0.037616197019815445,0.5711491703987122,0.9473111629486084
0.035599593073129654,0.5276073813438416,0.8836033344268799
0.028600255027413368,0.5698151588439941,0.8558176755905151
0.03390287235379219,0.4397296905517578,0.7787584066390991
0.02900954894721508,0.5470603704452515,0.837155818939209
0.03238602355122566,0.6133215427398682,0.9371817708015442
0.028246194124221802,0.49179649353027344,0.7742584347724915
0.027891093865036964,0.4818900525569916,0.7608009576797485
0.027593286707997322,0.39485543966293335,0.6707882881164551
0.028292354196310043,0.5374865531921387,0.8204101324081421
0.02775452472269535,0.39920946955680847,0.6767547130584717
0.027444614097476006,0.5433098077774048,0.817755937576294
0.09550093114376068,0.520730197429657,1.4757394790649414
0.033040136098861694,0.49044105410575867,0.8208423852920532
0.028457630425691605,0.5246133804321289,0.8091896772384644
0.030405452474951744,0.5548421740531921,0.8588967323303223
0.031452156603336334,0.6343342065811157,0.9488557577133179
0.04083217307925224,0.6505492329597473,1.0588710308074951
0.0372023768723011,0.5339617729187012,0.9059855341911316
0.0401432067155838,0.6638840436935425,1.065316081047058
0.038013581186532974,0.5381554365158081,0.9182912111282349
0.02879919484257698,0.4696691632270813,0.7576611042022705
0.04529617354273796,0.5599526762962341,1.0129144191741943
0.028538115322589874,0.4946078956127167,0.7799890041351318
0.02862599864602089,0.4641837477684021,0.750443696975708
0.032219093292951584,0.474258154630661,0.7964490652084351
0.028254874050617218,0.4918900728225708,0.7744387984275818
0.029495026916265488,0.569660484790802,0.8646107912063599
0.03251679614186287,0.4605705142021179,0.785738468170166
0.027847260236740112,0.47245103120803833,0.7509236335754395
0.041622813791036606,0.3531312346458435,0.7693593502044678
0.03368668258190155,0.5571924448013306,0.8940593004226685
0.04156528785824776,0.5587347745895386,0.9743876457214355
0.02821122296154499,0.4834287166595459,0.7655409574508667
0.03094371035695076,0.552885890007019,0.862322986125946
0.027241546660661697,0.5724589228630066,0.844874382019043
0.09499776363372803,0.595905065536499,1.5458827018737793
0.028715038672089577,0.42739492654800415,0.7145453095436096
0.027288155630230904,0.5622597336769104,0.8351413011550903
0.028348876163363457,0.5360126495361328,0.8195013999938965
0.03053887002170086,0.6291836500167847,0.9345723390579224
0.028465544804930687,0.6258306503295898,0.910486102104187
0.033647291362285614,0.30314144492149353,0.6396143436431885
0.028462981805205345,0.502126932144165,0.7867567539215088
0.02734989859163761,0.40806177258491516,0.681560754776001
0.03112110309302807,0.5941824913024902,0.9053934812545776
0.029701313003897667,0.6156995296478271,0.9127126932144165
0.027533335611224174,0.6494291424751282,0.924762487411499
0.02820487879216671,0.5537432432174683,0.835792064666748
0.04201412573456764,0.5798222422599792,0.9999635219573975
0.033823322504758835,0.5428692102432251,0.881102442741394
0.08443230390548706,0.3907020390033722,1.2350250482559204
0.029527371749281883,0.5384970903396606,0.8337708115577698
0.02873140200972557,0.5252999067306519,0.8126139640808105
0.027937686070799828,0.49625086784362793,0.7756277322769165
0.02747240848839283,0.5640383958816528,0.8387625217437744
0.02912157215178013,0.5328547954559326,0.8240705132484436
0.04267404228448868,0.2753264307975769,0.7020668387413025
0.028620589524507523,0.5926312208175659,0.8788371086120605
0.028451772406697273,0.5375648736953735,0.8220826387405396
0.028414210304617882,0.6010919213294983,0.885233998298645
0.03328833356499672,0.47110605239868164,0.8039894104003906
0.027912700548768044,0.5942882299423218,0.8734152317047119
0.027163390070199966,0.484821081161499,0.7564549446105957
0.03264833986759186,0.35345637798309326,0.6799397468566895
0.03688054904341698,0.5914081335067749,0.9602136611938477
0.03459763154387474,0.6575837731361389,1.0035600662231445
0.028786560520529747,0.5285152196884155,0.8163808584213257
0.028052909299731255,0.5711045861244202,0.8516336679458618
0.032881587743759155,0.5261232852935791,0.8549391627311707
0.0422920361161232,0.47182708978652954,0.8947474360466003
0.03563405200839043,0.45676544308662415,0.8131059408187866
0.0412544384598732,0.56499183177948,0.9775362014770508
0.027309559285640717,0.5940370559692383,0.8671326637268066
0.04210437461733818,0.4410534203052521,0.8620971441268921
0.03492991253733635,0.4454171657562256,0.7947162985801697
0.027161749079823494,0.5339549779891968,0.805572509765625
0.027967585250735283,0.45095813274383545,0.7306339740753174
0.027312004938721657,0.4940137267112732,0.7671337723731995
0.04548252373933792,0.41496795415878296,0.869793176651001
0.030425366014242172,0.5487779974937439,0.8530316352844238
0.04800140857696533,0.5385884046554565,1.0186024904251099
0.029539182782173157,0.6404483318328857,0.9358401298522949
0.039489492774009705,0.4962198734283447,0.8911148309707642
0.02832573838531971,0.5049246549606323,0.7881820201873779
0.03420184552669525,0.6515936851501465,0.9936121702194214
0.03320416063070297,0.4659717082977295,0.7980133295059204
0.02759259194135666,0.6142145395278931,0.8901404738426208
0.028130874037742615,0.5434281229972839,0.8247368335723877
0.027486249804496765,0.4606672525405884,0.7355297803878784
0.031016170978546143,0.4811614453792572,0.791323184967041
0.027959180995821953,0.5649251341819763,0.844516932964325
0.027529433369636536,0.5355676412582397,0.8108619451522827
0.0334639698266983,0.5991070866584778,0.9337468147277832
0.029343701899051666,0.5984925031661987,0.8919295072555542
0.02781677059829235,0.6417802572250366,0.9199479818344116
0.03727303817868233,0.677297830581665,1.0500282049179077
0.027221184223890305,0.46164095401763916,0.7338528037071228
0.027624694630503654,0.40638917684555054,0.6826361417770386
0.042281556874513626,0.5466992855072021,0.9695148468017578
0.03191964700818062,0.5485010147094727,0.8676974773406982
0.03284360468387604,0.49176180362701416,0.8201978206634521
0.09922795742750168,0.5210235118865967,1.5133030414581299
0.030975667759776115,0.5474193096160889,0.8571759462356567
0.028441544622182846,0.5929410457611084,0.8773565292358398
0.04319750517606735,0.46204787492752075,0.8940229415893555
0.03950641304254532,0.5731889605522156,0.9682530760765076
0.030665986239910126,0.5852259397506714,0.8918858170509338
0.031380970031023026,0.6073601245880127,0.9211698174476624
0.04082038998603821,0.5936020612716675,1.0018060207366943
0.03017173521220684,0.6996157765388489,1.0013331174850464
0.053593557327985764,0.5450357794761658,1.080971360206604
0.029625384137034416,0.5595033764839172,0.8557572364807129
0.03756638616323471,0.43500810861587524,0.8106719851493835
0.04245597496628761,0.5232980847358704,0.9478578567504883
0.029045119881629944,0.4259069263935089,0.7163581252098083
0.028933901339769363,0.6028140783309937,0.8921530842781067
0.03109579347074032,0.6655769348144531,0.9765348434448242
0.028051940724253654,0.6659337878227234,0.9464532136917114
0.029403991997241974,0.6098546385765076,0.9038945436477661
0.028251638635993004,0.5390034914016724,0.8215198516845703
0.042688507586717606,0.6044416427612305,1.0313267707824707
0.02872183918952942,0.5470395088195801,0.8342579007148743
0.029590947553515434,0.6168090105056763,0.9127184748649597
0.03063218668103218,0.44741910696029663,0.7537409663200378
0.02744932845234871,0.6300852298736572,0.9045785069465637
0.027722256258130074,0.44504642486572266,0.7222689986228943
0.029030026867985725,0.6753948330879211,0.9656951427459717
0.066250741481781,0.7310395836830139,1.3935470581054688
0.027688248082995415,0.564342737197876,0.8412252068519592
0.030070701614022255,0.46739834547042847,0.7681053876876831
0.032831571996212006,0.49257582426071167,0.8208915591239929
0.03009486198425293,0.5723510384559631,0.8732996582984924
0.027972443029284477,0.42525455355644226,0.7049789428710938
0.030931707471609116,0.5879852175712585,0.8973022699356079
0.03445747494697571,0.49560654163360596,0.840181291103363
0.028410887345671654,0.5628454089164734,0.8469542860984802
0.027851378545165062,0.6071264147758484,0.8856402039527893
0.030819328501820564,0.4790964722633362,0.7872897386550903
0.04077848419547081,0.49107444286346436,0.8988592624664307
0.027118904516100883,0.7611610293388367,1.0323500633239746
0.028025861829519272,0.5771962404251099,0.8574548959732056
0.02821076288819313,0.5807809233665466,0.8628885746002197
0.030329540371894836,0.5317468643188477,0.8350422382354736
0.03188609331846237,0.6542847752571106,0.9731457233428955
0.027736639603972435,0.5812627077102661,0.8586291074752808
0.030681870877742767,0.49287161231040955,0.7996903657913208
0.028786340728402138,0.6253740191459656,0.913237452507019
0.028917571529746056,0.4811742305755615,0.7703499794006348
0.034618377685546875,0.5435413122177124,0.8897250890731812
0.029322220012545586,0.428972989320755,0.7221951484680176
0.11278615146875381,0.38478344678878784,1.5126450061798096
0.027743760496377945,0.6473295092582703,0.9247671365737915
0.02798352763056755,0.43553853034973145,0.7153738141059875
0.03852948918938637,0.5557878017425537,0.9410827159881592
0.028953302651643753,0.6720853447914124,0.9616183638572693
0.039563652127981186,0.5395100116729736,0.9351465702056885
0.028012491762638092,0.5585625171661377,0.8386874198913574
0.027841877192258835,0.5795633792877197,0.8579821586608887
0.0343284010887146,0.4928359389305115,0.8361199498176575
0.02860790118575096,0.3903024196624756,0.6763814687728882
0.028978347778320312,0.45223623514175415,0.7420197129249573
0.0397496372461319,0.4919854402542114,0.889481782913208
0.029427750036120415,0.4555082619190216,0.7497857809066772
0.034584637731313705,0.5979286432266235,0.9437750577926636
0.04340193420648575,0.46644479036331177,0.9004641175270081
0.02887634187936783,0.49368569254875183,0.7824491262435913
0.03486393764615059,0.6535083055496216,1.0021476745605469
0.030384473502635956,0.4117956757545471,0.7156404256820679
0.031150059774518013,0.5242221355438232,0.8357227444648743
0.027665721252560616,0.4807405471801758,0.7573977708816528
0.030931029468774796,0.5278704762458801,0.8371807336807251
0.03325022757053375,0.6960146427154541,1.0285168886184692
0.03882087022066116,0.5462552309036255,0.9344639182090759
0.042515724897384644,0.485792875289917,0.9109501242637634
0.028391769155859947,0.5570923089981079,0.8410099744796753
0.02796921879053116,0.3860439360141754,0.6657360792160034
0.02727290242910385,0.42437735199928284,0.6971063613891602
0.060715451836586,0.4846291244029999,1.0917836427688599
0.04063186049461365,0.6001458168029785,1.0064644813537598
0.028044134378433228,0.6568564176559448,0.9372977614402771
0.027371780946850777,0.7479153871536255,1.0216331481933594
0.03321116790175438,0.5891929864883423,0.9213047027587891
0.027582447975873947,0.7125688791275024,0.9883933663368225
0.03707706183195114,0.5975107550621033,0.9682813882827759
0.029499182477593422,0.39552220702171326,0.6905140280723572
0.043409403413534164,0.5778554677963257,1.0119495391845703
0.028043635189533234,0.5157493352890015,0.7961856722831726
0.02787121757864952,0.48256656527519226,0.7612787485122681
0.028083842247724533,0.4293217062950134,0.7101601362228394
0.028214890509843826,0.648780107498169,0.9309290051460266
0.031216535717248917,0.3793564736843109,0.6915218234062195
0.027042720466852188,0.604426920413971,0.8748540878295898
0.027423158288002014,0.5574697256088257,0.8317012786865234
0.0300078634172678,0.5105880498886108,0.8106666803359985
0.02829887717962265,0.6825316548347473,0.965520441532135
0.027351386845111847,0.5200151205062866,0.7935289740562439
0.02818666584789753,0.49998754262924194,0.7818542122840881
0.028395310044288635,0.45905590057373047,0.7430089712142944
0.03176240622997284,0.3718799352645874,0.6895040273666382
0.030037449672818184,0.5991506576538086,0.8995251655578613
0.02763325907289982,0.4203002452850342,0.6966328620910645
0.027639221400022507,0.48689842224121094,0.7632906436920166
0.029024481773376465,0.5436074733734131,0.8338522911071777
0.03769710287451744,0.47885119915008545,0.8558222055435181
0.027438730001449585,0.5850492715835571,0.859436571598053
0.030716029927134514,0.6574314832687378,0.9645917415618896
0.034384459257125854,0.6696174144744873,1.0134620666503906
0.07236026227474213,0.6436743140220642,1.367276906967163
0.1288522183895111,0.6637442111968994,1.9522664546966553
0.027984442189335823,0.5708188414573669,0.8506633043289185
0.02900809794664383,0.6430748701095581,0.9331558346748352
0.03083275817334652,0.583086371421814,0.8914139270782471
0.02995229884982109,0.4171600341796875,0.716683030128479
0.03209470957517624,0.4818270802497864,0.80277419090271
0.03541296347975731,0.665701687335968,1.0198312997817993
0.041901759803295135,0.4607999920845032,0.8798176050186157
0.028812270611524582,0.6631066799163818,0.9512293934822083
0.03389847278594971,0.4443351626396179,0.783319890499115
0.03349195420742035,0.4107782244682312,0.7456977367401123
0.042199283838272095,0.5956997871398926,1.0176925659179688
0.028842458501458168,0.47766321897506714,0.7660877704620361
0.027559133246541023,0.5304892659187317,0.8060805797576904
0.04211336746811867,0.3702463209629059,0.791379988193512
0.028764525428414345,0.6007859706878662,0.888431191444397
0.031570591032505035,0.5828715562820435,0.8985774517059326
0.03130556270480156,0.3487136960029602,0.6617693305015564
0.028270414099097252,0.6680987477302551,0.9508029222488403
0.04761894419789314,0.6389907598495483,1.115180253982544
0.029070209711790085,0.4060858488082886,0.69678795337677
0.03230442851781845,0.6293815970420837,0.9524258971214294
0.02980440855026245,0.4270712733268738,0.7251153588294983
0.029210612177848816,0.5707722306251526,0.8628783226013184
0.04050954431295395,0.5887861251831055,0.9938815832138062
0.027555610984563828,0.48845231533050537,0.7640084028244019
0.02841748483479023,0.607715368270874,0.8918902277946472
0.03033347800374031,0.5903840661048889,0.8937188386917114
0.032138995826244354,0.6171848773956299,0.9385748505592346
0.03523729741573334,0.5333316922187805,0.8857046365737915
0.04119206219911575,0.5845532417297363,0.9964738488197327
0.028474954888224602,0.5388318300247192,0.823581337928772
0.030563531443476677,0.5626824498176575,0.868317723274231
0.028091909363865852,0.5600095391273499,0.8409286737442017
0.02822190336883068,0.5716568827629089,0.8538758754730225
0.030168186873197556,0.538455605506897,0.8401374816894531
0.04124134033918381,0.3811444044113159,0.7935578227043152
0.033782877027988434,0.6629675626754761,1.0007963180541992
0.030674435198307037,0.6106873154640198,0.917431652545929
0.03023940697312355,0.502972424030304,0.8053665161132812
0.032856523990631104,0.5913759469985962,0.9199411869049072
0.03406370058655739,0.4584200382232666,0.7990570068359375
0.028980739414691925,0.596664309501648,0.886471688747406
0.030741531401872635,0.6219865083694458,0.9294018149375916
0.030838238075375557,0.5074429512023926,0.815825343132019
0.02801513671875,0.5392096042633057,0.8193609714508057
0.1004604771733284,0.4808362126350403,1.485440969467163
0.02892696112394333,0.6148233413696289,0.9040929675102234
0.10865432024002075,0.5146148800849915,1.6011581420898438
0.07550664246082306,0.6105139255523682,1.3655803203582764
0.04161359742283821,0.3625270128250122,0.7786629796028137
0.027751600369811058,0.498645156621933,0.7761611938476562
0.03501735255122185,0.305181622505188,0.6553551554679871
0.02979999966919422,0.6323351860046387,0.9303351640701294
0.029126692563295364,0.4487338066101074,0.7400007247924805
0.042642079293727875,0.49183419346809387,0.9182549715042114
0.03925570473074913,0.4626825153827667,0.8552395701408386
0.033769071102142334,0.45342808961868286,0.7911188006401062
0.040002692490816116,0.6724922060966492,1.072519063949585
0.029501132667064667,0.5654457211494446,0.8604570627212524
0.030383797362446785,0.5269273519515991,0.8307653665542603
0.041476812213659286,0.496568500995636,0.9113366603851318
0.03198709338903427,0.48949646949768066,0.8093674182891846
0.031096814200282097,0.5144983530044556,0.825466513633728
0.027787355706095695,0.5145810842514038,0.7924546003341675
0.03219130262732506,0.6419392824172974,0.9638522863388062
0.04192916676402092,0.5210199356079102,0.9403116106987
0.04084240272641182,0.6581535339355469,1.0665775537490845
0.04269548878073692,0.5904936790466309,1.0174485445022583
0.03496122732758522,0.48315665125846863,0.8327689170837402
0.027717625722289085,0.4761010408401489,0.7532773017883301
0.03614626079797745,0.5131096243858337,0.874572217464447
0.030820166692137718,0.6295625567436218,0.9377642273902893
0.028830835595726967,0.5850342512130737,0.8733426332473755
0.039401669055223465,0.4924902319908142,0.8865069150924683
0.038808975368738174,0.6777493357658386,1.0658390522003174
0.029700351879000664,0.38984885811805725,0.6868523359298706
0.029612014070153236,0.5672224760055542,0.8633426427841187
0.030707864090800285,0.6119545102119446,0.9190331697463989
0.034492939710617065,0.424429327249527,0.76935875415802
0.0401899591088295,0.502957284450531,0.9048568606376648
0.027438027784228325,0.47129517793655396,0.7456754446029663
0.02872348204255104,0.5358080863952637,0.8230428695678711
0.027632761746644974,0.5883932113647461,0.8647208213806152
0.02744317427277565,0.4763748347759247,0.7508065700531006
0.027648262679576874,0.4749228358268738,0.7514054775238037
0.031278323382139206,0.5386050343513489,0.8513882756233215
0.03203464671969414,0.5516797304153442,0.8720262050628662
0.02736084535717964,0.44304853677749634,0.7166569828987122
0.028139334172010422,0.6812793016433716,0.9626726508140564
0.02834288962185383,0.5431452989578247,0.8265742063522339
0.07570468634366989,0.5016955733299255,1.2587424516677856
0.032978180795907974,0.6663743257522583,0.9961560964584351
0.028917385265231133,0.5974599123001099,0.8866337537765503
0.02815389819443226,0.4947854280471802,0.7763243913650513
0.02785411849617958,0.6668766736984253,0.9454178810119629
0.036617033183574677,0.5769357085227966,0.9431060552597046
0.03837427496910095,0.6409450769424438,1.0246877670288086
0.028946150094270706,0.6351954936981201,0.9246569871902466
0.027301467955112457,0.6069861650466919,0.8800008296966553
0.03194045275449753,0.6549081802368164,0.9743127226829529
0.08165474981069565,0.5657153129577637,1.3822628259658813
0.04100682958960533,0.4388108253479004,0.8488790988922119
0.02847745083272457,0.4709894061088562,0.7557638883590698
0.03246566653251648,0.4968499541282654,0.8215066194534302
0.027959521859884262,0.5422768592834473,0.8218721151351929
0.03779704496264458,0.46570801734924316,0.8436784744262695
0.03095456026494503,0.6387620568275452,0.9483076333999634
0.031931743025779724,0.46981507539749146,0.7891324758529663
0.028873156756162643,0.4510958790779114,0.7398274540901184
0.028846796602010727,0.6868175864219666,0.975285530090332
0.027967901900410652,0.3889423608779907,0.6686214208602905
0.030585745349526405,0.6776055693626404,0.9834630489349365
0.029410282149910927,0.576227068901062,0.8703298568725586
0.0435984805226326,0.4802361726760864,0.9162209630012512
0.02868404984474182,0.6838440299034119,0.9706845283508301
0.028395749628543854,0.6190909147262573,0.9030483961105347
0.03129655495285988,0.5973013639450073,0.9102668762207031
0.02902570180594921,0.4757884740829468,0.7660454511642456
0.04113742336630821,0.5515556931495667,0.9629299640655518
0.03802105784416199,0.49605560302734375,0.8762661814689636
0.029372235760092735,0.4855188727378845,0.7792412042617798
0.028896626085042953,0.6496037244796753,0.9385700225830078
0.028718622401356697,0.600507378578186,0.8876936435699463
0.028171677142381668,0.4763200283050537,0.7580367922782898
0.04289168119430542,0.41612279415130615,0.8450396060943604
0.027651188895106316,0.503654956817627,0.7801668643951416
0.029642516747117043,0.3987876772880554,0.6952128410339355
0.041001107543706894,0.6151007413864136,1.0251117944717407
0.02799393981695175,0.5369629859924316,0.8169023990631104
0.06968405842781067,0.48102790117263794,1.1778684854507446
0.028202803805470467,0.5017935037612915,0.7838215827941895
0.03052416630089283,0.37509530782699585,0.6803369522094727
0.02885146252810955,0.6666292548179626,0.9551438689231873
0.02772539295256138,0.4663071632385254,0.7435610890388489
0.029833313077688217,0.26095229387283325,0.5592854022979736
0.027112973853945732,0.6200523376464844,0.8911820650100708
0.028540076687932014,0.5582877397537231,0.8436884880065918
0.036999013274908066,0.4250950515270233,0.7950851917266846
0.027521377429366112,0.5553598403930664,0.8305736184120178
0.03308272734284401,0.4859214425086975,0.8167487382888794
0.028925839811563492,0.4932146668434143,0.782473087310791
0.02714323252439499,0.44973665475845337,0.7211689949035645
0.028395408764481544,0.5077298879623413,0.7916839718818665
0.028447479009628296,0.4235607981681824,0.7080355882644653
0.027377909049391747,0.5371996164321899,0.8109787106513977
0.07184379547834396,0.6231103539466858,1.3415483236312866
0.028141658753156662,0.4005459249019623,0.6819624900817871
0.028584958985447884,0.5080457925796509,0.7938953638076782
0.02844471111893654,0.5871800184249878,0.8716270923614502
0.02782115899026394,0.5176871418952942,0.7958987355232239
0.04176058620214462,0.4766297936439514,0.8942356705665588
0.04256596788764,0.5357539653778076,0.9614136219024658
0.028096478432416916,0.5299386382102966,0.8109034299850464
0.030659256502985954,0.5430141687393188,0.8496067523956299
0.027913270518183708,0.5541776418685913,0.8333103656768799
0.04228854551911354,0.5481806993484497,0.9710661172866821
0.04002316668629646,0.3596612811088562,0.7598929405212402
0.03309747204184532,0.610459566116333,0.9414342641830444
0.040674030780792236,0.5507675409317017,0.957507848739624
0.04393034055829048,0.4053695797920227,0.8446729779243469
0.04152838513255119,0.4182450771331787,0.8335289359092712
0.029222898185253143,0.6219803094863892,0.9142093062400818
0.03559534624218941,0.3561500906944275,0.712103545665741
0.028779849410057068,0.57816481590271,0.865963339805603
0.0326056107878685,0.5835127830505371,0.9095689058303833
0.03389037027955055,0.5037034749984741,0.8426071405410767
0.027516072615981102,0.5780472755432129,0.8532080054283142
0.030711930245161057,0.5230105519294739,0.830129861831665
0.028642687946558,0.6261773109436035,0.9126042127609253
0.03135278448462486,0.7181844711303711,1.031712293624878
0.02708650752902031,0.5453779697418213,0.816243052482605
0.027040809392929077,0.4312133193016052,0.701621413230896
0.0351295992732048,0.7097702026367188,1.0610661506652832
0.03183792158961296,0.4490536153316498,0.7674328088760376
0.027230139821767807,0.6722722053527832,0.9445736408233643
0.028505854308605194,0.486223965883255,0.7712825536727905
0.02773447334766388,0.3739020526409149,0.6512467861175537
0.03486074134707451,0.5164198279380798,0.8650272488594055
0.027311677113175392,0.4368804097175598,0.7099971771240234
0.03789085894823074,0.6019457578659058,0.980854332447052
0.028200862929224968,0.2868698239326477,0.5688784122467041
0.02974138967692852,0.5438506603240967,0.841264545917511
0.027795182541012764,0.3686402440071106,0.6465920805931091
0.027951214462518692,0.5274498462677002,0.8069620132446289
0.02792261727154255,0.49098166823387146,0.7702078819274902
0.02747512236237526,0.44682443141937256,0.7215756177902222
0.03101387247443199,0.5026057362556458,0.8127444982528687
0.031114712357521057,0.5201628804206848,0.8313100337982178
0.09486894309520721,0.5380234122276306,1.48671293258667
0.03147794306278229,0.660071849822998,0.9748512506484985
0.027826251462101936,0.42430952191352844,0.7025720477104187
0.03105362132191658,0.6533973217010498,0.963933527469635
0.028467312455177307,0.47245824337005615,0.7571313381195068
0.05960890278220177,0.47845667600631714,1.0745456218719482
0.02918420173227787,0.5293751955032349,0.8212171792984009
0.027622928842902184,0.5571542978286743,0.8333835601806641
0.02873963490128517,0.5464920997619629,0.8338884115219116
0.028698546811938286,0.5116678476333618,0.7986533045768738
0.028801484033465385,0.6555328369140625,0.9435476660728455
0.02872341126203537,0.5399654507637024,0.8271995782852173
0.041314564645290375,0.5310113430023193,0.9441570043563843
0.03293149918317795,0.67755126953125,1.006866216659546
0.027501657605171204,0.44286710023880005,0.7178837060928345
0.02746572531759739,0.5018599033355713,0.7765171527862549
0.027545521035790443,0.5356793999671936,0.8111345767974854
0.03241373226046562,0.6023694276809692,0.926506757736206
0.02923106960952282,0.4804466962814331,0.7727574110031128
0.05147711560130119,0.5042510628700256,1.0190222263336182
0.028675800189375877,0.5092664957046509,0.7960245013237
0.035930801182985306,0.5333772301673889,0.8926852345466614
0.027899060398340225,0.5217523574829102,0.8007429838180542
0.029597388580441475,0.48340409994125366,0.7793779969215393
0.028789784759283066,0.5781940221786499,0.8660918474197388
0.03229133412241936,0.5900353789329529,0.912948727607727
0.0296200942248106,0.5174009799957275,0.8136019110679626
0.03327484428882599,0.5038574934005737,0.8366059064865112
0.03018944337964058,0.49906373023986816,0.8009581565856934
0.08024078607559204,0.536780595779419,1.3391884565353394
0.040631022304296494,0.5942338705062866,1.0005440711975098
0.033546239137649536,0.5770110487937927,0.9124734401702881
0.028822559863328934,0.6524713039398193,0.9406968951225281
0.034087151288986206,0.6482931971549988,0.9891647100448608
0.029929865151643753,0.6026544570922852,0.9019531011581421
0.027396218851208687,0.6026259660720825,0.8765881657600403
0.03003920055925846,0.6041860580444336,0.9045780897140503
0.035001661628484726,0.5473816394805908,0.8973982334136963
0.03430771455168724,0.6266122460365295,0.9696893692016602
0.02848832495510578,0.6417550444602966,0.9266383051872253
0.03025832585990429,0.4321616291999817,0.7347449064254761
0.0284236129373312,0.5747371315956116,0.8589732646942139
0.02801540307700634,0.5618367791175842,0.8419908285140991
0.03397733345627785,0.506335973739624,0.8461092710494995
0.03082115948200226,0.4172094166278839,0.7254210114479065
0.02742166817188263,0.5756716728210449,0.8498883247375488
0.02772487699985504,0.5449421405792236,0.8221908807754517
0.027985479682683945,0.6001925468444824,0.8800473213195801
0.03153584897518158,0.4237843155860901,0.7391427755355835
0.03337360545992851,0.5716413259506226,0.9053773880004883
0.07536084204912186,0.6741476058959961,1.4277560710906982
0.04170294478535652,0.2780064642429352,0.6950359344482422
0.034297022968530655,0.5427489280700684,0.8857191801071167
0.029719598591327667,0.5640959739685059,0.8612919449806213
0.03172435611486435,0.6802962422370911,0.9975398182868958
0.03146155923604965,0.6249350905418396,0.9395506978034973
0.04610311612486839,0.4365605115890503,0.8975917100906372
0.029073767364025116,0.5039968490600586,0.794734537601471
0.028622794896364212,0.5048747658729553,0.7911027073860168
0.029527712613344193,0.5018121004104614,0.7970892190933228
0.0429413765668869,0.43800199031829834,0.8674157857894897
0.03117358312010765,0.579192042350769,0.8909279108047485
0.0330861359834671,0.6348096132278442,0.9656709432601929
0.03568420559167862,0.5392376780509949,0.8960797190666199
0.0426466166973114,0.2883372902870178,0.7148034572601318
0.02950534224510193,0.5605975985527039,0.8556510210037231
0.040502313524484634,0.49746572971343994,0.9024888277053833
0.04162128269672394,0.591957151889801,1.0081700086593628
0.02745361626148224,0.42774075269699097,0.7022769451141357
0.027851279824972153,0.5086109042167664,0.7871236801147461
0.02921450138092041,0.4356651306152344,0.7278101444244385
0.029919706284999847,0.5766350626945496,0.8758321404457092
0.03113301657140255,0.5576078295707703,0.8689379692077637
0.03463158383965492,0.426346093416214,0.7726619243621826
0.02803337760269642,0.4696863293647766,0.7500201463699341
0.027490058913826942,0.5120512247085571,0.7869517803192139
0.029462996870279312,0.5894765853881836,0.8841065168380737
0.03310324624180794,0.4215337038040161,0.7525661587715149
0.035865314304828644,0.49384424090385437,0.8524973392486572
0.029296718537807465,0.6075116991996765,0.9004788994789124
0.02931269258260727,0.4821750521659851,0.775301992893219
0.02740909531712532,0.49073904752731323,0.7648299932479858
0.042555421590805054,0.5925561189651489,1.0181102752685547
0.028265496715903282,0.4732733368873596,0.7559282779693604
0.02890663407742977,0.54063880443573,0.8297051191329956
0.02709794044494629,0.6075899600982666,0.8785693645477295
0.03053702600300312,0.43296051025390625,0.7383307814598083
0.028958801180124283,0.5035384893417358,0.7931264638900757
0.02773936092853546,0.6343789100646973,0.9117724895477295
0.03163246810436249,0.5591111183166504,0.8754358291625977
0.02968490496277809,0.6694231629371643,0.966272234916687
0.028250761330127716,0.44817841053009033,0.7306860089302063
0.028390301391482353,0.4491962790489197,0.7330992817878723
0.028150180354714394,0.49680036306381226,0.7783021926879883
0.03025972656905651,0.5740347504615784,0.8766319751739502
0.029213421046733856,0.46999865770339966,0.7621328830718994
0.04262376204133034,0.31991201639175415,0.7461496591567993
0.027583593502640724,0.6614980697631836,0.9373340010643005
0.027062727138400078,0.29434049129486084,0.5649677515029907
0.0628589317202568,0.3533889651298523,0.9819782972335815
0.02870054356753826,0.4226890206336975,0.7096944451332092
0.027778616175055504,0.47154876589775085,0.7493349313735962
0.028993260115385056,0.4704250693321228,0.760357677936554
0.029829366132616997,0.5513118505477905,0.8496055006980896
0.02767445705831051,0.5965121984481812,0.8732568025588989
0.028836261481046677,0.43261563777923584,0.7209782600402832
0.029204411432147026,0.6339137554168701,0.9259578585624695
0.04303169995546341,0.36464041471481323,0.7949573993682861
0.027470117434859276,0.5105214715003967,0.7852226495742798
0.027693936601281166,0.4832993149757385,0.7602386474609375
0.02793576940894127,0.49228811264038086,0.7716457843780518
0.04264623299241066,0.24726814031600952,0.6737304925918579
0.0334927923977375,0.5702959895133972,0.9052239060401917
0.028471652418375015,0.33958715200424194,0.6243036985397339
0.03975655138492584,0.7239118814468384,1.1214773654937744
0.04420553520321846,0.5608220100402832,1.0028773546218872
0.02872512862086296,0.642361044883728,0.9296123385429382
0.028704078868031502,0.4659078121185303,0.7529486417770386
0.02813233993947506,0.43451613187789917,0.7158395051956177
0.14427590370178223,0.5132758617401123,1.9560348987579346
0.030829668045043945,0.6701840162277222,0.9784806966781616
0.031690388917922974,0.4727657735347748,0.7896696329116821
0.042931392788887024,0.560151219367981,0.9894651174545288
0.029262855648994446,0.590142011642456,0.8827705383300781
0.028714535757899284,0.6405066847801208,0.9276520013809204
0.029258430004119873,0.5905800461769104,0.8831643462181091
0.028933381661772728,0.5881133675575256,0.8774471879005432
0.02801162376999855,0.6218658685684204,0.9019820690155029
0.0332101471722126,0.5121241211891174,0.8442255854606628
0.02762026898562908,0.7088112831115723,0.9850139617919922
0.03787359222769737,0.702643632888794,1.0813795328140259
0.032081469893455505,0.4182530343532562,0.7390677332878113
0.02859312668442726,0.5361613035202026,0.8220925331115723
0.029615696519613266,0.4178629219532013,0.7140198945999146
0.027788233011960983,0.41269516944885254,0.690577507019043
0.02801430970430374,0.4165455102920532,0.6966885924339294
0.030562691390514374,0.6385987997055054,0.9442257285118103
0.04998195916414261,0.6461787223815918,1.145998239517212
0.028857717290520668,0.4249584674835205,0.7135356664657593
0.027422482147812843,0.5615859627723694,0.8358107805252075
0.03388369828462601,0.6484060287475586,0.9872429966926575
0.02737167663872242,0.4322229027748108,0.7059396505355835
0.027940919622778893,0.5159057378768921,0.7953149080276489
0.03388860076665878,0.47624820470809937,0.8151342272758484
0.028629887849092484,0.45727360248565674,0.743572473526001
0.028997110202908516,0.516097366809845,0.806068480014801
0.02757912315428257,0.6913694143295288,0.9671606421470642
0.02735566720366478,0.6237087249755859,0.8972654342651367
0.04236278682947159,0.5866241455078125,1.0102519989013672
0.03487592935562134,0.7108473777770996,1.059606671333313
0.028587648645043373,0.5076830387115479,0.7935595512390137
0.02946138195693493,0.6561490893363953,0.9507628679275513
0.027433350682258606,0.4178193211555481,0.6921528577804565
0.04259732738137245,0.4044382572174072,0.8304115533828735
0.02812817320227623,0.6584932804107666,0.9397749900817871
0.028038306161761284,0.40635207295417786,0.6867351531982422
0.02769228257238865,0.43455028533935547,0.7114731073379517
0.02756345644593239,0.6433085799217224,0.9189431667327881
0.03127183020114899,0.42861226201057434,0.7413305640220642
0.029431236907839775,0.5400959253311157,0.8344082832336426
0.03700448200106621,0.5126640200614929,0.8827088475227356
0.041958052664995193,0.4750072956085205,0.8945878148078918
0.029707368463277817,0.5680699944496155,0.8651436567306519
0.02704731747508049,0.6169097423553467,0.8873829245567322
0.02716558799147606,0.5058012008666992,0.7774571180343628
0.027468331158161163,0.3965102732181549,0.6711935997009277
0.033358003944158554,0.6051492691040039,0.9387292861938477
0.029102368280291557,0.6367554664611816,0.9277791380882263
0.027425765991210938,0.42516079545021057,0.6994184255599976
0.03528868034482002,0.467180073261261,0.8200668692588806
0.0744895190000534,0.4724790155887604,1.2173742055892944
0.02750547230243683,0.5547231435775757,0.8297778367996216
0.0368509367108345,0.43011748790740967,0.7986268401145935
0.032636310905218124,0.5559288263320923,0.8822919130325317
0.031105274334549904,0.48380112648010254,0.7948538661003113
0.027227722108364105,0.6239712238311768,0.896248459815979
0.030633699148893356,0.5986723303794861,0.9050093293190002
0.03318703547120094,0.49528276920318604,0.8271530866622925
0.028004620224237442,0.40660426020622253,0.6866504549980164
0.028111834079027176,0.6449655890464783,0.9260839223861694
0.029364943504333496,0.5319827795028687,0.8256322145462036
0.043136127293109894,0.44282883405685425,0.874190092086792
0.02837224490940571,0.5451197028160095,0.8288421630859375
0.02957925572991371,0.563351571559906,0.8591440916061401
0.03288542106747627,0.5670340061187744,0.8958882093429565
0.03215403109788895,0.5993927717208862,0.9209330677986145
0.028928084298968315,0.6088873147964478,0.89816814661026
0.037214867770671844,0.5961332321166992,0.9682819247245789
0.02754892036318779,0.4685090184211731,0.7439982295036316
0.06969301402568817,0.716515302658081,1.4134454727172852
0.027624933049082756,0.6760351061820984,0.9522844552993774
0.03013715334236622,0.49800992012023926,0.7993814945220947
0.038772303611040115,0.45185738801956177,0.8395804166793823
0.04273455590009689,0.5798114538192749,1.0071570873260498
0.04023854807019234,0.522248387336731,0.9246338605880737
0.029139967635273933,0.4561547040939331,0.7475544214248657
0.02728206291794777,0.6481492519378662,0.9209698438644409
0.042818583548069,0.3589610159397125,0.787146806716919
0.028016824275255203,0.4834321439266205,0.7636003494262695
0.030707964673638344,0.6056720018386841,0.9127516746520996
0.027684496715664864,0.4969619810581207,0.7738069295883179
0.02895808406174183,0.48835524916648865,0.7779361009597778
0.029884783551096916,0.49996626377105713,0.798814058303833
0.04071106016635895,0.4466301202774048,0.8537406921386719
0.062249477952718735,0.6713482737541199,1.2938430309295654
0.03183060139417648,0.4997709095478058,0.8180769681930542
0.03910071775317192,0.3714354932308197,0.7624427080154419
0.04043440893292427,0.44465363025665283,0.8489977121353149
0.03816020116209984,0.5378254652023315,0.9194275140762329
0.03472498804330826,0.577244758605957,0.9244946241378784
0.0273127481341362,0.6998978853225708,0.973025381565094
0.04233508184552193,0.34480369091033936,0.768154501914978
0.02735663764178753,0.4395052194595337,0.7130715847015381
0.02868848666548729,0.4709780812263489,0.75786292552948
0.14433087408542633,0.6767362356185913,2.1200449466705322
0.02721514366567135,0.2937663197517395,0.5659177303314209
0.02856847271323204,0.5128680467605591,0.7985527515411377
0.03770412504673004,0.4718722105026245,0.8489134311676025
0.027560684829950333,0.4536466598510742,0.7292535305023193
0.028910953551530838,0.6128743886947632,0.901983916759491
0.030599236488342285,0.45524051785469055,0.761232852935791
0.03740391880273819,0.3928580582141876,0.7668972015380859
0.02825353853404522,0.6236194968223572,0.9061548709869385
0.03262019157409668,0.5908075571060181,0.9170094728469849
0.02825242280960083,0.6447277069091797,0.927251935005188
0.03475049138069153,0.5116625428199768,0.8591674566268921
0.031227771192789078,0.5798035860061646,0.8920812606811523
0.027667410671710968,0.6026061773300171,0.8792802691459656
0.028200484812259674,0.5983551740646362,0.8803600072860718
0.02748551405966282,0.3343135118484497,0.6091686487197876
0.027651093900203705,0.458121657371521,0.7346326112747192
0.027728501707315445,0.524824321269989,0.8021093606948853
0.03580288589000702,0.6267698407173157,0.9847986698150635
0.027077611535787582,0.5771783590316772,0.847954511642456
0.028844935819506645,0.47342631220817566,0.7618756294250488
0.02770356275141239,0.5005490779876709,0.7775846719741821
0.0275627002120018,0.6883817911148071,0.9640088081359863
0.02726394683122635,0.6928817629814148,0.9655212163925171
0.02884041890501976,0.5679877996444702,0.8563920259475708
0.02813524752855301,0.4671170711517334,0.7484695315361023
0.0293364729732275,0.5357778072357178,0.8291425704956055
0.11142565310001373,0.6055729389190674,1.7198294401168823
0.027242057025432587,0.5961297750473022,0.8685503602027893
0.03971661999821663,0.5565801858901978,0.9537463784217834
0.03800974786281586,0.5931189060211182,0.9732164144515991
0.03916608542203903,0.5687221884727478,0.9603830575942993
0.029104014858603477,0.3844066560268402,0.6754468083381653
0.028896382078528404,0.604587972164154,0.8935518264770508
0.033914320170879364,0.6607642769813538,0.9999074935913086
0.03197730332612991,0.6102495789527893,0.9300225973129272
0.03243999183177948,0.610898494720459,0.9352984428405762
0.030011869966983795,0.6026840209960938,0.9028027057647705
0.028711874037981033,0.6157809495925903,0.9028996825218201
0.042355071753263474,0.4346156716346741,0.8581663966178894
0.029949041083455086,0.6248316168785095,0.9243220090866089
0.036958009004592896,0.5849834680557251,0.954563558101654
0.040638767182826996,0.5634841918945312,0.9698718786239624
0.03853015601634979,0.585345447063446,0.9706469774246216
0.03938961401581764,0.6461999416351318,1.0400960445404053
0.02709829993546009,0.2929295301437378,0.5639125108718872
0.02812795527279377,0.5836113095283508,0.8648908734321594
0.030908405780792236,0.579888105392456,0.8889721632003784
0.059256505221128464,0.496845543384552,1.0894105434417725
0.028063939884305,0.6224055886268616,0.9030449986457825
0.027409356087446213,0.6012550592422485,0.8753486275672913
0.029373442754149437,0.36049267649650574,0.6542271375656128
0.03662262484431267,0.5758017897605896,0.9420280456542969
0.0281232763081789,0.3903253674507141,0.671558141708374
0.03097635880112648,0.5836424231529236,0.8934060335159302
0.03322603926062584,0.49449247121810913,0.8267529010772705
0.027760468423366547,0.6145390868186951,0.8921437859535217
0.027383405715227127,0.48498162627220154,0.7588156461715698
0.14059530198574066,0.566416323184967,1.9723694324493408
0.026998812332749367,0.5875322222709656,0.857520341873169
0.02981746755540371,0.33237966895103455,0.6305543184280396
0.03033793717622757,0.5291551947593689,0.8325345516204834
0.042229581624269485,0.562674880027771,0.9849706888198853
0.027889391407370567,0.5199164152145386,0.7988103628158569
0.02770707756280899,0.5222916603088379,0.7993624210357666
0.02752920612692833,0.6228219270706177,0.8981139659881592
0.029419973492622375,0.6247607469558716,0.918960452079773
0.02885616011917591,0.6229864358901978,0.9115480184555054
0.039898522198200226,0.6073874235153198,1.0063726902008057
0.03589119017124176,0.4527151584625244,0.8116270303726196
0.041972994804382324,0.6288533210754395,1.0485832691192627
0.04292922094464302,0.5524951219558716,0.9817873239517212
0.033315207809209824,0.5009555816650391,0.8341076374053955
0.028562409803271294,0.45832058787345886,0.7439446449279785
0.042209114879369736,0.4729875326156616,0.8950786590576172
0.041491128504276276,0.6126487255096436,1.0275599956512451
0.03041798062622547,0.5362972617149353,0.8404771089553833
0.03219178318977356,0.40602970123291016,0.7279475331306458
0.037975337356328964,0.40781593322753906,0.7875692844390869
0.029214922338724136,0.5236977934837341,0.8158470392227173
0.028529830276966095,0.5998004674911499,0.8850987553596497
0.0332486629486084,0.5186767578125,0.851163387298584
0.029207773506641388,0.4766348898410797,0.7687126398086548
0.02739139087498188,0.6245666742324829,0.8984805941581726
0.028672603890299797,0.3463281989097595,0.633054256439209
0.02939009666442871,0.5708114504814148,0.8647124171257019
0.027695471420884132,0.463500052690506,0.7404547929763794
0.029140857979655266,0.5707446336746216,0.862153172492981
0.03724389895796776,0.48306772112846375,0.8555067181587219
0.05856182053685188,0.5155695676803589,1.1011877059936523
0.031643059104681015,0.4963441491127014,0.8127747774124146
0.0274214968085289,0.576565146446228,0.8507801294326782
0.029344163835048676,0.5528433918952942,0.8462850451469421
0.031031453981995583,0.6020115613937378,0.9123260974884033
0.053436264395713806,0.6220445036888123,1.156407117843628
0.0500265434384346,0.596725583076477,1.0969910621643066
0.03420014679431915,0.5581644177436829,0.9001659154891968
0.08230824768543243,0.5050873160362244,1.328169822692871
0.08552136272192001,0.6613006591796875,1.5165143013000488
0.032540783286094666,0.5240712761878967,0.849479079246521
0.030605023726820946,0.495197057723999,0.8012472987174988
0.027195651084184647,0.5931520462036133,0.8651085495948792
0.027109472081065178,0.484830379486084,0.7559250593185425
0.02779569663107395,0.5591500401496887,0.8371070027351379
0.03595089539885521,0.4411805272102356,0.8006894588470459
0.07224742323160172,0.5545547008514404,1.2770289182662964
0.028219198808073997,0.4116731584072113,0.693865180015564
0.029654841870069504,0.6023557186126709,0.8989041447639465
0.027385782450437546,0.5952883958816528,0.8691462278366089
0.039706818759441376,0.39311978220939636,0.7901879549026489
0.04590222239494324,0.47885218262672424,0.937874436378479
0.04253967106342316,0.36402758955955505,0.7894243001937866
0.028468918055295944,0.6116922497749329,0.8963814377784729
0.02781042270362377,0.5333921909332275,0.811496376991272
0.040252335369586945,0.4970521926879883,0.8995755314826965
0.027672506868839264,0.4760521948337555,0.7527772188186646
0.027620377019047737,0.5331000089645386,0.8093037605285645
0.027625830844044685,0.5523889064788818,0.828647255897522
0.042769905179739,0.4571075439453125,0.8848066329956055
0.029096417129039764,0.5365501046180725,0.8275142908096313
0.027184728533029556,0.4946470260620117,0.7664942741394043
0.029019540175795555,0.5426010489463806,0.8327964544296265
0.027530163526535034,0.5979998111724854,0.8733014464378357
0.03128757327795029,0.5881796479225159,0.9010553956031799
0.03295392915606499,0.4339723289012909,0.7635116577148438
0.02742508426308632,0.5345352292060852,0.8087860345840454
0.032888803631067276,0.32623761892318726,0.655125617980957
0.030030157417058945,0.4985574185848236,0.7988590002059937
0.02851293422281742,0.562992513179779,0.8481218814849854
0.04329000785946846,0.6051427125930786,1.0380427837371826
0.03857918828725815,0.45198673009872437,0.837778627872467
0.028570419177412987,0.5844686031341553,0.8701727986335754
0.03628237172961235,0.4588736593723297,0.8216973543167114
0.027636151760816574,0.43460729718208313,0.7109688520431519
0.02815764583647251,0.2936616837978363,0.5752381086349487
0.04270833358168602,0.3843703866004944,0.8114537000656128
0.037214234471321106,0.5881626009941101,0.9603049755096436
0.028475482016801834,0.5550408959388733,0.839795708656311
0.028750533238053322,0.40347734093666077,0.6909826993942261
0.02844974771142006,0.5056501626968384,0.7901476621627808
0.028369760140776634,0.5323172807693481,0.8160148859024048
0.02720809169113636,0.5836769938468933,0.8557579517364502
0.08341458439826965,0.5581889152526855,1.3923346996307373
0.0297671128064394,0.5465320348739624,0.8442031741142273
0.028823215514421463,0.586311936378479,0.874544084072113
0.04030749946832657,0.6254727244377136,1.028547763824463
0.027852589264512062,0.285358726978302,0.5638846158981323
0.02921968512237072,0.46321579813957214,0.7554126381874084
0.04508519172668457,0.45077279210090637,0.9016246795654297
0.029486019164323807,0.4701349139213562,0.7649950981140137
0.028176581487059593,0.4283463954925537,0.7101122140884399
0.0379917174577713,0.44880300760269165,0.828720211982727
0.02927021123468876,0.6055900454521179,0.8982921838760376
0.027710463851690292,0.6529319286346436,0.9300365447998047
0.028321925550699234,0.6559178829193115,0.9391371011734009
0.03586156666278839,0.5484391450881958,0.9070547819137573
0.02845773659646511,0.6680868864059448,0.9526642560958862
0.15312200784683228,0.5672619342803955,2.098482131958008
0.03156812861561775,0.6514859795570374,0.9671672582626343
0.03223630040884018,0.4825497567653656,0.804912805557251
0.03861397132277489,0.5189203023910522,0.9050600528717041
0.027216287329792976,0.559245228767395,0.8314081430435181
0.0294449795037508,0.5742560029029846,0.8687058091163635
0.03578972816467285,0.5829264521598816,0.9408237338066101
0.042801208794116974,0.49303150177001953,0.9210435748100281
0.03131522610783577,0.6251751780509949,0.938327431678772
0.02710684761404991,0.4977841079235077,0.7688525915145874
0.027155732735991478,0.4668619632720947,0.7384192943572998
0.036474455147981644,0.610971212387085,0.9757157564163208
0.03104465827345848,0.3581826984882355,0.6686292886734009
0.029287822544574738,0.5883068442344666,0.8811850547790527
0.08626524358987808,0.5996363162994385,1.462288737297058
0.028078561648726463,0.4203338623046875,0.7011194825172424
0.039543911814689636,0.6495221257209778,1.0449612140655518
0.027521928772330284,0.44785380363464355,0.7230731248855591
0.027239635586738586,0.5767464637756348,0.8491427898406982
0.027559880167245865,0.6264081597328186,0.902006983757019
0.028246644884347916,0.45303216576576233,0.7354986071586609
0.030095824971795082,0.5440146327018738,0.8449728488922119
0.02829173393547535,0.626776933670044,0.9096943140029907
0.03454996645450592,0.4314083456993103,0.7769080400466919
0.02751120924949646,0.6308342218399048,0.9059463143348694
0.031838204711675644,0.5420661568641663,0.8604482412338257
0.0311104878783226,0.5266975164413452,0.8378024101257324
0.028556261211633682,0.4875630736351013,0.7731256484985352
0.03180339187383652,0.7040051221847534,1.0220390558242798
0.028573263436555862,0.4516254663467407,0.7373580932617188
0.032519083470106125,0.43255478143692017,0.757745623588562
0.0431198850274086,0.5339435338973999,0.9651423692703247
0.033577077090740204,0.4861198961734772,0.8218907117843628
0.02783154882490635,0.46049320697784424,0.7388086915016174
0.027136510238051414,0.3749699890613556,0.6463351249694824
0.027901694178581238,0.5722887516021729,0.8513057231903076
0.027484193444252014,0.5701746940612793,0.845016598701477
0.02767738699913025,0.5891392230987549,0.8659130930900574
0.02931870147585869,0.4282826781272888,0.7214697003364563
0.03510262072086334,0.4131317138671875,0.7641578912734985
0.028385169804096222,0.5168050527572632,0.8006567358970642
0.02863333374261856,0.4720636308193207,0.7583969831466675
0.04256220906972885,0.5797185897827148,1.0053406953811646
0.028524000197649002,0.6999320387840271,0.9851720333099365
0.0341242179274559,0.4747324585914612,0.8159746527671814
0.027568841353058815,0.7282842397689819,1.0039726495742798
0.02798166312277317,0.5437924265861511,0.8236090540885925
0.030422614887356758,0.6630281209945679,0.9672542810440063
0.02870420552790165,0.6336208581924438,0.9206628799438477
0.13779142498970032,0.6585173606872559,2.0364315509796143
0.030163083225488663,0.6110303997993469,0.9126611948013306
0.03555334731936455,0.45221465826034546,0.8077481389045715
0.027888616546988487,0.6406174898147583,0.9195036888122559
0.029118573293089867,0.6483426094055176,0.9395283460617065
0.02844098210334778,0.5512832403182983,0.8356930613517761
0.0309483390301466,0.6019232273101807,0.9114066362380981
0.027188697829842567,0.5493664741516113,0.8212534189224243
0.027545053511857986,0.6091002225875854,0.8845507502555847
0.027889400720596313,0.33431002497673035,0.6132040023803711
0.028472665697336197,0.5730147957801819,0.8577414751052856
0.02790755219757557,0.527672529220581,0.8067480325698853
0.04402659088373184,0.5646067261695862,1.0048725605010986
0.027479849755764008,0.571503758430481,0.8463022708892822
0.027732668444514275,0.6257314682006836,0.9030581712722778
0.032690394669771194,0.45694905519485474,0.7838529944419861
0.04387134313583374,0.4564107656478882,0.8951241970062256
0.028907641768455505,0.6086881160736084,0.8977645635604858
0.028414882719516754,0.40314552187919617,0.6872943639755249
0.07810265570878983,0.6456301212310791,1.426656723022461
0.03131406754255295,0.611639678478241,0.9247803688049316
0.039812784641981125,0.6305171847343445,1.0286450386047363
0.032371487468481064,0.5780243873596191,0.901739239692688
0.028377117589116096,0.4721081852912903,0.7558794021606445
0.02824670821428299,0.6020253896713257,0.8844924569129944
0.03902344033122063,0.4476544260978699,0.8378888368606567
0.028338788077235222,0.4335005283355713,0.716888427734375
0.04403829947113991,0.374603807926178,0.8149868249893188
0.03338119015097618,0.484328031539917,0.818139910697937
0.029466712847352028,0.5186769366264343,0.8133440613746643
0.03186234459280968,0.4095567762851715,0.7281802296638489
0.043226756155490875,0.6422804594039917,1.0745480060577393
0.030577393248677254,0.5600907802581787,0.8658647537231445
0.04972323775291443,0.610460638999939,1.1076929569244385
0.030366811901330948,0.5595396161079407,0.8632076978683472
0.03153040632605553,0.6125576496124268,0.9278616905212402
0.029368147253990173,0.5451650023460388,0.8388464450836182
0.027876364067196846,0.6622448563575745,0.9410085082054138
0.03487885370850563,0.4909142553806305,0.8397027850151062
0.027802441269159317,0.41564759612083435,0.6936720013618469
0.02901238389313221,0.6273436546325684,0.917467474937439
0.03215651214122772,0.46561717987060547,0.7871823310852051
0.044369351118803024,0.5847625136375427,1.0284559726715088
0.028370406478643417,0.48349693417549133,0.7672010064125061
0.03302466496825218,0.5670546889305115,0.8973013162612915
0.033434487879276276,0.5258797407150269,0.8602246046066284
0.03348418325185776,0.49306899309158325,0.827910840511322
0.042240209877491,0.6090215444564819,1.031423568725586
0.03168101608753204,0.45797768235206604,0.7747878432273865
0.02738337777554989,0.6421889066696167,0.9160226583480835
0.0352664552628994,0.46275556087493896,0.8154201507568359
0.03674427419900894,0.556958794593811,0.9244015216827393
0.02795739658176899,0.5062198042869568,0.7857937812805176
0.029630418866872787,0.5046900510787964,0.8009942770004272
0.03314536437392235,0.44966769218444824,0.7811213731765747
0.030871476978063583,0.655880331993103,0.9645950794219971
0.02911631017923355,0.4331662058830261,0.7243292927742004
0.035142578184604645,0.47210174798965454,0.8235275149345398
0.029774148017168045,0.6114648580551147,0.9092063307762146
0.027449434623122215,0.5371493101119995,0.811643660068512
0.02711467072367668,0.49185699224472046,0.7630037069320679
0.027690080925822258,0.5818047523498535,0.8587055206298828
0.06728136539459229,0.6452440023422241,1.318057656288147
0.15681496262550354,0.6758989095687866,2.244048595428467
0.02786671184003353,0.6002376079559326,0.8789047002792358
0.028761716559529305,0.6311410665512085,0.9187582731246948
0.061308059841394424,0.49475061893463135,1.1078312397003174
0.03520289808511734,0.5700078010559082,0.9220367670059204
0.031092237681150436,0.5719951391220093,0.8829175233840942
0.02823137864470482,0.5345842838287354,0.8168981075286865
0.02791994996368885,0.5914837121963501,0.8706831932067871
0.030654720962047577,0.6098490357398987,0.9163962602615356
0.02884528413414955,0.6087690591812134,0.8972219228744507
0.02941354364156723,0.6404866576194763,0.9346221089363098
0.0348055325448513,0.4668964743614197,0.8149517774581909
0.02796970307826996,0.47179174423217773,0.7514888048171997
0.03800848871469498,0.5931410789489746,0.9732259511947632
0.03250475972890854,0.5564842224121094,0.881531834602356
0.03502833470702171,0.666671097278595,1.0169544219970703
0.07638852298259735,0.5531779527664185,1.3170632123947144
0.03158995509147644,0.4669109284877777,0.7828104496002197
0.027595311403274536,0.500234842300415,0.7761879563331604
0.028131643310189247,0.5299034118652344,0.8112198114395142
0.031135646626353264,0.4999930262565613,0.8113495111465454
0.029627472162246704,0.46609342098236084,0.7623681426048279
0.04361100494861603,0.488996684551239,0.9251067638397217
0.0277206189930439,0.6024062633514404,0.8796124458312988
0.028255458921194077,0.5239139199256897,0.8064684867858887
0.03675277158617973,0.3782992959022522,0.7458270192146301
0.03048686496913433,0.5134639143943787,0.8183325529098511
0.03503796085715294,0.5190720558166504,0.869451642036438
0.028550686314702034,0.5948699116706848,0.8803768157958984
0.028882205486297607,0.6659584045410156,0.9547804594039917
0.030686594545841217,0.5998179912567139,0.9066839218139648
0.027736283838748932,0.49373823404312134,0.7711010575294495
0.030554456636309624,0.533114492893219,0.8386590480804443
0.0273140762001276,0.5484460592269897,0.8215868473052979
0.028656966984272003,0.4610111713409424,0.7475808262825012
0.028409793972969055,0.4926656484603882,0.7767635583877563
0.027210455387830734,0.5667568445205688,0.8388614058494568
0.027354717254638672,0.4435364603996277,0.7170836329460144
0.08669054508209229,0.6180331110954285,1.484938621520996
0.027074437588453293,0.4253411889076233,0.6960855722427368
0.040901970118284225,0.4316956698894501,0.8407154083251953
0.03421321138739586,0.42270129919052124,0.7648334503173828
0.04248172044754028,0.43409138917922974,0.8589085936546326
0.06254133582115173,0.628790557384491,1.2542039155960083
0.02832734026014805,0.5023171901702881,0.7855905890464783
0.02757115289568901,0.564934492111206,0.8406460285186768
0.034788716584444046,0.42038702964782715,0.768274188041687
0.0421237014234066,0.5463355779647827,0.9675725698471069
0.029804566875100136,0.5264486074447632,0.8244942426681519
0.0794251412153244,0.6489354372024536,1.44318687915802
0.0314410924911499,0.42502692341804504,0.7394378185272217
0.04093306511640549,0.5122665166854858,0.9215971827507019
0.027497991919517517,0.4714767634868622,0.7464566826820374
0.028484687209129333,0.3627954423427582,0.6476423144340515
0.027406850829720497,0.6297335624694824,0.9038020372390747
0.03362967073917389,0.5732579231262207,0.9095546007156372
0.029460621997714043,0.5544753670692444,0.8490815758705139
0.02763557992875576,0.5155788660049438,0.7919346690177917
0.027281776070594788,0.5750378370285034,0.8478555679321289
0.02718374691903591,0.44862058758735657,0.7204580307006836
0.027323273941874504,0.7448280453681946,1.0180608034133911
0.028074419125914574,0.5824779868125916,0.8632221817970276
0.027138816192746162,0.6248701214790344,0.8962582945823669
0.0272852573543787,0.4311544895172119,0.7040070295333862
0.038888413459062576,0.42310285568237305,0.8119869828224182
0.045411575585603714,0.5258359313011169,0.9799516797065735
0.027738722041249275,0.45121973752975464,0.7286069393157959
0.027234219014644623,0.5918381214141846,0.864180326461792
0.030301205813884735,0.5361681580543518,0.8391802310943604
0.027044638991355896,0.5387083292007446,0.809154748916626
0.03152778372168541,0.5458213090896606,0.861099123954773
0.028812121599912643,0.5662198066711426,0.8543410301208496
0.029492564499378204,0.6208017468452454,0.9157273769378662
0.027649089694023132,0.4481758773326874,0.7246667742729187
0.02749018743634224,0.6656142473220825,0.9405161142349243
0.027438288554549217,0.509812593460083,0.7841954827308655
0.028165265917778015,0.6418167352676392,0.9234694242477417
0.027850981801748276,0.4958813190460205,0.7743911743164062
0.02780640684068203,0.5456191897392273,0.8236832618713379
0.02780158817768097,0.5881767272949219,0.8661925792694092
0.029683450236916542,0.5659922361373901,0.8628267049789429
0.028504623100161552,0.6595866680145264,0.944632887840271
0.04156386852264404,0.39974647760391235,0.8153851628303528
0.03847208246588707,0.35498666763305664,0.7397074699401855
0.02719409577548504,0.4954734444618225,0.767414391040802
0.027462759986519814,0.6119295358657837,0.8865571022033691
0.028271719813346863,0.501125156879425,0.7838423252105713
0.02771182544529438,0.4828979969024658,0.7600162625312805
0.02735673263669014,0.5622313022613525,0.8357986211776733
0.03682210296392441,0.5487608909606934,0.9169819355010986
0.039168886840343475,0.4615326523780823,0.8532215356826782
0.02704589255154133,0.5827121734619141,0.8531711101531982
0.02767573855817318,0.6112323999404907,0.8879897594451904
0.027458984404802322,0.3588002324104309,0.6333900690078735
0.06329769641160965,0.6167386770248413,1.2497155666351318
0.028332913294434547,0.3440011739730835,0.6273303031921387
0.028899403288960457,0.5590276718139648,0.8480217456817627
0.02711915597319603,0.5787801742553711,0.8499717712402344
0.027375660836696625,0.5439260005950928,0.8176826238632202
0.035869646817445755,0.6168636679649353,0.9755601286888123
0.035933978855609894,0.5964145660400391,0.9557543396949768
0.02795918472111225,0.5370862483978271,0.8166781067848206
0.02740848809480667,0.6024149060249329,0.8764997720718384
0.027258247137069702,0.43441474437713623,0.7069972157478333
0.04038942605257034,0.30266833305358887,0.7065625786781311
0.02800832875072956,0.5886126756668091,0.8686959743499756
0.027009693905711174,0.6360839605331421,0.9061808586120605
0.027439551427960396,0.36441609263420105,0.6388115882873535
0.0366961732506752,0.510155439376831,0.8771171569824219
0.028442446142435074,0.5445822477340698,0.8290066719055176
0.03986414521932602,0.5084446668624878,0.9070861339569092
0.029599875211715698,0.5110749006271362,0.8070736527442932
0.030965054407715797,0.5841082334518433,0.8937587738037109
0.03692694753408432,0.5168827772140503,0.8861522674560547
0.05821298062801361,0.539602518081665,1.1217323541641235
0.02726738341152668,0.4532557725906372,0.7259296178817749
0.027966415509581566,0.532280683517456,0.811944842338562
0.028781209141016006,0.3771016001701355,0.6649136543273926
0.03260962292551994,0.45392125844955444,0.7800174951553345
0.034894198179244995,0.6598544120788574,1.0087964534759521
0.027764543890953064,0.6133504509925842,0.8909958600997925
0.029505357146263123,0.588060736656189,0.8831143379211426
0.03922855108976364,0.5941497683525085,0.9864352941513062
0.027398115023970604,0.4225499629974365,0.6965311169624329
0.027681317180395126,0.5558309555053711,0.8326441049575806
0.02747654728591442,0.5612659454345703,0.836031436920166
0.03068556636571884,0.5511587262153625,0.8580144047737122
0.03161207213997841,0.33810338377952576,0.6542240977287292
0.029335740953683853,0.578687310218811,0.8720446825027466
0.02705637738108635,0.5149813890457153,0.7855451703071594
0.03888953477144241,0.33511650562286377,0.7240118384361267
0.02728836052119732,0.6298739910125732,0.9027575850486755
0.037900492548942566,0.6273602247238159,1.006365180015564
0.027824560180306435,0.596390426158905,0.8746360540390015
0.027495119720697403,0.5449127554893494,0.8198639154434204
0.039626557379961014,0.4789351224899292,0.8752006888389587
0.03897659480571747,0.6307195425033569,1.020485520362854
0.02867875061929226,0.6863285899162292,0.9731160998344421
0.04250483587384224,0.41829168796539307,0.8433400392532349
0.03114655427634716,0.6133823990821838,0.9248479604721069
0.027404919266700745,0.5752925872802734,0.8493417501449585
0.027262136340141296,0.40798139572143555,0.6806027889251709
0.028374867513775826,0.3220980763435364,0.6058467626571655
0.028609437867999077,0.522814154624939,0.8089085221290588
0.03144703805446625,0.48401179909706116,0.7984821796417236
0.027657190337777138,0.6385051608085632,0.9150770902633667
0.027271006256341934,0.5228599309921265,0.7955700159072876
0.027884172275662422,0.6159179210662842,0.8947596549987793
0.14437681436538696,0.6761100888252258,2.1198782920837402
0.02703959308564663,0.5368273258209229,0.8072232604026794
0.08918771147727966,0.5593820810317993,1.4512591361999512
0.0292210690677166,0.5064178109169006,0.7986285090446472
0.04289499297738075,0.5916730165481567,1.020622968673706
0.02743351459503174,0.5820119976997375,0.8563471436500549
0.02734876610338688,0.6836696863174438,0.9571573734283447
0.02760462276637554,0.7044858932495117,0.9805321097373962
0.030571065843105316,0.5950770378112793,0.9007877111434937
0.03039141371846199,0.474114328622818,0.7780284881591797
0.028185194358229637,0.5493881702423096,0.8312401175498962
0.03360923007130623,0.5187900066375732,0.8548822999000549
0.030964910984039307,0.39533016085624695,0.7049793004989624
0.04187658056616783,0.5358453392982483,0.9546111822128296
0.027940748259425163,0.5235326290130615,0.8029401302337646
0.02994524873793125,0.353787362575531,0.6532398462295532
0.040982436388731,0.3738371729850769,0.7836615443229675
0.06464171409606934,0.47051629424095154,1.1169334650039673
0.042099617421627045,0.5236287713050842,0.9446249604225159
0.029257681220769882,0.5185385942459106,0.8111153841018677
0.027959546074271202,0.4468124508857727,0.7264078855514526
0.03932579979300499,0.4376053512096405,0.830863356590271
0.0423065610229969,0.5891324877738953,1.0121980905532837
0.02841653861105442,0.6217066049575806,0.9058719873428345
0.03076004423201084,0.6596134901046753,0.9672139286994934
0.02853643149137497,0.5007192492485046,0.7860835790634155
0.029292689636349678,0.3810402452945709,0.6739671230316162
0.027952242642641068,0.4783251881599426,0.7578476071357727
0.02848859876394272,0.6010622382164001,0.8859482407569885
0.03584224358201027,0.5586629509925842,0.9170854091644287
0.0355273000895977,0.45676296949386597,0.8120359778404236
0.02871091105043888,0.44200506806373596,0.7291141748428345
0.02839387208223343,0.5270228385925293,0.8109615445137024
0.028230125084519386,0.4163030982017517,0.6986043453216553
0.02954048104584217,0.5439295768737793,0.8393343687057495
0.02959376387298107,0.4925695061683655,0.7885071039199829
0.03040884993970394,0.5042142868041992,0.8083027601242065
0.027087803930044174,0.4855855107307434,0.7564635276794434
0.028987595811486244,0.4552101492881775,0.7450860738754272
0.07486563175916672,0.5748119354248047,1.3234682083129883
0.04263213649392128,0.5476334095001221,0.9739547967910767
0.027711186558008194,0.46403634548187256,0.7411482334136963
0.030149850994348526,0.641338586807251,0.942837119102478
0.02828822284936905,0.658002495765686,0.9408847093582153
0.027154207229614258,0.49626266956329346,0.767804741859436
0.042583636939525604,0.3356347680091858,0.761471152305603
0.027746649459004402,0.5857059955596924,0.8631725311279297
0.027169961482286453,0.5890427827835083,0.8607423901557922
0.05845949053764343,0.6543293595314026,1.238924264907837
0.02838224731385708,0.5065277814865112,0.7903502583503723
0.02760283090174198,0.6403533220291138,0.9163815975189209
0.03062332607805729,0.6282656192779541,0.9344989061355591
0.043125808238983154,0.4227598309516907,0.8540179133415222
0.035178784281015396,0.5454707741737366,0.8972586393356323
0.027385734021663666,0.4941270351409912,0.7679843902587891
0.03796367719769478,0.4434969127178192,0.8231337070465088
0.03167692571878433,0.5023621320724487,0.8191313743591309
0.03594699501991272,0.6552646160125732,1.0147345066070557
0.028850311413407326,0.7163438200950623,1.0048469305038452
0.03619562089443207,0.5211286544799805,0.8830848932266235
0.041929833590984344,0.5213003158569336,0.9405986666679382
0.032273273915052414,0.6468875408172607,0.9696202874183655
0.03282816335558891,0.5568405389785767,0.8851221799850464
0.027442768216133118,0.7067534923553467,0.9811811447143555
0.0307278111577034,0.48859137296676636,0.7958694696426392
0.03916994854807854,0.4042694866657257,0.7959690093994141
0.0331440307199955,0.525066077709198,0.85650634765625
0.02822066843509674,0.4390280246734619,0.7212346792221069
0.030133478343486786,0.3044150769710541,0.6057498455047607
0.03338762745261192,0.40055638551712036,0.7344326972961426
0.027868203818798065,0.4606366455554962,0.7393187284469604
0.03068230301141739,0.5420070886611938,0.8488301038742065
0.02813071943819523,0.5527204871177673,0.8340276479721069
0.030654635280370712,0.6522790193557739,0.9588253498077393
0.030090931802988052,0.4241541624069214,0.7250634431838989
0.03265592083334923,0.5528172850608826,0.8793765306472778
0.036200303584337234,0.5468152761459351,0.9088183045387268
0.0314432829618454,0.592873215675354,0.9073060750961304
0.055803436785936356,0.6369591951370239,1.194993495941162
0.027556249871850014,0.4410799741744995,0.7166424989700317
0.040597546845674515,0.5251663327217102,0.9311417937278748
0.029373010620474815,0.5302287340164185,0.8239588737487793
0.02747124433517456,0.4234873354434967,0.6981997489929199
0.027109719812870026,0.6431514620780945,0.9142486453056335
0.029508356004953384,0.3916858732700348,0.686769425868988
0.029212603345513344,0.5668358206748962,0.858961820602417
0.0607745386660099,0.5134446620941162,1.121190071105957
0.03884118050336838,0.405370831489563,0.793782651424408
0.02863425388932228,0.6171512603759766,0.9034937620162964
0.04264848306775093,0.44479042291641235,0.8712752461433411
0.04054507613182068,0.638856053352356,1.044306755065918
0.036527927964925766,0.48562091588974,0.8509001731872559
0.027116525918245316,0.4865236282348633,0.7576888799667358
0.02727253921329975,0.5708987712860107,0.8436241745948792
0.031835757195949554,0.40369713306427,0.7220547199249268
0.02909759059548378,0.6370089650154114,0.9279848337173462
0.03085111267864704,0.47471883893013,0.7832299470901489
0.028861261904239655,0.5121981501579285,0.8008107542991638
0.027525827288627625,0.5724616050720215,0.8477199077606201
0.03418682515621185,0.5772478580474854,0.9191161394119263
0.027817968279123306,0.5197783708572388,0.7979580163955688
0.026944933459162712,0.3926165997982025,0.6620659232139587
0.027574554085731506,0.48464977741241455,0.7603952884674072
0.0414920337498188,0.6427679061889648,1.0576882362365723
0.028956053778529167,0.5657404065132141,0.8553009033203125
0.04240673407912254,0.37143582105636597,0.7955031394958496
0.044898003339767456,0.6959980130195618,1.1449780464172363
0.027302704751491547,0.5199835300445557,0.7930105924606323
0.02713567018508911,0.5744520425796509,0.845808744430542
0.041829708963632584,0.47185075283050537,0.8901478052139282
0.04263576120138168,0.4473346471786499,0.8736922740936279
0.03301898017525673,0.582939624786377,0.913129448890686
0.027533357962965965,0.6073154211044312,0.8826490044593811
0.027238713577389717,0.42046821117401123,0.6928553581237793
0.027409574016928673,0.5456274747848511,0.8197232484817505
0.037030261009931564,0.43382519483566284,0.8041278123855591
0.04987000674009323,0.4727446138858795,0.9714447259902954
0.03218021243810654,0.4531489312648773,0.7749511003494263
0.035258322954177856,0.5036412477493286,0.8562244772911072
