image_id,caption,fluency,diversity
sonicdrivein_1534,"whether it’s a sonic cheeseburger or our new cookie jar shakes, make sure you eat your heart out on national eat what",0.8232764,0.5296938
sonicdrivein_886,this year's @drpeppersonicgames are fierce! carhops from all over competing to see which crew's got the heat. 🔥 head over to our story to see which team made it on top! 🛼,0.77378446,0.5296938
sonicdrivein_2084,"our mystery disappearing slush will only be available today, august 21st. just one day. tag a friend to come with you",0.8715076,0.5296938
sonicdrivein_1117,picking what flavor to order is the toughest part. let your phone battery decide your next drink. pleased with your,0.8440399,0.5296938
sonicdrivein_1153,three’s a party! 🎉 our trick or treat blast is packed with all your halloween faves. 🍫🍬,0.8729453,0.5296938
sonicdrivein_1748,"no matter how you connect the dots, there’s always time for ½ price happy hour drinks from 2-4 pm. 😜",0.8884816,0.5296938
sonicdrivein_2165,a little blast from the past - 1988 #sonic blast poster! #tbt,0.82047117,0.5296938
sonicdrivein_856,"the holidays are coming, & sonicswagshop.com is cooking up something real good. ☃️",0.952091,0.5296938
sonicdrivein_877,comment below what food combo your initials create. 😋,0.7883892,0.5296938
sonicdrivein_1606,consider the menu for the wedding reception handled.,0.26822838,0.5296938
sonicdrivein_1762,light up your night with a hot batch of sonic’s handmade onion rings. 🙌🏼 tag #thisishowisonic and you could be featured,0.6952557,0.5296938
sonicdrivein_1987,"whipping up the most delicious cone you’ve ever had, no big deal.",0.9380777,0.5296938
sonicdrivein_1050,every day is an opportunity. every sundae is an opportunity for rich hot fudge and oreo® cookies. treat yourself to an ice cream adventure with an oreo® big scoop cookie dough sundae.,0.9614615,0.5296938
sonicdrivein_1976,before you make the perfect dog you prepare the perfect ingredients. #doingitright,0.8629075,0.5296938
sonicdrivein_1799,"tomorrow’s the first day of summer, so pedal over to sonic and pick up ½ price cheeseburgers made with 100% pure beef.single-patty cheeseburgers only. tax not included. add-ons cost extra. cannot be combined with other offers. offer valid 06/20/16 at participating sonic drive-ins while supplies last.",0.67821234,0.5296938
sonicdrivein_1418,"cheers to the magical taste of our 🔥 red bull® slush. 
p.s. comes in cherry limeade flavor, too! 🍒🍒🍒",0.49060297,0.5296938
sonicdrivein_2228,"hey, @sonicdrive_in is on @wendywilliams today!! watch for a special offer!",0.8187797,0.5296938
sonicdrivein_1307,"dear santa,

all i want for christmas is a sonic gift card, thank youuuuuuuu.

love,
hungry",0.81437665,0.5296938
sonicdrivein_1528,"rev your engines because the @fayetteville_z_club is ready to roll out! 🚘 this import car club takes their meetups to sonic summer nights to show off their rides while sipping on 1/2 price floats. 😋
-
the eclectic bunch is made up of active military members and even moms who all share a ❤️of car culture. #mysonicsummer",0.7016315,0.5296938
sonicdrivein_1863,"these hot dogs are heatin’ up, just like this deal. 🔥",0.84452426,0.5296938
sonicdrivein_1733,here’s the deal: you bring your tots and we’ll bring ours! 👨‍👩‍👧‍👦 tag #thisishowisonic and you might be featured like,0.43598136,0.5296938
sonicdrivein_277,100000% certain these two are meant to be 🥲,0.8793459,0.5296938
sonicdrivein_262,"“a sonic run is in order rn” - me everyday, all the time, no matter what im doing",0.26688766,0.5296938
sonicdrivein_1350,our oreo® a la mode has no bad angles. 📸: @eatingatx,0.76834494,0.5296938
sonicdrivein_1783,"national ice cream day to-do list: grab all the sweet treats. 😝 tag your crew and head to sonic.

#sonic #icecream #🍦#nationalicecreamday",0.8199785,0.5296938
sonicdrivein_1965,"dream life: at the end of every rainbow, there is a delicious slush. #slush #nom #thirsty #delicious",0.89781934,0.5296938
sonicdrivein_872,sometimes our menu needs pairing up like zodiac signs. ♎,0.8265694,0.5296938
sonicdrivein_905,"don’t worry, try another 2 for next time. 😌",0.6503112,0.5296938
sonicdrivein_1629,"the heart wants what it wants. lots and lots of cheeseburgers.
ours are half-priced all day tomorrow.

single-patty cheeseburgers only. no limit. tax not included. add-ons cost extra. cannot be combined with other offers. offer valid tuesday, 6/6/17, at participating sonic drive-ins while supplies last.",0.37338543,0.5296938
sonicdrivein_1037,fresh air and fresh drinks. join a sonic crew today. #howwesonic,0.8240656,0.5296938
sonicdrivein_1686,"burritos. burgers. dogs. wings. tots. if you can’t choose one, choose them all.",0.95855564,0.5296938
sonicdrivein_1823,tag the friend who’d be your wingman any time. then bring ‘em to sonic tomorrow for ½ price boneless wings.6 & 12 piece boneless wings only. tax not included. add-ons cost extra. cannot be combined with other offers. offer valid 05/5/16 at participating sonic drive-ins while supplies last.,0.18781117,0.5296938
sonicdrivein_314,slush machine is packed & we’re headed to centeroo. ✌🏼🌸✨👽#seeyouatbonnaroo,0.6834445,0.5296938
sonicdrivein_1595,that feeling when you make it to sonic happy hour just in time for a mango iced tea! 😛,0.8867561,0.5296938
sonicdrivein_1688,50¢ corn dogs and ice-cold drinks go together like road trips and best friends. tag the crew you’re heading to sonic,0.8980365,0.5296938
sonicdrivein_2233,"check out this cute pumpkin, and then go to sonic and check out a corn dog!",0.9453673,0.5296938
sonicdrivein_1931,the taste of warmer days is only a bite away with a footlong quarter pound hot dog and tots for $3.99. #sonic #tbt #flqp #🌭,0.73357344,0.5296938
sonicdrivein_1140,here’s a pirate filled with sweet treasure. 🍬 download the blast cupstumes with the link in bio to make your trick or treat blasts even spookier. 🎃,0.4427633,0.5296938
sonicdrivein_917,"every talent takes practice, even tot-catching. 🙌 tag @agt @sonicdrivein and use #sonictalentchallenge to showcase your talent at the drive-in. 

watch america’s got talent tuesdays & wednesdays 8/7c on nbc.",0.8940187,0.5296938
sonicdrivein_1601,making it to happy hour 2 mins before it ends is an art! 💪,0.7803948,0.5296938
sonicdrivein_750,"introducing nico, josh and layne🤘🎸fun fact: we feature real life sonic customers like these three friends (and band mates) in our commercials. be on the lookout for some more behind-the-scenes footage. 👀",0.9124068,0.5296938
sonicdrivein_1910,"today only, knock out winter chill with a hot deal on 50¢ grilled cheese at sonic. please mention when ordering. limit 5. tax & add-ons extra. only on 12/30.

#cheesy #grilledcheese #sonic #winterwarme",0.33951086,0.5296938
sonicdrivein_2010,"the best part of making your own ""super breakfast toaster"" is the extra side of toast at the end. #sonicdiy #sonic #yum",0.8566163,0.5296938
sonicdrivein_1981,it's #nationalhotdogday! celebrate the right way with a $1 premium beef chili cheese coney or all american dog.* #merica,0.79431415,0.5296938
sonicdrivein_1178,"each week, discover a new spotify playlist inspired by a sonic drink! this week is blue raspberry, a sour playlist that",0.9149836,0.5296938
sonicdrivein_1459,sonic summertime dreaming. 💭are you ready for some summer sun at the drive-in? ☀️ 📸: @xoaleeeee,0.80652016,0.5296938
sonicdrivein_843,"‘tis the season of giving gifts. 🎁 what sonic swag would you bundle up, for the sonic lover in your life?",0.7300723,0.5296938
sonicdrivein_2013,experimenting with mind-blowing flavor combinations is just another day at the sonic offices. #sonic #slush #yum #😍 #🍬,0.9169506,0.5296938
sonicdrivein_560,what should we name our fantasy team?,0.933624,0.5296938
sonicdrivein_539,tell all your pup friends that you can order a free wag cup with any app purchase all oct.,0.19621794,0.5296938
sonicdrivein_1704,melty cheese meets toasty bread—a true match made in heaven. stop into sonic for 50¢ grilled cheese on 12/21 🧀🍞❤️ limit 5. mention when ordering. tax not included. add-ons cost extra. cannot be combined with other offers. offer valid 12/21/16 at participating sonic drive-ins while supplies last,0.16893362,0.5296938
sonicdrivein_840,get a free route 44 drink with purchase when you use the code jass444 in the sonic app. 🥤 #sonicroute444 #sonicdrivein,0.81295747,0.5296938
sonicdrivein_1598,how cool are these cups and bags designed by @tadcarpenter? head to sonic for a treat that tastes like summer in a cup!,0.78370386,0.5296938
sonicdrivein_1226,"hey class of 2020! tag @sonicdrivein in a post of your senior car decor with #sonicgradsweepstakes and you could get some limited edition swag or even a $1,500 valuedictorian scholarship! plus, if you stop by in the afternoon through 5/27, we’ll be bumping graduation tunes in your honor!
no purchase necessary. 16+, grad hs seniors ends 5/27. rules/eligibility: link in bio.",0.47010943,0.5296938
sonicdrivein_1840,we’re feeding your feed with this dulce de leche square shake. get a new creamery shake in the same flavor 1/2 price after 8 pm at sonic. #squareshakes #shakebreak,0.6108676,0.5296938
sonicdrivein_2209,"we watched with sadness as monday's tornado struck moore, ok, just a few miles from sonic hq.",0.9548176,0.5296938
sonicdrivein_795,we leave our tiktok alone for a second … 🔥 #sonicdrivein #music #freestylerap #craving,0.78836066,0.5296938
sonicdrivein_1248,"no matter where teachers' desks may be, they go above and beyond to #keepkidslearning! we donated $500k, and you can",0.884337,0.5296938
sonicdrivein_2190,double your love for @netfeather's entry into our #doubledogdare yet? just use the hashtag and tag @sonicdrivein to,0.66583675,0.5296938
sonicdrivein_1463,wishing you a day of sweetness! which one of our treats do you ❤️ most?,0.8149229,0.5296938
sonicdrivein_1638,two is always better than one...especially at sonic. grab two drinks at happy hour at half the price to double your,0.503443,0.5296938
sonicdrivein_135,"get in losers, new holiday merch is here ✨ ",0.23821639,0.5296938
sonicdrivein_778,sounds like a good excuse to have a double stuf oreo® waffle cone.,0.9249756,0.5296938
sonicdrivein_504,want to get this for ½ price? open the app > go to soft drinks > sprite > peach > mango > real lemons,0.63261724,0.5296938
sonicdrivein_932,our sonic cups are perfect for keeping your drinks extra cool. #thisishowwesummer,0.75956833,0.5296938
sonicdrivein_1866,get a lil wild with an unexpected combo that’s surprisingly delightful. catch a taste of our new wildberry lavender,0.8964255,0.5296938
sonicdrivein_1012,"warm chili and cheese goodness, crispy fried onion crunch, and allllll of the southwest flavor we could pack on top of our 100% all beef patty. try a twisted texan cheeseburger or footlong coney today.

try one at 1/2 price when you order online or in the sonic app.",0.79374105,0.5296938
sonicdrivein_1152,it’s national mozz stick day! we recommend taking a 5-minute cheese stretch once in awhile. 🧀😋,0.90410304,0.5296938
sonicdrivein_2128,"thinking of ditching your resolution? never! unless your resolution is ""to give up eating delicious food."" in that case, give that up immediately!! #ditchyourresolutionday",0.88692045,0.5296938
sonicdrivein_991,"can’t 👀 look 👀 away! sonic’s all-new bursting bubbles slushes will mesmerize you with every sip. 

*bursting bubbles are not suitable for children 3 years or under due to possible choking hazard. limited time only at sonic drive-ins.",0.47452384,0.5296938
sonicdrivein_1300,fritos® chili cheese jr. wraps are back?!!? *cue cheese pull*,0.82805485,0.5296938
sonicdrivein_1264,planning my sonic road sip through louisiana right now... any other stop suggestions?,0.4419696,0.5296938
sonicdrivein_903,sign me up for some double trouble. 🍔🍔 #nationaldoublecheeseburgerday,0.84357107,0.5296938
sonicdrivein_951,"red, white, & blue have never looked this good. 😍",0.88350874,0.5296938
sonicdrivein_1934,give thanks for your crew. tag 'em to share the love. #sonic #friendsgiving #ultimatechickensandwich #🙌,0.8243764,0.5296938
sonicdrivein_505,test your circle. bring up steak butter bacon cheeseburgers.,0.93176186,0.5296938
sonicdrivein_772,put your knowledge to the test with our sonic crossword! comment below all the words that you can guess👇,0.8721285,0.5296938
sonicdrivein_1869,get more crunch for less green when our premium jr. deluxe cheeseburgers are just 89¢ this wednesday.,0.6078579,0.5296938
sonicdrivein_788,who’s a good boy? you are! 🐶,0.9454691,0.5296938
sonicdrivein_1689,"on february 1st, give your squad a reason to celebrate. bring them each a 50¢ corn dog from sonic for best friends day.",0.97346276,0.5296938
sonicdrivein_1380,we only roll with the best. one of these talented carhops will win the coveted sonic skate off title! who will it be?! 🤔,0.9219843,0.5296938
sonicdrivein_1887,roll out with our regular breakfast burrito and green mountain coffee in under 2 minutes.,0.8634671,0.5296938
sonicdrivein_1286,we’re big fans of tender moments! 😉 text delish to 876642 to get 1/2 price 3 or 5 piece crispy tenders all day 2/6!,0.07079292,0.5296938
sonicdrivein_1172,📣 our fall voting campaign is back to help public school teachers! kick it off with a large drink or slush offer with,0.5156639,0.5296938
sonicdrivein_1892,"celebrate groundhog day tomorrow with a deeelish deal: ½ price cheeseburgers.

single-patty cheeseburgers only. tax not included. add-ons cost extra. cannot be combined with other offers. offer valid 2/2/16 at participating sonic drive-ins while supplies last.

#sonic #cheeseburger #🍔",0.8041376,0.5296938
sonicdrivein_634,which type of person are you?🍦🍨 #nationalicecreamday,0.8869078,0.5296938
sonicdrivein_462,"⚠️flash warning⚠️ but  why is this such a vibeeee? get our limited edition midnight tumbler on sonicswagshop.com🥤#nye #sonictumbler""",0.62778133,0.5296938
sonicdrivein_776,who needs a phone when you got a double stuf oreo® waffle cone?,0.8210792,0.5296938
sonicdrivein_1639,"sharing is caring so grab the crew for crispy, golden 50¢ corn dogs all day today. good things come to those who sonic.",0.3311972,0.5296938
sonicdrivein_1734,spice up your day with the new sonic fiery ultimate chicken sandwich. then cool it down with a refreshing vanilla lime dr pepper.,0.97370183,0.5296938
sonicdrivein_1914,"a deal worth shouting about: 50¢ grilled cheese at sonic, all day this wednesday. please mention when ordering. limit 5. tax & add-ons extra. only on 12/30.

#cheesy #grilledcheese #sonic #winterwarmer",0.38427845,0.5296938
sonicdrivein_204,gotta try it before someone catches the mistake!!,0.894321,0.5296938
sonicdrivein_331,school's out!! remember to tag us in your prom & grad photoshoots at the drive-in so we can join in the fun 🤩,0.91604984,0.5296938
sonicdrivein_2125,pretty please with a cherry on top! #icecreamsocial,0.74757,0.5296938
sonicdrivein_1662,"our golden, crispy corn dogs are 50¢ tomorrow all day long, and that’s something we can all cheers to. tag a friend",0.8929305,0.5296938
sonicdrivein_2024,a little messy. a lot delicious. #sonicdiy #😍,0.8569408,0.5296938
sonicdrivein_1212,summer’s got lemonberry slush float on my mind. 🍓🍦🍋 sound on for some slush vibes! 🔉,0.24128798,0.5296938
sonicdrivein_2094,"#repost from @superjuiceokc - ""if you build it, they will come."" thanks, @myriad gardens for partnering on",0.6411782,0.5296938
sonicdrivein_821,"a plan where sonic customers win, and hunger pains lose.",0.923689,0.5296938
sonicdrivein_669,"turn up the fun with our new sour patch kids slush float. #funnersummer sour patch kids is a trademark of mondelēz international group  used under license. mobile ordering available at select locations; hours may vary. $2.99 is for medium size only. limited time only at participating sonic® drive-ins. ™ & © 2022 america’s drive-in brand properties llc.""",0.5454555,0.5296938
sonicdrivein_1596,raise your hand if you use ketchup or mustard to write things on your hot dog 🙋,0.8926298,0.5296938
sonicdrivein_849,"when you think of these months at the drive-in, you think of … ? 📅",0.93892455,0.5296938
sonicdrivein_1880,"tomorrow at sonic, it’s all about the washingtons. come snag $1 hot dogs all day.  #sonic #hotdogs #🌭",0.8058085,0.5296938
sonicdrivein_1090,our items are leveling up! 🎮 which item would you want in a fight? 👾,0.9456368,0.5296938
sonicdrivein_430,ok now what if we put them together………..,0.5020349,0.5296938
sonicdrivein_973,think you can do it all? ✅,0.90962696,0.5296938
sonicdrivein_1858,"it’s about time you snuck in. give your tastebuds the vip treatment with the ultimate chicken club, made with premium",0.42707866,0.5296938
sonicdrivein_1961,variety is the slush of life. #nom #thirsty #slush #sonic,0.8559918,0.5296938
sonicdrivein_954,"1, 2, 3, 4!
we want slushes, drinks, and more! 

#thisishowwesummer",0.7866278,0.5296938
sonicdrivein_925,"🚨 it’s nerf® or nothing at the drive-in! 🚨 complete your nerf® collection when you order a wacky pack® kids meal and get ready for battle!

nerf® is a trademark of hasbro used with permission.",0.76128894,0.5296938
sonicdrivein_1258,"the cheese is back! 🧀mark your calendars for thursday, march 26! 
you can use the sonic app for contactless ordering and payment or simply place your order at the drive-in for this deal.

limit 5 per customer. tax not included. includes 4 pc. (small) mozzarella sticks. valid only on thursday, march 26, 2020, at participating sonic® drive-in locations while supplies last. not good in conjunction with combos or any other offers. not valid with third party delivery services. tm & © feb 2020 america’s drive-in brand properties llc",0.75337815,0.5296938
sonicdrivein_69,"sometimes when we work on our assignments, genius strikes",0.9603523,0.5296938
sonicdrivein_1791,"two halves make a whole. a whole lotta deliciousness. our cones are 1⁄2 price for ice cream cone day, tomorrow at sonic.

tax not included. add-ins cost extra. cannot be combined with other offers. offer valid 07/07/16 at participating sonic drive-ins while supplies last.

#sonic #icecream #🍦#icecreamconeday #treatyoself",0.33850425,0.5296938
sonicdrivein_1552,"“it’s more environmentally friendly, better for you and of course, above all, delicious.” - scott uehlein, vp product",0.885539,0.5296938
sonicdrivein_2070,the (corn) dog days are not over.,0.9600945,0.5296938
sonicdrivein_1712,"you know what's more delicious than full price drinks? 1/2 price drinks. enjoy america's happy hour℠ at sonic, everyday",0.3490966,0.5296938
sonicdrivein_1841,this square shake is modeled after sonic's vanilla bean creamery shake. it’s layered with likes. add your like now and take a #shakebreak with 1/2 price shakes after 8 pm. #squareshakes,0.7104004,0.5296938
sonicdrivein_955,you have to choose: cup or cone? 🍦🍨 #nationalicecreamday,0.7268211,0.5296938
sonicdrivein_1146,it’s cuffing season. 👀 pair these items together for a unique sonic date. 💕,0.8706541,0.5296938
sonicdrivein_2112,"hey, central ok! eat at sonic on thursday, 2/20, between 6-11 and we will donate 10% of sales to calm waters. then,",0.57292795,0.5296938
sonicdrivein_2031,"👨: to me, you're perfect. 👩: ...babe.👨",0.86965483,0.5296938
sonicdrivein_1935,shake up your typical lunch with the juicy ultimate chicken sandwich. #sonic #lunch #weekend,0.9359172,0.5296938
sonicdrivein_1049,slush serenade is back! we’re calling this new one “lemon drop”. stream it on our soundcloud! 🍋🍋,0.9154888,0.5296938
sonicdrivein_80,just know we are very proud of this one,0.9347637,0.5296938
sonicdrivein_690,don't keep mom from her emotional support ice.,0.5808597,0.5296938
sonicdrivein_280,something lite with main characters of the moment #zodiac,0.21377204,0.5296938
sonicdrivein_2224,have you planned ahead for your minty shake break at sonic tomorrow? half price shakes all day including our seasonal,0.6370124,0.5296938
sonicdrivein_2203,how many times will we see you today?,0.970721,0.5296938
sonicdrivein_2156,have a friend who needs a smile? share a cheesecake bite!,0.94835716,0.5296938
sonicdrivein_196,"wake up, it’s the first of the month",0.9484379,0.5296938
sonicdrivein_588,who knew you could love a little bubble so much??,0.8577252,0.5296938
sonicdrivein_1740,so your week was a mixed bag? we’ve got just the thing to put it over the top. 🎉,0.51292545,0.5296938
sonicdrivein_1752,hit the open road this weekend with a sonic slush and your favorite partner-in-crime.,0.9483292,0.5296938
sonicdrivein_797,what better way to celebrate #nationalmilkday than to sip on a shake! 🥛,0.9024006,0.5296938
sonicdrivein_2222,"the sonic groundhog is up and at it again! in addition to seeing 1/2 price footlongs in your future, he's making",0.82911783,0.5296938
sonicdrivein_1277,"$1 hot dogs comin’ in hot! swing by thursday, february 27 for this 🔥deal! *tax not included. see menu for details. offer valid only on february 27, 2020 at participating sonic® drive-in locations.",0.5471641,0.5296938
sonicdrivein_2177,how are you celebrating #nationalsmileweek? our tots are having a great time bringing joy to all who meet them.,0.9385555,0.5296938
sonicdrivein_2086,the mystery disappearing slush is coming and you can only get it by visiting sonic on 8/21. check out the link in our bio for more details. and more trinicorns.,0.84554976,0.5296938
sonicdrivein_2208,today is the day! $.50 corn dogs all day at sonic!,0.69018745,0.5296938
sonicdrivein_1750,what's better than football & wings? nothing. get your bogo boneless wings today.,0.7940166,0.5296938
sonicdrivein_706,"this is perfect, perfect, perfect ✨",0.9231067,0.5296938
sonicdrivein_962,it is getting hot 🥵 and we have to cool down anyway we can. 🏊,0.9396504,0.5296938
sonicdrivein_1923,"they don’t call ‘em hot dogs for nothin’. warm up for the winter solstice with ½ price footlong quarter pound hot dogs, all day on 12/17.",0.5040001,0.5296938
sonicdrivein_1101,2020 was a year filled with amazing music: listen to our spotify playlist for the top hits and underrated bops! 🎧🎉,0.7974873,0.5296938
sonicdrivein_1043,"want to be featured on our next board? tag us in your photo enjoying sonic, and you might be pinned 📌next.",0.81275433,0.5296938
sonicdrivein_1661,"it’s the weekend and we can’t stop smiling either, @juliarmartin_ 😬",0.71416086,0.5296938
sonicdrivein_1164,"each week, discover a new spotify playlist inspired by a sonic drink! want a lil’ sunshine? then brighten up your day",0.9460155,0.5296938
sonicdrivein_2052,"eat your heart out, candy board games. ",0.46238413,0.5296938
sonicdrivein_346,ai can understand a lot but it can’t understand game 💅 just sayin’,0.23860174,0.5296938
sonicdrivein_313,do you drink red bull slush to work or work to drink red bull slush? #wfhlife #middaybreak #lunchbreak,0.8017882,0.5296938
sonicdrivein_2114,wr cannot tell a lie - already had hot dogs for breakfast and lunch. probably will head back for dinner and maybe,0.3469979,0.5296938
sonicdrivein_1789,"with the $5 sonic boom box, you can snag all your faves without breaking the bank.#sonic #hotdog #cheeseburger #teamtots #teamfries #boombox",0.8267508,0.5296938
sonicdrivein_2014,all you need to survive is a little #👄 #🎤 #📺 and #🍦. #lipsyncbattle,0.7974298,0.5296938
sonicdrivein_1174,sonic® and slime™ make a real good time. play with the nickelodeon slime™ toys when you order a wacky pack® kids meal! 🤪,0.87487304,0.5296938
sonicdrivein_1151,"our red button’s swingin’ on by! they love the monkey bars, but the red button can’t wait to hang out with their wacky pack friends. who will we see next? 🤸",0.89505696,0.5296938
sonicdrivein_1183,need a lil’ romance? we’ve got your back for some fresh date-night fun. 💞,0.8826906,0.5296938
sonicdrivein_1904,"oh, we’ve got buns, hun. they’re toasted golden, with 100% beef patties and all the fixins' in between.

and these jr. deluxe cheeseburgers are only 79¢ all day today, 1/14.

please mention when ordering. limit 5. tax not included. add-ons cost extra. cannot be combined with other offers. offer valid 1/14/16 at participating sonic drive-ins while supplies last. 

#sonic #🍔 #✨",0.55744874,0.5296938
sonicdrivein_1640,"grab a friend or two for a corn dog or five. it doesn’t matter who you bring, just get them to sonic for 50¢ corn dogs",0.5335966,0.5296938
sonicdrivein_1162,"we’re feeling a lil’ blue, so here’s a slush serenade remix for you, slowed down with a splash of reverb. how’re you feeling today? 💖",0.95008516,0.5296938
sonicdrivein_1994,a letter so good they had to say it twice. #mmblast #sonic #yum #icecream #🍦,0.8875015,0.5296938
sonicdrivein_1154,we went back in time to find our sonic items as works of art. 🎨 which artists reimagined our menu? 🖼️,0.8694561,0.5296938
sonicdrivein_65,we're just two single moms who work one job!,0.9607161,0.5296938
sonicdrivein_837,our route 444 cooler has traveled all over to see fans go big! what drink would you put in a #sonicroute444 ? #sonicdrivein #route44,0.6724456,0.5296938
sonicdrivein_1921,leave the big guy the treat he really wants.,0.97019124,0.5296938
sonicdrivein_842,get a free route 44 drink with purchase when you use code sloane444 in the sonic app. 🥤 #sonicroute444 #sonicdrivein,0.7837492,0.5296938
sonicdrivein_389,"the perfect drink to sip while watching the grease: rise of the pink ladies premiere doesn’t exi-channel your inner pink lady in the sonic app 💁‍♀️ sprite 👉 add cherry 👉 add vanilla 👉 add cream watch grease: rise of the pink ladies april 6 on paramount+! © 2023 paramount pictures. all rights reserved. paramount pictures  grease: rise of the pink ladies and all related titles  logos and characters are trademarks of paramount pictures.""",0.8716788,0.5296938
sonicdrivein_1760,hit refresh and escape to paradise with flavors like piña colada and strawberry daiquiri. experience one of our new island breeze frozen drinks today 🏖,0.7300903,0.5296938
sonicdrivein_1882,"happy valentine's day! celebrate with 2 can dine for $9.99, where you and your sweetheart both get what you want.",0.5183757,0.5296938
sonicdrivein_461,our limited edition midnight tumbler inspired by those sonic nights. 🌙 only available at sonicswagshop.com,0.9211041,0.5296938
sonicdrivein_1673,stop by sonic and gear up for a weekend adventure. ,0.9575792,0.5296938
sonicdrivein_1167,let’s play couples bingo! get 5 in a row and treat your partner to a delicious shake! 🥤,0.9238957,0.5296938
sonicdrivein_1169,"each week, discover a new spotify playlist inspired by a sonic drink! this week, a hype playlist that’s ready to pop. 🍇 ",0.8911078,0.5296938
sonicdrivein_2079,congratulations to all the classrooms who received funding in week 1 of @sonicdrivein’s limeades for learning! make sure,0.91147393,0.5296938
sonicdrivein_1682,four flavors. four tasteful performances. one award-winning price. grab any footlong coney with tots for only $3.99 at sonic.,0.33202896,0.5296938
sonicdrivein_1238,"it’s almost #teacherappreciationmonth! teachers need our help right now, so we’ve donated $1m for teachers and their",0.89150715,0.5296938
sonicdrivein_993,"we’re taking our bursting bubbles on the road! first stop: oklahoma city! 💫 find us at scissortail park, on june 16th from 12 - 8pm.",0.7321135,0.5296938
sonicdrivein_1940,"congrats on the win, @easymoneysniper. keep the #wings coming! link to full video in profile.",0.78317606,0.5296938
sonicdrivein_2169,celebrate national back to work day with sonic! 1/2-price breakfast burritos on tuesday. all. day.,0.7644563,0.5296938
sonicdrivein_1027,meet jenna & zack - former coworkers at sonic. these two fell in love with their jobs... and each other. they've been,0.93190914,0.5296938
sonicdrivein_1282,who needs fancy when you know their favorites?,0.9521512,0.5296938
sonicdrivein_1465,"“hold my drink, this is my song!” what’s your #1 song to listen to at the drive-in? 🚘🎶 📸: @aubreysatticco",0.78238076,0.5296938
sonicdrivein_2080,vote for local teacher projects to earn sonic limeades for learning funding! head to limeadesforlearning.com and pick a,0.84471494,0.5296938
sonicdrivein_1968,brighten up your monday with a nerds* slush. #truth #yum #slush,0.8038556,0.5296938
sonicdrivein_660,don't sleep on the new sour patch kids slush float 🍉🍦,0.90400696,0.5296938
sonicdrivein_1095,a kiss on the cheek just as sweet as our drinks. 🥰🥰,0.908812,0.5296938
sonicdrivein_1001,"so many choices, all of them delicious. 😋 use our flow chart to figure out your craving. 📈",0.9199639,0.5296938
sonicdrivein_1430,"we’ve got a red bull® drink for every groove. try the new red bull® slush, cherry limeade red bull® slush or sip",0.60744035,0.5296938
sonicdrivein_1194,the cheesiest of peppers are coming your way! 🧀🌶️ text hooray to 876642 to get $1.49 small ched ‘r’ peppers!,0.2421268,0.5296938
sonicdrivein_1826,go dog go! hightail it to sonic for an unstoppable deal at america’s hot dog headquarters. snag $1 hot dogs made with premium beef all day tomorrow.limit 5. mention when ordering. includes only 6-inch chili cheese coney and all-american hot dogs. tax not included. add-ons cost extra. cannot be combined with other offers. offer valid 04/28/16 at participating sonic drive-ins while supplies last.#sonic #hotdog #🙌 #hotdoghq,0.4603417,0.5296938
sonicdrivein_2044,"brb: ""delicious"" is being made in the sonic test kitchen.",0.9533728,0.5296938
sonicdrivein_1266,another deal you can’t miss! text delish to 876642 to get $1.99 footlong chili cheese coneys all day on 3/5! limit 5. ,0.16141517,0.5296938
sonicdrivein_1633,"cheeseburgers are happiness held together by toasty buns. grab your crew tonight and every tuesday 5pm to close for our mouthwatering half-priced cheeseburgers at sonic family night. you go with sonic like a burger and its bun.

single-patty cheeseburgers only. no limit. tax not included. add-ons cost extra. cannot be combined with other offers. offer valid tuesdays at participating sonic® drive-ins while supplies last.",0.5045373,0.5296938
sonicdrivein_482,when the food isn’t the only thing that’s coming in hot. order your winter swag at sonicswagshop.com 🎄,0.83523685,0.5296938
sonicdrivein_1297,"a #3, cherry limeade with a side of drama, kicking off 2020 just right. where’s your nearest drive-in theater? 🎥",0.7652975,0.5296938
sonicdrivein_1122,"lights are up: december, we’re ready for you. 🎄👀",0.87228286,0.5296938
sonicdrivein_486,i love the taste of hypocrisy in the morning.,0.98047274,0.5296938
sonicdrivein_408,the most important messages are quick to type.,0.971387,0.5296938
sonicdrivein_1865,…is don’t talk about the 🆕 ultimate chicken club—unless you tell all your friends. then get your hands on this brioche,0.761811,0.5296938
sonicdrivein_645,where we get our ice. it's chill.,0.8638112,0.5296938
sonicdrivein_1415,the good times keep stacking up at the drive-in. sandwich a little sonic between all your summer fun. 🤠,0.8834577,0.5296938
sonicdrivein_712,was a mood. still a mood. ,0.8006323,0.5296938
sonicdrivein_633,asking the crowd! where would you take your customized cup?,0.9270697,0.5296938
sonicdrivein_1047,"solve our mystery! we found this riddle at the drive-in, but we’re stuck on the answer. what could it be? 🕵️",0.9528679,0.5296938
sonicdrivein_2158,"""you may say i'm a dreamer, but i'm not the only one."" happy birthday, john lennon.",0.97674733,0.5296938
sonicdrivein_2235,"and, the gold medal goes to  the greenbrier gold diggers of greenbrier, tn! 1st place team medal in the dr pepper sonic",0.53412586,0.5296938
sonicdrivein_1538,talk about dinner goals. what’s in your ideal sonic dinner spread? 📸@swaveyhippy.,0.8492551,0.5296938
sonicdrivein_1261,"𝗚𝗢𝗟𝗗𝗘𝗡, 𝗖𝗥𝗜𝗦𝗣𝗬 𝗔𝗡𝗗 𝗢𝗡𝗟𝗬 𝟱𝟬¢ 𝗧𝗢𝗠𝗢𝗥𝗥𝗢𝗪‼️ tax not included. each corn dog is 50₵. valid only on thursday, march 12, 2020, at participating sonic® drive-in locations while supplies last. not good in conjunction with combos or any other offers. not valid with third party delivery services. tm & © mar 2020 america’s drive-in brand properties llc",0.65092695,0.5296938
sonicdrivein_1486,"raise your hand if you love our candy slushes 🙌
now you can get your favorite drinks and slushes ½ price when you order ahead in the sonic app!",0.32397705,0.5296938
sonicdrivein_2095,"hey, okc! see you tomorrow night for #sonicsummermovies @myriadgardens. the family fun begins at 7 with lawn games, mr",0.8426404,0.5296938
sonicdrivein_701,"it’s a really big dill 👀 🏃🏃 to the app to snag one!""",0.16513883,0.5296938
sonicdrivein_809,all-star menu items. which items would be in your card collection?,0.9424051,0.5296938
sonicdrivein_1619,"grab a 79c medium size famous slush or transformers: the last knight slush at sonic only on june 29th.  don’t forget to see @transformersmovie: the last knight only in theaters.

offer includes med. size famous slushes and med. size transformers: the last knight slushes only.  offer good 6/29/17 only.  add-ins and tax extra. ©2017 par. pics. ©2017 hasbro.",0.43926045,0.5296938
sonicdrivein_234,what’s my skincare routine you ask? small classic shakes,0.6924204,0.5296938
sonicdrivein_1272,looks like the party got started early. #thisishowwesonic,0.8208922,0.5296938
sonicdrivein_644,come for the food. stay for the vibes.,0.9178998,0.5296938
sonicdrivein_1102,mark your 📅: #sonictotdrop is coming. tune in on new year’s eve starting at 11:45pm and watch as we drop 2020 like it’s tot. link in the bio!,0.40200683,0.5296938
sonicdrivein_972,"tell us how you really feel, kena. @kenapeay #hackourmenu #foodhacks",0.8891822,0.5296938
sonicdrivein_857,"our local favorites are having their moment. 🤩 check in the app under ""local favorites” to see what delicious treats",0.8763336,0.5296938
sonicdrivein_1648,"anyway you look at it, sonic’s at the end of the 🌈",0.6735839,0.5296938
sonicdrivein_304,the kids make you sweat more #scientificfact #googleit 😅 watch the full episode of momfessionals with @annalee15 now on youtube! 🍿 #momfessionals,0.8455985,0.5296938
sonicdrivein_1215,"🔥hot wheels 🔥monster trucks are spicing up your wacky pack deal! race to the drive-in to collect them all! 🏎️🏁

you can use the sonic app for contactless ordering & payment or simply place your order at the drive-in to receive this deal.

hot wheels and associated trademarks and trade dress are owned by, and used under license from, mattel. ©2020 mattel.",0.9457813,0.5296938
sonicdrivein_1779,get a whole lotta 💥 for your five bucks with the $5 sonic boom box.#sonic #hotdog #cheeseburger #teamtots #teamfries #boombox,0.72286004,0.5296938
sonicdrivein_1155,"here’s a tongue twister for you: try saying jr. garlic butter bacon burger 5 times! 😜 available for a limited time, for only $2.99.",0.6421615,0.5296938
sonicdrivein_652,ur welcome from the sonic social media manager 🦈 #sharkweek,0.8880306,0.5296938
sonicdrivein_545,happy national golf lovers day! how many holes would this rt 44 last you?,0.6132555,0.5296938
sonicdrivein_1124,eye on the sky and a sonic drink in hand. life should be that simple. 😇,0.82233095,0.5296938
sonicdrivein_1909,two orders of buffalo are better than one.,0.93138266,0.5296938
sonicdrivein_768,good reason to get a double stuf oreo® waffle cone: binge-watching has us in a snacking mood. 😋,0.84737337,0.5296938
sonicdrivein_1231,"you will literally win a car if you’re america’s first prom quaranking or quaranqueen. to enter, use #quarankingcontest",0.7089575,0.5296938
sonicdrivein_1198,our lil’ red button and his friends are popping all over the place! let your kids discover more fun surprises with the wacky pack. 🎁,0.8533284,0.5296938
sonicdrivein_1530,"when the weather heats up, the chill vibes reach 💯 . you might come to sonic summer nights for a ½ price shake after",0.8490945,0.5296938
sonicdrivein_632,"in a world without marinara, does honey mustard or ranch go with mozz sticks? 👀",0.5740551,0.5296938
sonicdrivein_1158,"students getting the supplies they need=music to our ears! ❤️ whether the classroom is in-person or virtual, help us",0.9071419,0.5296938
sonicdrivein_2218,"so, are you going to eat both halves or share with a bud?",0.63030183,0.5296938
sonicdrivein_507,free wag cups w/ any app purchase are ending soon! the time to trick-or-treat your pup is now. @itsdougthepug,0.818266,0.5296938
sonicdrivein_1636,you deserve a mid-week treat! indulge in half-off shakes and ice cream slushes all day tomorrow at sonic! offer valid,0.73124367,0.5296938
sonicdrivein_1732,the new sonic fiery ultimate chicken sandwich is 🔥🔥🔥 word to the wise: order a backup dr pepper. or 7.,0.25079772,0.5296938
sonicdrivein_1005,behold! the perfect mustard + corn dog pic! 🤩,0.8391332,0.5296938
sonicdrivein_1221,"we’re so proud of all of the finalists of our prom quaranking and queen contest! because it was such a tough decision, we felt a little extra celebration is in order! we’re giving $250 sonic gift cards to our runners up because we think they’re all quarankings and queens! thanks for your incredible submissions, prom court!",0.9380325,0.5296938
sonicdrivein_1777,"come rain or shine, hightail it to sonic for ½ price small & medium blasts & master blasts on wednesday. umbrella optional. 😏limit 5. small & medium sonic blasts & master blasts only. must mention when ordering. tax not included. add-ins cost extra. cannot be combined with other offers. offer valid 7/27/16 at participating sonic drive-ins while supplies last.#sonicdrivein #sonic #icecream #chocolate #🍫",0.38607493,0.5296938
sonicdrivein_1809,kick off summer break with a 50¢ corn dog in hand. 🙏 tag your after school crew and swing by sonic tomorrow for national end of school day.#sonic #corndog #😎 tax not included. add-ons cost extra. cannot be combined with other offers. offer valid 05/24/16 at participating sonic drive-ins while supplies last.,0.4947705,0.5296938
sonicdrivein_1927,"tis’ the season to bask in the glory of 50¢ corn dogs. get to sonic & pick up as many as you can carry, today only.",0.72813505,0.5296938
sonicdrivein_586,"we’ll do this for you one time, and one time only…",0.9653147,0.5296938
sonicdrivein_1770,"we’ll never let go, summer. we’ll never let go. we’re proving it with ½ price cheeseburgers for back to school day.

single-patty cheeseburgers only. tax not included. add-ons cost extra. cannot be combined with other offers. offer valid 08/11/16 at participating sonic drive-ins while supplies last.",0.51403123,0.5296938
sonicdrivein_2183,only 2 more days to enter your #doubledogdare! thanks @ricostudios for the entry. full rules at http://bit,0.7282045,0.5296938
sonicdrivein_1254,"sonic's downloadable family fun pack is perfect for indoor fun at home! get yours now, and visit sonicwackypack.com for",0.92252487,0.5296938
sonicdrivein_1807,thank your teacher using #thanksteach and sonic will donate up to $1 million to public school teachers thru @donorschoose.,0.75438887,0.5296938
sonicdrivein_882,"imagine sliding into sonic with these. which would you kick it in? a, b, or c? 👟🚦",0.8070044,0.5296938
sonicdrivein_838,get a free route 44 drink with purchase when you use code lacey444 in the sonic app. 🥤 #sonicroute444 #sonicdrivein,0.78414476,0.5296938
sonicdrivein_864,spooky (sonic) szn. this is the post. 👻,0.75997686,0.5296938
sonicdrivein_1679,"when corn dogs are just 50¢, the possibilities are endless. visit sonic february 16th to see what we mean.",0.9209598,0.5296938
sonicdrivein_1218,"do you miss licking the spoon, too!? 🥣 our cake batter shake is back and brought a friend. try the new brownie batter shake if you’re feeling chocolatey. 🍫🍫🍫🍫 📲use the sonic app for contactless ordering and payment or simply place your order at the drive-in.

for a limited time only at participating sonic® drive-ins. mobile ordering available only at select locations. tm & ©2020 america’s drive-in brand properties llc",0.67322314,0.5296938
sonicdrivein_1369,#nationalcheeseburgerday!!! 🍔🍔🍔🍔 stop by the drive-in for some cheesy goodness. 📸:@eatplaycbus,0.8389222,0.5296938
sonicdrivein_1687,we’ve all got that one friend that perfectly compliments us. grab your bestie and head into sonic for 50¢ corn dogs,0.8798731,0.5296938
sonicdrivein_1407,it’s bold. it’s bright. it burns? 😆find out the reason for this face on 7/1! #spicysonicsurprise,0.46621364,0.5296938
sonicdrivein_1599,grab your bff and head to sonic for 50¢ corn dogs all day tomorrow!,0.8356814,0.5296938
sonicdrivein_1070,running on empty? stop on by to get yourself a chicken slinger! and thanks for spending gas money on us. 🥰⛽🥰,0.88002336,0.5296938
sonicdrivein_1108,"weather’s getting colder, but it’s always time for a slush. 🥤",0.91973,0.5296938
sonicdrivein_790,always gotta have one in your back pocket.,0.9474152,0.5296938
sonicdrivein_935,"if you had a $25 gift card to sonic, what would you get? 💸💸💸",0.9558007,0.5296938
sonicdrivein_952,"struggling to decide your order? 🤔 then check the time: our clock will tell you what to get. ⏰

9am - 12pm: bacon egg & cheese breakfast burrito
12pm - 3pm: crave cheeseburger
3pm - 6pm: corn dog
6pm - 9pm: red, white, & blue slush float",0.8089659,0.5296938
sonicdrivein_2182,"today is the last day! instagram your favorite sonic dog meal, tag @sonicdrivein and use the hashtag #doubledogdare. the",0.8850436,0.5296938
sonicdrivein_1549,sonic nights are better with the whole squad! who’s in? 🌙,0.7779878,0.5296938
sonicdrivein_2023,"the best kind of hero is @stephenmerchant on @spikelsb, because wow. but the second best kind is ice cream. #🍦 #🎶 #🎵#🎤 #lipsyncbattle",0.7058491,0.5296938
sonicdrivein_2098,"if you are running the #okcmarathon today, run safe & run fun. we'll see you at the sonic/teleflora water stop on",0.8924053,0.5296938
sonicdrivein_2236,congrats to nate s. who was crowned the inner of the sonic skate-off!,0.8053406,0.5296938
sonicdrivein_1268,some of our most loyal customers aren’t pets. #thisishowwesonic,0.76966083,0.5296938
sonicdrivein_2238,best skaters in all of sonicland!! sonic skate off. thanks @drpepper and @rcsports for sponsoring!,0.7347824,0.5296938
sonicdrivein_1996,let your slush be colorful and your tastebuds...even more colorful. #sonic #slush #candy #candyslush #yum #🍬,0.8090288,0.5296938
sonicdrivein_1933,1/2 price cheeseburgers today only! a little extra to be thankful for. 🙌,0.8526966,0.5296938
sonicdrivein_836,"parents, report card season is upon us. don’t let those straight a’s slip by without a celebratory treat. some ideas for",0.92258114,0.5296938
sonicdrivein_522,big and little. do we need to say more?,0.9699166,0.5296938
sonicdrivein_1141,diy cupstumes are scary easy to make and look great on our trick or treat blast! visit the link in bio to get our,0.16714661,0.5296938
sonicdrivein_1382,giddy up if you wanna keep up with these carhops! the sonic skate off winner will be announced soon. who will take home the 🏆?,0.9557699,0.5296938
sonicdrivein_1388,sonic nights ends in 1 week! 😮make sure to save some room for dessert—your favorite late night treats are ½ price until labor day! *tax not included. see menu for details.,0.7353138,0.5296938
sonicdrivein_2226,yummy noms at sonic on friday!! mention the offer to receive discount!,0.15373169,0.5296938
sonicdrivein_696,can we hear a little commotion for the batter shake?,0.15688342,0.5296938
sonicdrivein_1275,hey! today  is $1 hot dog day! spread the word. 📲 *tax not included. see menu for details. offer valid only on february ,0.5816531,0.5296938
sonicdrivein_1669,"before you take on the night, fuel up with a creamy shake or new ice cream slush at sonic, half-price for the rest of today.

limited time only! tax not included. mention when ordering. includes shakes and ice cream slushes only. add-ins and fruit may cost extra.",0.39711845,0.5296938
sonicdrivein_1412,how hot is too hot? 😅 see how much spicy you can handle on 7/1! #spicysonicsurprise,0.8468834,0.5296938
sonicdrivein_567,in case you were wondering how the magic happens,0.94505376,0.5296938
sonicdrivein_769,"hey, get some fresh air, and while you’re at it, get a double stuf oreo® waffle cone.",0.95657825,0.5296938
sonicdrivein_1827,"dog-ear this deal: 100% pure beef hot dogs with craveable toppings are just $1, all day thursday at sonic, america's hot dog headquarters.limit 5. mention when ordering. includes only 6-inch chili cheese coney and all-american hot dogs. tax not included. add-ons cost extra. cannot be combined with other offers. offer valid 04/28/16 at participating sonic drive-ins while supplies last.#sonic #hotdog #🌭#hotdoghq",0.39368725,0.5296938
sonicdrivein_297,"ethan is the hungriest ✨passenger prince ✨ watch watch the full episode of momfessionals with @annalee15 now on youtube! #momfessionals #bts #bloopers""",0.82471454,0.5296938
sonicdrivein_1874,"mark the cal for a wednesday meat-up—for 3/2 only, our 100% real beef jr. deluxe cheeseburgers will be a ridiculous 89¢",0.7751586,0.5296938
sonicdrivein_1091,our wacky pack’s cozying up for movie night! what’s your go-to film and sonic snack to pair? 🎬,0.4711406,0.5296938
sonicdrivein_812,might be the hardest decision of your life. which 2 you picking?,0.8414073,0.5296938
sonicdrivein_546,howl-oween is around the corner and we’re treating your pups all month long. 🐶 visit the new sonic wag shop at,0.7591978,0.5296938
sonicdrivein_649,screenshot the video to see your next sonic combo!,0.7613603,0.5296938
sonicdrivein_1677,"not a bird, or a plane. just a super deal. fly into sonic and order your footlong coney with tots for only $3.99.",0.66301453,0.5296938
sonicdrivein_1631,sonic fact: life is always better with a 🍒on top!,0.87673086,0.5296938
sonicdrivein_1572,"strike a pose! sonic cups in hand, of course.",0.6842224,0.5296938
sonicdrivein_1670,"like what you see? good, because we’ve got more where that came from. half-price shakes and new ice cream slushes at",0.30791697,0.5296938
sonicdrivein_1196,don’t let those summer days float by without giving yourself a moment of fun in the sun. 🌤️,0.9607783,0.5296938
sonicdrivein_1743,"there's a gold mine of rich, tasty goodness at the center of every blast flavor funnel. grab one and start diggin'⛏⛏",0.91966385,0.5296938
sonicdrivein_405,if this is wrong i don’t want to be right. #pouroverdip #ranchdrizzle,0.89685553,0.5296938
sonicdrivein_1577,may your days be as festive as our cups! 😉 happy holidays from our family and the artists @neffheadwear! 💚🎨❤ visit our,0.8852305,0.5296938
sonicdrivein_2197,double tap if you're celebrating piña colada day with a cool pineapple island breeze slush!,0.76891977,0.5296938
sonicdrivein_1120,we had cherry limeade on repeat. 🔁 what did your #sonic2020 look like?,0.9481755,0.5296938
sonicdrivein_1730,can one ever really have too many corn dogs? 🤔 get 50c corn dogs fri-sun after 5pm and find out for yourself! ,0.5644951,0.5296938
sonicdrivein_163,sorry 4 the vegetables i bought rip :(,0.37523636,0.5296938
sonicdrivein_1798,"make dad's burger dreams come true and pick him up a sonic boom box this #fathersday.if you're lucky, he'll share some tots.",0.6949843,0.5296938
sonicdrivein_1790,our cones are 1⁄2 price and twice as good as they look. seriously. grab ‘em all day today at sonic.tax not included. add-ins cost extra. cannot be combined with other offers. offer valid 07/07/16 at participating sonic drive-ins while supplies last.#sonic #icecream #🍦 #icecreamconeday #😋,0.43893498,0.5296938
sonicdrivein_865,"half the fun of our sonic zero sugar drink mixes is watching them pour in. 😇 flavors include cherry limeade, strawberry lemonade, & ocean water: drink ‘em on-the-go at select @walmart locations.",0.8336275,0.5296938
sonicdrivein_1097,🔊 our fritos® jr. chili cheese wrap rap is music to our ears and stomachs! #sonicwraprap 🎵,0.86232597,0.5296938
sonicdrivein_1846,introducing #squareshakes—the world’s first shakes designed for instagram! inspired by sonic's delicious new creamery shakes. watch the full video by clicking the link in bio.,0.82899624,0.5296938
sonicdrivein_830,"join the crime-fighting action in gotham citytm by collecting all 10 batmantm heroes, villains, & gadgets with your next wacky pack® kids meal. 🦇🦸 sonic® toys are for children ages 3 and up. one toy per wacky pack® kids meal purchase. toy may vary with order. featured toys available for a limited time and while supplies last. only at participating sonic drive-ins. ™ & © 2021 america’s drive-in brand properties llc. batman and all related characters and elements © & ™ dc. (s21)""",0.49450752,0.5296938
sonicdrivein_1811,"from sunrise to 10am, refresh your morning with a large drink for just 99¢ at sonic. tax not included. see menu for details.#sonic #drink #morning #riseanddine",0.65497994,0.5296938
sonicdrivein_1895,we gotta know: #teamtots or #teamfries? snag both (and a cheeseburger or footlong coney plus medium drinks for 2) for $9,0.65901273,0.5296938
sonicdrivein_1160,"m&m’s®, snickers® and oreo®, oh my! all your favorite treats combined — this is no trick! our trick or treat blasts are here for all your halloween cravings. 🎃🧡 try in chocolate or vanilla! 

 📲 use the sonic app for contactless ordering & payment or simply place your order at the drive-in.

*limited time only at participating locations. mobile ordering available only at select locations. tm & ©2020 america’s drive-in brand properties llc. m&m’sⓡ [or other mars mark being used, e.g., snickersⓡ] is a registered trademark of mars, incorporated and/or its affiliates. mars, incorporated and its affiliates have in affiliation with and have no participation in the production or distribution of this product. oreo is a trademark of mondelēz international group.",0.85388654,0.5296938
sonicdrivein_534,it’s just an internal reminder at this point.,0.96835303,0.5296938
sonicdrivein_1746,goodness. surrounded by more goodness. what else could you possibly ask for? try our new blast flavor funnels today.,0.94138455,0.5296938
sonicdrivein_1612,"tomorrow we’re makin’ it rain $1 chili cheese coneys and all american dogs on national hot dog day at sonic! 🌭 🎉  #dolladolladogsyall

tax and add-ons extra. limit 5. includes 6"" (pre-cooked) chili cheese coney or 6"" all-american hot dog only. cannot be combined with other offers/combos. valid 7/19/17 at participating drive-ins while supplies last.",0.25912833,0.5296938
sonicdrivein_1705,picture this: you. sonic. the ultimate afternoon. need we say more? ,0.93541956,0.5296938
sonicdrivein_2155,"double tap if your first job was at sonic! (or, if you wish it was) we love our crew and carhops! #tbt",0.79729044,0.5296938
sonicdrivein_2091,"phooey, rain! see you next week for ghostbusters in okc. repost from @myriadgardens --- a decision. #sonicsummermovies",0.8678138,0.5296938
sonicdrivein_1957,"celebrate friday the right way with 1/2 price drinks from 2-4 pm, the happiest happy hour of the week. #tgif #cheers #😀",0.7784823,0.5296938
sonicdrivein_1645,"ladies and gentleman, this year’s sonic prom king and queen 🕺💃 tag #thisishowisonic and you could be featured next.",0.68412644,0.5296938
sonicdrivein_1041,"work hard, skate hard. that's why working at a sonic comes with fleeeeexible hours!",0.7361438,0.5296938
sonicdrivein_1920,"funny how things just come together when you kick holiday hanger with a jr. deluxe cheeseburger. this wednesday, 12/23, they’re just 79¢ all day long.

please mention when ordering. limit 5. tax not included. add-ons cost extra. cannot be combined with other offers. offer valid 12/23/15 at participating sonic drive-ins while supplies last. #🍔 #burger #nutcracker #holiday",0.48515484,0.5296938
sonicdrivein_2075,week 5 of @sonicdrivein’s limeades for learning is nearly over! get your votes in by sunday to help us help local,0.35630137,0.5296938
sonicdrivein_832,a lil’ confidence boost to get you through. 😭,0.8047007,0.5296938
sonicdrivein_1946,pick a cone. any cone. #sonic #icecream #treatyoself,0.78294337,0.5296938
sonicdrivein_1054,our oreo® big scoop cookie dough blast and sundae contain the ingredients for success 🍪⛰️🍪. treat yourself today when,0.8908961,0.5296938
sonicdrivein_728,"get to know the pedal tavern boys, three real friends who are sonic fans just like you!",0.93713844,0.5296938
sonicdrivein_894,who can resist? 🔴 snag this shirt & more at sonicswagshop.com.,0.9162619,0.5296938
sonicdrivein_1289,"nothing better than food, friends and fridays! 😎",0.6673784,0.5296938
sonicdrivein_1653,"seasons may change, but sonic family night won’t. grab ½ price cheeseburgers tonight and every tuesday from 5pm to close",0.9122348,0.5296938
sonicdrivein_369,her friends better stay away from her tots 🫣,0.6154088,0.5296938
sonicdrivein_1246,no one can deny a good cheese pull! 🧀,0.9166493,0.5296938
sonicdrivein_1651,warning: this is not a humble brag. stop by sonic april 13th for ½ price shakes and ice cream slushes available all day.,0.7889746,0.5296938
sonicdrivein_1693,you just don’t see love like this anymore. ❤️ if you love sonic ice.,0.878651,0.5296938
sonicdrivein_1233,🔊 sound on 🔊 tag a friend and don’t say anything. 🤫,0.60783535,0.5296938
sonicdrivein_1270,we’ve got something for every craving. #thisishowwesonic,0.67118573,0.5296938
sonicdrivein_302,the post festival blues are real. thanks roovians @bonnaroo 🫶👽🌈💫where will we show up next!?,0.8590563,0.5296938
sonicdrivein_1405,introducing the reaper spicy margarita mocktail slush! it’s made with the 🔥🔥🔥carolina reaper pepper—one of the world’s hottest chili peppers! try the new slush and tag your reaction with #reaperchallenge! *heat sensitive? keep water close. see menu for famous slush pricing with real fruit. limited time only at participating sonic® drive-ins. tm & ©2019 july america’s drive-in brand properties llc.,0.673756,0.5296938
sonicdrivein_1184,america’s hottest ice just got a lot cooler! 🤩 grab your iykyk sonic ice tee to enter our sweepstakes for a chance to,0.7118507,0.5296938
sonicdrivein_1404,we call this one the “spicy cha-cha!” our newest reaper spicy margarita is packed with flavor ready to make your tastebuds dance. 💃 add a kick to your summer and join in on the #reaperchallenge. *heat sensitive? keep water close. see menu for famous slush pricing with real fruit. limited time only at participating sonic® drive-ins. tm & ©2019 july america’s drive-in brand properties llc.,0.58150506,0.5296938
sonicdrivein_404,"@starbucks inspired us, which era are you? 👀",0.7286476,0.5296938
sonicdrivein_1553,a cheeseburger this delicious deserves a big apple debut! click the link in bio to see some of our favorite highlights from the signature slinger food truck launch in nyc! ♥️,0.9025249,0.5296938
sonicdrivein_1502,"you: “mom, can we go to sonic?”",0.8735439,0.5296938
sonicdrivein_1692,a melty 2 x 4 inch treat that’ll make you feel all toasty and comfy inside. new lil’ grillers now at sonic.,0.8072654,0.5296938
sonicdrivein_1547,"we can't imagine a more perfect backdrop for sonic nights. 😍🌅grab your squad and roll through for our best nights yet, w",0.35432947,0.5296938
sonicdrivein_704,"you’ve been sliding into our dms asking for it, and it's back!",0.8085165,0.5296938
sonicdrivein_1586,"now this is how you do halloween. 🎃 eat, drink and be scary with us on tuesday with 50¢ corn dogs!",0.3390006,0.5296938
sonicdrivein_1474,"we did it for you! order ahead in the app, and get ½ price drinks and slushes every time.",0.36855713,0.5296938
sonicdrivein_1516,tenders and fireworks? 🎇🎆sign. us. up. try our new $3.99 crispy tender dinner today!,0.4915688,0.5296938
sonicdrivein_308,"we teamed up with influencer @annalee15 to chat all things motherhood with some of her favorite people on our new limited series, momfessionals. make sure to tune in for some warm-fuzzies, belly-laughing, and tear-jerking moments coming soon on youtube! #momfessionals",0.8684197,0.5296938
sonicdrivein_1958,"thanks to us, corn dogs are only 50¢ today. thanks to instagram, you can now drool over them longer than ever. 😋",0.9393917,0.5296938
sonicdrivein_1349,which one would you rock (‘n’ roll)? 😋,0.85768586,0.5296938
sonicdrivein_585,we didn’t even try to understand the assignment 🌭,0.91306335,0.5296938
sonicdrivein_1116,🎶 now streaming: all our supersonic sounds in one place for smooth listening and smooth beats. link in our bio!,0.21296537,0.5296938
sonicdrivein_1403,"you say wednesday, we say #pinacoladaday! 🍍🥥🍹 we've got boozeless piña colada slushes waiting for you at the drive-in.",0.9080394,0.5296938
sonicdrivein_1232,"you will literally win a car if you’re america’s first prom quaranking or quaranqueen. to enter, use #quarankingcontest or #quaranqueencontest and tag @sonicdrivein on your contest post. entry deadline is 5/19 at 11:59 pm pt, so submit today. terms and conditions apply. link in bio for official rules.

no purchase necessary. submission period ends 5/19/20 at 11:59 pm pt. open to legal residents of the 50 u.s./d.c., who are currently enrolled in high school, and are a minimum of 14 years of age and maximum of 19 years of age (w/ parental consent, if a minor). see official rules for full details: https://rules.creativezing.com/sonicprom2020",0.7823002,0.5296938
sonicdrivein_2096,how many times will we see you today? how many flavors will you try?,0.9689038,0.5296938
sonicdrivein_1709,"alright, we’ll spell it out for you. sonic happy hour. ½ price drinks. today from 2-4pm. see you there 👍👍 tag",0.7265045,0.5296938
sonicdrivein_896,does anyone know what’s going on with our feed? all we see is the ice cream cone void. #nationalicecreamconeday,0.6408466,0.5296938
sonicdrivein_2081,"#vote now! today marks the first day of @sonicdrivein’s limeades for learning. sonic is giving away over $100,000 per",0.84386307,0.5296938
sonicdrivein_499,you’re going to have to do better than that.,0.97552454,0.5296938
sonicdrivein_1761,seize the shake for 1/2 price after 8pm at sonic before it's too late. what are you waiting for?,0.9248288,0.5296938
sonicdrivein_1408,this is the spicy pucker face. 😜 see what face you make when you try our spiciest flavor yet! #spicysonicsurprise,0.93657887,0.5296938
sonicdrivein_2220,is it cold where you are? we are ready to serve your favorites!,0.9293949,0.5296938
sonicdrivein_1916,"save the spread for thursday. today, jr. deluxe cheeseburgers are just 79¢ all day long.

please mention when ordering. limit 5. tax not included. add-ons cost extra. cannot be combined with other offers. offer valid 12/23/15 at participating sonic drive-ins while supplies last. 
#🍔 #burger #nutcracker #holiday",0.4625738,0.5296938
sonicdrivein_1016,"happy mother’s day! to every mom that needs a break, we got you. 💖",0.8334014,0.5296938
sonicdrivein_1683,"some trends never go out of style.  stop by sonic for ½ price drinks at happy hour from 2-4 pm, it’s the fashionable",0.3959147,0.5296938
sonicdrivein_1291,when your car doubles as a piggy bank maybe it’s time to take yourself to the drive-in...,0.96312624,0.5296938
sonicdrivein_1621,mandy wasn’t kidding when she said she’d take her senior photos with sonic. we love it! 🍔 🙌,0.9483499,0.5296938
sonicdrivein_996,"we are obsessed with these cherry limeade-themed macarons, made by @neenasmacarons. 🧑‍🍳🍒",0.9424912,0.5296938
sonicdrivein_1522,she’s got it figured out. our new flispy tenders are worthy of a wow. come try a $3.99 crispy tender dinner at your local sonic!,0.82765055,0.5296938
sonicdrivein_1161,breakfast comes in all shapes and flavors. 🥓🥞 what’s your breakfast alignment?,0.9161435,0.5296938
sonicdrivein_1053,"happy pi day! to celebrate 3.14, we made a cherry (limeade) pi of our own. 🤓🍒",0.8194379,0.5296938
sonicdrivein_1023,"we love sitting by the window, sipping on a cherry limeade, solving our sonic crossword. ✍️",0.94598776,0.5296938
sonicdrivein_2133,"there's a crucial first step before you can #trainyourbuds at sonic: rolling down your window to order.
check out our demo and work it.",0.8772998,0.5296938
sonicdrivein_1483,"when you drink your slush too fast! 😆
.
drinks and slushes are ½ price all day when you order ahead in the sonic app.",0.23465689,0.5296938
sonicdrivein_1274,one day. many people. millions of orders. #thisishowwesonic,0.6548068,0.5296938
sonicdrivein_658,drinks & slushes are always ½ price in the app,0.2759088,0.5296938
sonicdrivein_1537,the perks of swinging by sonic for an afternoon treat: capturing that 🔥golden hour shot. 📸@cam1ren,0.78440124,0.5296938
sonicdrivein_1352,workin’ 9 to 5 with a tot break in between.,0.40460992,0.5296938
sonicdrivein_1803,"scoot on over and get your hands on ½ price cheeseburgers made with quality ingredients, all day today at sonic.single-patty cheeseburgers only. tax not included. add-ons cost extra. cannot be combined with other offers. offer valid 05/31/16 at participating sonic drive-ins while supplies last.#sonic #cheeseburger #🍔",0.62179595,0.5296938
sonicdrivein_1168,your receipt has a story to tell. what was your last order? 💯💯,0.95031995,0.5296938
sonicdrivein_2160,beautiful final shoot for our next behind the scenes with chef clas...,0.888765,0.5296938
sonicdrivein_1610,"dolla dolla dogs y'all! 🌭✨ celebrate national hot dog day at sonic with $1 chili cheese coneys and all american dogs all day today!

tax and add-ons extra. limit 5. includes 6"" (pre-cooked) chili cheese coney or 6"" all-american hot dog only. cannot be combined with other offers/combos. valid 7/19/17 at participating drive-ins while supplies last.",0.349088,0.5296938
sonicdrivein_685,"dip or drizzle?? you’re either one or the other, there is no in-between. 🤪",0.78791463,0.5296938
sonicdrivein_2078,the second week of @sonicdrivein’s limeades for learning voting is almost up! have you voted for your favorite project,0.8734125,0.5296938
sonicdrivein_1334,"halloween is coming! 🎃🕸️ come trick or treat at the drive-in, we’re serving up 50¢ corn dogs all thursday, oct. 31! 
tax not included. each corn dog is 50₵. valid only on thursday, october 31, 2019, at participating sonic® drive-in locations while supplies last. not good in conjunction with combos or any other offers. not valid with third party delivery services. tm & © oct 2019 america’s drive-in brand properties llc",0.7086809,0.5296938
sonicdrivein_1718,"grab your straws, it's time for america's happy hour℠. get 1/2 price drinks from 2-4 pm everyday. 
tax & add-ins extra. restrictions apply. hours vary by location. see menu for details.",0.70781976,0.5296938
sonicdrivein_1345,who plans to hit the drive-in after the #hoco game? tag your #sonicsquad!,0.94449383,0.5296938
sonicdrivein_986,"seas of cherry & blue raspberry, let them whisk you away. 🌊 refresh yourself with the all-new bursting bubbles slushes, only at sonic.

*bursting bubbles are not suitable for children 3 years or under due to possible choking hazard. limited time only at sonic drive-ins.",0.2666216,0.5296938
sonicdrivein_2034,the birth of a purple slush is a special occasion. dads usually give out red straws. so sweet.,0.9653817,0.5296938
sonicdrivein_44,"top 5 things to drive into, sorry neighbor carl",0.53612244,0.5296938
sonicdrivein_1182,"nothing’s cooler than sonic ice. 😎 grab your iykyk ice tee to enter our sweepstakes for a chance to win an exclusive sonic ice machine‼️ 

no purchase mail in entry method available.",0.5093921,0.5296938
sonicdrivein_1835,huge thanks to our #welcometobasecamp coachella friends for making the launch of our #squareshakes so much fun. enjoy the party tonight!,0.9575313,0.5296938
sonicdrivein_414,when you first move out of your parents’ house:,0.87979394,0.5296938
sonicdrivein_1672,"at some point, you’ll have to stop staring and start enjoying these icy treats. half-price shakes and new ice cream slushes at sonic, all day march 1st. 
limited time only! tax not included. includes shakes and ice cream slushes only. add-ins and fruit may cost extra.",0.77991486,0.5296938
sonicdrivein_1242,"though we're not together in classrooms, we all have special teachers in our lives that deserve thanks. see how we're celebrating teachers for #teacherappreciationmonth and beyond!",0.8469436,0.5296938
sonicdrivein_1939,the best deal of the year is coming alive for #halloween at sonic. plan accordingly.,0.73842794,0.5296938
sonicdrivein_1255,"you’ve got enough on your mind – let us handle lunch and dinner. through april 30, our wacky pack kids meals are only $1",0.69520324,0.5296938
sonicdrivein_1227,"the submission period is officially over! if you submitted, make sure to check your dms because we might be in there. until we find out tomorrow, comment below who you think will be america’s first prom quaranking and quaranqueen!",0.7542074,0.5296938
sonicdrivein_1271,he’s got his hands full and that’s not even counting the baby. #thisishowwesonic,0.6385119,0.5296938
sonicdrivein_1719,"when you finally get to the end of the rainbow, you won’t need a pot of gold. you’ll need an ice-cold, refreshing drink.",0.9822604,0.5296938
sonicdrivein_548,"you said go to bed, not go to sleep",0.9212652,0.5296938
sonicdrivein_2170,"double tap if you're excited that football season is back! in select ok, tex and la markets, enjoy an exclusive burger",0.82193875,0.5296938
sonicdrivein_1210,this hot wheels 🔥 monster truck 🔥 is playing tricks on the eyes . . . 👀 get the wacky pack to collect them all!,0.895231,0.5296938
sonicdrivein_580,you all are showing some serious love for this shake.,0.9491591,0.5296938
sonicdrivein_424,sonic adventures make the best adventures. tag your bestie that you’d like to go to sonic with ❤️,0.8286226,0.5296938
sonicdrivein_541,happy world teacher day 🍎 every drink/slush/shake ordered gives back to public schools!,0.7352916,0.5296938
sonicdrivein_1941,"welcome back @easymoneysniper. get out there and score lots of points, and stuff. #welcomebackkd #wings",0.8620875,0.5296938
sonicdrivein_1609,"start practicing your dessert dance! shakes and ice cream slushes are half-price all day tomorrow at sonic. 💃

offer valid only on july 26, 2017, at participating sonic ® drive-in restaurants while supplies last. limit 5. tax not included. add-ins cost extra. this offer cannot be combined with any other offers or discounts.",0.7575572,0.5296938
sonicdrivein_2186,"sharing a little #dollardogdare for #nationalhotdogday today on our ig. thanks for the share, @mrthebaker. don't forget",0.5417786,0.5296938
sonicdrivein_895,🛻 all you need is your pickup & sonic. 🥤,0.6306727,0.5296938
sonicdrivein_1844,"inspired by sonic's buttered toffee creamery shake, this square shake needs no filter at all. take a #shakebreak with 1/2 price shakes after 8 pm at sonic. #squareshakes",0.6142372,0.5296938
sonicdrivein_880,our mocha crunch blast getting the love it deserves. 🥰,0.27651712,0.5296938
sonicdrivein_940,"a happily ever after (hour) for the books! cheers to the newly weds, @mrbobbybones & @mrscaitlinestell. we had tots of",0.44570264,0.5296938
sonicdrivein_948,✨ pick a shirt and a pair of pants: that’s your new order. ✨,0.90307015,0.5296938
sonicdrivein_1795,beach gear ✔️ classic frozen lemonade ✔️ @crystalanntrejo has the essentials for a 🔥 weekend. share your summer fun and tag #thisishowisonic for a chance to be featured.,0.86134005,0.5296938
sonicdrivein_1125,"we’ve given you slush serenades, but how about a shake serenade to mix up your everyday? the espresso shake’s got us vibing. 😎🎹",0.74170506,0.5296938
sonicdrivein_626,"we see you. we hear you. this one’s for you 👏 bursting bubbles are in the app now for a limited time 💥 #drinkhacks #summerdrinks #summerdrink""",0.8388184,0.5296938
sonicdrivein_988,our snacks & sides have a league of their own. are the positions set or should we rethink our strategy? ⚾,0.69284457,0.5296938
sonicdrivein_1896,don’t keep waiting in the wings—this is the last day of buy 1 get 1 free boneless wings. come grab some tonight from 5,0.4127173,0.5296938
sonicdrivein_2017,nerds are taking over. #sonicdiy #sonic #nerds #shake #yum #🍦 #😍,0.89171016,0.5296938
sonicdrivein_489,tots have taken on a mind of their own...👀 @yellowstone season 5 premieres tonight at 8/7c on @paramountnetwork,0.92206043,0.5296938
sonicdrivein_1580,there’s only one way to prep for black friday shopping: a holiday mint blast.,0.93638724,0.5296938
sonicdrivein_1787,"1 deal, 4 favorites, 5 bucks. it all adds up to awesome. the new $5 sonic boom box.

#sonic #hotdog #cheeseburger #teamtots #teamfries #boombox",0.71783274,0.5296938
sonicdrivein_2109,"on monday, we'll be wishing a ""top o' the cheeseburger, to ya!""",0.9151504,0.5296938
sonicdrivein_1392,going for gold! 💪congratulations to these 12 drive-ins that will go head to head for the championship title at the 2019 ,0.5169104,0.5296938
sonicdrivein_1251,"teachers need our immediate help. through @donorschoose, we donated $500k to help #keepkidslearning at home. click to",0.9133411,0.5296938
sonicdrivein_1815,you really can taste the 🎵 in sonic’s blue raspberry lemonade. just ask @80fitz—if you can get a word in edgewise. #amazeyourmouth #sonic #drink #blueraspberry #lemonade,0.80443245,0.5296938
sonicdrivein_1710,ditch the shovel. all you need is a spoon. scoop up the new holiday pecan pie flavor funnel™ today.,0.9334515,0.5296938
sonicdrivein_1376,"you say “potato,” i say “picasso.” show us your tot art! 🎨",0.61985016,0.5296938
sonicdrivein_555,redecorating ✨reveal✨ part 2 featuring the fantasy worlds of your food cravings. be on the lookout 👀 for more sonic places in our new commercials.,0.8075016,0.5296938
sonicdrivein_1830,"make happy hour the 🍒 on top of your afternoon with a sweet deal on our old fashioned sweet cream sodas, every day from 2-4pm.#sonic #oldfashioned #soda #happyhour",0.3591913,0.5296938
sonicdrivein_1963,a delicious flavor for every day of the week. get your 1/2 price slushes from 2-4 pm. #sonic #slush #yum #thirsty,0.7623936,0.5296938
sonicdrivein_1252,we joined donorschoose to help teachers #keepkidslearning at home by donating $500k! click the link in bio to see how,0.929782,0.5296938
sonicdrivein_869,"🚨 if we dropped these limited edition gold-flaked tots, would you want to hop in?! 🚨",0.94742393,0.5296938
sonicdrivein_608,pickle fans 📢 this one's for you. in all its glory... pickle juice slush is back for a very limited time.,0.7711521,0.5296938
sonicdrivein_1569,"stop, take a minute, and soak in the beauty of these crispy, golden yet gooey mozzarella sticks. 😋 ",0.9524141,0.5296938
sonicdrivein_2201,where is chef clas and what is he doing?,0.94426465,0.5296938
sonicdrivein_1792,"yeah, you get alllll this with the $5 sonic boom box. hope you're hungry. 😉  #sonic #hotdog #cheeseburger #teamtots #teamfries #boombox",0.62066656,0.5296938
sonicdrivein_779,"don't waffle over this decision, for it's only here for a limited time. grab a double stuf oreo® waffle cone before it's too late. double stuf oreo® is a registered trademark of mondelez international group  used under license.""",0.79629636,0.5296938
sonicdrivein_648,gemini ♊double the meat for your double personalities.,0.5702176,0.5296938
sonicdrivein_794,swipe to see a lil’ message at the bottom. 🥤,0.6958202,0.5296938
sonicdrivein_1358,"seasons may change, but tots are forever. happy fall! 🍂#totumn",0.79775214,0.5296938
sonicdrivein_1504,"look at this view 😍💯...oh, the lake looks nice too! what sonic drink are you sippin’ on today?.",0.82174337,0.5296938
sonicdrivein_595,🙌 the slush you've all been waiting for 🙌 pickle juice is back for a very limited time.,0.95780396,0.5296938
sonicdrivein_1452,work is more fun with friends. 🙌 we’re looking for new team members to join our crew! check out jobs.sonicdrivein.com,0.90565544,0.5296938
sonicdrivein_103,smart choice. yeah. yeah. 🛼,0.9111009,0.5296938
sonicdrivein_1492,get ½ price drinks and slushes when you order ahead in the sonic app. think of all the options! 😍,0.72672194,0.5296938
sonicdrivein_2179,give your kids (or yourself) the spotlight with our fab kidzbop gear in wacky pack kids meals this month and a chance,0.46973363,0.5296938
sonicdrivein_1820,"this wednesday, lettuce serve up the dopest deal in the land: ½ price cheeseburgers made with the freshest ingredients.must mention when ordering. limit 5. includes single-patty sonic® cheeseburgers only. add-ons cost extra. offer valid 5/11/2016 only at participating locations while supplies last.#sonic #cheeseburger #🍔 #😋",0.55212384,0.5296938
sonicdrivein_1575,anyone else have deep thoughts in the sonic parking lot as they dream about what’s to come in the new year? 🤔,0.924829,0.5296938
sonicdrivein_846,get a free route 44 drink with purchase when you use promo code chris444 in the sonic app. 🥤 code is good for first 444 fans who redeem! #sonicroute444,0.60003597,0.5296938
sonicdrivein_723,someone come get your man... they're doing the most 👀,0.8513344,0.5296938
sonicdrivein_722,"it’s a mood ✨ introducing the sonic slush ring: 9 slush mood colors, for only $9.99 🌈 order one now at sonicswagshop.com 🥤 #sonicslushring tax not included. limited time only.""",0.7348471,0.5296938
sonicdrivein_2151,it's on - how many corn dogs will you eat?!,0.7504414,0.5296938
sonicdrivein_2145,it's #nationalcookieday! may we suggest a sonic blast with oreos? yum.,0.7666618,0.5296938
sonicdrivein_295,tbh @annalee15 and her mom are all of us. watch the full episode of momfessionals now on youtube! #momfessionals #bts #bloopers,0.81637067,0.5296938
sonicdrivein_1945,you need some wingtoberfest in your life. 1/2 price 6 and 12 piece boneless wings tomorrow.,0.20149794,0.5296938
sonicdrivein_1659,"what’s better than a sonic slush? a new sonic slush blended with creamy, real ice cream.  get a small for only 79¢  all day today.

offer valid only on march 22, 2017, at participating sonic® drive-in restaurants while supplies last. limit 5. tax not included. add-ins cost extra. this offer cannot be combined with any other offers or discounts. tm & ©2017 mar america’s drive-in brand properties llc",0.6962871,0.5296938
sonicdrivein_1310,very important to keep your buns warm in the winter! 🤪,0.8499346,0.5296938
sonicdrivein_1075,"valentine’s day is almost here, so our wacky pack made some delicious digital cards! tag your friends and family to",0.9314012,0.5296938
sonicdrivein_1018,perfect in the bag or on the board. 😍,0.81861687,0.5296938
sonicdrivein_1998,"they're here. 79c. medium famous slushes at sonic, today only. ",0.56014544,0.5296938
sonicdrivein_373,who knew ai had such good taste? #ai,0.81464785,0.5296938
sonicdrivein_1386,ruff week? you know where to find us all weekend. 😉 📸: @meet_the_weenies,0.8582542,0.5296938
sonicdrivein_1913,a winter deal that’s built for (snow) ballers on a budget: sonic grilled cheese for just 50¢ all day tomorrow. please,0.50811213,0.5296938
sonicdrivein_1115,"we’re dropping major eat beats, queso burger style. 🍔",0.8464483,0.5296938
sonicdrivein_927,cancel my plans ‘cause i’ll be staring at this all day. 👁️👁️ celebrate #nationalrelaxationday with a banana pudding shake loop. 🍌🔁,0.93746674,0.5296938
sonicdrivein_1729,"there's a gold mine of rich, tasty goodness at the center of every blast flavor funnel. grab one and start diggin'⛏⛏",0.91966385,0.5296938
sonicdrivein_1967,"it's not a small slush. it's a fun-sized slush. bring the whole fam for 1/2 price drinks and slushes from 2-4 pm, and",0.6898926,0.5296938
sonicdrivein_1491,smiles all around for this sonic squad! tag your friends that are obsessed with sonic happy hour!,0.7858986,0.5296938
sonicdrivein_1222,"america’s first prom quaranking winner is… drumroll please.... @ryantaneja!!! your socially-distant prom at sonic was immaculate and brought a smile to all of our faces. you are a true quaranking, congratulations ryan!",0.6572086,0.5296938
sonicdrivein_1398,"school is still out and sonic is in! our patios are open all summer long, come hang with us! ⛱️",0.94530296,0.5296938
sonicdrivein_946,"we’ve got summer designs for our cups, and we want to show it off! 🥤 #thisishowwesummer",0.90317005,0.5296938
sonicdrivein_1950,"you can have your cake and ice cream, too. try our 3 new flavors: vanilla birthday cake, @oreo cake, and strawberry",0.8844914,0.5296938
sonicdrivein_1912,"things are heating up at sonic with 50¢ grilled cheese! please mention when ordering. limit 5. tax & add-ons extra. only on 12/30.

#cheesy #grilledcheese #sonic #winterwarmer",0.35599387,0.5296938
sonicdrivein_2212,sharing our new iced green teas in nyc. which flavor do you want to try? #sonicteaparty,0.9517841,0.5296938
sonicdrivein_914,catch us skating into the school year like ☀️,0.50859666,0.5296938
sonicdrivein_2127,happy national popcorn day! $1 snack size popcorn chicken at sonic drive-in. #nationalpopcornday,0.684188,0.5296938
sonicdrivein_228,scheduled important team meeting to align re: tot initiative,0.14749645,0.5296938
sonicdrivein_1831,we’ll keep it short and sweet: our new old fashioned sweet cream sodas are the real deal. swing by from 2-4pm when they’re ½ price.,0.7880698,0.5296938
sonicdrivein_2168,"see you this morning for 1/2-price breakfast burritos all day at sonic. or, maybe it's a breakfast for dinner kind of",0.9194706,0.5296938
sonicdrivein_1900,"it’s always cool to be corny with your bff, but especially tomorrow. tag your best bud and then come celebrate best friends day with 50¢ corn dogs

#sonic #corndog #bestfriendsday #bffs",0.92785436,0.5296938
sonicdrivein_2206,a little #tbt - sonic's appearance in the movie #vacation!,0.76754284,0.5296938
sonicdrivein_726,baby tailgate. yes. absolutely. 100%.,0.74689907,0.5296938
sonicdrivein_491,"ahhh yes, gold, my favorite color.",0.8886177,0.5296938
sonicdrivein_1468,"when you can’t decide between the two, just get both! what are your favorite toppings to mix n’ match? 🍫🍪 📸:",0.68628615,0.5296938
sonicdrivein_863,how will you carve into your cravings? we might have an answer for you ... 🎃,0.9451793,0.5296938
sonicdrivein_2107,irish mouths are watering .... along with everyone else's.,0.8675313,0.5296938
sonicdrivein_1716,ditch the shovel. all you need is a spoon. scoop up the new holiday pecan pie flavor funnel™ today.,0.9334515,0.5296938
sonicdrivein_1204,chili cheese coney or all-american dog: which one hits it out of the park for you? 📣⚾,0.8332049,0.5296938
sonicdrivein_1907,"sugar, spice, and everything twice. asian sweet chili boneless wings are buy 1 get 1 free, mondays from 5 pm till close.",0.14167388,0.5296938
sonicdrivein_1489,"⭐️wow⭐️ our new order ahead feature is so easy! get ½ price drinks and slushes when you order with the sonic app.

check out the full video on our igtv, where @keithhabs tries all the drinks!",0.7142409,0.5296938
sonicdrivein_1314,"spread some cheer, and get 50¢ corn dogs for everyone on your list! 🎁swing by the drive-in on wednesday for this deal, and dip your dogs in @heinz ketchup.

each corn dog is 50₵. tax not included. offer valid only on december 4, 2019, at participating sonic® drive-in locations while supplies last. not good in conjunction with combos, delivery or any other offers. heinz is a registered trademark of kraft foods, used with permission. tm & ©2019 december america’s drive-in brand properties llc",0.6656868,0.5296938
sonicdrivein_753,gotta jump right into the action. ⏭️,0.8896494,0.5296938
sonicdrivein_78,the fourth is strong with this one 😮‍💨,0.35629883,0.5296938
sonicdrivein_1469,easy peasy chili cheesy when you order ahead with the sonic app. 📲🌭 📸 @thisjenngirl,0.6827796,0.5296938
sonicdrivein_1531,hats off to all the new graduates! 🎓celebrate your success at sonic with a route 44 that’s well-deserved! 📸: @imsupa_cat,0.75191426,0.5296938
sonicdrivein_1139,posting this tb to halloween ‘19: trick-or-treating is a lot of work! 🎃 ,0.59801054,0.5296938
sonicdrivein_1112,"we know sonic lovers are dog lovers, so we decided to put on a pup pageant! who do you think wins first place? 🥇 send",0.9377023,0.5296938
sonicdrivein_1464,"jason and cara ended their wedding night at the drive-in with sweet teas! now that is sweet love. 😉

do you have a sonic sweet love story? tell us about it!",0.93026376,0.5296938
sonicdrivein_1615,vroom vroom! start your engines and grab your slushes! ,0.905172,0.5296938
sonicdrivein_2138,"hurry in - $3.99 footlong hot dogs & tots only until the end of the year. pick your fave hot dog flavor in a footlong,",0.43158746,0.5296938
sonicdrivein_897,"swag that just pops. 💥 all-new fall swag available now at sonicswagshop.com. 

want another reason to shop? a $1 from every purchase will help spark brighter futures for america’s youth. 🧑‍🏫

*valid through november 8, 2021, while supplies last. all proceeds benefit the sonic foundation, a division of the inspire brands foundation. for more information about the sonic foundation visit foundation.inspirebrands.com.",0.9274379,0.5296938
sonicdrivein_325,"6 of the infinite ways to wear your new summer merch😎 head to sonicswagshop.com to get yours today!""",0.71598935,0.5296938
sonicdrivein_691,can we make it any more obvious? 💁‍♀️,0.9481008,0.5296938
sonicdrivein_1501,"what’s new, cool, and made with oreo goodness and sonic’s real ice cream? the fan favorite double stuf oreo cone of",0.77530646,0.5296938
sonicdrivein_2217,today is the day!! half price jumbo popcorn chicken all day. spicy & regular. snack size and large. just ask for the,0.2724101,0.5296938
sonicdrivein_617,"your summer snacking just got a whole lot sweeter 😍 try @sonicdrivein’s cinnasnacks, warm buttery pastries filled with gooey cinnamon roll filling and served with our cream cheese frosting for sweet dipping! now available all day long at sonic locations nationwide 😎",0.80537677,0.5296938
sonicdrivein_981,there’s a better way. @playcheerleader @milktpapi #hackourmenu #foodhacks #duet,0.78758407,0.5296938
sonicdrivein_1876,our breakfast express combo gets ready in under 2 minutes for just $3.,0.69429624,0.5296938
sonicdrivein_947,don’t take our word for it. ☝️☝️☝️,0.9008408,0.5296938
sonicdrivein_1684,"you know what's more delicious than full price drinks? 1/2 price drinks. enjoy america's happy hour℠ at sonic, everyday from 2-4 pm. 
tax & add-ins extra. restrictions apply. hours vary by location. see menu for details.",0.744679,0.5296938
sonicdrivein_1970,"go, get your shake on. 1/2 price shakes after 8 pm",0.6899668,0.5296938
sonicdrivein_2020,"you know you want this picture in your feed tomorrow. up your instagame with the kevin durant high flyer slush,",0.5011724,0.5296938
sonicdrivein_1817,join @juleshough and thank your teacher using #thanksteach and sonic will donate up to $1 million to public school teachers.,0.80681723,0.5296938
sonicdrivein_342,check out the app to see what we’re talking about 📲👀,0.939025,0.5296938
sonicdrivein_2164,"happy friday the 13th! in just a few hours, it will be 8pm and you can enjoy half price shakes at #sonic ! that's pretty",0.91475797,0.5296938
sonicdrivein_189,who’s the bacon to your ranch??,0.64916354,0.5296938
sonicdrivein_771,"no tea’s getting spilled here. 🥤 1/2 tea, 1/2 lemonade is now available on the app!",0.74912626,0.5296938
sonicdrivein_852,"new holiday swag is here! beanies, pajama set, & and more! 🎅 only available at sonicswagshop.com! free shipping",0.8468126,0.5296938
sonicdrivein_956,"we’ve crafted our crave cheeseburger down to the very detail, giving you a bite more satisfying than ever.",0.6891798,0.5296938
sonicdrivein_375,my sign is caffeine with caffeine rising. #drinkflights #drinks,0.7916024,0.5296938
sonicdrivein_1113,freshen up those holiday spirits with your favorite sonic mints! ❤️,0.88256514,0.5296938
sonicdrivein_1804,cruise by tomorrow to catch a fresh deal: made-to-order cheeseburgers for just ½ the price.single-patty cheeseburgers only. tax not included. add-ons cost extra. cannot be combined with other offers. offer valid 05/31/16 at participating sonic drive-ins while supplies last.#sonic #cheeseburger #🍔 #✌🏻️,0.7207768,0.5296938
sonicdrivein_435,real ones know it’s always a vibe at sonic. #mmmsonic #iykyk,0.46932307,0.5296938
sonicdrivein_1098,"say this affirmation out loud 5x:

2021, put that patty on the bun. 🍔",0.87046754,0.5296938
sonicdrivein_1394,"slide into sonic with all your bffs. all shakes are 1/2 price after 8pm! 🌙skip the line and order ahead on the sonic app. *add-ins cost extra. excludes combos, wacky pack® kids meals, order ahead, delivery and any other offers. limited time only at participating sonic® drive-ins. tm & ©2019 america’s drive-in brand properties llc",0.43009967,0.5296938
sonicdrivein_1384,back to school and packed all the essentials.,0.8610084,0.5296938
sonicdrivein_1052,which sonic regular are you? swipe ➡️ to start getting to know each unique character and find out what makes them,0.7293423,0.5296938
sonicdrivein_1986,"hands at 10 and 2 when driving. when eating, anything goes. ",0.17110741,0.5296938
sonicdrivein_2004,basic is boring...except when basic is amazing. #sonic #yum #basic #icecream #🍦 #😍,0.8572275,0.5296938
sonicdrivein_1503,the best day of the week is fry-day! 🍟😀tag that friend who always steals your fries. 📸 @dallaspartyof2,0.8826803,0.5296938
sonicdrivein_1499,how can you say no to a pup cup when your pawtner in crime looks at you like this? 🐶 ❤️,0.92923844,0.5296938
sonicdrivein_1209,best friends come in all sorts of pairs. 😊 which one are you? tag your friends to find out! #friendshipday,0.94402045,0.5296938
sonicdrivein_2042,"so what's a hand-crafted soda, anyway? one word: delicious. #sunshineberrysonicsplash",0.94059443,0.5296938
sonicdrivein_1077,raise your hand ✋ if you think it would be pretty cool if you could add us to your group chat.,0.95762396,0.5296938
sonicdrivein_326,"*cherry limeade pool floaty added to cart* head to sonicswagshop.com to get yours🔥""",0.3224273,0.5296938
sonicdrivein_1607,summer just isn’t the same without sonic. ☀️ tag #thisishowisonic for the chance to be featured like @jntindall,0.5269396,0.5296938
sonicdrivein_1213,"july is getting hot, so we got the dogs! 😋happy #nationalhotdogday!! 🌭🌭🌭",0.90940964,0.5296938
sonicdrivein_708,not us having a concert at the drive-in on a random night 🔥@kurtschneider #fastfoodjam #foodmusic #sonicdrivein,0.86685866,0.5296938
sonicdrivein_1772,"with the $5 sonic boom box, the only difficult decision is are you team fries or team tots? either way, you win.#sonic #hotdog #cheeseburger #teamtots #teamfries #boombox",0.84233695,0.5296938
sonicdrivein_950,just warming up with a few workouts right now. 💪,0.9270884,0.5296938
sonicdrivein_2196,"a little #tbt love for sonic founder, troy smith, and his first partner in biz, charlie pappe.",0.8183666,0.5296938
sonicdrivein_1453,don’t wait ‘till the last minute! the oreo waffle cone is here until the end of march. get in on the sweet goodness,0.9338747,0.5296938
sonicdrivein_1554,"this burger is full of flavor, and better for the environment! the signature slinger burger patty is made with three",0.7860287,0.5296938
sonicdrivein_820,today is the 👉 last day 👈 to snag your sonic holiday swag with free shipping. head over to sonicswagshop.com to keep a l,0.59394366,0.5296938
sonicdrivein_1911,winter’s here & we’re in for the long haul. warm up today with 50¢ grilled cheese all day at sonic! please mention when,0.63760906,0.5296938
sonicdrivein_395,let’s see what everyone at the office is sipping today.,0.9735962,0.5296938
sonicdrivein_1685,your paint...ketchup and mustard. your canvas...a sonic corn dog. grab a slush and get to work 🎨,0.8853972,0.5296938
sonicdrivein_943,"you can write down everyone’s orders, or just pass the sonic app around. easy-peasy. 😅",0.89704025,0.5296938
sonicdrivein_1668,"grab your best friend and head to sonic, pups welcome 😉",0.49860054,0.5296938
sonicdrivein_1497,get your favorite @cocacola drinks and slushes for ½ price just in time for the game like lee corso – it’s happy hour,0.32251936,0.5296938
sonicdrivein_1861,there’s something indulgent waiting at the end of the #🌈. come to #sonic tomorrow and see for yourself. #shakes,0.8309346,0.5296938
sonicdrivein_594,"you got questions, we have onion rings.",0.94328743,0.5296938
sonicdrivein_1351,you can make a difference in classrooms by voting daily. link in bio! 💯,0.9143837,0.5296938
sonicdrivein_1423,"what’s your flavor? red bull® slush, cherry limeade red bull® slush or do you sip straight from the can? 🤔👐",0.92939824,0.5296938
sonicdrivein_968,nothing like swinging in a sonic summer breeze. #thisishowwesummer,0.8175818,0.5296938
sonicdrivein_1828,"life sure is swell with an old fashioned sweet cream soda in hand—and it’s even sweeter when they’re ½ price. reach for one from 2-4pm, every day at sonic.#sonic #oldfashioned #soda #drink #happyhour",0.5177515,0.5296938
sonicdrivein_1699,grab your favorite sonic drink and ride into the new year. cause it’s gonna be a wild one 🎉,0.9493229,0.5296938
sonicdrivein_1641,"fact: you can’t be sad when holding a sonic cheeseburger. other fact: they’re half-priced tonight and every tuesday 5pm to close for family night. grab the crew, and face these facts.

single-patty cheeseburgers only. no limit. tax not included. add-ons cost extra. cannot be combined with other offers. offer valid tuesdays at participating sonic® drive-ins while supplies last.",0.5509587,0.5296938
sonicdrivein_1824,join @juleshough and thank your teacher using #thanksteach and sonic will donate up to $1 million to public school teachers.,0.80681723,0.5296938
sonicdrivein_1886,"yeah, this flavor is big. like bursting with sriracha big.",0.1682929,0.5296938
sonicdrivein_1093,looking for a new holiday to celebrate? then guess what: january is the month for shakes! can you guess what these,0.67113566,0.5296938
sonicdrivein_1379,how much sonic can you handle? 👐 📸: @madi.meals,0.68448883,0.5296938
sonicdrivein_562,"ignore the shirt, it’s the only clean one i had left.",0.8398554,0.5296938
sonicdrivein_1206,"we got you covered, all day long. ⏰",0.87441796,0.5296938
sonicdrivein_1771,"summer, what if we said cheeseburgers are 1/2 price tomorrow for back to school day? would you stay then? please. 
single-patty cheeseburgers only. tax not included. add-ons cost extra. cannot be combined with other offers. offer valid 08/11/16 at participating sonic drive-ins while supplies last.",0.22650045,0.5296938
sonicdrivein_2119,time to roll out the red carpet. who's with me?,0.95505184,0.5296938
sonicdrivein_2184,"in 1994, a mississippi high school held a hot dog eating contest at #sonic! how many hot dogs have you had this month?",0.9670078,0.5296938
sonicdrivein_1048,"once you’ve tasted the sweetness of life, the next sip is always within grasp. 🌊🥤🧘",0.9491724,0.5296938
sonicdrivein_1877,"when you grab seasoned jumbo popcorn chicken to go, the flavor explosion is on.",0.8278665,0.5296938
sonicdrivein_1170,"it’s slush serenade 3! this one’s called “heaven on earth”, inspired by our grape slush with nerds ®. 🤓 sound on to enjoy! 🔉",0.5105811,0.5296938
sonicdrivein_532,"deck your doggo out in sonic swag for their next trip to the drive-in. our wag shop is now open with toys, costumes, and",0.8685778,0.5296938
sonicdrivein_1021,"‼️sonic is bringing hot wheels™ monster truck™ toys back to the wacky pack‼️ enjoy a made-for-you mealtime favorite with a surprise, collectible monster truck toy inside today. it's a combo that experts are calling a truckload of fun and flavor. available may 3 to june 27.",0.81419533,0.5296938
sonicdrivein_1150,"our trick or treat blasts are coming with the best fits! 🎃  download your diy blast cupstume with the link in bio, then share and tag us to showcase your spooky treats. 😉",0.38897443,0.5296938
sonicdrivein_848,introducing the route 444. have we gone too far or not far enough? what would you do with 444oz of your favorite sonic,0.33012328,0.5296938
sonicdrivein_2122,"it's back, baby! who's ready for some chili cheese pretzel awesomeness?",0.94165856,0.5296938
sonicdrivein_2232,happy halloween! tag us sonic using the hashtag #sonicspooktacular with your halloween costume pics!  5 lucky folks will,0.83031136,0.5296938
sonicdrivein_1444,"you are amazing! ❤️(and yes, this is a photo of an  oreo® peanut butter master shake and ice cream cookie sandwich—which",0.93854874,0.5296938
sonicdrivein_1104,"our stalls are filling up quickly! 🚘 screenshot your favorite stall, and let us know which one you get in the comments below. 🚘",0.92568535,0.5296938
sonicdrivein_1632,"the optimus prime® slush is the hero we all need. get to sonic to grab yours! see @transformersmovie in theaters june 21!

for a limited time only at participating sonic drive-ins.",0.6391711,0.5296938
sonicdrivein_1177,"thanks for joining our comedy hour with @chazsmith! if you missed out, catch up on all the fun with a highlight reel on our igtv. 🤩",0.9051986,0.5296938
sonicdrivein_965,"happy #fourthofjuly from sonic! enjoy a night of burgers, fireworks, and a red, white, & blue slush at the drive-in. 🎆🇺🇸",0.7784948,0.5296938
sonicdrivein_1253,don’t fight the craving!🍦our reese’s overload waffle cone will make your day a little sweeter. ❤️ 📲use the sonic app for contactless ordering and payment or simply place your order at the drive-in.,0.6449992,0.5296938
sonicdrivein_463,"new year, new tumbler. inspired by sonic nights. introducing the limited edition midnight tumbler available now at sonicswagshop.com #midnighttumbler #sonicdrinks #newyearnewyou""",0.8376335,0.5296938
sonicdrivein_1868,"you say tomato, we say, “heck yes!” as long it’s atop a 100% pure beef jr. deluxe cheeseburger, sidled by premium",0.403816,0.5296938
sonicdrivein_1853,"no matter how you stack it, you’ll get your nom on with the brand new, beyond delicious buttered toffee shake.",0.87898874,0.5296938
sonicdrivein_999,"we could watch these bubbles for days. take a sip of sonic’s all-new bursting bubbles slushes!

*bursting bubbles are not suitable for children 3 years or under due to possible choking hazard. limited time only at sonic drive-ins.",0.60078484,0.5296938
sonicdrivein_1822,🎶 highway to ½ price wing zone. 🎶 fly into sonic for wingman day.6 & 12 piece boneless wings only. tax not included. add-ons cost extra. cannot be combined with other offers. offer valid 05/5/16 at participating sonic drive-ins while supplies last.#sonic #bonelesswings #wingman #🔥,0.4064135,0.5296938
sonicdrivein_1819,"you say tomato, we say tomorrow…snag made-to-order cheeseburgers for ½ price.must mention when ordering. limit 5. includes single-patty sonic® cheeseburgers only. add-ons cost extra. offer valid 5/11/2016 only at participating locations while supplies last.#sonic #cheeseburger #🍔 #🍅",0.51847076,0.5296938
sonicdrivein_2077,"vote, vote, vote! those classroom projects are just waiting for your support. @sonicdrivein is donating over $500,000",0.9371944,0.5296938
sonicdrivein_1281,"the runway reviews are in:
“classic!” “timeless!” “functional fashion is in this season.”",0.6033349,0.5296938
sonicdrivein_783,"if you see this, ✨ you’re gonna have a great day. ✨",0.94657767,0.5296938
sonicdrivein_1276,"we’re servin’ up $1 hot dogs tomorrow! it would be a doggone shame if you missed it. 😉 *tax not included. see menu for details. offer valid only on february 27, 2020 at participating sonic® drive-in locations.",0.722478,0.5296938
sonicdrivein_854,"🛼 skates on our mind, every season. ⛸️ wear your sonic heart on your sleeve this holiday season at sonicswagshop.com.",0.9340678,0.5296938
sonicdrivein_930,"i see sonic in your future … 🔮

(📸: @favor)",0.58337504,0.5296938
sonicdrivein_1995,"a candy slush is delicious on every day that ends in 'y,' but especially saturday. just trust us. #sonic #slush",0.7676904,0.5296938
sonicdrivein_451,"why do you choose sonic? shoutout to all our fans, we ❤️ y’all!! tag @sonicdrivein for a feature in next month’s fan",0.77875805,0.5296938
sonicdrivein_337,some recent fan highlights 🤩 tag @sonicdrivein for a feature in next month’s fan friday! #sonicfanfriday,0.89501023,0.5296938
sonicdrivein_610,are you really a pickle lover? prove it. our pickle juice slush is here for you for a limited time.,0.9562326,0.5296938
sonicdrivein_621,the thought of running out of our comfort drink 😭,0.8650336,0.5296938
sonicdrivein_2173,happy #nationaldogday! keep those pups hydrated. thanks for the photo @shostopr!,0.9129333,0.5296938
sonicdrivein_1810,thank your teacher using #thanksteach and sonic will donate up to $1 million to public school teachers thru @donorschoose.,0.75438887,0.5296938
sonicdrivein_85,every wrap has its own special qualities 🤗,0.9287988,0.5296938
sonicdrivein_1991,1.3 million drink combinations...and about a million other combos to choose from! #sonic #slush #slushes #yum #😍,0.85461503,0.5296938
sonicdrivein_2102,"coming to a drive-in near you this summer, the kale cream pie shake. #kale",0.5266727,0.5296938
sonicdrivein_1652,"grab your pup, jump in the whip, it’s time to sonic!",0.7827573,0.5296938
sonicdrivein_1857,"hot diggity dog, just $1 each?! hop on over to sonic on wednesday for 100% pure beef hot dogs with all the toppings.",0.87143856,0.5296938
sonicdrivein_2100,"who wants celebrate tax filing <or, drown tax sorrow> in sonic drinks or slushes? <raises hand> 1/2-price all day today!",0.259513,0.5296938
sonicdrivein_918,head to the drive-in & strut your stuff. 🤩 tag #sonictalentchallenge @sonicdrivein & @agt to showcase your talent. we might share it on our feed. 📸,0.8395608,0.5296938
sonicdrivein_1579,cheers to a happy holiday season! 🎄 what’s the sonic drink you can’t live without?,0.91044706,0.5296938
sonicdrivein_1780,take your taste buds for a ride with ½ price cheeseburgers made with quality ingredients. zoom over to sonic for today’s burger bash.single-patty cheeseburgers only. tax not included. add-ons cost extra. cannot be combined with other offers. offer valid 07/21/16 at participating sonic drive-ins while supplies last.#sonic #cheeseburger #🍔 #burgerbash #🏍,0.6719384,0.5296938
sonicdrivein_2189,"will you celebrate with a sonic shake, blast or sundae?",0.8782753,0.5296938
sonicdrivein_2167,#september = national potato month! how many #sonic tots will you eat this month?!,0.91199315,0.5296938
sonicdrivein_1513,"just your typical sonic fam in texas! 👭🐐🐐jennifer brings her twin pygmy goats along when she heads to sonic summer nights with her daughter ashley to get a lil treat.

fun fact: jennifer was a carhop for 11 years! when it was her daughter’s turn for her first job, guess where she started...sonic of course! 💞#mysonicsummer",0.6972705,0.5296938
sonicdrivein_945,🏃🏃 beat the lunch rush go go go!,0.83760273,0.5296938
sonicdrivein_2154,sonic - service at the speed of sound. #tbt,0.56868696,0.5296938
sonicdrivein_2134,"new year means new you. whip your taste buds into shape with a workout plan designed by tj himself, co-starring our",0.8646869,0.5296938
sonicdrivein_91,"the best day of the year, lads",0.892658,0.5296938
sonicdrivein_1654,the epic battle between ketchup and mustard continues. whose side are you on?,0.97755367,0.5296938
sonicdrivein_1479,get your favorite coca-cola drinks and slushes for ½ price just in time for the game – it’s happy hour any time when you order in the sonic app! download link in bio.,0.35214895,0.5296938
sonicdrivein_1731,"come in for 50¢ corn dogs and make it rain—corn dogs, that is 🌧☔️ try with an ice-cold cherry vanilla coke. ",0.48731568,0.5296938
sonicdrivein_1650,"we’ve got ½ price shakes and ice cream slushes all day tomorrow that make brain freezes worth it. oh, and did we mention that you can get them all day? 😏

offer valid only on april 13, 2017, at participating sonic® drive-in restaurants while supplies last. limit 5. tax not included. add-ins cost extra. this offer cannot be combined with any other offers or discounts.",0.74541366,0.5296938
sonicdrivein_2124,who cares if its's cold outside? happy #nationalpeanutbutterday! enjoy with a reese's peanut butter cup sonic blast -,0.45442364,0.5296938
sonicdrivein_1949,ride in today for ½ price slushes during america’s happy hour from 2-4 pm.,0.64478356,0.5296938
sonicdrivein_666,"suh-weet. enjoy the slush of the summer, sour patch kids slush float, available for a limited time.  used under license. mobile ordering available at select locations; hours may vary. $2.99 is for medium size only. limited time only at participating sonic® drive-ins. ™ & © 2022 america’s drive-in brand properties llc.""",0.71966225,0.5296938
sonicdrivein_1649,"you can’t buy happiness, but you can buy ½ price shakes and ice cream slushes all day today, which is basically the same thing. run like your phone is at 1%. 🍦🏃‍♀️ offer valid only on april 13, 2017, at participating sonic® drive-in restaurants while supplies last. limit 5. tax not included. add-ins cost extra. this offer cannot be combined with any other offers or discounts.",0.56675977,0.5296938
sonicdrivein_1694,"hitting up sonic happy hour for ½ price drinks from 2-4 pm. talk about a picture worth 1,000 sips!",0.5652212,0.5296938
sonicdrivein_1845,rich. dark. square. this square shake is inspired by sonic's dark chocolate creamery shake. take a #shakebreak with 1/2 price shakes after 8 pm. #squareshakes,0.78100145,0.5296938
sonicdrivein_1852,"hit a 🔥 streak with $1 hot dogs. only this wednesday, only at america’s hot dog headquarters.",0.6884291,0.5296938
sonicdrivein_1805,thank your teacher using #thanksteach and sonic will donate up to $1 million to public school teachers thru @donorschoose.,0.75438887,0.5296938
sonicdrivein_1618,"head to sonic for a 79c medium size famous slush or transformers: the last knight slush tomorrow only.  don’t forget to see @transformersmovie: the last knight only in theaters.

offer includes med. size famous slushes and med. size transformers: the last knight slushes only.  offer good 6/29/17 only.  add-ins and tax extra. ©2017 par. pics. ©2017 hasbro.",0.45117956,0.5296938
sonicdrivein_1448,"look at this pup, and try not to smile… 😉",0.9266961,0.5296938
sonicdrivein_1758,the numbers are in and this might be the greatest dog deal of all time. drop by today and enjoy $1 dogs all day. ,0.88618636,0.5296938
sonicdrivein_1094,can you figure out the hidden messages?,0.9771638,0.5296938
sonicdrivein_2090,"see you tonight at #sonicsummermovies @myriadgardens - movie starts at 9, but there is fun to be had beforehand!",0.9274831,0.5296938
sonicdrivein_1424,love at first bite. #sonicnights is the real deal! ❤️,0.9034348,0.5296938
sonicdrivein_724,✨🥤 stay tuned… drop a guess in the comments if you have one,0.77098256,0.5296938
sonicdrivein_1082,"our extra long ultimate cheesesteak is back, but how long is it really? 🤔

*cheesesteak in video is not true to size.",0.88287216,0.5296938
sonicdrivein_1608,"strut your way over to sonic and enjoy half price shakes and ice cream slushes all day today! 😍

offer valid only on july 26, 2017, at participating sonic ® drive-in restaurants while supplies last. limit 5. tax not included. add-ins cost extra. this offer cannot be combined with any other offers or discounts.",0.8073643,0.5296938
sonicdrivein_543,have you shopped our new wag shop? visit the link in bio! unfortunately the dog is not included 😭,0.37923598,0.5296938
sonicdrivein_1203,"whether it’s in the mountains or on the road, thanks for bringing us with you. 🥤 where do you sonic?",0.76577014,0.5296938
sonicdrivein_1778,"we don’t quit just because the ☀️ does, come by for ½ price shakes after 8pm.tag #thisishowisonic and you could be featured like @brookee_allen.",0.32378206,0.5296938
sonicdrivein_1457,🍀try your luck at a sonic today! 😉,0.7209794,0.5296938
sonicdrivein_1708,happy hour just got waaaaaay happier👏😀😺😃🙌 stop into sonic from 2-4 pm for $1 chili cheese coneys all month long.tax,0.24507394,0.5296938
sonicdrivein_2139,who's ready to watch @orangecountychoppers take on sonic tonight? on cmt 9 est/ 8 cst,0.7328214,0.5296938
sonicdrivein_1409,so hot it will make you blush! see if you can hang on 7/1. ☺️#spicysonicsurprise,0.9246176,0.5296938
sonicdrivein_916,"a perfect day for frisbee, a perfect day for sonic. #thisishowwesummer",0.8617509,0.5296938
sonicdrivein_1848,"get with the times—what’s old is new again! with our old fashioned sweet cream sodas, you’ll be on cloud 9. swing by for happy hour when they're 1/2 price from 2-4 pm.
#sonic #oldfashionedcreamsodas #happyhour #🙌🏼",0.49182776,0.5296938
sonicdrivein_2025,some people just want to have their candy and drink it too. we love some people. #sonicdiy #😍 #🍬,0.8641175,0.5296938
sonicdrivein_2231,congrats @wgkat @brookjames @dodmom17 @mborchar @sriggs - you win my sonic cards in the #sonicspooktacular giveaway!,0.7688452,0.5296938
sonicdrivein_1782,"with 4 of your faves, the $5 sonic boom box is a 💥 of delish food. kaboom.

#sonic #hotdog #cheeseburger #teamtots #teamfries #boombox",0.56310415,0.5296938
sonicdrivein_780,eating a corn dog in outer space? 👀,0.9261232,0.5296938
sonicdrivein_1834,"tomorrow, grab ½ price cheeseburgers that are made-to-order with ¼ lb. patties and golden toasted buns.a deal this 🔥 will give you a run for your money.#sonic #cheeseburger #🍔 #taxes single-patty cheeseburgers only. tax not included. add-ons cost extra. cannot be combined with other offers. offer valid 04/18/16 at participating sonic drive-ins while supplies last.",0.5235445,0.5296938
sonicdrivein_1337,"dice on the mirror, but make them tots. 🎲🎲",0.62043566,0.5296938
sonicdrivein_1399,"shake up those lazy summer nights with something sweet!!! 😜 hit the drive-in after 8pm for 1/2 price shakes! we’ve got a variety of real ice cream shakes you must try! 🍓🍌🍒 skip the line and order ahead on the sonic app.
.
. *add-ins cost extra. excludes combos, wacky pack® kids meals, order ahead, delivery and any other offers. limited time only at participating sonic® drive-ins. tm & ©2019 america’s drive-in brand properties llc",0.7025388,0.5296938
sonicdrivein_1406,sip and celebrate! it’s almost 7/1—aka the start of our spicy summer! #spicysonicsurprise,0.86515206,0.5296938
sonicdrivein_1833,"put your money where your mouth is. 💰 all day today, snag ½ price cheeseburgers made with 100% pure beef and melty cheese.#sonic #🍔 #taxday #🙌 single-patty cheeseburgers only. tax not included. add-ons cost extra. cannot be combined with other offers. offer valid 04/18/16 at participating sonic drive-ins while supplies last.",0.6164713,0.5296938
sonicdrivein_1123,what are you doing to celebrate #givingtuesday? we're donating to never before funded sonic teachers! make a difference,0.87395906,0.5296938
sonicdrivein_1588,"you drive in and we’ll skate up, 😉 see you at sonic!",0.7323313,0.5296938
sonicdrivein_1131,our espresso shake is the perfect delight for the couple on the go! 🍒,0.940751,0.5296938
sonicdrivein_1767,"23 sonic shakes. all 1/2 price after 8pm. for 7 more days. yeah, sounds like a pretty epic week to us👌

#sonicdrivein #shakebreak #shakes #📅 #🕖",0.35428908,0.5296938
sonicdrivein_1249,no recess for the kiddos these days means a quick trip to sonic for reese's overload waffle cone! #recesswithreeses,0.7279908,0.5296938
sonicdrivein_1930,make your meal merry and bright. #sonic #holidays #ultimatechickensandwich,0.82631814,0.5296938
sonicdrivein_1225,"the stunning quaranking finalists are in! swipe through and check out their submissions, then head to our stories and",0.83991575,0.5296938
sonicdrivein_1794,"this is how you sonic: @dudeperfect + beatboxing = $5 sonic boom box
.
.
.
#sonic #hotdog #cheeseburger #teamtots #teamfries #boombox",0.7166675,0.5296938
sonicdrivein_310,particularly picky people pick their particular drink customizations in the app #lineup #musicrecommendations #festivalseason,0.74975497,0.5296938
sonicdrivein_1541,from every shared shake to stolen bite—you gotta admit you can’t live without them! happy #nationalsiblingsday from our,0.51603717,0.5296938
sonicdrivein_760,comment below before my manager takes this down 👀,0.8674645,0.5296938
sonicdrivein_333,not me getting my content in at the drive-in,0.50400084,0.5296938
sonicdrivein_825,now if we could only find a way to print tots. 🤔,0.7607309,0.5296938
sonicdrivein_1445,hey there! keep shining. ✨just like this oreo® cookie sandwich with real ice cream. 😉,0.8227144,0.5296938
sonicdrivein_1002,the view above a blast? *chef’s kiss* 🧑‍🍳,0.76892126,0.5296938
sonicdrivein_845,get a free route 44 drink with purchase when you use promo code solo444 in the sonic app. 🥤 code is good for the first 444 fans who redeem! #sonicroute44 #sonicdrivein,0.62898874,0.5296938
sonicdrivein_1397,"“wooooah” is right! 🤯 made with one of the world’s hottest chili peppers, the reaper spicy margarita is ready to bring the heat. 🌶️ enjoy our newest mocktail slushes for 1/2 price anytime when you order ahead on the sonic app. #reaperchallenge *heat sensitive? keep water close. see menu for famous slush pricing with real fruit. get ½ price drinks and slushes every time you order ahead in the sonic app. limited time only at participating sonic® drive-ins. tm & ©2019 july america’s drive-in brand properties llc.",0.5694319,0.5296938
sonicdrivein_1582,"real ice cream that’s so good, you’ll want to make sure there’s not a drop left. 😋. tag #thisishowisonic and you could",0.817583,0.5296938
sonicdrivein_1285,"reminder: it’s important to give yourself a break from the screens! take a walk around the block, stretch your legs and rest your eyes.",0.98062676,0.5296938
sonicdrivein_1952,you get one guess as to where you can find ½ price slushes from 2-4pm every day...,0.69953126,0.5296938
sonicdrivein_2093,mr. cherry limeade ready for your photo opp at #sonicsummermovies @myriadgardens --- our sonic sponsor mr. cherry,0.73631066,0.5296938
sonicdrivein_2207,sweet snack attack? weekday brunch deliciousness? cinnasnacks are so yummy any time of day.,0.5451367,0.5296938
sonicdrivein_1860,"find your own pot of gold at sonic today. luck isn’t just for the irish, after all. 🍀

#sonic #shakes #stpatricksday",0.7910781,0.5296938
sonicdrivein_1042,stop traffic in our local shirts. available for a limited time only at sonicswagshop.com,0.92197865,0.5296938
sonicdrivein_786,“i’m gonna walk the dog.”,0.92365164,0.5296938
sonicdrivein_363,we’ve got a taste for travel.,0.965684,0.5296938
sonicdrivein_1788,"come by for happy hour. @hoflaherty’s crew knows, you gotta snag ‘em all.tag #thisishowisonic and you could be featured.",0.37456483,0.5296938
sonicdrivein_316,it’s the little things #middaybreak #drinkrun #podcast #ssssf,0.705108,0.5296938
sonicdrivein_1883,tag your best gal pal and wish her a happy galentine's day!,0.81412727,0.5296938
sonicdrivein_1564,"who’s ready for the return of sonic nights? ✨ save the date for march 5th when we bring back our half-priced shakes,",0.95990074,0.5296938
sonicdrivein_1671,"when shakes and new ice cream slushes are half-off all day long, you’ll have every reason to bring a friend, or 3—or all of them. tag your crew and we’ll see you all at sonic tomorrow! 
limited time only! tax not included. includes shakes and ice cream slushes only. add-ins and fruit may cost extra.",0.7713403,0.5296938
sonicdrivein_2019,kd's redefining power forward. his kd high flyer slush is too. and it's only around today. tag your mvp and come try the,0.26341194,0.5296938
sonicdrivein_1432,"call your mom or bring her a treat, either one is just as sweet! ☺️happy mother’s day to every mom, we appreciate you! ❤️",0.59603375,0.5296938
sonicdrivein_1768,suit up and swing by sonic today for 1/2 price shakes after 8 pm. tag #thisishowisonic to be featured like @jmnettlesjr.,0.12786564,0.5296938
sonicdrivein_1383,"heading to work or heading to the beach, ocean water is the perfect labor day sip. 🥤",0.5998278,0.5296938
sonicdrivein_1711,which two superstars will you start for wing night in america®? elevate your buy one get one free boneless wing game mon-thurs 5 pm to close at sonic.,0.086607434,0.5296938
sonicdrivein_1505,"this team of baseball players is the epitome of #squadgoals. after they play a home game, they hop in the back of their teammate’s truck and open the tailgate to hang out at their local sonic in tonganoxie. ⚾️ is there anything better than sonic summer nights with your team and a strawberry milkshake in hand? 🤔#mysonicsummer",0.8924879,0.5296938
sonicdrivein_1024,"teachers go above and beyond every day to make dreams a reality.🌟 let’s show them how much they mean to us! this may, to celebrate #teacherappreciationmonth, you can help us donate to teachers all across the country + enjoy a special sonic offer!",0.82622707,0.5296938
sonicdrivein_1603,"you don't have to be a shake specialist to make the drink of your dreams come true. 
make your way to sonic and bring your unique flavor combo to life!",0.9476888,0.5296938
sonicdrivein_1046,local sonic swag is here! skate over to sonicswagshop.com to get your new favorite shirt.,0.9662396,0.5296938
sonicdrivein_1832,"spin your tastebuds right round when sonic’s tantalizing old fashioned sweet cream sodas are ½ price, every day from 2-4pm.

#sonic #oldfashioned #soda #delicious #drink #happyhour",0.4079568,0.5296938
sonicdrivein_1032,"chicken slinger in one hand, shake in the other. what’s in your hands? 👐",0.9242448,0.5296938
sonicdrivein_359,to celebrate teacher’s appreciation week we are partnering today with @donorschoose to match all donations to teacher,0.8381435,0.5296938
sonicdrivein_1793,"grab your party hat & a frozen lemonade, then tag #thisishowisonic for a chance to be featured.@britnymichelle & her daughter are all set for the fourth. #🇺🇸 #4thofjuly",0.7265676,0.5296938
sonicdrivein_789,our mozz stick lovers: we see you. 👀❤️ #nationalcheeseloversday,0.8008718,0.5296938
sonicdrivein_1034,"we had to: a bacon jam for our bacon jam cheeseburger. 🥓🎶🥓

stream this & other eat beats on our soundcloud.",0.6187543,0.5296938
sonicdrivein_428,what if i told you we were about to make your lives one step easier,0.95987415,0.5296938
sonicdrivein_152,i’ll stop ordering kids meals when i’m ready (never),0.78982306,0.5296938
sonicdrivein_976,"slushes so cool, you’ll want to dive in. 🏊",0.835949,0.5296938
sonicdrivein_1236,"this weekend, celebrate the moms who are cool as a slush and sweet as a shake! 🥤",0.80440825,0.5296938
sonicdrivein_1211,sonic + alexa = innovation! discover new items and locations when you try our new alexa skill. available in the alexa skills store.,0.9296849,0.5296938
sonicdrivein_1441,"oh hey there! you are a 🌟! and just for that, we think you deserve something sweet!",0.9073554,0.5296938
sonicdrivein_37,"come for the content, stayed for the fries",0.63775665,0.5296938
sonicdrivein_1262,"🚨your favorite day is back! 50¢ corn dogs alllllll day thursday, march 12. 
tax not included. each corn dog is 50₵. valid only on thursday, march 12, 2020, at participating sonic® drive-in locations while supplies last. not good in conjunction with combos or any other offers. not valid with third party delivery services. tm & © mar 2020 america’s drive-in brand properties llc",0.7059262,0.5296938
sonicdrivein_766,"no subscription needed. 🙌 download the sonic app for happy hour specials like half-price drinks all day, every day.",0.86429065,0.5296938
sonicdrivein_2002,ever want something that kevin durant actually held? bid now on his candy slush from our commercial and make some room,0.5324108,0.5296938
sonicdrivein_909,take a break from scrolling to appreciate a summer that’s still here. 🌅,0.9278558,0.5296938
sonicdrivein_1188,zoom with us! come hang out with us @chazsmith for a special night full of laughter. sign up with the link in bio! #sonicxchazsmith,0.85850966,0.5296938
sonicdrivein_989,it’s our 67th birthday! celebrate with us and make today a blast. 🎂🥳,0.9411111,0.5296938
sonicdrivein_1065,"awards season is here, and our menu is ready to strut! 💃💃💃",0.88787186,0.5296938
sonicdrivein_1735,wing night in america just made game day twice as delicious.,0.87119085,0.5296938
sonicdrivein_1179,need a conversation starter? try some of our sonic icebreakers! chill time guaranteed. 🧊,0.9108642,0.5296938
sonicdrivein_2225,schedule time for delicious @sonicdrivein on friday with a half price shake. all. day. long. any. flavor. (must mention,0.6804031,0.5296938
sonicdrivein_1842,"move over latte art. inspired by sonic's wildberry & lavender creamery shake, this square shake is its own masterpiece. take a #shakebreak with 1/2 price shakes after 8 pm. #squareshakes",0.6162047,0.5296938
sonicdrivein_1527,can your car do this? 😏 the correa family just one-upped the competition with this ride. you can find these phoenix kids enjoying their favorite 1/2 price treats while their dad hits the switch of his lowrider with hydraulics! 👧👦 #mysonicsummer,0.87765694,0.5296938
sonicdrivein_893,block ‘em in the top left corner. 👀,0.8197266,0.5296938
sonicdrivein_2195,"#happyhour snacks. choose from sm tots, 2 mozzarella sticks, 4 onion rings or a corn dog for only $.99 each!",0.62417674,0.5296938
sonicdrivein_1197,"we got another slush serenade for you: a lil' ditty we like to call ""raspberry blues"". 🎶",0.9317799,0.5296938
sonicdrivein_1466,we’re looking for sonic lovers to join the team! check out jobs.sonicdrivein.com to learn more.,0.83336955,0.5296938
sonicdrivein_672,"the sour patch kids dare you. try a sour patch kids slush float this summer and enjoooyy.  sour patch kids is a trademark of mondelēz international group  used under license. mobile ordering available at select locations; hours may vary. $2.99 is for medium size only. limited time only at participating sonic® drive-ins. ™ & © 2022 america’s drive-in brand properties llc.""",0.6120147,0.5296938
sonicdrivein_732,no need to pinch us: we’ve got our green covered. 🍀,0.83743805,0.5296938
sonicdrivein_1637,throw your hands up if you’re ready for some sonic ice cream slushes. 🙌,0.89793986,0.5296938
sonicdrivein_1099,"this year, leave your sonic resolutions up to chance. screenshot our coin toss to see if you stick with your usual or try something new! 😋",0.90413094,0.5296938
sonicdrivein_1843,"inspired by sonic's bourbon brown sugar creamery shake, this square shake is certainly worth a follow. take a #shakebreak with 1/2 price shakes after 8 pm at sonic. #squareshakes",0.5186003,0.5296938
sonicdrivein_782,dreaming up sonic in the metaverse... how about a good ole sonic saloon?,0.9612805,0.5296938
sonicdrivein_51,the r&d lab really went off with this one,0.9546835,0.5296938
sonicdrivein_1695,what’s that off in the distance? your destiny? cheese? probably both. pinch and zoom to find out.,0.6495397,0.5296938
sonicdrivein_1147,the dessert that’ll send shivers down your spine. 👻 dress your blast in a fun downloadable diy cupstume pattern—tag us and share their looks. 😋,0.5463377,0.5296938
sonicdrivein_590,"you say basic, i say refreshing.",0.5632552,0.5296938
sonicdrivein_1084,"from mmm to ohmm, we’ve found sonic serenity. 😌 what’s your favorite yoga pose? 🧘",0.9444412,0.5296938
sonicdrivein_2181,congrats to our grand prize #doubledogdare winners! @lparrinelli @jusserv @tia_lorraine pls email your name and mailing,0.24373312,0.5296938
sonicdrivein_1565,shakes made  with real ice cream—what’s not to love? 🍒,0.7987978,0.5296938
sonicdrivein_402,"new look, who dis? #expressyourself",0.34152496,0.5296938
sonicdrivein_479,"this season, give the gift of a $25 sonic gift card and receive a $5 app ebonus as a gift for you. what's an ebonus? a",0.74865717,0.5296938
sonicdrivein_1856,it’s gettin’ hot in hurr—must be tomorrow’s 🔥 $1 hot dog deal at america’s hot dog headquarters!,0.5970076,0.5296938
sonicdrivein_1785,"with the $5 sonic boom box, score four of your faves for just an abraham.

#sonic #hotdog #cheeseburger #teamtots #teamfries #boombox",0.6023056,0.5296938
sonicdrivein_1068,happy #motivationmonday! here’s a quick word from our mozz sticks. 😋 #mozzarellasticks,0.7778442,0.5296938
sonicdrivein_2074,this weekend is your last chance to vote for local classroom projects in your area to receive funding from sonic’s,0.83792776,0.5296938
sonicdrivein_2092,frozen in an hour! pick up a half-priced shake and head to @myriadgardens in downtown okc. #sonicsummermovies ---,0.8472579,0.5296938
sonicdrivein_468,"we don’t know what looks better, this photo or this photo #sonicatnight #sonicfanfriday",0.8878481,0.5296938
sonicdrivein_810,"t’was the night before christmas, and all through the drive-in 🎄",0.8438559,0.5296938
sonicdrivein_1488,there’s nothing like sonic ice and your favorite fountain drink 😎 tag a friend who’s obsessed with our ice.,0.8385268,0.5296938
sonicdrivein_2216,"sonic's management team packing more than 1,000 backpacks of food for ok children.",0.41708428,0.5296938
sonicdrivein_913,tickle your mind with a lil’ relaxation playlist. 🧘 link is in the bio.,0.81260395,0.5296938
sonicdrivein_1715,"sometimes you’ve just got to fill up that sonic cup, let your hair down and go with the flow.",0.968133,0.5296938
sonicdrivein_2111,who is headed to sonic tonight? thx @qmanity for the great shot!,0.71416914,0.5296938
sonicdrivein_2113,usa wins gold yesterday! @thechanager wins with $1 hot dogs on presidents' day!,0.28419602,0.5296938
sonicdrivein_1429,"summer is coming! ☀️it’s peak slush season, what’s your favorite summer sip at the drive-in? 🥤 📸: @jaclynnnbrooke",0.69316673,0.5296938
sonicdrivein_765,just dropping this here as a 🏈 party snack idea… ,0.6596542,0.5296938
sonicdrivein_1747,wing night in america® is back! bogo boneless wings are just around the corner.,0.7075545,0.5296938
sonicdrivein_2021,"for one day only, we have a slush that will rise above your meal, even a perfect sonic meal. that day is monday 5/11 and",0.8875228,0.5296938
sonicdrivein_2180,celebrate with sonic & grab a root beer float!,0.8590327,0.5296938
sonicdrivein_1181,full moons are looking a bit more delicious.,0.96772546,0.5296938
sonicdrivein_1906,"dollar menu? you deserve better—for less. treat yo’self to real, fresh ingredients in our jr. deluxe cheeseburger for",0.5091471,0.5296938
sonicdrivein_2223,"who is ready for breakfast? or, brunch or lunch or dinner or whenever? this bad boy is available all day!",0.9356298,0.5296938
sonicdrivein_283,asking for a friend. #weird #wrong,0.8918,0.5296938
sonicdrivein_1960,so. many. decisions. #slush #delicious #nom,0.74883884,0.5296938
sonicdrivein_495,sharing’s only fun when it’s not your stuff,0.866602,0.5296938
sonicdrivein_1494,"what’s sweeter, her smile or the double stuf oreo waffle cone? we think it’s a tie! drop a🍦if you’re obsessed with our",0.59323514,0.5296938
sonicdrivein_1951,"boneless wings are baaaaaccckkkkkkk. with six mouthwatering flavors, you should stop drooling and start eating.",0.93239087,0.5296938
sonicdrivein_1309,it’s slush season year ‘round if you’re a real one.,0.7934831,0.5296938
sonicdrivein_763,happy #valentinesday! tag who you’re getting a double stuf oreo® waffle cone with below.,0.28783485,0.5296938
sonicdrivein_911,back to school means back to sonic! 🧑‍🏫 let’s go over our sonic abcs!,0.8357543,0.5296938
sonicdrivein_1509,our mouthwatering signature sauce is the perfect pairing to our crispy chicken tenders. swing by tonight to enjoy our crispy tender dinner for only $3.99! 😛,0.91550374,0.5296938
sonicdrivein_2005,the name says it all. #maltedbrownieblissblast #sonic #yum #icecream #🍦 #😍,0.8364416,0.5296938
sonicdrivein_1356,did y’all know that limeades for learning is live? 🤠 cast your vote to support the teacher projects of your choice,0.6063782,0.5296938
sonicdrivein_1796,get ready for your close up! 📸 we’re serving up the freshest looks of the season with our sonic sipster filters on the giphy cam app. click the link in bio to download.,0.78049564,0.5296938
sonicdrivein_1681,who will take home the honor of best flavor of the year? cast your vote by snagging any footlong coney with tots for,0.4724553,0.5296938
sonicdrivein_2106,"buy 1, get 1 free master blasts all day thursday, 3/27. just ask for the deal.",0.5554475,0.5296938
sonicdrivein_1643,attention: ordering every flavor of sonic’s new 79¢ ice cream slushes all day today is not frowned upon. now stop what,0.88533413,0.5296938
sonicdrivein_1932,no plans for dinner? just wing it with buy 1 get 1 free boneless wings tonight. join us for wing night in america from 5,0.16453642,0.5296938
sonicdrivein_1838,"#squareshakes are hot at base camp coachella valley! if you're here, order yours through instagram asap. 🙌🏻",0.9400765,0.5296938
sonicdrivein_1435,introducing the freshest collab—the new @redbull slush and cherry limeade red bull® slush! it’s the ultimate cool down before you step up. 👐,0.62872386,0.5296938
sonicdrivein_1955,"day off! time to celebrate. have your (ice cream birthday) cake (shakes and cones) and eat it, too.",0.94835126,0.5296938
sonicdrivein_1756,pro-tip: never choose between tots and fries. bring a friend and share both 🙌,0.80676454,0.5296938
sonicdrivein_1742,"this season, get two first-round picks for the price of one. ",0.9659358,0.5296938
sonicdrivein_1044,get your state’s shirt at sonicswagshop.com and share your look using #mysonicswag for the chance to be featured in our,0.5427673,0.5296938
sonicdrivein_1938,our monstrous #halloween special is alive. 50¢ corn dogs today only. be afraid to miss it. #fiftycentdogs,0.7743583,0.5296938
sonicdrivein_1420,mix up your summer vibes with a new beat. try out the red bull slush® or add some red bull® wiiings to the go-to cherry limeade slush.,0.8154883,0.5296938
sonicdrivein_1132,put your local sonic on the map by commenting your sonic’s location! 📍🗺️,0.5286489,0.5296938
sonicdrivein_371,guess i’ll leave my food at home a little more often.,0.9595722,0.5296938
sonicdrivein_1219,"in search of america’s prom quaranking and quaranqueen, we had some incredible submissions along the way. swipe through",0.51610315,0.5296938
sonicdrivein_2142,who wants to shake things up this afternoon?,0.98126906,0.5296938
sonicdrivein_1360,this pic will be all of us on 99¢ mozz sticks day! ....coming soon to a sonic near you. 👀 📸: @saradelacerda_,0.4815442,0.5296938
sonicdrivein_2076,congratulations to the sonic limeades for learning classrooms who were funded over the weekend! didn’t see your project,0.8261202,0.5296938
sonicdrivein_1691,some hours are way happier than others! stop by for sonic happy hour from 2-4pm.,0.9111198,0.5296938
sonicdrivein_54,"it's about efficiency ppl, really not that complicated !!",0.52737504,0.5296938
sonicdrivein_1224,"the incredible quaranqueen finalists are in! swipe through and check out their submissions, then head to our stories and",0.8168649,0.5296938
sonicdrivein_1647,"you crushed your taxes, now it’s time to crush these cheeseburgers. get flavorful, tasty, half-priced cheeseburgers all day tomorrow, april 18th for tax day at sonic.

single-patty cheeseburgers only. no limit. tax not included. add-ons cost extra. cannot be combined with other offers. offer valid tuesday 04/18/17, at participating sonic drive-ins while supplies last.",0.48865613,0.5296938
sonicdrivein_423,"i got cherry limeade w/ blue raspberry, grape, and strawberry fruits. hbu? #drinkhacks #sodashop",0.67162657,0.5296938
sonicdrivein_906,"if you know, you know. 🧩",0.9120134,0.5296938
sonicdrivein_1721,"ready, set, sonic. join us for america's happy hour℠, everyday from 2-4 pm. 
tax & add-ins extra. restrictions apply. hours vary by location. see menu for details.",0.5379001,0.5296938
sonicdrivein_1959,the turtle pecan master blast. resist if you can.,0.8712649,0.5296938
sonicdrivein_977,"enter a world where sweet becomes sweeter, where you’ll always feel refreshed. the world of sonic’s bursting bubbles slush. 🧘",0.8088897,0.5296938
sonicdrivein_1775,nothing to see here. just ½ price small & medium blasts & master blasts that’ll blow your mind.limit 5. must mention when ordering. tax not included. add-ins cost extra. cannot be combined with other offers. offer valid 7/27/16 at participating sonic drive-ins while supplies last.#sonicdrivein #sonic #icecream #😜 #chocolate,0.28904653,0.5296938
sonicdrivein_697,"sonic saves the day! (and night, too)",0.9465677,0.5296938
sonicdrivein_2129,"nothing gets t.j. moving like the smell of bacon. though, a fire alarm is a close second. check out the next #trainyourbuds mini-workout: bacon bends.",0.5860567,0.5296938
sonicdrivein_1148,🌃 sometimes you just need to get in your car and cruise! what’s your late night go-to at sonic? 🥤,0.95705944,0.5296938
sonicdrivein_1786,"national hot dog day is about to be 🔥. tag your bff and then snag your fave 🌭 with the $5 sonic boom box.

#sonic #hotdog #🌭 #nationalhotdogday #boombox",0.88211507,0.5296938
sonicdrivein_1138,who’s at the door? it’s our trick or treat blast! are you dressing up for halloween? 🎃  visit the link in bio to get our downloadable cupstume patterns!,0.7231827,0.5296938
sonicdrivein_1216,"so much bacon, we had to add an extra b. 🥓 try the $3.99 bblt for a limited time only,  and you’ll be bringing home the bacon. 😉

📲use the sonic app for contactless ordering and payment or simply place your order at the drive-in.

tax not included. see menu for details. mobile ordering available only at select locations. limited time only at participating sonic ® drive-ins. tm &© 2020 america’s drive-in brand properties llc.",0.7625889,0.5296938
sonicdrivein_446,it’s never too cold for ice cream.,0.96062636,0.5296938
sonicdrivein_1755,how many corn dogs you’ll have is still a toss-up. drop by sonic on august 31st and enjoy 50¢ corn dogs all day. ,0.95130557,0.5296938
sonicdrivein_1446,we’re about to drop a lot of sweetness on your feed today! and you know what? you deserve it! -,0.9557147,0.5296938
sonicdrivein_1056,"the drive-in just got a whole lot cuter! 🥺 our delicious wacky packs now include exclusive tokidoki toys, like our color changing kaiju & slushicorno! available through may 2.",0.83576655,0.5296938
sonicdrivein_1859,🎼 we’ve got that vanilla bean classic thing that you like. 🎼,0.924786,0.5296938
sonicdrivein_1993,a shake is nothing without the cherry on top. bonus points if you can tie the stem with your tongue. #sonic #shakes,0.8567675,0.5296938
sonicdrivein_1769,"take that shake-cation you’ve been dreaming of. enjoy 1/2 price shakes after 8pm at sonic for the next 10 days.

#sonicdrivein #shakebreak #shakes #📅 #🕗",0.81939095,0.5296938
sonicdrivein_1813,thank your teacher using #thanksteach and sonic will donate up to $1 million to public school teachers thru @donorschoose.,0.75438887,0.5296938
sonicdrivein_1074,we’ve been seeing hearts all day. 😍😍 feel the love this valentine’s day when you order your next delicious drink with,0.7613058,0.5296938
sonicdrivein_2192,"@rhoneygee 's entry in our #doubledogdare, the new york minute. nice!",0.3579179,0.5296938
sonicdrivein_1385,most important meal of the day... 🤪,0.92604935,0.5296938
sonicdrivein_1925,winter weather calls for boneless wings that bring the heat. just remember: gloves off before you dig in. all six,0.7388496,0.5296938
sonicdrivein_344,here’s a hint: it might have strawberries in it,0.93366027,0.5296938
sonicdrivein_1901,"the best things in life are (buy 1 get 1) free, like honey bbq boneless wings.",0.5358029,0.5296938
sonicdrivein_1806,"the perks of being an early 🐦: 99¢ large drinks at sonic, every day until 10am. tax not included. see menu for details.#sonic #drink #morning #riseanddine",0.6658728,0.5296938
sonicdrivein_376,not us seeing our ex at the drive-in,0.90565515,0.5296938
sonicdrivein_1031,"close your eyes: you’re at a baseball game on a warm tuesday afternoon, and everyone’s got an all-american dog in hand. 🌭",0.95608056,0.5296938
sonicdrivein_994,"sweet bursts of flavor + cherry or blue raspberry slush = a drink that pops off‼️ try the new bursting bubbles slushes & feel a sip like no other.

*bursting bubbles are not suitable for children 3 years or under due to possible choking hazard. limited time only at sonic drive-ins.",0.25001538,0.5296938
sonicdrivein_2152,enter our ig halloween costume contest by posting a pic in costume tomorrow with the #sonichalloween hashtag and tagging,0.6698895,0.5296938
sonicdrivein_2191,"cheers! double tap if you're excited about 1/2 price shakes after 8 at sonic tonight! (and, all summer) @katrina_maris",0.822381,0.5296938
sonicdrivein_1702,do cheese and bread make the ultimate couple? we think so. grab a 50¢ grilled cheese on 12/21 and taste for yourself 🧀🍞❤️ limit 5. mention when ordering. tax not included. add-ons cost extra. cannot be combined with other offers. offer valid 12/21/16 at participating sonic drive-ins while supplies last,0.20689821,0.5296938
sonicdrivein_1728,"your wing team just doubled in size. enjoy bogo boneless wings mon–thurs, 5pm–close.",0.17529845,0.5296938
sonicdrivein_1518,"this bubbly texas trio has worked at a summer camp together for years! ⛺️🌲jerilyn, lauren and taylor also have a shared late night camp tradition: a secret sonic run for shakes and mozz sticks! 😉

trust these ladies— after weeks on a campground, a chocolate shake tastes heavenly! enjoy ½ price shakes after 8pm at sonic summer nights. #mysonicsummer",0.7988646,0.5296938
sonicdrivein_2199,"have lunch, afternoon or dinner plans yet? at all ok sonic drive-ins today only, we're donating $1 from every order of",0.3236612,0.5296938
sonicdrivein_1166,"it’s libra season, and we’re feeling bubbly! ♎ if you had to choose: cherry limeade or ocean water? ⚖️",0.8946056,0.5296938
sonicdrivein_2185,"this little bit was so excited to meet mr. coney at sonic summer movie night at okc's myriad gardens. tonight, ""the",0.49138534,0.5296938
sonicdrivein_596,i love when a plan comes together.,0.981198,0.5296938
sonicdrivein_268,"leave your sonic sun, moon, & rising in the comments",0.17183514,0.5296938
sonicdrivein_1477,"okay, who didn’t do this as a kid? 🤔
.
now you can get your favorite drinks and slushes ½ price when you order ahead in the app.",0.24607688,0.5296938
sonicdrivein_1851,"you sly dog, you! sneak in a steal of a deal with $1 hot dogs, tomorrow only at america’s hot dog headquarters.",0.6312119,0.5296938
sonicdrivein_2072,we're excited to officially announce the signing of #kevindurant (@easymoneysniper) to the sonic team! there might be a,0.95825714,0.5296938
sonicdrivein_1855,every dog has its day! snag all-beef chili cheese coney and all-american hot dogs at sonic for just $1 today only.,0.7830045,0.5296938
sonicdrivein_1754,"come in tomorrow for 50¢ corn dogs all day & make it rain—corn dogs, that is 🌧☔️ tax not included. add-ons cost extra. cannot be combined with other offers. offer valid 08/31/16 at participating sonic drive-ins while supplies last.",0.3573365,0.5296938
sonicdrivein_1017,bonus points if you find all the items. ✅,0.886333,0.5296938
sonicdrivein_1187,"if you were at the beach right now, what would your sonic drink order be? ⛱️🌊",0.9611502,0.5296938
sonicdrivein_484,treat your friends who are on the nice list this year with a gift from sonicswagshop.com 🎁🎄,0.9350871,0.5296938
sonicdrivein_296,"if you’re seeing this, it’s your sign you need a break. watch the newest episode of momfessionals now on youtube  where @annalee15 interviews her mom! 🍿 #momfessionals""",0.86148655,0.5296938
sonicdrivein_892,hey @reeses we’re in a 🌀 daze 🌀 over this reese’s peanut butter classic shake!,0.63688666,0.5296938
sonicdrivein_1439,"red bull slushes, oreo, and chocolate chip ice cream sandwiches. yep, we served them all at the sonic x moschino party!",0.9450428,0.5296938
sonicdrivein_807,follow us on tiktok & tune in to count down the drop of the tot. 🥳,0.3569901,0.5296938
sonicdrivein_2144,join us this weekend at the sec fanfare for a chance to win! see the rules at http://bit.ly/sonicigrules and show us,0.8174559,0.5296938
sonicdrivein_808,a sprinkle of color for your feed. 😍,0.8160928,0.5296938
sonicdrivein_764,17th time’s the charm. double stuf oreo® waffle cone is the perfect way to cap off the night. 😴,0.8238336,0.5296938
sonicdrivein_1873,"coming soon to sonic: sweet, indulgent treats meet unexpected flavors with our new creamery shakes.",0.797213,0.5296938
sonicdrivein_549,pin it 📌 add our new digital gameday pins by searching sonic drive-in in your gif keyboard.,0.47097814,0.5296938
sonicdrivein_1849,"we’re creating a world-first with @chefjacqueslamerde. but in the meantime, take a #shakebreak with 1/2 price shakes",0.8331457,0.5296938
sonicdrivein_1918,"tomorrow only, you and your crew can come together over jr. deluxe cheeseburgers for just 79¢ each.",0.9528897,0.5296938
sonicdrivein_1144,👉 delicious orders right at your fingertips. 👈 try out the sonic app for contactless ordering and payment.,0.86170584,0.5296938
sonicdrivein_1884,"tag bae and show 'em some love, then get your nom on together with 2 can dine for $9.99.",0.17959501,0.5296938
sonicdrivein_1013,"we asked our fans what they would put on their sonic shrines, and we picked the most heavenly comments. 😇",0.930484,0.5296938
sonicdrivein_1298,the carhop classic is back! choose between a quarter pound double cheeseburger or a crispy tender sandwich plus a side of medium tots!,0.93082035,0.5296938
sonicdrivein_1623,"you must ketchup with your best friend today at sonic with 50¢ corn dogs! 💛❤️ offer valid only on june 22, 2017 and",0.13197777,0.5296938
sonicdrivein_1207,"when it comes to strawberries, we’re as real as it gets. 🍓🍓🍓 tag your friends who keep it real!",0.8864107,0.5296938
sonicdrivein_1083,we got another mozz stick musing for you! this one’s a little extra cheesy. 🧀🧀 #motivationmonday,0.7681453,0.5296938
sonicdrivein_2043,"""if you can dream it, you can drink it."" #behindthescenes at the sonic test kitchen.",0.8696293,0.5296938
sonicdrivein_1533,swing by sonic for some mozz sticks so good they’ll make you say “cheeeeese.” 😀🧀 📸: @pearlleeannphoto,0.68537205,0.5296938
sonicdrivein_850,now i’m in the mood for some digital tots.,0.97407305,0.5296938
sonicdrivein_1467,can’t go wrong with a classic. 🍒😀 📸: @edibleokc,0.73673934,0.5296938
sonicdrivein_1145,ahhh‼️ our trick or treat blasts are ready to cause a fright. spookify your blast by downloading a diy cupstume pattern! share your haunting creations by tagging us in a post. ⚰️,0.53802603,0.5296938
sonicdrivein_1007,swipe to see what a sip of sonic will do for you. 🔥🔥,0.88878155,0.5296938
sonicdrivein_2239,sonic ceo cliff hudson interviewing with @newschannel4 about today's sonic skate off final! top 7 skating carhops in all,0.63800895,0.5296938
sonicdrivein_1821,join @easymoneysniper and thank a teacher using #thanksteach & sonic will donate up to $1 million to public school teachers.,0.7998362,0.5296938
sonicdrivein_1396,strawberry cheesecake shake for half price? this is not a drill! 🚨after 8pm every night this summer we’re giving you,0.9360632,0.5296938
sonicdrivein_902,~ our fall collection is calling for you ~ 💃📸💃📸ge,0.9315936,0.5296938
sonicdrivein_293,no judgement here 👀 what happens after you leave the drive-in is up to you. 🥤 watch the full episode of momfessionals with @annalee15 now on youtube! #momfessionals,0.9082782,0.5296938
sonicdrivein_901,"one limeade for me, one for the kid. 👼",0.887708,0.5296938
sonicdrivein_1674,some hours are way happier than others! stop by for sonic happy hour from 2-4pm.,0.9111198,0.5296938
sonicdrivein_1064,"we’re going kookie for cookies over here. 🍪😍🍪 try the oreo® big scoop cookie dough blast & sundae at your local sonic! 

oreo® is a trademark of mondelēz international group, used under license. at participating locations for a limited time.",0.7305291,0.5296938
sonicdrivein_573," @__maddyclairee reminded us of all the sonic relationship stories out there🥰 📸 @_mollylynnphotography""",0.39556092,0.5296938
sonicdrivein_537,shoutout to all our fans who show us love 24/7. keep it coming and we’ll keep sharing! #sonicfanfriday,0.94529635,0.5296938
sonicdrivein_2022,"candy slushes in the test kitchen keep everyone happy and a little wired, we're not going to lie. win/win. #😍",0.8519782,0.5296938
sonicdrivein_445,when the light hits your steak & bacon grilled cheese just right 😏,0.78826284,0.5296938
sonicdrivein_2131,#tbt to sonic's carhop reunion at our 50th birthday in 2003. double tap if you think your carhop is awesome!,0.75579226,0.5296938
sonicdrivein_1581,"what to be thankful for this thanksgiving you ask? sonic, of course! tag a friend who agrees!",0.8289649,0.5296938
sonicdrivein_1331,they say imitation is the best form of flattery and we are flattered! these creative costumes absolutely made our,0.6582384,0.5296938
sonicdrivein_2001,who runs the world? swirls. #peanuttyswirl #sonic #yum #swirls #icecream #🍦 #😍,0.8628598,0.5296938
sonicdrivein_1881,"share the valentine's day <3 today by swinging by sonic, where 2 can dine for $9.99.",0.1997435,0.5296938
sonicdrivein_1727,"friday is here and it’s time to max relax. come to sonic, we’ll take care of the rest.",0.8529745,0.5296938
sonicdrivein_1589,"it’s hard to beat a classic duo. especially the new carhop classic for $2.99, featuring a 100% pure beef cheeseburger",0.9142297,0.5296938
sonicdrivein_1353,"tag yourself, i’m the corn dog.",0.8484026,0.5296938
sonicdrivein_1427,"#sonicnights are even better with your friends, who are you bringing to the drive-in this weekend? 😄 📸:",0.793453,0.5296938
sonicdrivein_2202,there's still time! half price shakes all day! #summerofshakes thanks @iamnotjudy,0.8592141,0.5296938
sonicdrivein_1473,drinks on mom this time! 😉tag your happy hour crew! 🥤🥤📸:,0.27576983,0.5296938
sonicdrivein_1040,we’ve hidden 5 sides among the drinks: scroll through and look closely. 👀,0.79050165,0.5296938
sonicdrivein_1839,"today is the day, the #squareshakes are available for order through instagram at base camp. if you're not in coachella valley, take a #shakebreak with half price shakes after 8 pm at sonic",0.64033455,0.5296938
sonicdrivein_834,"entree + a free side? can’t beat that! 🤑 download the sonic app to get a free small snack or side with your order, from november 26 to 28! 🍟 reward valid nov. 26-28  2021. one free item per customer. see app for eligible items and full offer details.""",0.37072095,0.5296938
sonicdrivein_1087,"pup pageant is back, and this time we’re showcasing your submissions! 🐶 send us your dog photos, and we might include",0.89319795,0.5296938
sonicdrivein_1389,#sonicnights are coming to a close! stop in for ½ price shakes before labor day. 📸: @sammytripoli,0.7032169,0.5296938
sonicdrivein_670,"you want it, you got it!",0.92875737,0.5296938
sonicdrivein_1487,now that’s the halloween spirit! cruise to the drive-in today to grab 50¢ corn dogs for the whole family! costumes,0.79983777,0.5296938
sonicdrivein_1443,your week is looking bright! ☀️just like these cherry-topped shakes. don’t miss out on the sweetness that just dropped,0.96295077,0.5296938
sonicdrivein_1028,pick-up line game strong. twitter game stronger.,0.20121281,0.5296938
sonicdrivein_1202,"🗣️ mozz sticks on offense and chili cheese tots on defense, who are you pulling for? 🏀",0.4182653,0.5296938
sonicdrivein_41,it’s giving gold medal ????? #xgamesmode,0.2066515,0.5296938
sonicdrivein_1944,sad that oktoberfest is over? well wingtoberfest is going strong! come on by and enjoy some delicious 1/2 price 6 and 12,0.5314385,0.5296938
sonicdrivein_957,you can only pick one. which one are you grabbing? 🌭  #nationalhotdogday,0.9374898,0.5296938
sonicdrivein_497,one tot doesn’t make me a bad mom.,0.9067887,0.5296938
sonicdrivein_1220,tots off to you 2020 seniors! congrats on 4 years of hard work and a lifetime of memories! 🎉🎉,0.44180828,0.5296938
sonicdrivein_673,totchos are back in the app only 👀 each month we are bringing back some fan favorites on the summer snacking menu,0.9485308,0.5296938
sonicdrivein_718,we can almost taste summer with our @redbull summer edition slush ☀️,0.53744745,0.5296938
sonicdrivein_1190,"time to get to business: virgos, grab your cold brew. ♍",0.8950505,0.5296938
sonicdrivein_1059,"all of these combos hit the jackpot, but what’s your perfect combo? 🎰🎰🎰",0.943972,0.5296938
sonicdrivein_1720,"no matter which two meals you choose for $9.99, you’re right. and that’s a great feeling.

tax not included. offer includes sonic® cheeseburgers (single-patty, 1/4 pound precooked), crispy classic chicken sandwiches, footlong quarter pound coneys (approx. 1/4  pound and 12 inches precooked), medium soft drinks and medium tots or fries only. not good in conjunction with any other offers. grilled classic chicken sandwich may cost extra. see menu for pricing. add-ins and add-ons cost extra. limited time only at participating sonic® drive-ins. tm & ©2016 nov america’s drive-in brand properties llc",0.6693767,0.5296938
sonicdrivein_1244,"extra cheese? pickles? ketchup and mustard? however you build your perfect sonic burger, enjoy it with a free large",0.82974267,0.5296938
sonicdrivein_2026,"that form tho. if whipped cream piping was a sport, sonic chefs would all have 1000 gold medals. #🍦 #🙌 #🏆",0.5299905,0.5296938
sonicdrivein_1825,hot diggity! delicious dogs from america’s hot dog headquarters are just $1 all day today.limit 5. mention when ordering. includes only 6-inch chili cheese coney and all-american hot dogs. tax not included. add-ons cost extra. cannot be combined with other offers. offer valid 04/28/16 at participating sonic drive-ins while supplies last.,0.3226173,0.5296938
sonicdrivein_1885,"these lil’ snacks pack a punch. 👊

snag lil’ doggies and lil’ chickies for $1.49 each and get ready for big flavor.

#sonic #🌭 #👊",0.51105106,0.5296938
sonicdrivein_1937,it's not just the new ultimate chicken sandwich. it's the ultimate meal. #nationalsandwichday #sonic #nom,0.77169776,0.5296938
sonicdrivein_411,what happens if you’re all of them? #generationaldifferences #genzvsmillenial,0.74374026,0.5296938
sonicdrivein_1375,"big news out of our national convention❗🗞️the @drpeppersonicgames champs have been announced, and the rocky tots take",0.54814464,0.5296938
sonicdrivein_1107,is it time to go to sonic? the answer is yes o’clock! ⏰,0.89751685,0.5296938
sonicdrivein_1765,"drown your tastebuds in rich, creamy 1/2 price shakes after 8pm at sonic for the next five days.#sonicdrivein #shakebreak #shakes #📅 #🕖",0.7767136,0.5296938
sonicdrivein_1279,papa’s got a brand new bag! our new bag found it’s angle. 📸,0.10380971,0.5296938
sonicdrivein_1929,don’t miss a single play—snag buy 1 get 1 free boneless wings before the game.,0.12892026,0.5296938
sonicdrivein_348,box office hit if i’ve ever seen one.,0.9008851,0.5296938
sonicdrivein_1808,"school’s out for the summer, and today’s 50¢ corn dogs are bringin’ the heat. head over to sonic and snag some for national end of school day. 🙌

#sonic #corndog #endofschool #☀️ tax not included. add-ons cost extra. cannot be combined with other offers. offer valid 05/24/16 at participating sonic drive-ins while supplies last.",0.4609904,0.5296938
sonicdrivein_1864,"dog-ear this deal: 100% pure beef hot dogs with craveable toppings are just $1, all day wednesday at sonic, america's",0.29736215,0.5296938
sonicdrivein_2187,raise your hand if you've already has at least one $1 dog from sonic today for #nationalhotdogday. our friends at kokh,0.7477452,0.5296938
sonicdrivein_876,why is plunging the straw the most satisfying feeling? 🥤 #sonic #drivethru #drinks,0.9199649,0.5296938
sonicdrivein_1411,"our latest concoction will make you 😅! new heat drops on 7/1, and it’s not for the faint of heart. #spicysonicsurprise",0.87035125,0.5296938
sonicdrivein_2136,the long awaited winners of the #sonicgameface competition are @daviddstone @smashlee_jane and @milesospt ! please shoot,0.88350016,0.5296938
sonicdrivein_618,where else have we gone with you this summer?,0.8441415,0.5296938
sonicdrivein_524,photobooth in the office. say cheese(burger),0.6519,0.5296938
sonicdrivein_1642,"two days ago, @j.whiskey had a baby. his wife made sure he ran to sonic to get some mommy-fuel. congratulations on the",0.9004667,0.5296938
sonicdrivein_474,it’s moments like these that keep us up at night.,0.98009,0.5296938
sonicdrivein_1156,chili. chili. chili. 🧑‍🍳 we know what we’re bringing to the cookout.,0.93764836,0.5296938
sonicdrivein_496,how would you define it? #mmmsonic,0.8388971,0.5296938
sonicdrivein_1625,thirsty? the bumblebee® slush has your back. head to sonic to grab yours! see @transformersmovie in theaters june 21! for a limited time only at participating sonic drive-ins.,0.62979436,0.5296938
sonicdrivein_1816,"frozen cranberry limeade @zachking’s new favorite drink. astound your taste buds at sonic today!
#sonic #drink #frozen #cranberry #lemonade #limeade #amazeyourmouth",0.82532644,0.5296938
sonicdrivein_2087,from bikini bottom to your local sonic. spongebob squarepants and his friends from @nickelodeontv are now here!,0.93570936,0.5296938
sonicdrivein_1751,"this season, you get two first-round picks for the price of one. enjoy bogo boneless wings mon–thurs, 5pm–close.

of equal or lesser value. requires purchase at regular price. please mention offer when ordering. not good in conjunction with any other offers. see menu for details. for a limited time only at participating sonic® drive-ins.",0.47412983,0.5296938
sonicdrivein_859,"hey, sonic fans! if we jumped into the crypto game—should we call it bite coin?! 🤔",0.889855,0.5296938
sonicdrivein_2171,throw back from 1980! happy eating! #tbt,0.35450277,0.5296938
sonicdrivein_370,some recent fan highlights 🤩 tag @sonicdrivein for a feature in next month’s fan friday! #sonicfanfriday,0.89501023,0.5296938
sonicdrivein_1413,did someone call the 🚒🚒🚒 because this mouth is on fire!? #spicysonicsurprise,0.94877064,0.5296938
sonicdrivein_57,yes we see your comments!! pls be nice,0.23543996,0.5296938
sonicdrivein_1217,"cool off your summer days with our lemonberry slush float! 🍓🍋 for a limited time, we’re serving up creamy real ice cream stacked on a layer of frozen lemonade slush all topped with real strawberries! 😋

 📲use the sonic app for contactless ordering & payment or simply place your order at the drive-in.

*tax not included. not available in happy hour, morning drink stop® or any other discounts or offers. limited time only at participating sonic® drive-ins. tm & ©2020 july america’s drive-in brand properties llc.",0.60034364,0.5296938
sonicdrivein_427,comment your weirdest food or drink combo for us to try! #challengeaccepted #gamegram,0.565527,0.5296938
sonicdrivein_1476,we’re so thankful for all you sonic lovers out there. tag your drive-in bestie to tell them you’re grateful for them,0.95611036,0.5296938
sonicdrivein_883,"so many delicious choices, but which 2 will you choose? 🤔",0.88683707,0.5296938
sonicdrivein_1130,"chicken slinger is back and better than ever‼️ get your fix of crispy and juicy chicken, flavorful mayo and pickles, all on a soft brioche bun. 😋

📲 order online or in the app for contactless ordering & payment.

*mobile ordering available only at select locations.",0.70589274,0.5296938
sonicdrivein_773,"on the plus-side, stay up a lil’ bit longer to try the double stuf oreo® waffle cone. ",0.92883736,0.5296938
sonicdrivein_1690,"at sonic, there’s something for everybody. what are you feeling this friday?",0.9529783,0.5296938
sonicdrivein_628,"half price drinks in the sonic app. and if ya didn’t know now you know!""",0.28259984,0.5296938
sonicdrivein_1829,"our new creamery shakes are flavorful, sweet and deee-licious. try them for ½ price after 8 pm. #sonic #shakebreak #creameryshakes #shakes #icecream",0.7394033,0.5296938
sonicdrivein_1954,"look down. not at your feet, look down on your screen. see that? that's 1/2 price today.",0.67868626,0.5296938
sonicdrivein_604,"💥bursting bubbles are back💥 pro tip: you can add it to any drink 👀""",0.60066754,0.5296938
sonicdrivein_1072,☝️ we have a drink tier list for you all: how would you rank our drinks? 👇,0.865304,0.5296938
sonicdrivein_899,the best dining rooms have reclining seats. 🚗 wear your sonic heart on your sleeve at sonicswagshop.com. plus $1 from,0.7768687,0.5296938
sonicdrivein_1657,"seasons may change, but sonic family night won’t. grab ½ price cheeseburgers every tuesday from 5pm to close. lettuce be",0.8441856,0.5296938
sonicdrivein_1484,"that feeling when you check-in at the stall, and your carhop is on the way! 😀
.
get ½ price drinks and slushes when you order ahead in the sonic app.",0.4329483,0.5296938
sonicdrivein_303,not @annalee15 entering her spy era to get some alone time. watch the latest episode of momfessionals with annalee grace now on youtube! #momfessionals,0.7525698,0.5296938
sonicdrivein_944,"every reason to take a bite, laid out for your viewing pleasure. 🤤",0.862566,0.5296938
sonicdrivein_1269,we start our day as early as you. #thisishowwesonic,0.66865534,0.5296938
sonicdrivein_2132,tweet your fave and win! original (#jpcchamp) or spicy jumbo popcorn chicken (#jpcchallenger)? #sweepstakes,0.8110265,0.5296938
sonicdrivein_695,the dating scene has really stepped up its game! ✨🥤,0.9252762,0.5296938
sonicdrivein_1035,"do you believe... we have new local sonic swag? well, we do.",0.96598923,0.5296938
sonicdrivein_1801,"tomorrow, put a little zest in your step. 🍋 head over to sonic for a 79¢ medium classic frozen lemonade or limeade.must mention when ordering. tax not included. add-ins cost extra. cannot be combined with other offers. offer valid 6/8/16 at participating sonic drive-ins while supplies last.",0.38034067,0.5296938
sonicdrivein_1666,"burritos. burgers. dogs. wings. tots. if you can’t choose one, choose them all.",0.95855564,0.5296938
sonicdrivein_1096,"pulling up to the stall is as easy as 1, 2, 3. 😋",0.8407707,0.5296938
sonicdrivein_1979,"it’s not about the destination, it’s about the journey. unless the destination is catching @papertownsmovie & going to",0.6569388,0.5296938
sonicdrivein_1009,"we got a wacky deal headed your way! 🤪 buy a wacky pack kids meal online or in the sonic app, from may 24 - 30, and get a free small blast reward for your next visit! treats for the whole family! 👪

*see app for details",0.8612042,0.5296938
sonicdrivein_1741,which 2 flavors will you recruit during wing night in america® at sonic?,0.82383853,0.5296938
sonicdrivein_339,"tbh, we have this on repeat today. 🔂 swing by 5/25 to get your half price shakes when you apply code: treat in the app🥤",0.3830476,0.5296938
sonicdrivein_1545,make a stotment with this modern and elegant accent. #taterlove 💐,0.752324,0.5296938
sonicdrivein_1109,"we know you love the stall, so the stall wants to return the feeling. double tap the red button for a lil’ extra love! 💓",0.7746673,0.5296938
sonicdrivein_2166,"caramel can be made by boiling sugar slow to 170 c, 340 f. join sonic's ice cream social http://bit.ly/icssonic",0.6777222,0.5296938
sonicdrivein_1257,"cheese, please!🧀🧀🧀🧀 🚘pick up your 99¢ 4pc mozz sticks, anytime, all day, tomorrow march 26! 
you can use the sonic app for contactless ordering and payment or simply place your order at the drive-in for this deal.

limit 5 per customer. tax not included. includes 4 pc. (small) mozzarella sticks. valid only on thursday, march 26, 2020, at participating sonic® drive-in locations while supplies last. not good in conjunction with combos or any other offers. not valid with third party delivery services. tm & © feb 2020 america’s drive-in brand properties llc",0.6737059,0.5296938
sonicdrivein_862,"sonic’s doing spooky szn right! 🎃 this halloween, get $0.50 corn dogs all day. 👻 text enjoy to 876642 to sign up for this and future exclusive sonic text offers. each corn dog is $0.50. tax not included. valid october 31  2021 at participating sonic® drive-in locations while supplies last. mobile ordering available only at select locations; hours may vary. not good in conjunction with any other offers  rewards  or delivery.""",0.17246391,0.5296938
sonicdrivein_2103,who will we see today? maybe twice?,0.97013813,0.5296938
sonicdrivein_1802,the main squeeze this wednesday: 79¢ medium classic frozen lemonade and limeade. snag a refreshing twist on a summer favorite at sonic.must mention when ordering. tax not included. add-ins cost extra. cannot be combined with other offers. offer valid 6/8/16 at participating sonic drive-ins while supplies last.,0.4459771,0.5296938
sonicdrivein_1500,"there’s no such thing as too many cherries when it comes to a cherry limeade, right? right! tag a friend that’s obsessed",0.8623003,0.5296938
sonicdrivein_1200,bring the stadium to your backdoor with our gameday faves! 🏟️ tell us your sonic game day must-haves. 😋,0.7716132,0.5296938
sonicdrivein_571,life is good. cheese makes it better,0.97901183,0.5296938
sonicdrivein_1753,the best doggone corn dog deal of all time—stop by sonic today for 50¢ corn dogs all day.,0.757172,0.5296938
sonicdrivein_1635,"🍦 🚨  alert 🚨 🍦  shakes and ice cream slushes are half-off all day today! start your weekend early and head to sonic with your squad! 
offer valid only on may 25, 2017, at participating sonic ® drive-in restaurants while supplies last. limit 5. tax not included. add-ins cost extra. this offer cannot be combined with any other offers or discounts.",0.77549565,0.5296938
sonicdrivein_1697,"grab your straws, it's time for america's happy hour℠. get 1/2 drinks price from 2-4 pm every day.
tax & add-ins extra. restrictions apply. hours vary by location. see menu for details.",0.54211175,0.5296938
sonicdrivein_1745,the toppings are just the tip of the ice cream-burg. experience the delicious centers of our new blast flavor funnels today.,0.7637192,0.5296938
sonicdrivein_676,"turn up the fun with our new sour patch kids slush float. #funnersummer sour patch kids is a trademark of mondelēz international group  used under license. mobile ordering available at select locations; hours may vary. $2.99 is for medium size only. limited time only at participating sonic® drive-ins. ™ & © 2022 america’s drive-in brand properties llc.""",0.5454555,0.5296938
sonicdrivein_1461,our family is looking for extra smiling faces! check out jobs.sonicdrivein.com to learn more about how to join our team.,0.8971368,0.5296938
sonicdrivein_1763,"when shakes are 1/2 price after 8pm, you can grab one for a friend too. or you can just drink them both. whichever 😜 #sonicdrivein #shakebreak #shakes #🗓 #⏰",0.59151644,0.5296938
sonicdrivein_827,ho-ho-holiday swag is here! make sure to snag this season’s exclusive swag by 12/9 to hopefully get it by the holidays!,0.74627984,0.5296938
sonicdrivein_2045,"after years of scientific research, we've successfully perfected the ""cherry on top.""",0.962205,0.5296938
sonicdrivein_1440,mustard vs. ketchup! which is the superior corn dog topper? 🤔 📸: @mikesjunkfoods,0.92136157,0.5296938
sonicdrivein_926,sit back & relax with a sonic cup in your hand. 🥤 #thisishowwesummer,0.76952285,0.5296938
sonicdrivein_1390,you’ve got 2 more weeks to shake up your summer at sonic nights! get your favorite ½ price treats before it’s too late! 🌙 *tax not included. see menu for details.,0.87333256,0.5296938
sonicdrivein_558,i think something is up with our button.,0.93405026,0.5296938
sonicdrivein_1574,its friday! time to grab your crew and head to sonic! who’s coming with you?,0.95162255,0.5296938
sonicdrivein_931,🎟️ calling all kids 🎟️ screenshot or share this post with your parents before the end of summer (they know they secretly want it).,0.93405545,0.5296938
sonicdrivein_1544,a beautiful vision of #taterlove. how will you celebrate #nationaltaterday? ❤️,0.8856771,0.5296938
sonicdrivein_1482,"hello! it’s national #happyhourday, and we’ve got ½ price drinks & slushes all day when you order ahead in our app!",0.3655842,0.5296938
sonicdrivein_1433,🤤🤤we just keep coming back for more! these ice cream cookie sandwiches are the real deal. stop by #sonicnights to find your favorite. 🍪,0.93227,0.5296938
sonicdrivein_477,wrapped with goodness inside and out 🎁 what sonic swag are you hoping to get this year? 🎄 link in bio. 📲,0.88756186,0.5296938
sonicdrivein_1759,"with a deal this good, your wallet's approval rating will skyrocket. stop in august 25 for $1 dogs all day 🎉🎉 limit 5. includes 6-inch all american hot dog & chili cheese coney only. tax and add-ons cost extra. offer valid 8/25/2016 only at participating locations while supplies last.

#sonicdrivein #🌭 #dollardogs",0.41855714,0.5296938
sonicdrivein_1850,"lookin’ for some hot stuff, baby, this evening? at america’s hot dog headquarters, our chili cheese coney and",0.67246044,0.5296938
sonicdrivein_1818,in a pickle about what to order today? quality cheeseburgers for ½ price are a no brainer.must mention when ordering. limit 5. includes single-patty sonic® cheeseburgers only. add-ons cost extra. offer valid 5/11/2016 only at participating locations while supplies last.#sonic #cheeseburger #🍔 #😋,0.4443168,0.5296938
sonicdrivein_1890,"the 🔑 to success this sunday: ½ price honey bbq, buffalo, and asian sweet chili boneless wings—only 2/7, only at sonic.",0.11619185,0.5296938
sonicdrivein_1371,this is an oreo® a la mood. swing into sonic to try our oreo® a la mode. 😋 📸: @donutscookiesandcream,0.66373205,0.5296938
sonicdrivein_1185,"want more flavor in your life? each week, discover a new spotify playlist inspired by a sonic drink! 🍒",0.9181699,0.5296938
sonicdrivein_2115,"see you tomorrow. bfast, lunch, dinner, snacks!",0.82118046,0.5296938
sonicdrivein_1512,"henry is a rescue dog who loves sonic. 🐶he comes every day with kay and glenda who have been best friends since high school! they’re regulars at their pearland drive-in, and even the carhops look forward to seeing this little guy when the ladies roll up to order their favorites. 
their usual order? an ice cream fanta float and a chocolate shake with two cherries.🍒swing by sonic summer nights for ½ price treats after 8pm! #mysonicsummer",0.76813424,0.5296938
sonicdrivein_528,"if you didn’t know, now you know.",0.94480306,0.5296938
sonicdrivein_1175,"introducing the glizzy gladiator & the cheeseburger challenger! ⚔️ in the culinary combat between hot dog and cheeseburger, who do you root for? 🛡️",0.8904464,0.5296938
sonicdrivein_1368,a totty pack! would you cop?,0.36739525,0.5296938
sonicdrivein_2213,a new behind the scenes with chef clas in the works!,0.91967434,0.5296938
sonicdrivein_1736,don’t pick a favorite. pick two. enjoy bogo boneless wings at sonic.,0.40076077,0.5296938
sonicdrivein_1367,"a la 𝘴𝘭𝘰𝘸 mode. 
the oreo® a la mode just dropped... again. get them before they’re all gone!",0.8600758,0.5296938
sonicdrivein_1973,watermelon is always in season at sonic. today you've got even more reasons! ​  #nationalwatermelonday​ + happy hour 1/2,0.878182,0.5296938
sonicdrivein_1081,nothing but a route 44 on my mind. 😇 ,0.79509836,0.5296938
sonicdrivein_1542,a flavor for every taste. 🍇🍉🍊🍏what’s your sonic nights combination? 📷: @ecookphoto,0.8618036,0.5296938
sonicdrivein_1897,"for flavor as 🔥 as your winning streak, pop sonic’s sriracha seasoned jumbo popcorn chicken.",0.28136203,0.5296938
sonicdrivein_1030,"one more big scoop for the spring. 🌼
all-new red bull slush for the summer. 🌴

try both at your local sonic before the seasons change. 😉",0.9180333,0.5296938
sonicdrivein_725,👋✨here to make your monday better! brownie batter & cake batter shakes are now available at the drive-in.,0.8122547,0.5296938
sonicdrivein_1026,#teacherappreciationmonth is coming up and celebrations are in order! 🥳 head to limeadesforlearning.com to check out how you can help amazing teachers across the country and access a special sonic offer in their honor.🍒,0.92103106,0.5296938
sonicdrivein_1241,check our newest filters! hang out with our wacky pack bunch or play a little q&a with your friends and family. 🤗,0.9218114,0.5296938
sonicdrivein_1245,your wish is our command. 🧞 the reese’s overload waffle cone checks all your peanut butter boxes. bring the kids in for an extra treat! #recesswithreeses,0.6978224,0.5296938
sonicdrivein_566,i’ve had some time on my hands 😂,0.93245804,0.5296938
sonicdrivein_1454,"no, you’re not dreaming—  this ooey-gooey, double stuf oreo waffle cone from sonic is real and delicious. swing by sonic",0.8872829,0.5296938
sonicdrivein_1333,"cold brew or witches brew? hmmm, we promise it’s chilling! 🧙‍♀️⚡ drink if you dare. available 11/4!!",0.3756469,0.5296938
sonicdrivein_891,"🚨 sonic’s got new swag. 🚨 we got new shirts, new can covers, & new enamel pins, ready for you at sonicswagshop.com.",0.9327608,0.5296938
sonicdrivein_1195,thank you to our hardworking teachers: we hope you have a great school year! 📖,0.9518362,0.5296938
sonicdrivein_743,"did you know? our commercials feature real sonic fans trying new items and sharing their unscripted reactions. 🎶 nico, josh and layne, play together in some of nashville's finest honky-tonks nearly every night of the week. and visit their favorite drive-in almost as often!",0.9472109,0.5296938
sonicdrivein_2141,check us out this saturday on orange county coppers! we're getting revved up at 9/8c on cmt.,0.67912304,0.5296938
sonicdrivein_1303,happy new year! 🎉 throwin’ it back to all the great times we shared in 2019.  here’s to a new year of fun at sonic.,0.86802435,0.5296938
sonicdrivein_1208,we call this one “cherry on top.” 🍒🎶 a sonic mixtape might be in our future... 👀,0.82476157,0.5296938
sonicdrivein_1854,all chocolate err’thang. grab our new dark chocolate shake if you’re craving some richness in your life.,0.7691044,0.5296938
sonicdrivein_2089,it's national hot dog day! six-inch all americans and chili cheese coneys are only $1 all day today.,0.9124082,0.5296938
sonicdrivein_1316,who says you have to mash all your potatoes?,0.9749713,0.5296938
sonicdrivein_1163,classrooms look a little different this year and learning supplies are needed now more than ever! help teachers in your,0.882057,0.5296938
sonicdrivein_1346,"we love this friend, be this friend. 🤙",0.84940827,0.5296938
sonicdrivein_1943,"do you hear that? 1/2 price slushes are calling your name. tag your crew, and get to sonic from 2-4pm.",0.942325,0.5296938
sonicdrivein_1273,you can tell a lot about a person by what they dip their corn dogs in. #thisishowwesonic,0.8732828,0.5296938
sonicdrivein_1029,eating a corn dog's an emotional roller coaster. 🎢,0.7777296,0.5296938
sonicdrivein_829,now that it's december we can finally decorate the tree with some sonic goodies. 🎅🎄,0.94811416,0.5296938
sonicdrivein_990,"we had bursts of fun in oklahoma city! next up: dallas, tx! 🤠 meet us at klyde warren park, on june 18th from 12pm - 8pm!",0.8047453,0.5296938
sonicdrivein_1129,our queso burger is like a work of art. 🧀 what more do we need to say?,0.96928936,0.5296938
sonicdrivein_1128,we love when the family accessorizes with a limeade or two. 🥤,0.78158987,0.5296938
sonicdrivein_1800,brain freeze never tasted so sweet—or so refreshing. 😜 swing by sonic today for 79¢ medium classic frozen lemonade and limeade.must mention when ordering. tax not included. add-ins cost extra. cannot be combined with other offers. offer valid 6/8/16 at participating sonic drive-ins while supplies last.,0.3272176,0.5296938
sonicdrivein_1073,it’s another mozz stick musing! our marinara has some wise words today. ☮️ #motivationmonday,0.7570993,0.5296938
sonicdrivein_1176,think you’re sonic ice’s biggest fan? now’s your chance to prove it! 😏 it’s your last chance to grab a iykyk ice tee to ,0.92662305,0.5296938
sonicdrivein_1239,our teachers need our help now more than ever❗that’s why we’re matching $1 million in donations on #teacherappreciationday with @donorschoose. our collective donations will empower teachers to connect with their students through distance learning to continue their education at home. join us and donate now!📖📘,0.867197,0.5296938
sonicdrivein_1180,sometimes the closest beach is a sip away! 🏖️ sit back and let the tasty waves crash over you. 🌊,0.9640069,0.5296938
sonicdrivein_1616,ice cream is always the perfect accessory 🍦,0.97284985,0.5296938
sonicdrivein_1680,"this #valentinesday, experience love at first bite with any of our five lil’ grillers.",0.3241733,0.5296938
sonicdrivein_983,"it’s #nationalonionringday: what’s your go-to dipping sauce for these golden o’s? 🤿

(📸: @eatwithkoko.asmr)",0.7830894,0.5296938
sonicdrivein_1391,when you look away for just one second! everyone wants to sip sonic in this heat. ☀️ 📸: @tgifpup,0.7749805,0.5296938
sonicdrivein_1326,"so many choices, but only one real winner! which is yours?",0.93729943,0.5296938
sonicdrivein_2033,the co-pilot has one job. tag them and let them know they need to feed you tots.,0.97212785,0.5296938
sonicdrivein_1707,"some hours are way happier than others. particularly 2-4 pm when chili cheese coneys are only $1 all month long and drinks are half off at sonic.

tax not included. see menu for details. hours vary by location.",0.86323446,0.5296938
sonicdrivein_1055,"jumbo popcorn chicken® ➡️ jumbo popcorn chick-zen. 🧘

those who are lost dream small. those who are found dream of jumbo popcorn chicken®.",0.85798,0.5296938
sonicdrivein_912,the view from here is fantastic. 👀,0.957872,0.5296938
sonicdrivein_470,our drop before the ball drops. stay tuned 👀,0.8200602,0.5296938
sonicdrivein_1784,the best way to stay ❄️ this summer? sip a sonic slush.tag #thisishowisonic for a chance to be featured like @rye_b_thats_me and his daughter. 😎,0.41059005,0.5296938
sonicdrivein_1975,we 💙 blue. way to go moon. no #onceinabluemoon – have a blue slush anytime! #bluemoon #blueraspberryslush #oceanwater,0.3563224,0.5296938
sonicdrivein_1069,what vibe do you give off? tag your friends to see what they think. 👀,0.95544606,0.5296938
sonicdrivein_1924,"long dogs for the longest night. celebrate the winter solstice with ½ price quarter pound foot long hot dogs, all day on 12/17. #sonic #flqp #🌭",0.5947885,0.5296938
sonicdrivein_409,what if we promised it’d be a blast?,0.9143713,0.5296938
sonicdrivein_1814,forget a tall drink of water—frozen mango lemonade from sonic has got @arantzaofficial like 💃 snag yours at sonic today! #amazeyourmouth  #sonic #drink #frozen #mango #lemonade,0.29790336,0.5296938
sonicdrivein_1888,"all the wing ladies! halftime just got even saucier with ½ price honey bbq, buffalo, and asian sweet chili boneless",0.38229007,0.5296938
sonicdrivein_963,"tunes to fill the air and sonic on hand. honestly, a perfect day. what’s your perfect summer? 🎧  #thisishowwesummer",0.8118825,0.5296938
sonicdrivein_1781,"tomorrow’s a top down, wind in your hair, ½ price cheeseburger in hand kind of day. roll through for sonic’s burger bash. 🙏

single-patty cheeseburgers only. tax not included. add-ons cost extra. cannot be combined with other offers. offer valid 07/21/16 at participating sonic drive-ins while supplies last.

#sonic #cheeseburger #🍔 #burgerbash",0.63324285,0.5296938
sonicdrivein_1812,an irresistible array that’ll have you like 💃 try all 23 flavors of real ice cream shakes at sonic.#sonic #shakebreak #shakes #shake #shakeitup #icecream,0.51172936,0.5296938
sonicdrivein_1471,all of the late night laughter and sonic runs with friends made for one memorable year. thank you for choosing sonic,0.94415843,0.5296938
sonicdrivein_1193,"football season’s kicking off, and so are our tots! 🏈🏈",0.8907562,0.5296938
sonicdrivein_1919,"take a break from holiday mayhem with an always-easy jr. deluxe cheeseburger, just 79¢ all day this wednesday.",0.9030097,0.5296938
sonicdrivein_1192,zoom with us! join @chazsmith for a night of laughter with your friends - 9/17 at 8pm est and 5pm pst! link in bio. #sonicxchazsmith,0.78516346,0.5296938
sonicdrivein_1613,shake up your summer nights with half-price shakes and ice cream slushes after 8pm at sonic!,0.9076849,0.5296938
sonicdrivein_741,"happy birthday @oreo! 🥳🥳🥳 enjoy all your favorite oreo® treats at the drive-in! oreo® is a registered trademark of mondelez international group  used under license."" ",0.8162194,0.5296938
sonicdrivein_791,"each future’s different, but equally delicious. 🔮",0.8677554,0.5296938
sonicdrivein_1498,"make that two, please! swing by sonic to satisfy your tastebuds with our newest sweet treat, the double stuf oreo waffle",0.9136749,0.5296938
sonicdrivein_2150,it's national candy day! what sonic blast will you order?,0.96659243,0.5296938
sonicdrivein_1879,"by george, we’ve got $1 hot dogs! celebrate president’s day at sonic, all day today.",0.6122776,0.5296938
sonicdrivein_1230,get the reese’s overload blast before it melts away! 🍦🏃,0.71291715,0.5296938
sonicdrivein_1223,congrats to america’s first prom quaranqueen @skip2maloo15!!! your sonic prom dress took our breath away and your commitment to giving back to your community showed us what it means to be a true quaranqueen. congratulations malyssa!,0.9022033,0.5296938
sonicdrivein_1135,"got the fire goin’, now all we need are the stories. comment your fav campfire tales! 🔥",0.3914205,0.5296938
sonicdrivein_1517,that look is straight 🔥 just like our $3.99 crispy tender dinner. it’s filled with flispy tenders that are flavorful,0.8034928,0.5296938
sonicdrivein_1722,"what a sight to see, and it even has a cherry on top! ☺️ tag #thisishowisonic for the chance to be featured like",0.2701348,0.5296938
sonicdrivein_964,sonic as your meal prep solve? yes pls. 🪄,0.08245805,0.5296938
sonicdrivein_2194,"it's national hot dog month and we double dog dare you to show us what you've got. take your fave sonic hot dog, devour",0.90134203,0.5296938
sonicdrivein_1393,hats off to our skate-off competitors 👏the most talented skating carhops rolled their way right into our hearts with,0.6577008,0.5296938
sonicdrivein_742,just starting our weekend off with a slush. 🤩,0.91710246,0.5296938
sonicdrivein_1330,"today is the day!! stop in before work or on your break because now, we’re serving you cold brew! 🤪",0.8113505,0.5296938
sonicdrivein_1646,"tax season is out, 100% premium beef is in. you can account us in for juicy, made to order cheeseburgers at half the price, available today, all tax day, at sonic.

single-patty cheeseburgers only. no limit. tax not included. add-ons cost extra. cannot be combined with other offers. offer valid tuesday 04/18/17, at participating sonic drive-ins while supplies last.",0.23153798,0.5296938
sonicdrivein_556,redecorating ✨reveal✨ part 1 featuring the fantasy worlds of your food cravings. be on the lookout 👀 for more sonic places in our new commercials.,0.8366374,0.5296938
sonicdrivein_1105,"when sonic has become such a part of the family, it makes it into the holiday card. 🎁 happy holidays from our families",0.6869832,0.5296938
sonicdrivein_1578,this is how we kick off the holidays. what do you order from sonic to celebrate the season?,0.9752401,0.5296938
sonicdrivein_1847,introducing #squareshakes—the world’s first shakes designed for instagram! inspired by sonic's delicious new creamery shakes. watch the full video by clicking the link in bio.,0.82899624,0.5296938
sonicdrivein_1088,playing with our food = the most fun you can have. 😜,0.90507364,0.5296938
sonicdrivein_1401,"first comes the sweet, then comes the heat! 😛can you handle a reaper spicy margarita? a blend of carolina reaper pepper and fresh lime. get ready to supercharge your summer! 🍹#reaperchallenge *heat sensitive? keep water close. see menu for famous slush pricing with real fruit. limited time only at participating sonic® drive-ins. tm & ©2019 july america’s drive-in brand properties llc.",0.68657154,0.5296938
sonicdrivein_2007,is this shake more beautiful for the 👀 or the 👅? we can't decide. you tell us. #sonic #shake #yum #icecream #🍦 #😍,0.66635424,0.5296938
sonicdrivein_1676,things are looking pretty bright over here at sonic 📸,0.9549752,0.5296938
sonicdrivein_1969,"morning drink stop is #bae. seriously, stop here before anything else. #slush #yum #morning #sonic",0.6014866,0.5296938
sonicdrivein_1137,daylights savings time is over: we’re spending a lil’ more time at the drive-in. ⏰😍,0.7499248,0.5296938
sonicdrivein_1228,sonic is serving up half price sonic cheeseburgers in the app tonight and every tuesday from 5 p.m. to close! this deal,0.7619338,0.5296938
sonicdrivein_1490,share a smile and a vote to support a teacher project during sonic’s fall voting campaign. we’re donating $1 million and,0.81092834,0.5296938
sonicdrivein_861,"so you’re a supersonic double cheeseburger sun, mozzarella sticks moon, and blue coconut slush rising? 🔮 sounds like a",0.69465595,0.5296938
sonicdrivein_2012,"1 part candy, 1 part slush, 52873 parts awesome. somehow it just adds up. #sonic #slush #candy #yum #🍬 #😍",0.8083676,0.5296938
sonicdrivein_1566,when bae just gets you. sending love to those who keep it sweet on valentine’s day. 😉❤️,0.78736746,0.5296938
sonicdrivein_1532,"whether it’s extra cherries in your cherry limeade or nerds in your ocean water, there’s 1.3 million ways to make your",0.909129,0.5296938
sonicdrivein_1757,"the first-ever tropical oasis in a cup 🏝 try one of our new icy, cold island breeze frozen drinks in flavors like peachy navel and mango margarita.",0.65244824,0.5296938
sonicdrivein_1656,"no matter what the weather may bring, sonic cheeseburgers will make your spring. get our ½ price cheeseburgers every tuesday from 5pm to close for family night. we’re giving treat yo self a whole new meaning with this steal.

single-patty cheeseburgers only. no limit. tax not included. add-ons cost extra. cannot be combined with other offers. offer valid tuesdays, starting 03/28/17, at participating sonic drive-ins while supplies last.",0.7497219,0.5296938
sonicdrivein_1749,someone once said: it's what's on the inside that counts—especially when it's caramel. try our new blast flavor funnels today.,0.97041637,0.5296938
sonicdrivein_1456,teamwork on 3! check out jobs.sonicdrivein.com to learn how you can join our crew. 🙌,0.81761587,0.5296938
sonicdrivein_1587,"here’s to a life filled with love, happiness, and lots of sonic ice cream!",0.9258174,0.5296938
sonicdrivein_1862,"whether you’ve got the hots for a simple classic or somethin’ a lil saucy, america’s hot dog headquarters has the deal",0.65606004,0.5296938
sonicdrivein_937,what’s better than cookies? cookie dough. what’s better than cookie dough? a cookie dough blast. 🍪 #nationalchocolatechipcookieday,0.87577033,0.5296938
sonicdrivein_2126,downside to working out your tastebuds with a buddy? they'll want a bite of your salsa verde breakfast burrito.,0.9686091,0.5296938
sonicdrivein_2176,"in honor of international left hander's day, grab yourself (& your lefty friends) a #sonic treat!",0.93098885,0.5296938
sonicdrivein_413,would you have won a cherry limeade?? #saynothing #cherrylimeade,0.73523104,0.5296938
sonicdrivein_1982,sometimes in the test kitchen you have a delicious out-of-body experience.,0.97800463,0.5296938
sonicdrivein_860,"don’t mind us, just a lil’ sonic photoshoot to hype us up.",0.8751411,0.5296938
sonicdrivein_868,"two red buttons, in different places. same delicious food at your fingertip with our sonic mobile app. 👈",0.39816773,0.5296938
sonicdrivein_1022,when someone’s getting you sonic and you want to make sure they get your order right.,0.8925847,0.5296938
sonicdrivein_1773,celebrate the end of the week in style with 1/2 price shakes after 8 pm. 🎉tag #thisishowisonic for a chance to be featured like @emma_vanzante.,0.36277974,0.5296938
sonicdrivein_1414,wow wow wow! see what has her making this face when we drop some 🔥🔥🔥on 7/1! #spicysonicsurprise,0.5711189,0.5296938
sonicdrivein_1214,what sonic drink are you? check out our new account @what_sonic_drink_you_are ‼️🥤,0.8575093,0.5296938
sonicdrivein_2085,the mystery disappearing slush is so good it will have you dancing. find out what’s in it by visiting sonic on 8/21. and only 8/21. check out the link in our bio for more details.,0.8296305,0.5296938
sonicdrivein_705,sometimes you just need to do the most,0.9416612,0.5296938
sonicdrivein_1870,"you gotta know the password. psst: it’s “bacon.” head to sonic and check out the premium all white meat chicken, cheddar",0.8751449,0.5296938
sonicdrivein_1903,"bundle up with a cheeseburger or footlong coney plus medium tots or fries and a medium drink for you and a friend. we’ll high-five to that!

tax not included. add-ons and add-ins cost extra.

#🍔 #🌭 #bffs #highfive",0.56832856,0.5296938
sonicdrivein_1237,we're appreciating teachers this #teacherappreciationmonth and all year long. learn more about sonic's limeades for,0.41930872,0.5296938
sonicdrivein_1723,"one meal for you. another for a friend. all for $9.99. (imaginary friends get hungry too.) tax not included. offer includes sonic® cheeseburgers (single-patty, 1/4 pound precooked), crispy classic chicken sandwiches, footlong quarter pound coneys (approx. 1/4  pound and 12 inches precooked), medium soft drinks and medium tots or fries only. not good in conjunction with any other offers. grilled classic chicken sandwich may cost extra. see menu for pricing. add-ins and add-ons cost extra. limited time only at participating sonic® drive-ins. tm & ©2016 nov america’s drive-in brand properties llc",0.6540014,0.5296938
sonicdrivein_1665,you don’t just have to go to texas to get this toast!,0.9579213,0.5296938
sonicdrivein_898,"these clouds are making me hungry. 😶‍🌫️
good thing the next exit has a sonic. 🤩",0.8842295,0.5296938
sonicdrivein_2035,the innovators are constantly cooking up crazy ideas. will we see this one at the drive-in? time and taste buds will,0.8923107,0.5296938
sonicdrivein_1000,a friendly reminder: treat yourself to some sonic this summer. 💖⛱️ #thisishowwesummer,0.9072534,0.5296938
sonicdrivein_1006,"we got cheesecake blasts, with actual cheesecake pieces in it! 💞 choose between our classic cheesecake and strawberry cheesecake blasts, only at sonic.

at participating sonic® drive-ins for a limited time. mobile ordering available at select locations; hours may vary. tm & ©2021 america’s drive-in brand properties llc",0.7120267,0.5296938
sonicdrivein_1594,"sonic is the goat, just ask a goat.",0.71222556,0.5296938
sonicdrivein_2163,"congrats to sonic #3041 in topeka, kan.! gold medalist in @drpepper sonic games team competition! #sonic13",0.7739531,0.5296938
sonicdrivein_784,"💪 no pain, no gain(ing tots). 🥲",0.82753795,0.5296938
sonicdrivein_855,~ our winter collection is calling for you ~ ❄️☃️,0.9380909,0.5296938
sonicdrivein_699,which flavor represents you (or are you a triple threat)?,0.89710605,0.5296938
sonicdrivein_1134,when that sonic craving hits there’s only one thing on our minds and it starts with “espresso” and ends with “shake”. available now through 12/22.🥤,0.8356021,0.5296938
sonicdrivein_1663,there’s no better way to show someone you care than with a 50¢ corn dog on 03/18. tag the friend you’ll be treating on,0.94029385,0.5296938
sonicdrivein_1797,"on the longest day of the year, go from zero to mouthwatering in no time at all. head to sonic for ½ price made-to-order cheeseburgers, all day today.single-patty cheeseburgers only. tax not included. add-ons cost extra. cannot be combined with other offers. offer valid 06/20/16 at participating sonic drive-ins while supplies last.",0.6290407,0.5296938
sonicdrivein_1891,"winter’s over, but today’s ½ price cheeseburgers are just beginning—without a shadow of a doubt.",0.9527321,0.5296938
sonicdrivein_1431,if you haven’t tried our ice cream cookie sandwiches with real ice cream then you need to get to #sonicnights! they’re,0.63409907,0.5296938
sonicdrivein_627,what do you listen to for relaxation at the drive-in?,0.96987927,0.5296938
sonicdrivein_290,reminder to check in on your group chats today,0.9089121,0.5296938
sonicdrivein_354,"a lil sneaky snack, link, whatever you wanna call it",0.8900893,0.5296938
sonicdrivein_1928,"season’s greetings, friends. tomorrow we’ve got a deal for you that’s worth giving an arm and a leg for. (but you won’t have to ;) 50¢ corn dogs at sonic! one day only. #sonic #corndogs",0.7372582,0.5296938
sonicdrivein_1317,"dinner after party at sonic, who’s in?",0.22142407,0.5296938
sonicdrivein_1983,don't let this day pass you by. #nationalicecreamday #sonicdrivein,0.8598325,0.5296938
sonicdrivein_1442,don’t worry about what anyone thinks. just be yourself! this message brought to you by the 100% real ice cream used in,0.38545176,0.5296938
sonicdrivein_656,pov: you're ordering your daily lemonade slush. what are you adding to it?,0.95056814,0.5296938
sonicdrivein_1605,this is what happens when ice cream and slush become friends. 😍,0.9632739,0.5296938
sonicdrivein_844,get a free route 44 drink with purchase when you use promo code kelly444 in the sonic app. 🥤 #sonicroute444 #sonicdrivein,0.77187,0.5296938
sonicdrivein_1173,remember: give yourself a little extra room to breathe today. 🍒❤️,0.9417502,0.5296938
sonicdrivein_1540,trips to sonic are better with your best friend! 🐶 tag your sonic passenger paw-tner! 📸 @woofwooflouie,0.67560416,0.5296938
sonicdrivein_1535,the only thing sweeter than sonic’s real ice cream treats are friends to share it with. stop by sonic for 1/2 price,0.5678359,0.5296938
sonicdrivein_1063,feeling down? here’s a lil’ mozz stick musing to get you through the day. 💯💯,0.7313536,0.5296938
sonicdrivein_1458,grab your friends and head to the drive-in because it’s finally the weekend! 🤩 📸: @kkphotoss,0.8754771,0.5296938
sonicdrivein_1086,solve our sonic riddles! 🧐 which menu item could it be?,0.9137948,0.5296938
sonicdrivein_1992,punch buggy. (or is it slug bug?) #hicfruitpunchslush #nerdscandy,0.6457968,0.5296938
sonicdrivein_485,while we’re all in the queue for tickets… what flavor do you all want us to bring back??,0.93989825,0.5296938
sonicdrivein_1425,cater your car with the drive-in classics. are you team tots or fries? 🤔 📸: @ajfoodposts,0.53630716,0.5296938
sonicdrivein_570,we celebrate i love food day every day.,0.8460245,0.5296938
sonicdrivein_1627,"conquer your thirst, one megatron® slush at a time. go get yours at sonic! see @transformersmovie in theaters june 21!

for a limited time only at participating sonic drive-ins.",0.65685433,0.5296938
sonicdrivein_1701,ditch the shovel. all you need is a spoon. scoop up the new holiday pecan pie flavor funnel™ today.,0.9334515,0.5296938
sonicdrivein_341,"the summer drink we didn’t know we needed! head to @dollartree @familydollar for all of our sonic drink mixes 🥤
@takingmylifebackat42 ✨",0.7625771,0.5296938
sonicdrivein_525,"howl-oween is around the corner, so we’re treating your pups to something sweet! download the sonic app and order a free",0.84291345,0.5296938
sonicdrivein_1201,screenshot to find out your perfect sonic adventure pairing! 🏕️🥤,0.85685074,0.5296938
sonicdrivein_1953,"awww you have a crush on our slushes?! you can’t see it, but we’re blushing. tell your slush crush you love it with 1/2 price slushes from 2-4 pm.",0.4726076,0.5296938
sonicdrivein_1766,get your hands on a whole lotta good food with the $5 sonic boom box. 🙌#sonic #hotdog #cheeseburger #teamtots #teamfries #boombox,0.77333254,0.5296938
sonicdrivein_1493,"this month, we’re donating $1 million and giving our fans the opportunity to help sonic decide where it goes! 📚✏️to",0.9555833,0.5296938
sonicdrivein_1902,"when the group text is poppin’ off, keep your phone screen clean and your hands full of flavor.",0.9003567,0.5296938
sonicdrivein_1678,"are you #teamketchup or #teammustard? rep your side today with a 50¢ corn dog at sonic. 
tax and add-ons extra. see menu for details.",0.586078,0.5296938
sonicdrivein_924,driver’s seat: best seat in the house. or car? you get it. 🤪,0.7680285,0.5296938
sonicdrivein_841,get a free route 44 drink with purchase when you use the code cole444 in the sonic app. 🥤 #sonicroute444 #sonicdrivein,0.8170484,0.5296938
sonicdrivein_1644,"ice cream, you scream, we all scream for ice cream slushes. grab 79¢ small ice cream slushes, available all day on april",0.7890891,0.5296938
sonicdrivein_1713,"toss the thanksgiving cookbook cause this ½ price cheeseburger recipe is all you’re gonna need today 🍔 🍔 
single-patty cheeseburgers only. tax not included. add-ons cost extra. cannot be combined with other offers. offer valid 11/22/16 at participating sonic drive-ins while supplies last.",0.44057816,0.5296938
sonicdrivein_572,this is your sign to get a snack 😎,0.8450023,0.5296938
sonicdrivein_2210,mr coney & 70 sonic volunteers staffing our water stop for today's okc memorial marathon - cheering on 27k runners,0.47380397,0.5296938
sonicdrivein_601,what’d i miss? been a little busy. #rush,0.9175667,0.5296938
sonicdrivein_478,"no surprise here. 2022, you were delicious as always.",0.8948614,0.5296938
sonicdrivein_1265,"on our way to the first ever sonic in shawnee, ok! we’re making a few sip stops in-between...what’s your fave road trip",0.756403,0.5296938
sonicdrivein_1508,mood when you find out your crew is heading to sonic for our flispy tenders. hurry in and try our $3.99 crispy tender dinner!,0.8058715,0.5296938
sonicdrivein_1475,"this 👏is 👏not 👏a 👏drill! get ½ price drinks and slushes when you order ahead in sonic app. it’s too easy!

check out the full video on our igtv, where @keithhabs tries all the drinks!",0.37119964,0.5296938
sonicdrivein_847,get a free route 44 drink with purchase when you use promo code kailey444 in the sonic app. 🥤 code is good for first 444 fans who redeem! #sonicroute444,0.534397,0.5296938
sonicdrivein_1347,mum’s the word! we take homecoming very seriously. #hoco,0.8617823,0.5296938
sonicdrivein_949,"all the great flavors of the crave cheeseburger, it’s on the tip of our tongues. 😜",0.8223648,0.5296938
sonicdrivein_928,"tots and talent go hand-in-hand. 🤩 join the fun & show off your talents! be sure to tag #sonictalentchallenge, @agt and @sonicdrivein!",0.806069,0.5296938
sonicdrivein_311,customize it in the app. save it. thank me later. #concertjunkie #musicfestivallineup,0.91857743,0.5296938
sonicdrivein_2147,next week might be for the turkey but we are celebrating un-turkey day on tuesday with 1/2-price cheeseburgers. all. day,0.85957915,0.5296938
sonicdrivein_866,today’s horoscoop🍦: remember to treat yourself and your sweet tooth with our mocha crunch blast—a deliciously cool,0.21195783,0.5296938
sonicdrivein_1664,"when shakes and new ice cream slushes are half-off after 8pm every day, you’ll have every reason to bring a friend, or 3—or all of them. tag your crew and we’ll see you all at sonic!",0.85507894,0.5296938
sonicdrivein_349,just popping on your feed to let you know.. it’s national slush dayyyyy 🤘,0.47255966,0.5296938
sonicdrivein_2011,put a ring on it. #sonicdiy #sonic #yum #💍 #😍,0.8238675,0.5296938
sonicdrivein_1667,"if monday funday wasn't a thing before, it is now. drop by sonic later and experience our stacked menu of creamy, frozen desserts 👏🍦",0.85381305,0.5296938
sonicdrivein_1280,warning: sonic is officially team double dunk. 🏀,0.9077459,0.5296938
sonicdrivein_457,might as well just @ me.,0.70460385,0.5296938
sonicdrivein_1660,"grab a friend, a camera and capture this moment forever. because this 50¢ corn dog deal is over after today",0.79628974,0.5296938
sonicdrivein_1495,"help sonic give teachers a high-five 🖐, and $1 million! this month sonic is making a $1 million donation to fund public ",0.79109544,0.5296938
sonicdrivein_1774,"forget the flip flops, all you need is a slush to make 🏖 day 💯tag #thisishowisonic for a chance to be featured like @patriciahartono.",0.5532302,0.5296938
sonicdrivein_1039,"when we say big scoop, we mean it. 🤩",0.9215711,0.5296938
sonicdrivein_1675,"not all heroes wear capes. some are dressed in chili and cheese...with a sidekick of tots. at $3.99, you can count on",0.80908114,0.5296938
sonicdrivein_755,paying homage to pop art with our hot fudge sundae 🎨,0.9380777,0.5296938
sonicdrivein_329,summer just got a lot cooler 😎 head to sonicswagshop.com to get some of our fresh new summer merch,0.93469435,0.5296938
sonicdrivein_1240,"i don’t know about y’all, but i could watch this queso burger for hours 🤤",0.91663957,0.5296938
sonicdrivein_1485,some fridays call for a photoshoot. some fridays call for sonic. the best fridays call for both! #fridayfeeling,0.9311573,0.5296938
sonicdrivein_1410,when that spice hits! 😵 see if you have what it takes to handle the heat! #spicysonicsurprise,0.9466032,0.5296938
sonicdrivein_1567,"there’s no such thing as too cheesy! right, @themacncheeseguru? 😉 🧀",0.7112023,0.5296938
sonicdrivein_751,this … now this is a work of art 🎨,0.8167592,0.5296938
sonicdrivein_529,"she’s not a regular mom, she’s a cool mom.",0.8860147,0.5296938
sonicdrivein_1417,welcome the summer solstice with us on our ~cool~ patio with your favorite friend and a sweet slush. ☀️ 📸:,0.7001779,0.5296938
sonicdrivein_362,✏️calling all educators! ✏️ this one’s for you. we support educators throughout the year with exclusive rewards through,0.8641334,0.5296938
sonicdrivein_1628,"love is fleeting, cheeseburgers are forever. 
find love at first bite all day today at sonic with half-priced cheeseburgers. ❤️ single-patty cheeseburgers only. no limit. tax not included. add-ons cost extra. cannot be combined with other offers. offer valid tuesday, 6/6/17, at participating sonic drive-ins while supplies last.",0.5819423,0.5296938
sonicdrivein_1634,the best road trip is a road trip to sonic. these besties knew how to do it right. 🚗,0.92975277,0.5296938
sonicdrivein_272,the straws have arrived and let’s just say there aren’t enough to go around #datingrealityshow,0.9180735,0.5296938
sonicdrivein_487,not us hard launching our winter swag. order on sonicswagshop.com 🎄,0.44663912,0.5296938
sonicdrivein_1776,"confession: we ❤ candy. and cookies. and real ice cream. but most of all, we ❤️ ½ price small & medium blasts & master blasts, tomorrow.

limit 5. small & medium sonic blasts & master blasts only. must mention when ordering. tax not included. add-ins cost extra. cannot be combined with other offers. offer valid 7/27/16 at participating sonic drive-ins while supplies last.

#sonicdrivein #sonic #icecream #🙏",0.3109687,0.5296938
sonicdrivein_2221,"let the magic begin, be sure to ask our groundhog your questions @ sonicdrivein.com today. 1/2 price footlongs all day",0.606206,0.5296938
sonicdrivein_987,"all the love to dallas, but now we have one last stop on our bursting bubbles adventure: houston, tx! get your burst on at the social beer garden, on june 20th from 12pm - 8pm.",0.6784453,0.5296938
sonicdrivein_1159,we’ve heard some prefer stalls for food 🌭 and drive-thru for drinks 🥤how do you sonic?,0.34176293,0.5296938
sonicdrivein_1700,need a break from the holiday madness? sonic is always here when you need to chill out ❄️ tag #thisishowisonic and you,0.7533897,0.5296938
sonicdrivein_1149,our fans know how to show off their favorite sonic flavor! 👅 (📸 : @maddiee_therese),0.9083582,0.5296938
sonicdrivein_2172,"happy banana lover's day, banana lovers! celebrate with a #sonic banana shake...or a banana cream pie shake...or a",0.8687858,0.5296938
sonicdrivein_1126,"happy thanksgiving! our wacky pack friends wanted to join the parade fun, so they made themselves into floats. 🎈🎉",0.8944349,0.5296938
sonicdrivein_531,where do you fall on the scale?,0.9670505,0.5296938
sonicdrivein_1234,teachers work hard to build the futures of tomorrow's leaders. sonic donated $1m to public school teachers for them to continue education for students - no matter the classroom setting.,0.91099584,0.5296938
sonicdrivein_1570,fridays are best spent with your bestie...and we’re talkin’ about the corn dogs. 😉,0.9498864,0.5296938
sonicdrivein_1602,soak up the last few weeks of summer with sonic! ,0.9630789,0.5296938
sonicdrivein_614,this flavor is making a comeback for a very limited time… drop your guesses👀,0.8146902,0.5296938
sonicdrivein_1515,guard your flispy tenders! stop by sonic and snag our new $3.99 crispy tender dinner for #nationalfriedchickenday. 👀,0.8729323,0.5296938
sonicdrivein_1496,"congrats on your tiny tot, @southernlysplendid. we can’t wait to welcome this sonic baby at the drive-in!",0.76390946,0.5296938
sonicdrivein_997,"when that first bubble bursts, you’re gonna be hooked. 😍 try the all-new bursting bubbles slushes and experience the burst in each refreshing sip.

*bursting bubbles are not suitable for children 3 years or under due to possible choking hazard. limited time only at sonic drive-ins.",0.48990938,0.5296938
sonicdrivein_1263,everything's bigger in texas including our spring break road sip appetite. ,0.3059338,0.5296938
sonicdrivein_2200,what a beautiful sight! thanks @dixieyankee for sharing,0.7951491,0.5296938
sonicdrivein_1962,slushes at two? don't mind if we do. get yours 1/2 price from 2-4 pm. #slush #nom #onthetable,0.4236662,0.5296938
sonicdrivein_1288,was that ruffing the passer? 🐶watch #puppybowlxvi today on @animalplanet to find out! use promo code puppybowl in the app for a free large drink or slush with purchase. #puppybowl,0.2558446,0.5296938
sonicdrivein_1984,#sundaefunday 👍🏼 see what we did there?!? happy #nationalicecreamday,0.43558267,0.5296938
sonicdrivein_960,it’s getting hot this summer: time to find a drink to chill with. 🧊  #thisishowwesummer,0.854692,0.5296938
sonicdrivein_1655,"celebrate the change in seasons with a cheeseburger, or two, in hand. whatever the weather, count on sonic to bring you ½ price cheeseburgers tonight and every tuesday for family night from 5pm to close. this is love at first bite.

single-patty cheeseburgers only. no limit. tax not included. add-ons cost extra. cannot be combined with other offers. offer valid tuesdays, starting 03/28/17, at participating sonic drive-ins while supplies last.",0.7635207,0.5296938
sonicdrivein_655,"win or lose, you can always use a post-game slush🥤⚾️",0.88329726,0.5296938
sonicdrivein_98,m&m blast on canvas by sonic (e. 1953),0.82646734,0.5296938
sonicdrivein_1966,breakfast game strong. 💪 drinks under $1 before 10 am. #nom #yum #breakfast #sonic,0.27382168,0.5296938
sonicdrivein_1936,make the drive home something to celebrate. #sonic #mondaymotivation #cakeshake,0.90424806,0.5296938
sonicdrivein_2143,"have you been working on your game faces, sec fans? show off your #sonicgameface tomorrow at the sec fanfare for your",0.84376985,0.5296938
sonicdrivein_798,just your sign to stop by sonic ✨,0.1379443,0.5296938
sonicdrivein_454,at least he didn’t ask the carhop how high he can hop. #carhoplife #dadjokes,0.77700025,0.5296938
sonicdrivein_710,"you’re right, getting someone a sonic drink does mean ily ❤️",0.5432785,0.5296938
sonicdrivein_89,our social media manager (me) is wildin,0.87779725,0.5296938
sonicdrivein_1283,1/2 price shakes for you and your boo. 😘 available through sunday with the code valentine in the sonic app!,0.5656218,0.5296938
sonicdrivein_598,some people don’t know the benefits of our ice and it shows,0.9017118,0.5296938
sonicdrivein_904,midweek or weekend? they’re all so delicious. 🤤🤤🤤 which day of the week is your favorite?,0.9711033,0.5296938
sonicdrivein_1189,"it was hot this summer. all we want to do now is chill out with an ocean water, extra ice. 🧊 sound on to feel the freeze! 🧊",0.38973793,0.5296938
sonicdrivein_2015,"did somebody say ""fry-d chicken?"" #sonicdiy #sonic #chicken #yum #sandwich #🍟 #😍",0.8862743,0.5296938
sonicdrivein_759,guess the zodiac sign! 🥤 (hint: it’s a water sign) 🥤,0.9455946,0.5296938
sonicdrivein_1103,"we gave a beat to our fritos® jr. chili cheese wrap, but something's missing. 🌯 should we add a rap to the wrap? 🎤",0.8833751,0.5296938
sonicdrivein_1550,"if only a sonic food truck could follow us around every day. 😍the signature slinger food truck launch in nyc was a success! have you tasted our new guilt-free cheeseburger yet?

see menu for details",0.94028574,0.5296938
sonicdrivein_1624,"make your own condiment masterpiece with 50¢ corn dogs all day tomorrow only at sonic!

offer valid only on june 22, 2017 and cannot be combined with any other offers or discounts. no limit. tax not included. add-ins extra.",0.3379893,0.5296938
sonicdrivein_1717,"with a deal this elite, everyone wants some facetime. add two flavors to your lineup with buy one get one free boneless wings at sonic.

of equal or lesser value. requires purchase at regular price. please mention offer when ordering. not good in conjunction with any other offers. see menu for details. for a limited time only at participating sonic® drive-ins.",0.34025615,0.5296938
sonicdrivein_871,we’re filling our logo with our fav sonic items. what would you fill it with? 🍔,0.9344812,0.5296938
sonicdrivein_2161,"happy #nationalcoffeeday! the best afternoon pick-me-up? a caramel java chiller, of course.",0.8889343,0.5296938
sonicdrivein_1470,every hour is happy hour when you order with our app. 😎,0.49472907,0.5296938
sonicdrivein_2099,"hey, okc! headed to @artscouncilokc festival of the  arts today? a sonic employee will be delighted to sell you art",0.9005915,0.5296938
sonicdrivein_757,only the real ones pull up with sonic 🔐🥺 #majorbagalert #sonicdrivein #fastfood #mozzarellasticks,0.6107865,0.5296938
sonicdrivein_953,no questions at this time. 💯 what would be on your sonic presentation?,0.9591871,0.5296938
sonicdrivein_2205,celebrate chocolate ice cream day with a chocolate cream pie shake! half price after 8 ... lots of chocolate options!,0.6071168,0.5296938
sonicdrivein_2088,you can now find spongebob squarepants and his friends from @nickelodeontv at sonic! krabby patties optional.,0.7515724,0.5296938
sonicdrivein_2108,cinderellas will be born. dreams will be dashed and hot fudge will be served.,0.9748633,0.5296938
sonicdrivein_2073,thank you to everyone who voted during our 6th annual @sonicdrivein limeades for learning voting campaign. thanks to,0.95107865,0.5296938
sonicdrivein_2237,"sonicland has moved to san antonio, tex. this week for our national convention!",0.9209412,0.5296938
sonicdrivein_1964,"mother earth, you’re out of this world. you know what else is? 79¢ slushes all day today! *limit 4, add-ins extra. tax",0.49401465,0.5296938
sonicdrivein_2083,"tag a friend to come with you and help the mystery disappearing slush disappear just a bit faster. only available today,",0.806363,0.5296938
sonicdrivein_1157,"each week, discover a new spotify playlist inspired by a sonic drink! dive into new genres with ocean water. 🌊🌊 find",0.80291617,0.5296938
sonicdrivein_1543,"she was one of the first customers to try to our new signature slinger, and her smile says it all! 😀",0.67264867,0.5296938
sonicdrivein_1620,"watch out, optimus prime®! there's a new autobot in town. head to sonic and pick up a slush inspired by your favorite character from the new film, @transformersmovie: the last knight, now in theaters!",0.93011194,0.5296938
sonicdrivein_1143,cheat day or moonlit dinner for 2? you decide. 😉,0.5536179,0.5296938
sonicdrivein_1898,the food you ❤️ at the place you ❤️. swing by sonic where  you and a friend can both choose from a cheeseburger or,0.6428771,0.5296938
sonicdrivein_2028,don't talk to me before i've had my ocean water. ,0.9512784,0.5296938
sonicdrivein_1764,"with the $5 sonic boom box, score four of your faves for just an abraham. 🎩",0.57668495,0.5296938
sonicdrivein_2193,ready to enter your #doubledogdare? just instagram your favorite sonic hot dog creation. we call this the “dog pile”,0.7240114,0.5296938
sonicdrivein_1614,"conquer your thirst, one megatron® slush at a time. go get yours at sonic for a limited time only at participating sonic drive-ins!  see @transformersmovie: the last knight, now in theaters!",0.66878074,0.5296938
sonicdrivein_553,your next order: sprite > add strawberries > add vanilla. go.,0.864815,0.5296938
sonicdrivein_1322,like joy in a cup! happy friday everyone! 😄 📸: @dayorutholatunji,0.81591594,0.5296938
sonicdrivein_1917,"funny how things just come together when you kick holiday hanger with a jr. deluxe cheeseburger. tomorrow, they’re just 79¢ all day long.

please mention when ordering. limit 5. tax not included. add-ons cost extra. cannot be combined with other offers. offer valid 12/23/15 at participating sonic drive-ins while supplies last. 
#🍔 #burger #nutcracker #holiday",0.46761012,0.5296938
sonicdrivein_1199,there’s only one thing running through my mind. 🏃🥤🏃,0.9506423,0.5296938
sonicdrivein_1548,back from spreading some sonic love in nyc. ❤️ 🍔take a look at these snaps from our signature slinger food truck launch!,0.7682996,0.5296938
sonicdrivein_1617,"today only grab a 79c medium famous slush or transformers: the last knight slush at sonic.  don’t forget to see @transformersmovie: the last knight only in theaters.

offer includes med. size famous slushes and med. size transformers: the last knight slushes only.  offer good 6/29/17 only.  add-ins and tax extra. ©2017 par. pics. ©2017 hasbro.",0.3845906,0.5296938
sonicdrivein_575,taking a moment to shoutout all our fans who show us love 24/7. keep it coming and we’ll keep sharing! #sonicfanfriday ,0.92975533,0.5296938
sonicdrivein_1738,"no matter what bogo boneless wing match-up you choose, it’s guaranteed to be epic.",0.94378155,0.5296938
sonicdrivein_1893,there's no way a groundhog can overshadow this awesome deal. come to sonic tomorrow and grab some ½ price cheeseburgers.,0.9701741,0.5296938
sonicdrivein_143,this very good boy deserves a very good treat,0.97124845,0.5296938
sonicdrivein_1229,"enter for your chance to win a new car in our search for prom quaranking and quaranqueen. today is the last day, so act fast! to enter, use #quarankingcontest or #quaranqueencontest and tag @sonicdrivein. terms and conditions apply. link in bio for rules. sample post. not an actual contest submissions.

no purchase necessary. submission period ends 5/19/20 at 11:59 pm pt. open to legal residents of the 50 u.s./d.c., who are currently enrolled in high school, and are a minimum of 14 years of age and maximum of 19 years of age (w/ parental consent, if a minor). see official rules for full details: https://rules.creativezing.com/sonicprom2020",0.6422254,0.5296938
sonicdrivein_418,want to elevate your tots game? we got you covered with bbq chip seasoned tots! available for a limited time only.,0.591659,0.5296938
sonicdrivein_982,think they’re satisfying now? wait till you taste the pop of flavor in each sip. 💥 experience the satisfying pop of the summer with sonic’s bursting bubbles slushes!,0.20211549,0.5296938
sonicdrivein_657,sour. sweet. repeat. only one more week to get the sour patch kids slush float avail. for a limited time. see app/web for details.,0.11126978,0.5296938
sonicdrivein_1737,"it’s time to celebrate 🎉 get 50¢ corn dogs fri–sun, 5pm–close. all month long  tag #thisishowisonic for the chance to",0.382393,0.5296938
