gemma_loss,fc_loss
26.771724700927734,0.029296875
26.61811065673828,88.5
25.872648239135742,8.875
26.825923919677734,0.06982421875
26.724964141845703,1.1328125
26.651845932006836,2.78125
26.64604377746582,2.59375
26.149656295776367,2.15625
26.209186553955078,1.5625
26.4630184173584,1.0546875
26.495058059692383,0.58203125
26.473569869995117,0.27734375
25.85912322998047,0.10498046875
26.418920516967773,0.0225830078125
26.063589096069336,0.000732421875
26.524431228637695,0.0113525390625
26.4167423248291,0.032958984375
26.531124114990234,0.06005859375
26.74390983581543,0.07763671875
26.502620697021484,0.0927734375
26.346769332885742,0.1044921875
26.573280334472656,0.12255859375
26.500465393066406,0.12158203125
26.903545379638672,0.12451171875
26.504505157470703,0.11376953125
26.602209091186523,0.09619140625
26.447261810302734,0.0810546875
26.46087074279785,0.07421875
26.46673583984375,0.06689453125
26.439922332763672,0.048095703125
26.647798538208008,0.0419921875
26.770559310913086,0.04248046875
26.49092674255371,0.039306640625
26.58620834350586,0.03759765625
25.968605041503906,0.029052734375
25.97880744934082,0.0279541015625
26.672592163085938,0.0260009765625
26.04215431213379,0.0242919921875
25.342477798461914,0.0208740234375
26.195688247680664,0.0128173828125
26.57761001586914,0.0135498046875
26.90552520751953,0.01275634765625
26.2495174407959,0.0113525390625
26.149276733398438,0.0106201171875
25.734758377075195,0.00946044921875
25.1778564453125,0.0079345703125
26.796037673950195,0.00543212890625
26.112409591674805,0.00445556640625
26.72869873046875,0.005340576171875
25.86607551574707,0.0029296875
26.6072998046875,0.00250244140625
26.154748916625977,0.0024261474609375
26.35034942626953,0.00201416015625
26.376802444458008,0.0024566650390625
26.329975128173828,0.0019073486328125
26.7841796875,0.0016021728515625
26.092145919799805,0.0020294189453125
26.726348876953125,0.00131988525390625
26.00355339050293,0.0009918212890625
26.323129653930664,0.001007080078125
25.389554977416992,0.00093841552734375
26.501495361328125,0.00113677978515625
26.752214431762695,0.0011138916015625
26.401416778564453,0.000652313232421875
26.07195281982422,0.000713348388671875
26.107778549194336,0.00162506103515625
26.4906005859375,0.00083160400390625
26.50739860534668,0.00095367431640625
26.698421478271484,0.000865936279296875
25.973583221435547,0.000949859619140625
26.024208068847656,0.0011749267578125
25.988510131835938,0.00064849853515625
25.86651039123535,0.000823974609375
26.496980667114258,0.0013885498046875
26.56599998474121,0.00103759765625
26.390100479125977,0.00089263916015625
26.688522338867188,0.000774383544921875
26.465721130371094,0.001129150390625
26.758193969726562,0.00102996826171875
26.354738235473633,0.00136566162109375
26.34146499633789,0.00077056884765625
26.39864730834961,0.000804901123046875
26.583438873291016,0.00067138671875
26.500160217285156,0.00058746337890625
26.676218032836914,0.0010528564453125
26.3955020904541,0.00107574462890625
26.585954666137695,0.00093841552734375
26.350109100341797,0.0004863739013671875
26.48280143737793,0.000934600830078125
26.50705337524414,0.000637054443359375
25.26568603515625,0.0005950927734375
26.731298446655273,0.00104522705078125
26.233135223388672,0.00091552734375
25.995990753173828,0.00099945068359375
26.580541610717773,0.00110626220703125
26.563230514526367,0.00128173828125
26.635833740234375,0.000904083251953125
26.44658851623535,0.00067901611328125
25.92898178100586,0.000820159912109375
26.325254440307617,0.000942230224609375
26.578100204467773,0.000873565673828125
26.264728546142578,0.00096893310546875
26.87247085571289,0.000591278076171875
26.23940086364746,0.00080108642578125
26.646404266357422,0.00110626220703125
26.408578872680664,0.00115966796875
26.41456413269043,0.000606536865234375
26.33635139465332,0.00086212158203125
26.580978393554688,0.000766754150390625
26.885475158691406,0.00104522705078125
26.180879592895508,0.000762939453125
26.20027732849121,0.0011749267578125
26.177478790283203,0.00083160400390625
26.245513916015625,0.000545501708984375
26.600814819335938,0.00128936767578125
26.4345645904541,0.00075531005859375
26.442319869995117,0.00054931640625
26.661958694458008,0.000911712646484375
26.312206268310547,0.00103759765625
26.283952713012695,0.0007171630859375
25.966196060180664,0.0011444091796875
26.55123519897461,0.00070953369140625
26.803844451904297,0.00113677978515625
26.090394973754883,0.0006866455078125
26.05243682861328,0.00106048583984375
26.782800674438477,0.0006103515625
26.41204833984375,0.000946044921875
26.263933181762695,0.00084686279296875
26.21858787536621,0.000888824462890625
26.834823608398438,0.000965118408203125
26.630741119384766,0.000850677490234375
26.123353958129883,0.00075531005859375
26.555973052978516,0.00104522705078125
26.429399490356445,0.000675201416015625
26.224260330200195,0.000732421875
26.493066787719727,0.000415802001953125
26.327247619628906,0.0005340576171875
26.251497268676758,0.000820159912109375
26.451942443847656,0.00104522705078125
26.29291343688965,0.000888824462890625
26.439302444458008,0.0010223388671875
26.352745056152344,0.00106048583984375
26.77629852294922,0.000640869140625
25.985380172729492,0.000484466552734375
26.004261016845703,0.0010833740234375
25.9599552154541,0.00093841552734375
25.7608585357666,0.000698089599609375
26.89320945739746,0.0005340576171875
26.505388259887695,0.000766754150390625
26.891265869140625,0.000911712646484375
26.209228515625,0.00113677978515625
26.6550350189209,0.0006103515625
26.542530059814453,0.00090789794921875
26.265871047973633,0.000881195068359375
26.271350860595703,0.0008544921875
26.542482376098633,0.00075531005859375
26.330984115600586,0.000583648681640625
26.60921859741211,0.000705718994140625
26.605051040649414,0.00064849853515625
26.098379135131836,0.00074005126953125
26.14960479736328,0.000759124755859375
26.823484420776367,0.001068115234375
26.81037139892578,0.000865936279296875
26.298219680786133,0.000820159912109375
26.050294876098633,0.001007080078125
26.6733341217041,0.000732421875
26.228612899780273,0.000904083251953125
26.291095733642578,0.000858306884765625
26.22699737548828,0.00054931640625
26.601734161376953,0.000835418701171875
26.267993927001953,0.0009613037109375
26.098583221435547,0.0004749298095703125
26.115585327148438,0.001007080078125
26.10247230529785,0.001068115234375
26.772871017456055,0.000614166259765625
26.580278396606445,0.0006103515625
26.768800735473633,0.000576019287109375
26.35550880432129,0.00091552734375
26.424129486083984,0.00112152099609375
26.57783317565918,0.00116729736328125
26.1541805267334,0.000652313232421875
26.651334762573242,0.00060272216796875
26.548723220825195,0.000713348388671875
26.78531265258789,0.00084686279296875
26.439617156982422,0.00075531005859375
26.215288162231445,0.001251220703125
26.192604064941406,0.000896453857421875
26.056339263916016,0.001495361328125
26.3067626953125,0.00121307373046875
26.031112670898438,0.00066375732421875
26.519424438476562,0.000705718994140625
26.454221725463867,0.00128936767578125
26.56448745727539,0.000888824462890625
26.443510055541992,0.000804901123046875
25.90041732788086,0.001007080078125
26.18137550354004,0.00072479248046875
26.38808250427246,0.000919342041015625
26.593379974365234,0.001129150390625
26.438518524169922,0.0004730224609375
26.502483367919922,0.00080108642578125
26.383703231811523,0.000965118408203125
25.928932189941406,0.000926971435546875
26.566219329833984,0.000835418701171875
26.543949127197266,0.000583648681640625
26.403831481933594,0.001129150390625
26.28474235534668,0.00125885009765625
26.423261642456055,0.00098419189453125
26.013723373413086,0.00067901611328125
26.559066772460938,0.0005645751953125
26.0828800201416,0.00086212158203125
26.64092445373535,0.000873565673828125
26.429569244384766,0.00101470947265625
25.86199378967285,0.00095367431640625
26.653831481933594,0.0008697509765625
26.27956771850586,0.000812530517578125
26.900957107543945,0.00138092041015625
26.43697166442871,0.00077056884765625
26.353057861328125,0.00106048583984375
26.55001449584961,0.0008392333984375
26.363065719604492,0.000881195068359375
26.216476440429688,0.00110626220703125
26.74812126159668,0.000865936279296875
26.098064422607422,0.001007080078125
26.2677001953125,0.00128173828125
26.428747177124023,0.0009307861328125
26.197999954223633,0.000644683837890625
26.31737518310547,0.00110626220703125
26.64818000793457,0.0010223388671875
26.67892074584961,0.001190185546875
26.483272552490234,0.000743865966796875
26.389062881469727,0.0009613037109375
26.281309127807617,0.000675201416015625
26.53181266784668,0.00087738037109375
26.626909255981445,0.000659942626953125
26.665361404418945,0.00104522705078125
26.314434051513672,0.000835418701171875
26.295835494995117,0.000732421875
26.222644805908203,0.000774383544921875
26.310705184936523,0.00079345703125
25.827926635742188,0.000911712646484375
26.752002716064453,0.000675201416015625
26.35120964050293,0.000682830810546875
26.58526611328125,0.000637054443359375
26.311054229736328,0.00095367431640625
26.810054779052734,0.000789642333984375
26.43806266784668,0.00115203857421875
25.827817916870117,0.001068115234375
26.089941024780273,0.000614166259765625
26.672630310058594,0.000438690185546875
26.8665828704834,0.00054931640625
26.46809959411621,0.00099945068359375
26.67807388305664,0.000640869140625
26.434154510498047,0.00051116943359375
26.634061813354492,0.00087738037109375
26.729169845581055,0.0006561279296875
26.232622146606445,0.00070953369140625
26.329477310180664,0.0011444091796875
26.234481811523438,0.000789642333984375
26.368648529052734,0.000823974609375
25.488447189331055,0.000804901123046875
26.349660873413086,0.000850677490234375
26.464418411254883,0.0006561279296875
26.770919799804688,0.000782012939453125
25.977554321289062,0.0008087158203125
26.637500762939453,0.0008087158203125
26.351701736450195,0.00099945068359375
26.282041549682617,0.00131988525390625
26.310352325439453,0.000762939453125
26.197952270507812,0.000713348388671875
26.544546127319336,0.0004787445068359375
26.52292823791504,0.0008087158203125
26.159528732299805,0.00095367431640625
25.992738723754883,0.000827789306640625
25.83751106262207,0.00115966796875
26.20854949951172,0.000812530517578125
26.799711227416992,0.00074005126953125
26.64141273498535,0.000751495361328125
25.964902877807617,0.00064849853515625
26.669729232788086,0.000698089599609375
25.793703079223633,0.000698089599609375
26.271259307861328,0.000812530517578125
26.23841094970703,0.0008087158203125
26.033809661865234,0.00098419189453125
26.73165512084961,0.000621795654296875
25.820903778076172,0.000804901123046875
26.04758071899414,0.0006256103515625
26.544301986694336,0.000942230224609375
26.585960388183594,0.000827789306640625
26.59919548034668,0.0008697509765625
25.89372444152832,0.00109100341796875
26.332780838012695,0.0004138946533203125
26.521390914916992,0.000606536865234375
26.269859313964844,0.000858306884765625
26.338407516479492,0.000644683837890625
26.88038444519043,0.001068115234375
26.41202163696289,0.0005950927734375
26.59381675720215,0.000812530517578125
26.220548629760742,0.0007781982421875
25.879432678222656,0.0009002685546875
26.130992889404297,0.00075531005859375
26.31635284423828,0.000804901123046875
26.656457901000977,0.000850677490234375
26.906251907348633,0.000698089599609375
26.226165771484375,0.000782012939453125
26.237911224365234,0.000644683837890625
26.75004005432129,0.000865936279296875
25.849475860595703,0.0010223388671875
26.0477237701416,0.000568389892578125
26.095035552978516,0.000865936279296875
25.917030334472656,0.000637054443359375
25.35673713684082,0.000820159912109375
26.641075134277344,0.0005950927734375
26.636167526245117,0.000522613525390625
26.790254592895508,0.00106048583984375
26.54848289489746,0.00091552734375
26.923404693603516,0.000705718994140625
26.57881736755371,0.00101470947265625
26.00832176208496,0.00072479248046875
26.551578521728516,0.000720977783203125
26.153026580810547,0.00089263916015625
26.070463180541992,0.000865936279296875
25.951942443847656,0.0009002685546875
25.838407516479492,0.00067901611328125
25.67180824279785,0.00104522705078125
26.226049423217773,0.000804901123046875
26.30022430419922,0.00067901611328125
26.360309600830078,0.000919342041015625
26.17791748046875,0.00118255615234375
26.95151710510254,0.00052642822265625
26.351327896118164,0.000568389892578125
25.988584518432617,0.000965118408203125
26.311586380004883,0.00080108642578125
25.943099975585938,0.0007781982421875
26.820642471313477,0.0009765625
25.94000816345215,0.00118255615234375
26.25199317932129,0.0009002685546875
26.20392608642578,0.00089263916015625
26.868690490722656,0.001312255859375
26.072446823120117,0.00046539306640625
26.3668212890625,0.000675201416015625
26.573848724365234,0.000926971435546875
26.54378890991211,0.00080108642578125
26.964597702026367,0.000644683837890625
26.267927169799805,0.00072479248046875
26.213199615478516,0.000591278076171875
26.521535873413086,0.00067901611328125
26.850353240966797,0.000621795654296875
26.410316467285156,0.00144195556640625
26.438087463378906,0.000732421875
26.152803421020508,0.0008697509765625
26.0137996673584,0.000873565673828125
26.695131301879883,0.000682830810546875
26.54955291748047,0.00113677978515625
26.512605667114258,0.0010223388671875
26.54230308532715,0.000751495361328125
26.361021041870117,0.00079345703125
25.772476196289062,0.00147247314453125
26.752262115478516,0.00054931640625
26.14971351623535,0.00061798095703125
26.340364456176758,0.00057220458984375
26.372350692749023,0.000579833984375
25.809385299682617,0.000774383544921875
26.72162628173828,0.00064849853515625
26.601276397705078,0.00074005126953125
26.54861068725586,0.00079345703125
26.274019241333008,0.000850677490234375
26.30063819885254,0.000576019287109375
26.625455856323242,0.00080108642578125
26.69217300415039,0.000766754150390625
26.873397827148438,0.000621795654296875
25.593456268310547,0.000942230224609375
26.774023056030273,0.00052642822265625
26.330739974975586,0.000701904296875
26.406591415405273,0.0008544921875
26.2259521484375,0.000682830810546875
26.049589157104492,0.000759124755859375
25.56767463684082,0.000690460205078125
26.42901611328125,0.00054931640625
25.688535690307617,0.000659942626953125
26.47620964050293,0.000827789306640625
26.498323440551758,0.0010223388671875
26.4248046875,0.000820159912109375
26.58970069885254,0.0004405975341796875
26.10267448425293,0.000759124755859375
26.665666580200195,0.00063323974609375
26.24634552001953,0.0009765625
25.991966247558594,0.000782012939453125
26.784893035888672,0.00063323974609375
26.82740592956543,0.00081634521484375
26.567386627197266,0.000644683837890625
26.30691909790039,0.00107574462890625
26.329771041870117,0.000774383544921875
26.446699142456055,0.00084686279296875
26.04107093811035,0.000873565673828125
26.45343780517578,0.000942230224609375
26.01902961730957,0.0004634857177734375
25.654499053955078,0.000789642333984375
26.242815017700195,0.000789642333984375
26.18657875061035,0.0007781982421875
26.119604110717773,0.0006866455078125
25.84524154663086,0.000690460205078125
26.434791564941406,0.0005950927734375
26.326642990112305,0.000331878662109375
26.50784683227539,0.00054931640625
26.426422119140625,0.0010833740234375
26.160676956176758,0.00093841552734375
26.63665771484375,0.0004787445068359375
26.852754592895508,0.00055694580078125
25.324199676513672,0.00070953369140625
26.61741065979004,0.000507354736328125
25.98368263244629,0.00078582763671875
26.677528381347656,0.000713348388671875
26.409685134887695,0.0006561279296875
26.910240173339844,0.0006103515625
26.473613739013672,0.000873565673828125
26.782995223999023,0.000789642333984375
26.35770034790039,0.00052642822265625
26.36281967163086,0.00089263916015625
26.541908264160156,0.00048065185546875
26.2539119720459,0.00104522705078125
26.367490768432617,0.0004291534423828125
26.401819229125977,0.0009918212890625
26.0268611907959,0.000934600830078125
26.346782684326172,0.000576019287109375
26.699636459350586,0.0005645751953125
25.94767951965332,0.000835418701171875
26.364124298095703,0.00046539306640625
26.790361404418945,0.000732421875
26.13206672668457,0.000911712646484375
26.8719539642334,0.000972747802734375
26.497283935546875,0.0005340576171875
26.01578140258789,0.0004119873046875
26.076618194580078,0.0009613037109375
26.684432983398438,0.000736236572265625
26.141389846801758,0.0006561279296875
26.162513732910156,0.000461578369140625
26.293315887451172,0.00075531005859375
25.97802734375,0.0012664794921875
26.287302017211914,0.000698089599609375
26.54824447631836,0.000804901123046875
26.01460075378418,0.000766754150390625
26.406036376953125,0.0007476806640625
26.48568344116211,0.000690460205078125
26.158672332763672,0.00072479248046875
26.2651424407959,0.0003299713134765625
26.75293731689453,0.00049591064453125
26.378740310668945,0.000873565673828125
26.331134796142578,0.00038909912109375
26.325590133666992,0.0009002685546875
26.779720306396484,0.0010528564453125
25.735578536987305,0.000667572021484375
26.157493591308594,0.000888824462890625
26.736963272094727,0.00092315673828125
26.959754943847656,0.000579833984375
26.591262817382812,0.000614166259765625
26.67746925354004,0.0006561279296875
26.457712173461914,0.000667572021484375
26.708904266357422,0.0008392333984375
26.515796661376953,0.000522613525390625
26.420787811279297,0.0011749267578125
26.586971282958984,0.000621795654296875
26.571767807006836,0.000804901123046875
26.652679443359375,0.000667572021484375
26.511953353881836,0.000713348388671875
26.03314208984375,0.000934600830078125
26.67153549194336,0.00060272216796875
26.519739151000977,0.000705718994140625
26.270912170410156,0.000827789306640625
26.444360733032227,0.0008697509765625
25.662443161010742,0.00049591064453125
26.637163162231445,0.0007171630859375
26.79554557800293,0.000484466552734375
26.26692771911621,0.0006561279296875
26.528223037719727,0.000644683837890625
26.684520721435547,0.00066375732421875
26.43928337097168,0.00089263916015625
26.59846305847168,0.000926971435546875
26.500173568725586,0.000698089599609375
26.355640411376953,0.000835418701171875
26.576335906982422,0.000728607177734375
26.41267967224121,0.000736236572265625
26.624269485473633,0.000606536865234375
26.701663970947266,0.00060272216796875
26.15239906311035,0.0006256103515625
26.377702713012695,0.00090789794921875
26.394943237304688,0.00098419189453125
26.34126853942871,0.000553131103515625
26.610525131225586,0.000732421875
26.09253692626953,0.000957489013671875
25.85511016845703,0.00063323974609375
26.428264617919922,0.00091552734375
26.591005325317383,0.000919342041015625
26.030561447143555,0.000835418701171875
26.507017135620117,0.000659942626953125
26.530710220336914,0.000713348388671875
26.39495086669922,0.00067138671875
26.153348922729492,0.00091552734375
26.26085662841797,0.000545501708984375
25.90361785888672,0.000789642333984375
26.192218780517578,0.0005950927734375
26.720293045043945,0.0007476806640625
26.336021423339844,0.000659942626953125
26.12851905822754,0.00067901611328125
26.21412467956543,0.00061798095703125
26.221670150756836,0.000812530517578125
26.552959442138672,0.000598907470703125
26.217798233032227,0.000713348388671875
26.478626251220703,0.000705718994140625
26.789764404296875,0.000576019287109375
26.321460723876953,0.000690460205078125
25.79241180419922,0.00048828125
26.20833969116211,0.00067901611328125
26.36196517944336,0.000518798828125
26.485450744628906,0.00087738037109375
26.887632369995117,0.00072479248046875
26.4714412689209,0.000850677490234375
26.016605377197266,0.00118255615234375
26.214502334594727,0.000743865966796875
26.042943954467773,0.0006866455078125
26.51272964477539,0.0005340576171875
26.369564056396484,0.000823974609375
26.763877868652344,0.000766754150390625
26.32985496520996,0.00112152099609375
26.463844299316406,0.0012664794921875
26.69907569885254,0.00162506103515625
26.733945846557617,0.0014190673828125
26.649904251098633,0.001495361328125
26.396886825561523,0.00086212158203125
27.083574295043945,0.000370025634765625
26.512365341186523,0.00054168701171875
26.06573486328125,0.000640869140625
26.864303588867188,0.000957489013671875
26.22244644165039,0.000812530517578125
26.284990310668945,0.000774383544921875
26.066591262817383,0.00098419189453125
26.194032669067383,0.001068115234375
26.768550872802734,0.000720977783203125
26.224445343017578,0.00087738037109375
26.609086990356445,0.000568389892578125
26.232629776000977,0.0003604888916015625
26.686153411865234,0.00087738037109375
26.3926944732666,0.0004177093505859375
26.374073028564453,0.000911712646484375
26.201263427734375,0.0004863739013671875
26.315095901489258,0.00064849853515625
26.771188735961914,0.00057220458984375
26.081445693969727,0.0005950927734375
26.238483428955078,0.00090789794921875
26.74395751953125,0.000637054443359375
26.015913009643555,0.0006256103515625
26.58919334411621,0.000614166259765625
26.81375503540039,0.000812530517578125
26.566036224365234,0.000675201416015625
26.73210906982422,0.000858306884765625
26.371122360229492,0.00106048583984375
26.482275009155273,0.000843048095703125
26.333890914916992,0.00096893310546875
26.332645416259766,0.000667572021484375
26.090137481689453,0.00115203857421875
26.48641586303711,0.0004100799560546875
25.955446243286133,0.000514984130859375
26.427127838134766,0.000545501708984375
26.750341415405273,0.000881195068359375
26.516826629638672,0.00045013427734375
26.434988021850586,0.00070953369140625
25.847274780273438,0.00069427490234375
26.827329635620117,0.000804901123046875
26.43913459777832,0.0009002685546875
25.8151912689209,0.000560760498046875
26.745555877685547,0.0004634857177734375
26.619586944580078,0.00061798095703125
26.462194442749023,0.000522613525390625
25.935293197631836,0.000659942626953125
26.896835327148438,0.001068115234375
26.358932495117188,0.000598907470703125
26.81947898864746,0.0008697509765625
26.546295166015625,0.00074005126953125
25.894866943359375,0.000705718994140625
26.11765480041504,0.00080108642578125
26.184478759765625,0.000743865966796875
26.509517669677734,0.0004863739013671875
26.61329460144043,0.0005340576171875
26.437786102294922,0.000728607177734375
26.726789474487305,0.0009307861328125
25.922666549682617,0.0006103515625
26.614614486694336,0.000553131103515625
26.09186553955078,0.000789642333984375
26.628223419189453,0.0009918212890625
26.194528579711914,0.000640869140625
26.221418380737305,0.000675201416015625
26.390457153320312,0.00061798095703125
26.589855194091797,0.00048828125
26.0992431640625,0.000659942626953125
26.373144149780273,0.000705718994140625
26.29844093322754,0.0006866455078125
25.929494857788086,0.00072479248046875
26.622827529907227,0.000896453857421875
26.51390266418457,0.000545501708984375
26.16679573059082,0.00077056884765625
25.958574295043945,0.00072479248046875
26.66348648071289,0.00060272216796875
26.728591918945312,0.000720977783203125
26.122276306152344,0.000904083251953125
26.341039657592773,0.00070953369140625
26.226938247680664,0.000492095947265625
25.88068962097168,0.000659942626953125
26.416460037231445,0.000614166259765625
26.20294952392578,0.000698089599609375
25.950206756591797,0.00066375732421875
26.540613174438477,0.000812530517578125
26.138399124145508,0.000637054443359375
26.15081787109375,0.000652313232421875
26.394214630126953,0.000553131103515625
26.327163696289062,0.000698089599609375
26.266708374023438,0.00104522705078125
26.764190673828125,0.000568389892578125
26.773902893066406,0.00055694580078125
26.685270309448242,0.000606536865234375
26.6944580078125,0.00080108642578125
26.530405044555664,0.0006103515625
26.61714744567871,0.00067138671875
26.568214416503906,0.000423431396484375
26.66989517211914,0.000514984130859375
26.321340560913086,0.000804901123046875
26.651296615600586,0.000652313232421875
26.520166397094727,0.00064849853515625
25.364980697631836,0.0004634857177734375
25.72504234313965,0.0007476806640625
26.23347282409668,0.000476837158203125
26.05915069580078,0.000400543212890625
26.566850662231445,0.000530242919921875
25.889453887939453,0.00048065185546875
26.393741607666016,0.000545501708984375
26.659923553466797,0.00042724609375
26.404054641723633,0.000720977783203125
26.166837692260742,0.000499725341796875
26.60458755493164,0.0009307861328125
26.14325714111328,0.00091552734375
26.508148193359375,0.00052642822265625
26.48737335205078,0.000736236572265625
26.874408721923828,0.00067901611328125
26.636974334716797,0.000629425048828125
26.22666358947754,0.00054931640625
26.234546661376953,0.000568389892578125
25.663249969482422,0.000621795654296875
26.34355354309082,0.000560760498046875
26.256507873535156,0.000911712646484375
26.295629501342773,0.000514984130859375
26.341358184814453,0.00052642822265625
26.48763084411621,0.000667572021484375
26.290767669677734,0.00069427490234375
25.926557540893555,0.00054168701171875
25.80995750427246,0.000736236572265625
25.918209075927734,0.000553131103515625
26.236169815063477,0.000743865966796875
25.652278900146484,0.000720977783203125
26.44139289855957,0.000888824462890625
26.070640563964844,0.000530242919921875
26.050363540649414,0.000530242919921875
26.279705047607422,0.000492095947265625
26.299409866333008,0.0005340576171875
26.299333572387695,0.0007781982421875
25.885576248168945,0.0004673004150390625
26.52836036682129,0.000537872314453125
26.443056106567383,0.00052642822265625
26.62851905822754,0.0010223388671875
26.021013259887695,0.0009918212890625
26.838878631591797,0.00051116943359375
25.61971664428711,0.00098419189453125
26.245203018188477,0.0010223388671875
26.388389587402344,0.000446319580078125
26.339040756225586,0.000598907470703125
26.118083953857422,0.000537872314453125
26.8277587890625,0.00133514404296875
26.20448875427246,0.000751495361328125
26.99506378173828,0.000579833984375
26.381017684936523,0.00057220458984375
26.500581741333008,0.00055694580078125
26.265039443969727,0.0004863739013671875
26.465688705444336,0.00075531005859375
26.387859344482422,0.000873565673828125
26.25477409362793,0.0006561279296875
26.23689842224121,0.000904083251953125
26.348691940307617,0.0007171630859375
26.551990509033203,0.000530242919921875
26.756372451782227,0.00087738037109375
26.1058349609375,0.000606536865234375
26.15575408935547,0.0004482269287109375
26.307750701904297,0.00055694580078125
25.652931213378906,0.000522613525390625
26.503780364990234,0.00045013427734375
26.872644424438477,0.0006866455078125
26.299562454223633,0.00067901611328125
26.602584838867188,0.000553131103515625
25.753555297851562,0.000629425048828125
26.65680503845215,0.00087738037109375
26.19454574584961,0.000804901123046875
26.485366821289062,0.00060272216796875
26.48000717163086,0.0003986358642578125
26.073488235473633,0.000514984130859375
26.227867126464844,0.00067901611328125
26.312881469726562,0.0005035400390625
26.899045944213867,0.000690460205078125
26.603195190429688,0.00113677978515625
26.92841911315918,0.0011444091796875
26.037269592285156,0.000713348388671875
26.571401596069336,0.00079345703125
26.791433334350586,0.000606536865234375
26.236371994018555,0.0006866455078125
26.242143630981445,0.0007781982421875
26.3739070892334,0.00115966796875
26.6066837310791,0.00080108642578125
26.47614288330078,0.00118255615234375
26.39741325378418,0.000698089599609375
26.23007583618164,0.000576019287109375
26.49088478088379,0.00090789794921875
26.296533584594727,0.00074005126953125
26.59547996520996,0.0005340576171875
26.221160888671875,0.000576019287109375
26.57585334777832,0.0004138946533203125
25.62363624572754,0.00060272216796875
26.44058609008789,0.0009765625
26.914180755615234,0.00090789794921875
26.1624755859375,0.0004138946533203125
26.902542114257812,0.000568389892578125
26.900924682617188,0.000518798828125
26.225412368774414,0.0004100799560546875
26.180519104003906,0.00101470947265625
26.387563705444336,0.00091552734375
26.35424041748047,0.000640869140625
25.901411056518555,0.000606536865234375
26.372802734375,0.000751495361328125
26.76995086669922,0.000885009765625
26.837331771850586,0.00072479248046875
25.735307693481445,0.000492095947265625
26.267175674438477,0.00038909912109375
25.744821548461914,0.000629425048828125
26.898832321166992,0.00067901611328125
26.774417877197266,0.00087738037109375
26.270206451416016,0.0004787445068359375
26.17491912841797,0.0004215240478515625
25.642850875854492,0.000667572021484375
26.69061851501465,0.00054168701171875
26.408702850341797,0.000766754150390625
26.2672061920166,0.000835418701171875
26.47600746154785,0.000591278076171875
26.09537124633789,0.0004253387451171875
25.89403533935547,0.00064849853515625
26.26641273498535,0.0003509521484375
26.455821990966797,0.000583648681640625
26.345298767089844,0.000629425048828125
25.83926773071289,0.000675201416015625
26.5795841217041,0.00052642822265625
26.464818954467773,0.000720977783203125
26.40694236755371,0.0003795623779296875
26.250165939331055,0.00045013427734375
26.447521209716797,0.0004520416259765625
26.448781967163086,0.0006561279296875
26.66265106201172,0.00078582763671875
26.326677322387695,0.000667572021484375
26.17856216430664,0.000667572021484375
26.382017135620117,0.0010528564453125
26.214262008666992,0.000507354736328125
26.28307342529297,0.000732421875
26.61505699157715,0.000957489013671875
26.5192928314209,0.000732421875
26.005672454833984,0.00061798095703125
26.186920166015625,0.000759124755859375
26.559480667114258,0.000568389892578125
26.361013412475586,0.000629425048828125
26.136167526245117,0.00081634521484375
26.177732467651367,0.00074005126953125
26.167221069335938,0.000858306884765625
26.545730590820312,0.000705718994140625
26.092159271240234,0.00066375732421875
26.54074478149414,0.000865936279296875
26.445594787597656,0.000453948974609375
26.617816925048828,0.000881195068359375
26.296934127807617,0.0008087158203125
25.931476593017578,0.0003795623779296875
25.9050350189209,0.000659942626953125
26.670724868774414,0.000759124755859375
26.611820220947266,0.000949859619140625
26.96099090576172,0.000637054443359375
26.05413246154785,0.000751495361328125
26.660869598388672,0.0005035400390625
26.176794052124023,0.000919342041015625
26.92094612121582,0.000621795654296875
26.583282470703125,0.00061798095703125
26.800003051757812,0.00075531005859375
26.169193267822266,0.000843048095703125
26.522708892822266,0.0004425048828125
26.465614318847656,0.000606536865234375
25.755874633789062,0.000576019287109375
26.63408088684082,0.0004825592041015625
26.565532684326172,0.00090789794921875
26.09962272644043,0.00052642822265625
25.52692413330078,0.0005950927734375
26.132675170898438,0.00075531005859375
26.442123413085938,0.000858306884765625
26.66815948486328,0.00070953369140625
26.300457000732422,0.000640869140625
26.574201583862305,0.000705718994140625
26.410654067993164,0.000701904296875
26.429948806762695,0.000690460205078125
26.421245574951172,0.0004558563232421875
26.59404182434082,0.00054168701171875
26.167638778686523,0.000873565673828125
26.671205520629883,0.00078582763671875
26.458101272583008,0.0008544921875
26.096633911132812,0.0005340576171875
26.325109481811523,0.000560760498046875
26.314987182617188,0.000598907470703125
26.115310668945312,0.000652313232421875
26.35321807861328,0.000492095947265625
26.691055297851562,0.000659942626953125
26.41353416442871,0.00063323974609375
26.36109733581543,0.0005340576171875
26.174840927124023,0.000885009765625
25.659072875976562,0.000579833984375
26.708328247070312,0.000537872314453125
26.30286407470703,0.00139617919921875
26.481624603271484,0.00087738037109375
25.941686630249023,0.000591278076171875
26.176546096801758,0.000766754150390625
26.87495994567871,0.0004444122314453125
26.359027862548828,0.000579833984375
26.039339065551758,0.000518798828125
26.697721481323242,0.000537872314453125
26.56015396118164,0.000507354736328125
26.709529876708984,0.000545501708984375
25.976478576660156,0.000713348388671875
26.786211013793945,0.0005645751953125
26.624475479125977,0.0004253387451171875
26.48537826538086,0.00051116943359375
26.322141647338867,0.000762939453125
26.418106079101562,0.00061798095703125
26.542724609375,0.000942230224609375
26.890972137451172,0.000576019287109375
26.230146408081055,0.0004558563232421875
26.410968780517578,0.000881195068359375
26.55305290222168,0.000339508056640625
26.030298233032227,0.0004673004150390625
26.544967651367188,0.0006103515625
25.95844841003418,0.000606536865234375
26.79721450805664,0.0004119873046875
26.440753936767578,0.00064849853515625
25.882736206054688,0.00096893310546875
26.28860855102539,0.000537872314453125
25.675865173339844,0.000614166259765625
26.700761795043945,0.000965118408203125
25.969831466674805,0.00103759765625
26.560638427734375,0.000652313232421875
26.639978408813477,0.000919342041015625
25.50836944580078,0.000720977783203125
25.948652267456055,0.0009613037109375
26.402910232543945,0.000568389892578125
26.814434051513672,0.0005340576171875
26.46672248840332,0.00060272216796875
26.601390838623047,0.000583648681640625
26.34769058227539,0.0005950927734375
26.046077728271484,0.0004291534423828125
26.35917091369629,0.0007781982421875
26.66156768798828,0.0009002685546875
26.34888458251953,0.000598907470703125
26.27305030822754,0.00043487548828125
26.671972274780273,0.00066375732421875
26.66111183166504,0.000484466552734375
26.10520362854004,0.000782012939453125
26.279407501220703,0.00042724609375
26.343887329101562,0.00064849853515625
26.452665328979492,0.000396728515625
26.425901412963867,0.000469207763671875
26.64594268798828,0.00054168701171875
26.6361083984375,0.00052642822265625
26.288232803344727,0.000782012939453125
26.94683837890625,0.000774383544921875
26.28703498840332,0.000629425048828125
26.357812881469727,0.000614166259765625
26.651451110839844,0.000919342041015625
26.843793869018555,0.0005035400390625
25.80225944519043,0.00052642822265625
26.930042266845703,0.0007171630859375
26.723690032958984,0.00060272216796875
26.282859802246094,0.000743865966796875
26.458221435546875,0.00067138671875
26.273496627807617,0.000675201416015625
26.657320022583008,0.0002803802490234375
26.789846420288086,0.0007476806640625
26.780527114868164,0.000431060791015625
26.353954315185547,0.0004825592041015625
26.537363052368164,0.000736236572265625
26.33759307861328,0.0002193450927734375
26.22881317138672,0.000652313232421875
26.477691650390625,0.00066375732421875
26.325403213500977,0.000820159912109375
26.387773513793945,0.00051116943359375
26.62485122680664,0.00060272216796875
26.646265029907227,0.00054931640625
26.462581634521484,0.0010223388671875
26.65696144104004,0.0005035400390625
26.279600143432617,0.00075531005859375
26.448074340820312,0.000370025634765625
26.233243942260742,0.0004024505615234375
25.819433212280273,0.00112152099609375
26.588104248046875,0.000667572021484375
26.156017303466797,0.0004863739013671875
26.2796573638916,0.00077056884765625
26.375890731811523,0.000885009765625
26.85126495361328,0.000640869140625
26.19064712524414,0.000278472900390625
26.39654541015625,0.00046539306640625
26.47039031982422,0.0003528594970703125
26.639636993408203,0.000518798828125
26.405227661132812,0.000736236572265625
26.31902503967285,0.000782012939453125
26.70647430419922,0.000644683837890625
26.743106842041016,0.000896453857421875
26.272594451904297,0.0004425048828125
26.35190200805664,0.0007781982421875
26.381046295166016,0.000583648681640625
26.015277862548828,0.0006866455078125
26.736026763916016,0.000698089599609375
26.472429275512695,0.00064849853515625
26.352693557739258,0.000507354736328125
26.625465393066406,0.000553131103515625
26.327686309814453,0.0012054443359375
25.776805877685547,0.00079345703125
26.552326202392578,0.000553131103515625
26.563074111938477,0.000926971435546875
26.258577346801758,0.000518798828125
26.04526710510254,0.000667572021484375
26.004547119140625,0.000530242919921875
26.08663558959961,0.000774383544921875
26.19179344177246,0.0004596710205078125
26.049787521362305,0.000896453857421875
25.8926944732666,0.00064849853515625
26.422693252563477,0.0003662109375
26.747343063354492,0.000743865966796875
26.002992630004883,0.00074005126953125
26.393596649169922,0.00067138671875
26.283252716064453,0.000644683837890625
25.88231658935547,0.000568389892578125
26.269559860229492,0.000835418701171875
25.966434478759766,0.0005035400390625
26.614622116088867,0.000537872314453125
26.43537712097168,0.000408172607421875
26.204404830932617,0.00074005126953125
26.156742095947266,0.000583648681640625
26.589597702026367,0.000629425048828125
26.573326110839844,0.000591278076171875
26.81952476501465,0.001007080078125
26.278329849243164,0.000762939453125
26.84480857849121,0.000476837158203125
26.6213436126709,0.00066375732421875
26.633865356445312,0.000606536865234375
26.51776695251465,0.00102996826171875
26.011383056640625,0.0006103515625
25.722448348999023,0.000690460205078125
26.335651397705078,0.0009002685546875
26.601306915283203,0.0004119873046875
25.98311996459961,0.000400543212890625
26.667835235595703,0.000820159912109375
26.048215866088867,0.000728607177734375
26.142168045043945,0.0004749298095703125
26.22388458251953,0.000705718994140625
26.07244300842285,0.000598907470703125
26.523462295532227,0.000736236572265625
25.753990173339844,0.0006866455078125
26.416412353515625,0.0008697509765625
26.62261390686035,0.000507354736328125
26.036117553710938,0.00064849853515625
25.637447357177734,0.000553131103515625
26.318363189697266,0.000644683837890625
26.392545700073242,0.0005645751953125
26.392406463623047,0.00057220458984375
26.260604858398438,0.00051116943359375
26.764297485351562,0.00080108642578125
26.03687286376953,0.0009002685546875
26.507410049438477,0.0008697509765625
26.230655670166016,0.00061798095703125
26.25533103942871,0.000629425048828125
26.198057174682617,0.000606536865234375
26.19864273071289,0.000514984130859375
26.141643524169922,0.000576019287109375
25.891464233398438,0.0008544921875
26.414264678955078,0.000782012939453125
26.10612678527832,0.00099945068359375
26.478328704833984,0.000804901123046875
26.999006271362305,0.000598907470703125
26.703012466430664,0.00072479248046875
26.30031967163086,0.00072479248046875
26.430206298828125,0.0008697509765625
26.751441955566406,0.000720977783203125
26.6959171295166,0.00052642822265625
25.729259490966797,0.000667572021484375
26.46165657043457,0.00054931640625
26.345443725585938,0.000823974609375
26.2729549407959,0.00067901611328125
26.175445556640625,0.000606536865234375
26.591501235961914,0.000759124755859375
26.283031463623047,0.000598907470703125
26.429018020629883,0.000713348388671875
26.227949142456055,0.000946044921875
25.984481811523438,0.000598907470703125
25.698585510253906,0.00106048583984375
26.200969696044922,0.00067138671875
25.937986373901367,0.000911712646484375
26.3861141204834,0.000812530517578125
26.338977813720703,0.0003833770751953125
26.22399139404297,0.0009307861328125
26.81471824645996,0.000659942626953125
26.73391342163086,0.000606536865234375
26.459108352661133,0.000698089599609375
26.6066837310791,0.00099945068359375
26.139291763305664,0.00049591064453125
25.82879638671875,0.000576019287109375
26.58021354675293,0.000873565673828125
26.470455169677734,0.00116729736328125
26.01114845275879,0.000926971435546875
26.758764266967773,0.00064849853515625
26.518531799316406,0.000652313232421875
26.764142990112305,0.00078582763671875
26.498577117919922,0.00051116943359375
26.041166305541992,0.000579833984375
26.175195693969727,0.0008087158203125
26.435453414916992,0.000514984130859375
26.716777801513672,0.00058746337890625
26.530500411987305,0.000885009765625
26.106969833374023,0.000583648681640625
26.48897361755371,0.00077056884765625
26.31351089477539,0.00116729736328125
26.674083709716797,0.00081634521484375
26.60359001159668,0.00063323974609375
26.548789978027344,0.000637054443359375
26.8668155670166,0.00043487548828125
26.62904930114746,0.0005950927734375
26.212186813354492,0.000766754150390625
26.46797752380371,0.000904083251953125
26.872482299804688,0.0004444122314453125
26.655757904052734,0.000354766845703125
26.921504974365234,0.00055694580078125
26.75194549560547,0.0004787445068359375
26.768850326538086,0.000728607177734375
26.406124114990234,0.000583648681640625
26.321746826171875,0.00061798095703125
27.06341552734375,0.00048828125
26.719053268432617,0.00084686279296875
26.680505752563477,0.000751495361328125
26.359251022338867,0.0004673004150390625
26.13007926940918,0.000850677490234375
26.128080368041992,0.0004711151123046875
26.153194427490234,0.000537872314453125
26.35235023498535,0.000732421875
25.916109085083008,0.0006561279296875
26.22307014465332,0.0006866455078125
26.691450119018555,0.000644683837890625
26.27822494506836,0.00092315673828125
26.274898529052734,0.000453948974609375
26.79825210571289,0.0004825592041015625
26.217905044555664,0.000537872314453125
26.681163787841797,0.0005950927734375
26.167526245117188,0.0004444122314453125
26.068803787231445,0.000553131103515625
26.047313690185547,0.000720977783203125
26.514583587646484,0.00054168701171875
26.38848876953125,0.00089263916015625
25.9149227142334,0.000446319580078125
26.317502975463867,0.000362396240234375
26.246728897094727,0.000522613525390625
25.809492111206055,0.000579833984375
26.096569061279297,0.00051116943359375
26.349102020263672,0.0004730224609375
26.26787567138672,0.00055694580078125
26.581642150878906,0.000640869140625
26.65266227722168,0.00063323974609375
26.44292449951172,0.0004634857177734375
26.328811645507812,0.00070953369140625
26.358861923217773,0.0004863739013671875
26.542255401611328,0.0004405975341796875
26.312746047973633,0.000682830810546875
26.367921829223633,0.00112152099609375
26.761268615722656,0.000804901123046875
26.52484893798828,0.000461578369140625
26.370943069458008,0.0002269744873046875
26.9200382232666,0.000576019287109375
26.8106689453125,0.000446319580078125
26.2750186920166,0.000576019287109375
26.710285186767578,0.00077056884765625
26.64417839050293,0.0003795623779296875
26.0281982421875,0.000667572021484375
26.081947326660156,0.000926971435546875
26.366439819335938,0.000690460205078125
26.006431579589844,0.000835418701171875
26.497692108154297,0.000728607177734375
26.292173385620117,0.00104522705078125
26.21784019470215,0.00078582763671875
26.44135856628418,0.00031280517578125
25.78390121459961,0.000728607177734375
26.554533004760742,0.000720977783203125
26.425703048706055,0.000812530517578125
26.54640769958496,0.0004253387451171875
26.53093719482422,0.000537872314453125
26.289199829101562,0.00075531005859375
26.527624130249023,0.000728607177734375
26.83115005493164,0.000278472900390625
26.211578369140625,0.00058746337890625
26.441425323486328,0.000568389892578125
26.50202751159668,0.0008697509765625
26.031890869140625,0.00043487548828125
26.3447265625,0.000675201416015625
26.426422119140625,0.000537872314453125
26.671443939208984,0.000591278076171875
26.585256576538086,0.000507354736328125
26.735624313354492,0.00063323974609375
26.47373390197754,0.0004825592041015625
26.580482482910156,0.000789642333984375
26.302783966064453,0.000644683837890625
25.64229393005371,0.0004520416259765625
26.534168243408203,0.000732421875
26.659175872802734,0.00045013427734375
26.062944412231445,0.0004405975341796875
26.10774040222168,0.000347137451171875
26.17621612548828,0.000789642333984375
26.582433700561523,0.0009307861328125
26.535842895507812,0.000385284423828125
26.563318252563477,0.000637054443359375
25.43639373779297,0.0006256103515625
26.168441772460938,0.000530242919921875
26.49146270751953,0.0006256103515625
25.688037872314453,0.00075531005859375
26.705656051635742,0.000335693359375
26.007062911987305,0.00074005126953125
26.235170364379883,0.00049591064453125
26.14083480834961,0.0004425048828125
26.255104064941406,0.000537872314453125
26.36884880065918,0.00055694580078125
26.622211456298828,0.000576019287109375
26.446420669555664,0.0004711151123046875
26.370824813842773,0.000675201416015625
26.6859188079834,0.000469207763671875
26.419023513793945,0.0004367828369140625
26.39821434020996,0.00045013427734375
26.89877700805664,0.000690460205078125
26.69582748413086,0.000438690185546875
26.503923416137695,0.00042724609375
26.007129669189453,0.00067138671875
26.67877197265625,0.000667572021484375
26.13825035095215,0.000736236572265625
26.871889114379883,0.00067901611328125
26.548233032226562,0.000858306884765625
26.6884765625,0.000629425048828125
26.09796714782715,0.000743865966796875
26.5218448638916,0.000476837158203125
26.3642578125,0.0003948211669921875
26.429656982421875,0.0003643035888671875
26.566551208496094,0.000446319580078125
26.617725372314453,0.0004215240478515625
25.983856201171875,0.000614166259765625
26.520259857177734,0.000659942626953125
26.386192321777344,0.000637054443359375
26.25641441345215,0.00115203857421875
25.820592880249023,0.00067901611328125
26.555017471313477,0.000640869140625
26.522876739501953,0.00084686279296875
26.589651107788086,0.000881195068359375
25.90875244140625,0.0004673004150390625
26.55267906188965,0.00084686279296875
26.44487762451172,0.000919342041015625
26.650583267211914,0.00070953369140625
26.709089279174805,0.000732421875
26.55003547668457,0.0006561279296875
26.183744430541992,0.000789642333984375
26.211833953857422,0.000606536865234375
26.598112106323242,0.000820159912109375
26.425451278686523,0.0006866455078125
26.22787094116211,0.0004634857177734375
26.62855339050293,0.000545501708984375
26.4216365814209,0.0006256103515625
26.65229034423828,0.000701904296875
26.48387336730957,0.0004119873046875
25.752050399780273,0.000576019287109375
26.31325912475586,0.000926971435546875
26.4829044342041,0.0008697509765625
26.09182357788086,0.000667572021484375
26.276756286621094,0.000698089599609375
26.60486602783203,0.000537872314453125
26.57086944580078,0.000469207763671875
26.055295944213867,0.000591278076171875
26.419822692871094,0.00072479248046875
26.674861907958984,0.0004253387451171875
26.794530868530273,0.000682830810546875
26.345157623291016,0.00057220458984375
26.447784423828125,0.00064849853515625
26.845497131347656,0.000812530517578125
26.705495834350586,0.00095367431640625
26.10370445251465,0.000720977783203125
26.352434158325195,0.000667572021484375
26.729965209960938,0.00072479248046875
26.1442813873291,0.0006866455078125
26.560752868652344,0.000576019287109375
26.905197143554688,0.00057220458984375
26.48196029663086,0.000385284423828125
26.82229995727539,0.0007476806640625
26.495616912841797,0.000682830810546875
26.236146926879883,0.0006561279296875
26.11105728149414,0.0008087158203125
26.329160690307617,0.000530242919921875
26.66539192199707,0.0004749298095703125
26.61809539794922,0.00064849853515625
26.890708923339844,0.0009918212890625
26.145978927612305,0.000499725341796875
26.140602111816406,0.0007781982421875
26.234373092651367,0.000579833984375
26.590627670288086,0.0004405975341796875
26.241378784179688,0.0009918212890625
26.157501220703125,0.000835418701171875
26.84152603149414,0.0006256103515625
26.27526092529297,0.000514984130859375
26.26172637939453,0.000667572021484375
26.722763061523438,0.0003719329833984375
25.944509506225586,0.000762939453125
26.400907516479492,0.00049591064453125
26.153858184814453,0.00058746337890625
26.46346664428711,0.0004253387451171875
26.49233055114746,0.000568389892578125
26.690622329711914,0.000331878662109375
26.371261596679688,0.00067138671875
26.36606788635254,0.00060272216796875
26.785593032836914,0.00074005126953125
26.512466430664062,0.00064849853515625
25.87802505493164,0.00031280517578125
26.414464950561523,0.000560760498046875
26.084808349609375,0.0004863739013671875
26.18094253540039,0.000591278076171875
26.502870559692383,0.0005035400390625
26.57502555847168,0.000621795654296875
26.755456924438477,0.00058746337890625
26.49822425842285,0.0005645751953125
26.005420684814453,0.0006103515625
26.266916275024414,0.000720977783203125
26.360984802246094,0.0004863739013671875
26.745920181274414,0.0006256103515625
26.819875717163086,0.000583648681640625
26.16001319885254,0.00051116943359375
26.30687141418457,0.000579833984375
26.44552230834961,0.000335693359375
25.21331214904785,0.00078582763671875
26.210302352905273,0.00079345703125
26.080955505371094,0.00069427490234375
26.423099517822266,0.000583648681640625
26.56894874572754,0.00057220458984375
26.174434661865234,0.000804901123046875
26.201929092407227,0.00055694580078125
25.807533264160156,0.000720977783203125
26.428192138671875,0.00064849853515625
26.37699317932129,0.000759124755859375
26.172809600830078,0.00084686279296875
26.538076400756836,0.000823974609375
25.90950584411621,0.0009918212890625
25.38272476196289,0.000881195068359375
25.975820541381836,0.000598907470703125
26.27735137939453,0.000865936279296875
26.74970245361328,0.00091552734375
26.325458526611328,0.000972747802734375
26.016233444213867,0.00084686279296875
25.850765228271484,0.00070953369140625
26.201091766357422,0.000629425048828125
26.344438552856445,0.00067901611328125
26.77436065673828,0.000522613525390625
26.229934692382812,0.0004444122314453125
26.38641357421875,0.000789642333984375
26.54049301147461,0.00063323974609375
26.64949607849121,0.00077056884765625
25.84440040588379,0.000568389892578125
26.199541091918945,0.000759124755859375
26.219932556152344,0.0010223388671875
26.538516998291016,0.000701904296875
26.136152267456055,0.000545501708984375
26.45868682861328,0.000858306884765625
26.580129623413086,0.000675201416015625
26.64058494567871,0.000568389892578125
26.23061752319336,0.0007171630859375
26.509368896484375,0.000957489013671875
26.29997444152832,0.000934600830078125
25.802837371826172,0.00049591064453125
26.33533477783203,0.000640869140625
26.450273513793945,0.000858306884765625
26.159744262695312,0.000720977783203125
26.254751205444336,0.00063323974609375
26.687522888183594,0.000942230224609375
26.076190948486328,0.000484466552734375
26.14006996154785,0.00090789794921875
26.33625030517578,0.000732421875
25.89803695678711,0.00058746337890625
26.549697875976562,0.00060272216796875
26.381454467773438,0.0008087158203125
26.2084903717041,0.000804901123046875
26.817703247070312,0.000774383544921875
26.351713180541992,0.0006561279296875
26.383602142333984,0.000522613525390625
26.632143020629883,0.00112152099609375
25.919057846069336,0.000621795654296875
26.262006759643555,0.000530242919921875
26.65289878845215,0.0004444122314453125
26.03485679626465,0.0010833740234375
26.483531951904297,0.000560760498046875
26.75583839416504,0.000637054443359375
26.211618423461914,0.00045013427734375
26.45746612548828,0.000858306884765625
26.033403396606445,0.000705718994140625
26.723716735839844,0.0009002685546875
26.325536727905273,0.00099945068359375
25.62228012084961,0.0006866455078125
25.887516021728516,0.0003757476806640625
26.37588119506836,0.000690460205078125
26.3897647857666,0.000843048095703125
25.926721572875977,0.000782012939453125
26.70104217529297,0.000759124755859375
26.06671142578125,0.0006256103515625
26.448577880859375,0.0012054443359375
25.997318267822266,0.000698089599609375
25.700864791870117,0.000640869140625
25.956966400146484,0.00069427490234375
26.232633590698242,0.00070953369140625
26.085285186767578,0.00069427490234375
26.502458572387695,0.00060272216796875
26.184307098388672,0.0007171630859375
26.3125,0.00067901611328125
25.981929779052734,0.00078582763671875
26.140865325927734,0.00060272216796875
26.344615936279297,0.000705718994140625
26.327796936035156,0.00089263916015625
26.497678756713867,0.000537872314453125
26.431255340576172,0.000698089599609375
26.58370018005371,0.00051116943359375
26.34599494934082,0.0005645751953125
26.53652572631836,0.000545501708984375
26.399311065673828,0.000682830810546875
26.632369995117188,0.0003948211669921875
26.012598037719727,0.001007080078125
26.32370948791504,0.00051116943359375
26.77576446533203,0.000705718994140625
26.3326416015625,0.000957489013671875
25.74371337890625,0.0008087158203125
27.04901123046875,0.00092315673828125
26.196584701538086,0.0006866455078125
26.443727493286133,0.0006561279296875
26.35527801513672,0.000640869140625
26.646390914916992,0.0006561279296875
26.604650497436523,0.000698089599609375
26.541467666625977,0.000743865966796875
26.650524139404297,0.000637054443359375
26.7775936126709,0.00046539306640625
26.438343048095703,0.000637054443359375
26.3472957611084,0.000637054443359375
26.132465362548828,0.0003604888916015625
26.870447158813477,0.00054931640625
25.975725173950195,0.000377655029296875
26.785186767578125,0.0003757476806640625
26.170995712280273,0.00074005126953125
26.17378807067871,0.0006866455078125
26.49213981628418,0.000865936279296875
26.251317977905273,0.000743865966796875
26.26890754699707,0.00096893310546875
25.760622024536133,0.000823974609375
26.64251136779785,0.00055694580078125
26.32219123840332,0.000583648681640625
26.4352970123291,0.0008697509765625
26.2862491607666,0.0008544921875
27.073328018188477,0.00061798095703125
26.239185333251953,0.000492095947265625
26.900951385498047,0.00060272216796875
25.77895164489746,0.000537872314453125
25.27657699584961,0.00072479248046875
26.28200912475586,0.0005035400390625
26.330387115478516,0.00048828125
26.434402465820312,0.000762939453125
26.001550674438477,0.000576019287109375
26.412656784057617,0.000568389892578125
26.519184112548828,0.000583648681640625
26.34162712097168,0.000720977783203125
26.381757736206055,0.00043487548828125
26.243797302246094,0.00030517578125
26.271488189697266,0.000514984130859375
26.7777042388916,0.0003261566162109375
25.8470516204834,0.00040435791015625
26.440935134887695,0.0003833770751953125
26.452116012573242,0.00030517578125
26.337751388549805,0.000583648681640625
26.569942474365234,0.000431060791015625
26.567411422729492,0.0004673004150390625
26.261621475219727,0.0005035400390625
26.151662826538086,0.00072479248046875
26.62643051147461,0.0006103515625
26.22400665283203,0.0003604888916015625
26.748807907104492,0.00051116943359375
26.19904327392578,0.000408172607421875
26.568166732788086,0.000751495361328125
26.54656410217285,0.000675201416015625
26.33564567565918,0.000804901123046875
26.440568923950195,0.000743865966796875
26.652219772338867,0.00067138671875
26.308666229248047,0.000698089599609375
26.414194107055664,0.00080108642578125
26.744707107543945,0.001953125
26.425914764404297,0.00139617919921875
26.627840042114258,0.00067138671875
26.161100387573242,0.00069427490234375
26.68979263305664,0.000705718994140625
26.05600357055664,0.0013580322265625
26.533710479736328,0.00153350830078125
26.595121383666992,0.001190185546875
26.55437660217285,0.00128936767578125
26.14940071105957,0.000736236572265625
26.118629455566406,0.0012664794921875
26.20050621032715,0.001434326171875
26.42197608947754,0.00064849853515625
26.396533966064453,0.000659942626953125
25.807601928710938,0.000835418701171875
26.042226791381836,0.000926971435546875
26.004253387451172,0.00113677978515625
26.386226654052734,0.00048828125
25.791034698486328,0.0006561279296875
25.749902725219727,0.000782012939453125
25.409774780273438,0.000926971435546875
26.05419158935547,0.00090789794921875
25.975154876708984,0.00122833251953125
26.426984786987305,0.00072479248046875
26.060161590576172,0.00093841552734375
26.15496826171875,0.00075531005859375
26.215282440185547,0.000858306884765625
26.773712158203125,0.0008087158203125
26.7261905670166,0.0007171630859375
26.333694458007812,0.00067901611328125
26.75161361694336,0.0007781982421875
26.62726593017578,0.0008392333984375
26.308259963989258,0.000732421875
26.685579299926758,0.00118255615234375
26.578332901000977,0.000858306884765625
26.287885665893555,0.00072479248046875
26.08128547668457,0.000762939453125
26.238513946533203,0.00081634521484375
26.150493621826172,0.000423431396484375
26.286348342895508,0.000568389892578125
26.87875747680664,0.0010986328125
26.461376190185547,0.000942230224609375
26.760164260864258,0.000457763671875
26.03917121887207,0.0006866455078125
25.648090362548828,0.000614166259765625
26.72495460510254,0.00051116943359375
26.276416778564453,0.00075531005859375
26.46151351928711,0.0007476806640625
26.12027931213379,0.0010833740234375
26.439617156982422,0.00125885009765625
26.371206283569336,0.0008392333984375
26.32177734375,0.00102996826171875
26.330171585083008,0.000579833984375
26.657978057861328,0.00079345703125
26.398313522338867,0.000804901123046875
26.421667098999023,0.00101470947265625
26.81825065612793,0.00075531005859375
26.432605743408203,0.0008087158203125
26.676462173461914,0.00067901611328125
26.702863693237305,0.000957489013671875
26.733980178833008,0.000705718994140625
26.815155029296875,0.00087738037109375
26.302013397216797,0.000732421875
26.56305503845215,0.00055694580078125
26.08142852783203,0.000797271728515625
26.494245529174805,0.000896453857421875
26.370859146118164,0.000537872314453125
26.422666549682617,0.000881195068359375
26.69562339782715,0.000736236572265625
26.507631301879883,0.00115203857421875
26.277387619018555,0.00054168701171875
26.54221534729004,0.000629425048828125
26.389829635620117,0.0006561279296875
26.605613708496094,0.000698089599609375
26.73528289794922,0.0012054443359375
26.75100326538086,0.00066375732421875
26.0699462890625,0.001220703125
26.713747024536133,0.0008544921875
26.683778762817383,0.000904083251953125
26.312456130981445,0.0009307861328125
26.558198928833008,0.0008392333984375
26.614877700805664,0.00081634521484375
26.481491088867188,0.00061798095703125
26.74488067626953,0.00051116943359375
26.063264846801758,0.000713348388671875
26.50027084350586,0.00101470947265625
26.40045738220215,0.000843048095703125
26.849000930786133,0.00064849853515625
25.8173770904541,0.00091552734375
26.671113967895508,0.000720977783203125
25.671630859375,0.00081634521484375
26.575475692749023,0.0010223388671875
26.27796745300293,0.00063323974609375
26.69144058227539,0.00079345703125
26.3885498046875,0.000553131103515625
26.403682708740234,0.00083160400390625
26.114322662353516,0.000766754150390625
26.58689308166504,0.000514984130859375
26.476285934448242,0.000537872314453125
25.853424072265625,0.0009002685546875
26.337289810180664,0.000560760498046875
26.414104461669922,0.000812530517578125
26.42132568359375,0.000850677490234375
26.10729217529297,0.0008392333984375
26.792621612548828,0.0005645751953125
26.505983352661133,0.00092315673828125
26.313575744628906,0.0008697509765625
26.64635467529297,0.000701904296875
26.42544174194336,0.000553131103515625
26.446712493896484,0.000835418701171875
26.3218936920166,0.000659942626953125
26.727001190185547,0.00109100341796875
26.623565673828125,0.0007171630859375
26.20114517211914,0.000797271728515625
26.072404861450195,0.00101470947265625
26.68165397644043,0.000888824462890625
26.73123550415039,0.000705718994140625
26.567358016967773,0.0004425048828125
25.696483612060547,0.000949859619140625
25.98142433166504,0.00087738037109375
26.40148162841797,0.000652313232421875
26.2127685546875,0.000583648681640625
26.48076820373535,0.000774383544921875
26.34299087524414,0.0004863739013671875
26.163164138793945,0.0005340576171875
26.309053421020508,0.000904083251953125
26.512426376342773,0.00067138671875
26.483598709106445,0.0007476806640625
26.460487365722656,0.00087738037109375
26.429195404052734,0.00084686279296875
26.83755111694336,0.000804901123046875
26.09075355529785,0.000835418701171875
26.45970916748047,0.00079345703125
26.448745727539062,0.000591278076171875
26.442113876342773,0.000537872314453125
26.78621482849121,0.000728607177734375
26.08833122253418,0.000537872314453125
26.163936614990234,0.00057220458984375
25.706953048706055,0.00066375732421875
26.481210708618164,0.00074005126953125
26.520458221435547,0.0007781982421875
26.60039710998535,0.00054931640625
25.92929458618164,0.00101470947265625
26.326810836791992,0.00115966796875
26.297088623046875,0.00078582763671875
26.76947593688965,0.000896453857421875
26.62849998474121,0.000762939453125
25.914417266845703,0.00069427490234375
26.50255012512207,0.000728607177734375
26.234045028686523,0.000461578369140625
26.594879150390625,0.00078582763671875
26.58987808227539,0.00098419189453125
25.795270919799805,0.000659942626953125
26.041608810424805,0.000732421875
26.312908172607422,0.000942230224609375
26.460060119628906,0.000682830810546875
26.531320571899414,0.00060272216796875
25.893173217773438,0.00070953369140625
26.623762130737305,0.00106048583984375
26.370548248291016,0.0006561279296875
26.04945182800293,0.0007171630859375
26.48502540588379,0.000782012939453125
26.18716049194336,0.000812530517578125
26.46845817565918,0.00052642822265625
26.11648178100586,0.00077056884765625
26.644601821899414,0.00102996826171875
26.71666145324707,0.001007080078125
26.161453247070312,0.00069427490234375
26.261533737182617,0.00081634521484375
26.223865509033203,0.0006561279296875
26.756357192993164,0.0008544921875
26.638771057128906,0.0004405975341796875
26.306243896484375,0.000640869140625
26.549362182617188,0.00079345703125
26.479026794433594,0.000675201416015625
26.04163360595703,0.0005950927734375
26.207958221435547,0.000743865966796875
26.51546287536621,0.0004177093505859375
26.64718246459961,0.00074005126953125
26.768024444580078,0.00075531005859375
26.915508270263672,0.00103759765625
26.459806442260742,0.000598907470703125
26.329160690307617,0.0007171630859375
25.682374954223633,0.000896453857421875
26.423221588134766,0.000720977783203125
26.758344650268555,0.0005035400390625
26.07905387878418,0.000560760498046875
26.96160125732422,0.000896453857421875
26.602855682373047,0.00061798095703125
25.899866104125977,0.000637054443359375
25.762916564941406,0.0007781982421875
26.43964195251465,0.000705718994140625
26.592063903808594,0.000629425048828125
26.464508056640625,0.00077056884765625
26.731449127197266,0.00067901611328125
25.89917755126953,0.00101470947265625
26.527114868164062,0.000743865966796875
26.468294143676758,0.000629425048828125
26.47823715209961,0.00054931640625
25.9339599609375,0.0004482269287109375
26.68177032470703,0.00064849853515625
25.877716064453125,0.000606536865234375
26.40397071838379,0.000732421875
26.77739143371582,0.0006561279296875
25.83519744873047,0.00069427490234375
26.241764068603516,0.00093841552734375
25.84339141845703,0.000751495361328125
26.69732666015625,0.000881195068359375
26.229093551635742,0.0002765655517578125
26.33778190612793,0.000743865966796875
26.307964324951172,0.00048065185546875
26.7346134185791,0.0006103515625
25.52350425720215,0.000675201416015625
26.634870529174805,0.000492095947265625
26.095195770263672,0.00054168701171875
26.472740173339844,0.0008697509765625
26.3587589263916,0.000774383544921875
26.369686126708984,0.000850677490234375
26.534526824951172,0.0004425048828125
26.589160919189453,0.000598907470703125
26.509984970092773,0.0010833740234375
25.616548538208008,0.0006103515625
26.194473266601562,0.000667572021484375
25.927953720092773,0.0006866455078125
26.277374267578125,0.00052642822265625
26.626638412475586,0.00079345703125
26.50201988220215,0.000583648681640625
26.725616455078125,0.000858306884765625
26.333276748657227,0.00061798095703125
26.7812442779541,0.0006103515625
26.236726760864258,0.000896453857421875
26.62063217163086,0.000782012939453125
26.540828704833984,0.0006866455078125
26.29889678955078,0.0008087158203125
25.940683364868164,0.00079345703125
25.622228622436523,0.00106048583984375
26.57783317565918,0.000579833984375
25.931970596313477,0.000682830810546875
26.747211456298828,0.000850677490234375
26.169984817504883,0.000499725341796875
25.44593620300293,0.00078582763671875
26.33346176147461,0.000652313232421875
26.057397842407227,0.000518798828125
26.27324104309082,0.00064849853515625
26.886999130249023,0.000453948974609375
26.5480899810791,0.000518798828125
26.094388961791992,0.000560760498046875
25.774017333984375,0.000751495361328125
26.448101043701172,0.00077056884765625
26.317903518676758,0.00049591064453125
26.142433166503906,0.0007476806640625
26.518896102905273,0.0006256103515625
26.267192840576172,0.000637054443359375
25.805870056152344,0.000736236572265625
26.78333854675293,0.000926971435546875
26.444547653198242,0.000751495361328125
26.821073532104492,0.000820159912109375
26.689329147338867,0.00081634521484375
26.529205322265625,0.000858306884765625
26.145751953125,0.000701904296875
26.52506446838379,0.00064849853515625
26.543136596679688,0.000675201416015625
26.548429489135742,0.0005340576171875
26.428421020507812,0.00067901611328125
25.787965774536133,0.00095367431640625
26.269580841064453,0.0008544921875
26.334793090820312,0.00052642822265625
25.307199478149414,0.000759124755859375
26.64624786376953,0.0007476806640625
26.86712646484375,0.00072479248046875
25.564146041870117,0.000904083251953125
26.015480041503906,0.00052642822265625
26.016258239746094,0.00048065185546875
26.44986915588379,0.00072479248046875
26.459728240966797,0.0008087158203125
26.056468963623047,0.0008392333984375
26.054737091064453,0.00063323974609375
26.36263656616211,0.000759124755859375
26.57750701904297,0.00058746337890625
26.667455673217773,0.00048065185546875
26.451108932495117,0.000713348388671875
26.40222930908203,0.00051116943359375
26.400585174560547,0.000682830810546875
25.376501083374023,0.000675201416015625
26.16417121887207,0.00098419189453125
26.502098083496094,0.00089263916015625
25.406457901000977,0.0007781982421875
26.458364486694336,0.00060272216796875
26.189659118652344,0.00069427490234375
25.9113826751709,0.000370025634765625
26.552492141723633,0.000774383544921875
25.67613983154297,0.000865936279296875
25.947162628173828,0.000629425048828125
26.080244064331055,0.000576019287109375
26.670021057128906,0.000675201416015625
25.669998168945312,0.00034332275390625
26.441619873046875,0.000553131103515625
26.21384048461914,0.000514984130859375
26.076635360717773,0.000827789306640625
26.532039642333984,0.0008697509765625
26.217432022094727,0.00069427490234375
26.819623947143555,0.000629425048828125
26.428707122802734,0.000736236572265625
26.134151458740234,0.00070953369140625
26.541671752929688,0.00067138671875
26.799972534179688,0.00074005126953125
26.375843048095703,0.00052642822265625
26.084932327270508,0.000701904296875
26.2617130279541,0.001007080078125
26.768352508544922,0.000885009765625
26.511240005493164,0.0005645751953125
26.56600570678711,0.000732421875
26.609357833862305,0.000591278076171875
26.76961898803711,0.00049591064453125
26.206655502319336,0.0010986328125
26.266389846801758,0.00091552734375
26.8056583404541,0.00067901611328125
26.586200714111328,0.0009613037109375
25.651840209960938,0.00054931640625
26.6722469329834,0.00060272216796875
26.37549591064453,0.00069427490234375
26.45429229736328,0.000667572021484375
26.63355255126953,0.000591278076171875
26.259794235229492,0.0003795623779296875
26.322689056396484,0.000823974609375
26.679197311401367,0.000926971435546875
26.470216751098633,0.00078582763671875
26.409833908081055,0.00127410888671875
26.365619659423828,0.0007171630859375
26.35167121887207,0.0005950927734375
26.63416862487793,0.000720977783203125
26.26132583618164,0.0005645751953125
26.650135040283203,0.000732421875
26.896175384521484,0.001068115234375
26.319976806640625,0.000896453857421875
26.642976760864258,0.00083160400390625
26.255510330200195,0.00087738037109375
26.39069175720215,0.000640869140625
26.181838989257812,0.00075531005859375
26.64588165283203,0.000507354736328125
26.70693016052246,0.000667572021484375
26.660688400268555,0.00066375732421875
26.456886291503906,0.000934600830078125
26.12470245361328,0.000873565673828125
26.73341941833496,0.000492095947265625
26.585918426513672,0.00072479248046875
25.995573043823242,0.000774383544921875
26.452959060668945,0.0007171630859375
26.850923538208008,0.00063323974609375
26.652740478515625,0.0005645751953125
26.330230712890625,0.0007171630859375
26.434480667114258,0.000896453857421875
26.803869247436523,0.000568389892578125
26.76704978942871,0.000911712646484375
26.17896842956543,0.0007781982421875
26.847274780273438,0.000324249267578125
26.139068603515625,0.000701904296875
26.480592727661133,0.00106048583984375
26.487167358398438,0.0004730224609375
26.31859588623047,0.0008697509765625
26.483102798461914,0.000732421875
26.63544273376465,0.00063323974609375
26.280323028564453,0.000667572021484375
26.09207534790039,0.000885009765625
26.75935173034668,0.000690460205078125
25.93229103088379,0.000659942626953125
25.7627010345459,0.00090789794921875
25.81208610534668,0.000644683837890625
26.43269157409668,0.000690460205078125
26.73796272277832,0.00074005126953125
26.78876495361328,0.000820159912109375
26.502178192138672,0.000919342041015625
26.516918182373047,0.0008087158203125
26.091896057128906,0.00057220458984375
26.028898239135742,0.00066375732421875
26.15847396850586,0.000675201416015625
26.141666412353516,0.00061798095703125
25.84366798400879,0.000774383544921875
26.136993408203125,0.000629425048828125
26.691972732543945,0.000728607177734375
26.585948944091797,0.000652313232421875
26.044822692871094,0.000949859619140625
26.569704055786133,0.000789642333984375
26.78287696838379,0.000942230224609375
26.152833938598633,0.000743865966796875
26.5098876953125,0.0005035400390625
26.534940719604492,0.000530242919921875
26.01363182067871,0.0004520416259765625
26.58491325378418,0.000583648681640625
26.39159393310547,0.0005340576171875
25.441967010498047,0.000629425048828125
26.281484603881836,0.000598907470703125
26.588869094848633,0.000720977783203125
26.5504150390625,0.000835418701171875
26.259321212768555,0.00074005126953125
26.338335037231445,0.000629425048828125
26.410017013549805,0.00086212158203125
25.82136344909668,0.000476837158203125
26.771949768066406,0.000782012939453125
26.600170135498047,0.0004291534423828125
25.828704833984375,0.000835418701171875
26.306224822998047,0.00061798095703125
26.899364471435547,0.000606536865234375
26.589447021484375,0.00061798095703125
25.272348403930664,0.000629425048828125
26.277345657348633,0.0004787445068359375
26.382368087768555,0.000896453857421875
26.198062896728516,0.00086212158203125
25.982070922851562,0.00051116943359375
25.718677520751953,0.0012664794921875
26.12973976135254,0.000576019287109375
26.73119354248047,0.0006103515625
26.93860626220703,0.000804901123046875
26.344995498657227,0.000675201416015625
26.51237678527832,0.00107574462890625
26.313003540039062,0.0007171630859375
25.988855361938477,0.000606536865234375
26.65245246887207,0.000835418701171875
26.603696823120117,0.00058746337890625
26.424278259277344,0.0003910064697265625
26.287513732910156,0.000682830810546875
26.297048568725586,0.000293731689453125
25.891128540039062,0.000629425048828125
26.357561111450195,0.00106048583984375
26.670045852661133,0.0005645751953125
25.81342887878418,0.000827789306640625
25.96472930908203,0.0008087158203125
26.319578170776367,0.00054931640625
25.754467010498047,0.00067901611328125
26.692541122436523,0.000637054443359375
26.54757308959961,0.000530242919921875
26.61661720275879,0.00069427490234375
26.5640811920166,0.00077056884765625
26.627531051635742,0.000728607177734375
26.385862350463867,0.00086212158203125
26.37884521484375,0.00067901611328125
26.32542610168457,0.00052642822265625
26.561363220214844,0.000652313232421875
25.728517532348633,0.00112152099609375
26.702503204345703,0.00066375732421875
26.83000946044922,0.00115203857421875
26.708280563354492,0.000713348388671875
25.91827964782715,0.000812530517578125
26.6334171295166,0.000812530517578125
26.71100425720215,0.0006866455078125
26.632530212402344,0.00080108642578125
26.088703155517578,0.00063323974609375
26.56853675842285,0.00098419189453125
26.878982543945312,0.00110626220703125
26.577377319335938,0.000865936279296875
26.525596618652344,0.00091552734375
26.40325355529785,0.00078582763671875
25.88783073425293,0.000492095947265625
26.484968185424805,0.0007781982421875
26.527996063232422,0.0011138916015625
26.256698608398438,0.00086212158203125
26.596620559692383,0.000797271728515625
26.517179489135742,0.0009307861328125
26.167932510375977,0.00115966796875
26.75664710998535,0.000507354736328125
26.304208755493164,0.00080108642578125
26.982423782348633,0.000560760498046875
26.10567855834961,0.00064849853515625
26.711097717285156,0.00101470947265625
26.765548706054688,0.000762939453125
26.20154571533203,0.00093841552734375
26.848112106323242,0.0010833740234375
26.467924118041992,0.000736236572265625
26.29205894470215,0.00069427490234375
26.720705032348633,0.00051116943359375
26.367826461791992,0.00075531005859375
26.37353515625,0.0009918212890625
26.655885696411133,0.00089263916015625
26.642658233642578,0.0008544921875
26.15391731262207,0.00086212158203125
26.6463565826416,0.0006103515625
26.686424255371094,0.00106048583984375
26.094959259033203,0.0005340576171875
25.669374465942383,0.0003509521484375
26.932146072387695,0.000865936279296875
26.76096534729004,0.000701904296875
26.324190139770508,0.0009918212890625
26.559850692749023,0.000965118408203125
25.900287628173828,0.00061798095703125
26.7067813873291,0.001007080078125
26.73238754272461,0.000789642333984375
26.494585037231445,0.000732421875
26.492063522338867,0.00070953369140625
26.87642478942871,0.00070953369140625
26.661052703857422,0.000698089599609375
26.2613525390625,0.0004596710205078125
26.274803161621094,0.001068115234375
26.46544647216797,0.000698089599609375
26.289297103881836,0.000823974609375
25.6636905670166,0.00057220458984375
26.70612144470215,0.000885009765625
26.400386810302734,0.00054168701171875
26.508935928344727,0.000701904296875
26.568500518798828,0.000583648681640625
26.57595443725586,0.000560760498046875
26.48674201965332,0.00080108642578125
26.088788986206055,0.000354766845703125
26.87403678894043,0.0007781982421875
26.444114685058594,0.00099945068359375
26.53131675720215,0.000957489013671875
26.005041122436523,0.00072479248046875
26.311307907104492,0.00055694580078125
25.910654067993164,0.00067901611328125
26.245830535888672,0.0005340576171875
26.297956466674805,0.000568389892578125
26.793840408325195,0.0006256103515625
26.512012481689453,0.000743865966796875
26.429615020751953,0.000637054443359375
26.657297134399414,0.000522613525390625
26.250782012939453,0.000690460205078125
27.049165725708008,0.00063323974609375
26.315509796142578,0.000637054443359375
26.446456909179688,0.0006561279296875
26.35917091369629,0.000507354736328125
26.288602828979492,0.00096893310546875
26.697532653808594,0.0003910064697265625
26.644365310668945,0.000682830810546875
26.74473762512207,0.00098419189453125
26.274442672729492,0.000598907470703125
25.936656951904297,0.000701904296875
26.314720153808594,0.00054168701171875
26.130203247070312,0.00057220458984375
26.31411361694336,0.0003662109375
26.48451805114746,0.00079345703125
26.225366592407227,0.000576019287109375
26.675336837768555,0.00090789794921875
26.295360565185547,0.000812530517578125
26.47323226928711,0.00086212158203125
25.483102798461914,0.0005035400390625
26.463300704956055,0.000705718994140625
26.54518699645996,0.00054931640625
26.40594482421875,0.00072479248046875
26.217805862426758,0.000438690185546875
26.36795425415039,0.000545501708984375
26.44727897644043,0.00084686279296875
26.291271209716797,0.00057220458984375
26.384462356567383,0.0003719329833984375
26.675926208496094,0.0008392333984375
26.524131774902344,0.000701904296875
26.43450927734375,0.0005340576171875
26.433074951171875,0.0003490447998046875
26.279951095581055,0.000568389892578125
25.499666213989258,0.000629425048828125
26.13301658630371,0.000591278076171875
26.38873863220215,0.000762939453125
26.735450744628906,0.00057220458984375
26.430740356445312,0.00054931640625
25.907325744628906,0.00032806396484375
25.96852684020996,0.00067138671875
25.9185848236084,0.00096893310546875
26.776708602905273,0.00087738037109375
26.256160736083984,0.00054168701171875
26.557954788208008,0.00057220458984375
26.677120208740234,0.000644683837890625
26.418529510498047,0.00058746337890625
26.39461898803711,0.00051116943359375
25.909881591796875,0.00089263916015625
26.490842819213867,0.00067138671875
26.243011474609375,0.001190185546875
26.115427017211914,0.0005645751953125
26.333297729492188,0.000774383544921875
25.996044158935547,0.000652313232421875
26.454315185546875,0.0009613037109375
26.55474281311035,0.000522613525390625
26.63530158996582,0.00093841552734375
25.476789474487305,0.000621795654296875
26.039894104003906,0.000591278076171875
26.03875160217285,0.000728607177734375
26.464845657348633,0.0006866455078125
26.54555892944336,0.000652313232421875
26.490392684936523,0.000823974609375
26.519119262695312,0.000640869140625
26.19769859313965,0.000537872314453125
26.42918586730957,0.000720977783203125
26.473302841186523,0.000606536865234375
26.003124237060547,0.00072479248046875
25.801254272460938,0.0008392333984375
25.66193389892578,0.000766754150390625
26.007957458496094,0.000732421875
26.723806381225586,0.000652313232421875
26.41040802001953,0.000461578369140625
26.422304153442383,0.000919342041015625
26.5997314453125,0.00067138671875
26.89208984375,0.000823974609375
26.67548942565918,0.000553131103515625
25.989089965820312,0.00084686279296875
26.27769660949707,0.000698089599609375
26.72989273071289,0.000911712646484375
26.624160766601562,0.000537872314453125
26.265289306640625,0.000881195068359375
25.880849838256836,0.0009002685546875
26.54806137084961,0.0004405975341796875
26.56903839111328,0.000659942626953125
26.75343894958496,0.00060272216796875
26.766571044921875,0.00077056884765625
26.067277908325195,0.000782012939453125
26.754146575927734,0.000759124755859375
26.723838806152344,0.00061798095703125
26.65357208251953,0.00070953369140625
26.586082458496094,0.000751495361328125
26.759031295776367,0.000537872314453125
26.038188934326172,0.000812530517578125
26.12636947631836,0.0008392333984375
25.971532821655273,0.000560760498046875
26.17902374267578,0.0003681182861328125
26.88551139831543,0.00048065185546875
26.633241653442383,0.000946044921875
26.03197479248047,0.000667572021484375
26.35165786743164,0.000728607177734375
26.606210708618164,0.0006866455078125
26.564199447631836,0.00048828125
26.14570426940918,0.000766754150390625
26.0546932220459,0.000865936279296875
25.874496459960938,0.000774383544921875
26.57366371154785,0.00098419189453125
26.25694465637207,0.00130462646484375
26.738636016845703,0.000865936279296875
26.440006256103516,0.00067901611328125
25.586708068847656,0.000701904296875
26.614076614379883,0.000934600830078125
26.732498168945312,0.00045013427734375
26.554136276245117,0.00081634521484375
26.497516632080078,0.0007476806640625
26.20874786376953,0.000812530517578125
26.15148162841797,0.000736236572265625
26.643173217773438,0.000911712646484375
26.75657844543457,0.000904083251953125
26.026948928833008,0.00069427490234375
26.049848556518555,0.000873565673828125
26.487228393554688,0.0007476806640625
26.765392303466797,0.00089263916015625
26.589683532714844,0.000637054443359375
26.411569595336914,0.000965118408203125
26.092199325561523,0.000469207763671875
26.086021423339844,0.000743865966796875
26.72309112548828,0.000518798828125
26.264148712158203,0.0006561279296875
26.461971282958984,0.000732421875
26.461488723754883,0.00057220458984375
26.843610763549805,0.000576019287109375
26.51734161376953,0.0003986358642578125
26.104686737060547,0.000774383544921875
26.8606014251709,0.0006103515625
26.706056594848633,0.000766754150390625
26.411937713623047,0.000949859619140625
26.334585189819336,0.00080108642578125
26.16271209716797,0.001129150390625
26.69074058532715,0.000789642333984375
26.49040985107422,0.0005340576171875
26.585752487182617,0.000522613525390625
26.35895538330078,0.000518798828125
26.36461639404297,0.000782012939453125
26.57097816467285,0.000568389892578125
26.504438400268555,0.000701904296875
26.644855499267578,0.000698089599609375
26.867990493774414,0.000591278076171875
26.259187698364258,0.000797271728515625
26.47163200378418,0.000629425048828125
26.189777374267578,0.00054168701171875
26.16440773010254,0.00054931640625
26.25897979736328,0.00057220458984375
26.45158576965332,0.00081634521484375
26.578813552856445,0.0006256103515625
26.271427154541016,0.0006866455078125
26.771474838256836,0.0008697509765625
26.278352737426758,0.000926971435546875
26.139995574951172,0.00102996826171875
26.53597068786621,0.000701904296875
26.23464012145996,0.000827789306640625
26.242198944091797,0.0004673004150390625
26.38601303100586,0.0008087158203125
26.646682739257812,0.000911712646484375
26.466781616210938,0.000797271728515625
26.066585540771484,0.000865936279296875
26.328575134277344,0.000659942626953125
25.84059715270996,0.000728607177734375
26.224044799804688,0.000926971435546875
26.464704513549805,0.0004425048828125
26.403966903686523,0.0006561279296875
26.41269874572754,0.000804901123046875
25.6264705657959,0.000583648681640625
26.395601272583008,0.000705718994140625
26.671403884887695,0.0005645751953125
26.375261306762695,0.000606536865234375
26.2178955078125,0.00069427490234375
26.312360763549805,0.000919342041015625
26.32533073425293,0.000957489013671875
26.418840408325195,0.000713348388671875
26.305885314941406,0.00103759765625
26.275524139404297,0.0004291534423828125
26.498538970947266,0.00067901611328125
26.4969482421875,0.000545501708984375
25.953866958618164,0.000873565673828125
26.581098556518555,0.00070953369140625
26.319894790649414,0.000743865966796875
26.024017333984375,0.000530242919921875
26.78248405456543,0.000774383544921875
26.464563369750977,0.0004634857177734375
26.69759750366211,0.0009002685546875
25.337570190429688,0.000640869140625
26.25589942932129,0.0009307861328125
26.234949111938477,0.000762939453125
26.616182327270508,0.00078582763671875
26.783966064453125,0.00077056884765625
26.282896041870117,0.000751495361328125
26.178083419799805,0.00061798095703125
26.73842430114746,0.000652313232421875
26.347949981689453,0.000904083251953125
25.845478057861328,0.000701904296875
25.78075408935547,0.000675201416015625
26.401758193969727,0.00087738037109375
26.217758178710938,0.000804901123046875
26.07497215270996,0.000629425048828125
26.479019165039062,0.00075531005859375
26.52086067199707,0.00067901611328125
26.4578914642334,0.00054168701171875
26.123069763183594,0.000507354736328125
26.671714782714844,0.000698089599609375
26.335744857788086,0.00080108642578125
26.400537490844727,0.00048828125
26.306663513183594,0.000751495361328125
26.24944496154785,0.000873565673828125
26.759428024291992,0.000751495361328125
26.27639389038086,0.000640869140625
26.632381439208984,0.000583648681640625
26.2554874420166,0.000736236572265625
26.187788009643555,0.000675201416015625
26.277847290039062,0.00104522705078125
25.927589416503906,0.000766754150390625
26.18890380859375,0.00084686279296875
26.154693603515625,0.0004825592041015625
26.167064666748047,0.000873565673828125
26.697057723999023,0.000965118408203125
26.53672981262207,0.000732421875
26.46797752380371,0.000675201416015625
26.28349494934082,0.000560760498046875
26.53956413269043,0.000637054443359375
26.118736267089844,0.000576019287109375
26.05442237854004,0.00104522705078125
26.66034698486328,0.00072479248046875
26.67984390258789,0.00083160400390625
26.329729080200195,0.00067138671875
26.222017288208008,0.000835418701171875
26.38901710510254,0.000621795654296875
26.491439819335938,0.00099945068359375
26.243497848510742,0.000762939453125
26.220186233520508,0.000522613525390625
26.78902244567871,0.000705718994140625
26.257688522338867,0.0004825592041015625
26.53708267211914,0.00070953369140625
26.370376586914062,0.000583648681640625
25.757633209228516,0.000736236572265625
26.752195358276367,0.000820159912109375
26.350234985351562,0.000263214111328125
26.352752685546875,0.00070953369140625
26.05401039123535,0.00079345703125
26.103586196899414,0.000762939453125
26.087841033935547,0.0006103515625
25.729421615600586,0.0004711151123046875
26.570959091186523,0.0008087158203125
25.92648696899414,0.000598907470703125
26.403270721435547,0.000667572021484375
26.093894958496094,0.0004444122314453125
26.70408058166504,0.000629425048828125
26.093887329101562,0.000705718994140625
26.80230712890625,0.00072479248046875
26.41092872619629,0.000957489013671875
25.947040557861328,0.000766754150390625
26.129779815673828,0.0009765625
26.475414276123047,0.00091552734375
26.277515411376953,0.00063323974609375
26.485260009765625,0.000720977783203125
26.686172485351562,0.00048828125
26.86443519592285,0.000728607177734375
26.311466217041016,0.00054168701171875
26.340999603271484,0.000476837158203125
26.756933212280273,0.000659942626953125
26.009593963623047,0.0006256103515625
26.390193939208984,0.00095367431640625
26.633115768432617,0.00101470947265625
26.23712158203125,0.0009765625
26.64163589477539,0.000583648681640625
26.087928771972656,0.000732421875
26.17563819885254,0.00102996826171875
26.626663208007812,0.00106048583984375
26.733081817626953,0.000705718994140625
26.55128288269043,0.00052642822265625
26.290433883666992,0.000942230224609375
26.685400009155273,0.001007080078125
26.598726272583008,0.00060272216796875
26.03559112548828,0.00067901611328125
26.839149475097656,0.000568389892578125
26.68168067932129,0.000553131103515625
26.810523986816406,0.00048065185546875
26.210834503173828,0.000637054443359375
26.414188385009766,0.000583648681640625
26.49810791015625,0.00054168701171875
26.962087631225586,0.0004482269287109375
26.947513580322266,0.0007476806640625
26.329608917236328,0.000934600830078125
26.599946975708008,0.000720977783203125
26.591379165649414,0.0006103515625
25.532482147216797,0.00107574462890625
26.516942977905273,0.00079345703125
27.109813690185547,0.0005950927734375
26.508472442626953,0.00061798095703125
26.062685012817383,0.000732421875
26.786375045776367,0.00115966796875
26.246076583862305,0.00072479248046875
26.599409103393555,0.000766754150390625
26.319869995117188,0.0005035400390625
26.364215850830078,0.00107574462890625
26.644615173339844,0.0005645751953125
26.24846076965332,0.0005340576171875
26.81897735595703,0.0009002685546875
26.599790573120117,0.00067901611328125
25.88216781616211,0.000789642333984375
26.487215042114258,0.000797271728515625
26.40825843811035,0.0004444122314453125
26.748249053955078,0.00055694580078125
25.901769638061523,0.000946044921875
26.572694778442383,0.000606536865234375
26.17690086364746,0.000705718994140625
26.20474624633789,0.00058746337890625
26.474416732788086,0.000720977783203125
26.597278594970703,0.00061798095703125
26.607576370239258,0.00078582763671875
25.82904052734375,0.000843048095703125
26.253482818603516,0.000469207763671875
26.371337890625,0.000606536865234375
25.994537353515625,0.00081634521484375
26.202239990234375,0.00070953369140625
26.7808780670166,0.000885009765625
26.704267501831055,0.000751495361328125
26.363018035888672,0.00090789794921875
26.439523696899414,0.00077056884765625
26.451217651367188,0.000698089599609375
25.733800888061523,0.0008392333984375
26.184593200683594,0.000629425048828125
26.457386016845703,0.000911712646484375
26.388011932373047,0.00067901611328125
26.55161476135254,0.000858306884765625
26.277469635009766,0.000576019287109375
26.369544982910156,0.000881195068359375
25.72370719909668,0.00101470947265625
26.14929962158203,0.000492095947265625
26.627708435058594,0.000591278076171875
26.321186065673828,0.000797271728515625
25.88712501525879,0.000606536865234375
26.886077880859375,0.00090789794921875
25.79924964904785,0.000911712646484375
26.628665924072266,0.0004520416259765625
26.281694412231445,0.000682830810546875
26.196880340576172,0.000545501708984375
26.442005157470703,0.0006103515625
26.45516014099121,0.000720977783203125
25.761032104492188,0.0007476806640625
26.483125686645508,0.0005950927734375
26.760019302368164,0.0004425048828125
26.379283905029297,0.00058746337890625
26.319499969482422,0.0006256103515625
26.126718521118164,0.00067901611328125
25.590471267700195,0.00118255615234375
26.016897201538086,0.000942230224609375
26.186050415039062,0.0004730224609375
26.14324378967285,0.0007781982421875
26.07294273376465,0.000701904296875
26.64054298400879,0.000637054443359375
26.652374267578125,0.000522613525390625
25.961463928222656,0.000560760498046875
26.318552017211914,0.000675201416015625
26.223979949951172,0.000675201416015625
25.548789978027344,0.000812530517578125
26.20765495300293,0.00072479248046875
26.613603591918945,0.0007476806640625
26.37141227722168,0.000972747802734375
26.48845672607422,0.0006103515625
26.04901695251465,0.000370025634765625
26.457714080810547,0.0004329681396484375
26.71377182006836,0.000736236572265625
26.13690948486328,0.000518798828125
25.720226287841797,0.000530242919921875
26.377016067504883,0.0008087158203125
26.33664894104004,0.000698089599609375
26.731725692749023,0.000743865966796875
26.437726974487305,0.000621795654296875
25.96763801574707,0.00106048583984375
26.23932647705078,0.000736236572265625
25.943445205688477,0.00054931640625
26.108327865600586,0.0007476806640625
26.622499465942383,0.00031280517578125
26.21175193786621,0.000934600830078125
26.39682388305664,0.000453948974609375
26.329627990722656,0.000637054443359375
25.829586029052734,0.000598907470703125
26.43968963623047,0.0006103515625
26.121511459350586,0.000579833984375
26.55387306213379,0.000823974609375
26.65287208557129,0.000621795654296875
26.08304214477539,0.000732421875
26.433929443359375,0.000904083251953125
26.502161026000977,0.000835418701171875
26.213220596313477,0.00060272216796875
26.45902442932129,0.000682830810546875
26.152929306030273,0.000579833984375
26.197294235229492,0.000659942626953125
26.411659240722656,0.000461578369140625
26.33943748474121,0.00066375732421875
26.22539520263672,0.000606536865234375
26.59807014465332,0.000698089599609375
26.742341995239258,0.00080108642578125
26.57842254638672,0.00074005126953125
26.449989318847656,0.00051116943359375
26.476543426513672,0.000457763671875
26.43621253967285,0.00074005126953125
26.693315505981445,0.00060272216796875
26.027557373046875,0.000675201416015625
26.12965202331543,0.000667572021484375
25.92652130126953,0.00084686279296875
25.97212791442871,0.00067138671875
26.729507446289062,0.000682830810546875
26.223369598388672,0.0008392333984375
26.71971321105957,0.00086212158203125
26.203365325927734,0.0006866455078125
26.350677490234375,0.00063323974609375
25.851831436157227,0.000568389892578125
26.06598663330078,0.000476837158203125
26.354286193847656,0.000919342041015625
26.24024772644043,0.000652313232421875
26.543392181396484,0.00078582763671875
26.15432357788086,0.00093841552734375
26.41573143005371,0.000640869140625
26.55246353149414,0.0007171630859375
26.321029663085938,0.000560760498046875
26.898502349853516,0.0004673004150390625
26.47911262512207,0.0007476806640625
27.025218963623047,0.000659942626953125
26.534984588623047,0.000598907470703125
26.00485610961914,0.000782012939453125
26.71575355529785,0.000469207763671875
26.717937469482422,0.00075531005859375
26.373048782348633,0.000774383544921875
26.540056228637695,0.00074005126953125
26.157989501953125,0.000797271728515625
25.999868392944336,0.00112152099609375
26.74121856689453,0.000812530517578125
26.258691787719727,0.000675201416015625
26.299930572509766,0.000911712646484375
25.69820213317871,0.0005340576171875
26.63062858581543,0.000675201416015625
26.22335433959961,0.00106048583984375
26.078590393066406,0.000759124755859375
26.00336265563965,0.000713348388671875
26.27411460876465,0.00054168701171875
26.431106567382812,0.000568389892578125
26.743425369262695,0.0007781982421875
26.007972717285156,0.000766754150390625
25.971052169799805,0.00101470947265625
26.574190139770508,0.000751495361328125
26.46941375732422,0.000751495361328125
26.36451530456543,0.00058746337890625
25.809776306152344,0.00080108642578125
26.262784957885742,0.0006256103515625
26.223630905151367,0.00096893310546875
26.73712158203125,0.0005340576171875
26.778409957885742,0.000850677490234375
26.45145034790039,0.0003948211669921875
26.338592529296875,0.000812530517578125
26.302845001220703,0.0003490447998046875
26.130325317382812,0.000690460205078125
26.266544342041016,0.0004425048828125
26.673879623413086,0.0004520416259765625
26.123043060302734,0.000926971435546875
26.882381439208984,0.000522613525390625
26.824644088745117,0.00095367431640625
26.445642471313477,0.000637054443359375
26.877105712890625,0.000507354736328125
26.4945011138916,0.000850677490234375
26.37559700012207,0.000701904296875
26.17831802368164,0.000637054443359375
26.323331832885742,0.0007476806640625
26.5191650390625,0.000957489013671875
26.51893424987793,0.0006256103515625
26.930015563964844,0.00093841552734375
26.411279678344727,0.000782012939453125
26.220773696899414,0.00078582763671875
26.311676025390625,0.000919342041015625
26.578638076782227,0.000782012939453125
26.525146484375,0.000690460205078125
26.62063217163086,0.000675201416015625
26.374561309814453,0.000904083251953125
26.618885040283203,0.0004730224609375
26.618215560913086,0.001007080078125
26.52329444885254,0.000621795654296875
26.332096099853516,0.000827789306640625
25.857013702392578,0.000732421875
25.87468147277832,0.00075531005859375
26.125017166137695,0.000637054443359375
26.479249954223633,0.000957489013671875
25.964460372924805,0.000682830810546875
26.153181076049805,0.000743865966796875
26.502592086791992,0.0005950927734375
26.495147705078125,0.000934600830078125
25.979576110839844,0.00066375732421875
26.469738006591797,0.00045013427734375
26.406742095947266,0.000732421875
26.626075744628906,0.0009307861328125
26.628629684448242,0.000762939453125
26.699026107788086,0.00087738037109375
26.812854766845703,0.0003757476806640625
25.803573608398438,0.000583648681640625
26.551342010498047,0.00089263916015625
26.275646209716797,0.00104522705078125
26.0783748626709,0.000583648681640625
26.845947265625,0.00095367431640625
26.37847137451172,0.00046539306640625
26.633092880249023,0.000553131103515625
26.44458770751953,0.000942230224609375
26.051799774169922,0.000423431396484375
26.51797103881836,0.00061798095703125
26.860763549804688,0.000629425048828125
26.780895233154297,0.000949859619140625
26.378934860229492,0.000522613525390625
26.352643966674805,0.000705718994140625
26.42647361755371,0.000652313232421875
26.38193130493164,0.000732421875
25.856761932373047,0.00103759765625
26.42477798461914,0.00104522705078125
26.365829467773438,0.00052642822265625
26.529315948486328,0.0005950927734375
26.052188873291016,0.000644683837890625
26.768016815185547,0.000743865966796875
26.587228775024414,0.00075531005859375
26.24710464477539,0.000926971435546875
26.447105407714844,0.000457763671875
26.25821304321289,0.0007476806640625
26.630956649780273,0.00083160400390625
26.720064163208008,0.00077056884765625
26.179264068603516,0.000576019287109375
26.43825912475586,0.000823974609375
26.429168701171875,0.000629425048828125
26.55158233642578,0.0006866455078125
26.39235496520996,0.00072479248046875
25.410987854003906,0.000820159912109375
26.517179489135742,0.000705718994140625
25.993284225463867,0.000732421875
26.693513870239258,0.00063323974609375
25.56192398071289,0.00091552734375
26.275644302368164,0.000591278076171875
26.203596115112305,0.00061798095703125
26.06715202331543,0.000640869140625
26.876943588256836,0.000690460205078125
26.38348960876465,0.000766754150390625
26.650314331054688,0.000576019287109375
26.27815818786621,0.000774383544921875
26.792137145996094,0.000762939453125
26.42518424987793,0.0004863739013671875
26.378332138061523,0.00074005126953125
26.56199836730957,0.00075531005859375
26.477399826049805,0.00051116943359375
26.78849983215332,0.000522613525390625
26.965728759765625,0.000732421875
26.624420166015625,0.001007080078125
26.703699111938477,0.000522613525390625
26.548233032226562,0.0005340576171875
26.389249801635742,0.00060272216796875
26.829004287719727,0.000698089599609375
26.394039154052734,0.0005950927734375
26.940330505371094,0.00058746337890625
26.38535499572754,0.00063323974609375
26.856115341186523,0.00095367431640625
25.766063690185547,0.00104522705078125
26.160858154296875,0.000896453857421875
26.207155227661133,0.000881195068359375
26.787416458129883,0.000751495361328125
26.75730323791504,0.000675201416015625
26.783658981323242,0.000614166259765625
26.121023178100586,0.000667572021484375
25.869131088256836,0.000843048095703125
26.527782440185547,0.00055694580078125
26.541481018066406,0.0006866455078125
26.293254852294922,0.000576019287109375
26.348295211791992,0.000736236572265625
26.839557647705078,0.000614166259765625
26.2830753326416,0.00051116943359375
26.641212463378906,0.000621795654296875
26.620418548583984,0.000579833984375
26.533042907714844,0.000885009765625
25.95405387878418,0.00061798095703125
26.100383758544922,0.00096893310546875
26.24579620361328,0.000835418701171875
26.257057189941406,0.00159454345703125
26.248186111450195,0.0004825592041015625
26.47264289855957,0.000888824462890625
26.091445922851562,0.000499725341796875
26.213335037231445,0.0008392333984375
26.46132469177246,0.0007476806640625
26.331865310668945,0.0005645751953125
26.132369995117188,0.000797271728515625
26.468278884887695,0.000885009765625
26.067819595336914,0.0009918212890625
25.987592697143555,0.0008544921875
26.267301559448242,0.000827789306640625
26.73792266845703,0.000598907470703125
26.29581642150879,0.000606536865234375
26.131275177001953,0.000598907470703125
26.68238067626953,0.000732421875
26.328752517700195,0.000827789306640625
26.71748161315918,0.00098419189453125
26.162309646606445,0.000644683837890625
26.6905574798584,0.000682830810546875
26.618152618408203,0.000850677490234375
26.614919662475586,0.000606536865234375
26.64398765563965,0.0004482269287109375
25.87450408935547,0.00078582763671875
26.40801429748535,0.000644683837890625
26.44563102722168,0.00066375732421875
26.562236785888672,0.000797271728515625
26.930233001708984,0.0006561279296875
26.40964126586914,0.000736236572265625
26.059844970703125,0.000823974609375
25.92586326599121,0.000667572021484375
25.358980178833008,0.00080108642578125
26.56072998046875,0.0011138916015625
25.801252365112305,0.000591278076171875
26.627777099609375,0.0008544921875
26.396228790283203,0.0006866455078125
26.256580352783203,0.000949859619140625
26.067201614379883,0.00077056884765625
26.659059524536133,0.0005340576171875
26.02328872680664,0.0006103515625
26.22209930419922,0.000675201416015625
26.35895538330078,0.000701904296875
26.57274055480957,0.00063323974609375
26.200786590576172,0.0007171630859375
26.369550704956055,0.000583648681640625
26.144123077392578,0.000766754150390625
26.674598693847656,0.000759124755859375
26.224048614501953,0.000518798828125
26.51535415649414,0.00080108642578125
26.608633041381836,0.00098419189453125
26.26325035095215,0.000789642333984375
26.173309326171875,0.00067901611328125
26.265905380249023,0.000530242919921875
26.448278427124023,0.000579833984375
26.541318893432617,0.00081634521484375
26.485763549804688,0.000606536865234375
26.69719123840332,0.000762939453125
26.584430694580078,0.000640869140625
26.309370040893555,0.00060272216796875
26.41238021850586,0.0005340576171875
25.994956970214844,0.00064849853515625
26.391464233398438,0.001007080078125
26.462553024291992,0.00064849853515625
26.504457473754883,0.0009613037109375
26.637378692626953,0.00042724609375
26.48295783996582,0.0004711151123046875
26.684633255004883,0.00072479248046875
26.173358917236328,0.000682830810546875
26.247821807861328,0.0007171630859375
26.45937728881836,0.0009307861328125
26.510730743408203,0.0003948211669921875
26.226884841918945,0.00081634521484375
26.108131408691406,0.0010833740234375
26.325847625732422,0.000629425048828125
26.492589950561523,0.000736236572265625
26.54535484313965,0.00069427490234375
26.638221740722656,0.00067138671875
26.383039474487305,0.0005035400390625
25.918033599853516,0.000469207763671875
26.28495216369629,0.00070953369140625
26.689149856567383,0.000576019287109375
26.489484786987305,0.00116729736328125
26.417551040649414,0.00092315673828125
25.67569351196289,0.000698089599609375
26.17938804626465,0.000514984130859375
26.67200469970703,0.0006256103515625
26.18546485900879,0.000698089599609375
26.66592788696289,0.000499725341796875
26.153398513793945,0.0004596710205078125
25.976028442382812,0.0006866455078125
25.867063522338867,0.000843048095703125
26.492971420288086,0.0007476806640625
26.167160034179688,0.0006256103515625
26.450578689575195,0.000591278076171875
26.46991539001465,0.00038909912109375
25.934036254882812,0.000762939453125
26.346311569213867,0.0011749267578125
26.783283233642578,0.000701904296875
25.920040130615234,0.001129150390625
26.246110916137695,0.0006866455078125
26.32350730895996,0.000698089599609375
26.208580017089844,0.000736236572265625
26.13261604309082,0.000759124755859375
26.752668380737305,0.000904083251953125
26.0168514251709,0.000438690185546875
26.169321060180664,0.000850677490234375
26.237367630004883,0.00067901611328125
26.292102813720703,0.00075531005859375
26.293088912963867,0.00058746337890625
26.26951789855957,0.0006866455078125
25.996871948242188,0.0005035400390625
25.737337112426758,0.000659942626953125
26.0679988861084,0.000537872314453125
26.54128074645996,0.000606536865234375
26.340662002563477,0.000713348388671875
26.68164825439453,0.00043487548828125
26.066099166870117,0.0006103515625
26.28343391418457,0.000614166259765625
26.049373626708984,0.0003490447998046875
26.926761627197266,0.000782012939453125
26.66999053955078,0.000713348388671875
26.180273056030273,0.0008087158203125
26.570356369018555,0.00067138671875
26.531400680541992,0.0007171630859375
26.280961990356445,0.000762939453125
26.530868530273438,0.000896453857421875
26.051738739013672,0.000885009765625
25.456043243408203,0.00067138671875
26.4312801361084,0.000835418701171875
26.319881439208984,0.000957489013671875
26.591304779052734,0.000377655029296875
26.563838958740234,0.000789642333984375
26.193584442138672,0.0003986358642578125
26.54073143005371,0.000789642333984375
26.21897315979004,0.00070953369140625
26.536663055419922,0.00067901611328125
26.542016983032227,0.00054931640625
26.261001586914062,0.000888824462890625
26.187618255615234,0.000576019287109375
26.23822784423828,0.0007781982421875
26.532123565673828,0.00075531005859375
26.17497444152832,0.00075531005859375
25.851011276245117,0.000698089599609375
26.017160415649414,0.00074005126953125
26.264663696289062,0.0004730224609375
26.7548828125,0.0004863739013671875
26.225173950195312,0.000640869140625
26.30866050720215,0.000637054443359375
25.657732009887695,0.0007171630859375
26.45635414123535,0.000530242919921875
26.44530487060547,0.000499725341796875
25.984851837158203,0.0006103515625
26.44761085510254,0.00051116943359375
26.85938835144043,0.00055694580078125
26.51878547668457,0.0004558563232421875
26.715194702148438,0.000789642333984375
26.329021453857422,0.000888824462890625
26.39768409729004,0.000946044921875
26.697479248046875,0.000812530517578125
26.872787475585938,0.000675201416015625
26.351640701293945,0.000946044921875
26.02825927734375,0.0006561279296875
26.45758056640625,0.00092315673828125
26.643850326538086,0.000858306884765625
26.59330177307129,0.000637054443359375
26.327892303466797,0.000537872314453125
25.896690368652344,0.001007080078125
26.423246383666992,0.00067138671875
26.504043579101562,0.00069427490234375
26.6270694732666,0.000507354736328125
26.43791389465332,0.00078582763671875
26.411348342895508,0.000732421875
26.550792694091797,0.0007171630859375
26.616769790649414,0.000873565673828125
26.10910987854004,0.0007171630859375
26.038816452026367,0.000637054443359375
26.285079956054688,0.000743865966796875
26.229869842529297,0.00075531005859375
26.31427574157715,0.000804901123046875
26.62970733642578,0.00055694580078125
26.65105628967285,0.0006866455078125
26.535585403442383,0.000629425048828125
25.91915512084961,0.000499725341796875
26.233182907104492,0.000614166259765625
26.775630950927734,0.000942230224609375
26.424518585205078,0.00057220458984375
25.75176429748535,0.0006103515625
26.4326229095459,0.00098419189453125
26.639955520629883,0.0006103515625
25.596832275390625,0.000537872314453125
26.499238967895508,0.000640869140625
25.96900749206543,0.000732421875
26.295581817626953,0.000705718994140625
26.598081588745117,0.000820159912109375
26.533193588256836,0.000881195068359375
26.779373168945312,0.000728607177734375
26.288681030273438,0.000457763671875
26.361642837524414,0.00095367431640625
26.031484603881836,0.00055694580078125
26.807613372802734,0.000492095947265625
26.13861656188965,0.000789642333984375
26.347585678100586,0.000637054443359375
26.705291748046875,0.000446319580078125
26.162343978881836,0.00081634521484375
26.82415771484375,0.00077056884765625
26.54073715209961,0.000835418701171875
26.392179489135742,0.000522613525390625
26.959638595581055,0.0004253387451171875
26.620553970336914,0.000621795654296875
26.752098083496094,0.000743865966796875
26.76757049560547,0.0010986328125
25.801767349243164,0.00093841552734375
26.142723083496094,0.0009613037109375
26.56144905090332,0.000701904296875
26.07354164123535,0.000446319580078125
25.80297088623047,0.00064849853515625
26.26532554626465,0.000518798828125
26.671844482421875,0.000537872314453125
26.645118713378906,0.000675201416015625
26.565706253051758,0.000885009765625
26.699913024902344,0.0007476806640625
26.442285537719727,0.0007781982421875
26.393823623657227,0.00058746337890625
26.22744369506836,0.00074005126953125
26.61070442199707,0.000614166259765625
25.9605770111084,0.000614166259765625
26.33211898803711,0.000598907470703125
26.636489868164062,0.00081634521484375
26.352144241333008,0.000598907470703125
26.33082389831543,0.000713348388671875
26.0559024810791,0.001068115234375
26.491474151611328,0.00067901611328125
26.378629684448242,0.000457763671875
26.226173400878906,0.00067901611328125
25.90907859802246,0.00142669677734375
26.05759048461914,0.000476837158203125
25.83793067932129,0.0009765625
26.63701057434082,0.000522613525390625
26.509416580200195,0.000804901123046875
26.652578353881836,0.000690460205078125
26.629451751708984,0.00069427490234375
26.271265029907227,0.00048828125
26.5113582611084,0.000751495361328125
26.244304656982422,0.000751495361328125
26.581043243408203,0.000743865966796875
25.826013565063477,0.000606536865234375
26.626758575439453,0.000560760498046875
26.389331817626953,0.00061798095703125
26.097963333129883,0.000789642333984375
26.613197326660156,0.00054168701171875
25.698328018188477,0.00070953369140625
26.62454605102539,0.000522613525390625
26.34349250793457,0.001129150390625
26.29730987548828,0.000926971435546875
26.757787704467773,0.000782012939453125
26.451480865478516,0.00063323974609375
26.496217727661133,0.000732421875
26.61095428466797,0.000850677490234375
26.481552124023438,0.0007171630859375
26.4368839263916,0.000736236572265625
26.03947639465332,0.000408172607421875
26.374048233032227,0.000782012939453125
26.24598503112793,0.00086212158203125
26.323692321777344,0.000774383544921875
24.987211227416992,0.000720977783203125
26.33346176147461,0.00058746337890625
26.405399322509766,0.0008087158203125
26.402362823486328,0.00069427490234375
26.378583908081055,0.0007171630859375
26.459545135498047,0.000514984130859375
26.36952781677246,0.00061798095703125
26.502044677734375,0.0008697509765625
26.63239860534668,0.000751495361328125
26.674129486083984,0.00102996826171875
26.375041961669922,0.000370025634765625
26.630735397338867,0.000766754150390625
26.188947677612305,0.000675201416015625
26.546091079711914,0.0007476806640625
26.42774200439453,0.000553131103515625
26.321012496948242,0.00069427490234375
26.325767517089844,0.000698089599609375
26.222501754760742,0.00063323974609375
26.66412925720215,0.000782012939453125
26.369884490966797,0.00069427490234375
26.351041793823242,0.00051116943359375
26.914213180541992,0.00098419189453125
26.803096771240234,0.00054931640625
26.33962059020996,0.000705718994140625
26.414085388183594,0.00066375732421875
26.165468215942383,0.000659942626953125
26.273448944091797,0.00063323974609375
25.799705505371094,0.000873565673828125
26.55321502685547,0.000667572021484375
25.88629913330078,0.000896453857421875
26.328054428100586,0.000766754150390625
26.471033096313477,0.000888824462890625
26.269487380981445,0.000644683837890625
26.327974319458008,0.00077056884765625
26.343055725097656,0.00061798095703125
25.93511390686035,0.0011138916015625
26.55570411682129,0.000873565673828125
26.30295181274414,0.00086212158203125
26.325056076049805,0.000652313232421875
26.385377883911133,0.000743865966796875
26.3527774810791,0.000762939453125
26.5087833404541,0.000766754150390625
26.752588272094727,0.000644683837890625
26.224258422851562,0.000736236572265625
26.367685317993164,0.000865936279296875
26.30841827392578,0.0005950927734375
26.300809860229492,0.0008544921875
26.74995994567871,0.000728607177734375
26.294103622436523,0.000652313232421875
26.64497947692871,0.000568389892578125
26.39435577392578,0.000698089599609375
26.297531127929688,0.000934600830078125
26.840652465820312,0.00078582763671875
26.36643409729004,0.000576019287109375
26.14093017578125,0.00102996826171875
26.158479690551758,0.000972747802734375
25.785778045654297,0.00067138671875
26.662620544433594,0.000545501708984375
26.238903045654297,0.0004024505615234375
26.23690414428711,0.00078582763671875
26.659582138061523,0.000782012939453125
26.961959838867188,0.00064849853515625
26.208126068115234,0.000705718994140625
26.451229095458984,0.000675201416015625
26.442867279052734,0.000579833984375
26.538530349731445,0.000568389892578125
26.70403289794922,0.000640869140625
27.023216247558594,0.00074005126953125
26.833492279052734,0.0004558563232421875
26.607267379760742,0.000766754150390625
26.7181396484375,0.000579833984375
26.20793914794922,0.00096893310546875
26.214187622070312,0.00115203857421875
26.120363235473633,0.000713348388671875
26.640438079833984,0.00074005126953125
26.147628784179688,0.001007080078125
26.422700881958008,0.00064849853515625
26.68240737915039,0.00060272216796875
25.762256622314453,0.00052642822265625
26.388158798217773,0.0006561279296875
26.80159568786621,0.000774383544921875
26.716110229492188,0.000583648681640625
26.44080924987793,0.0007171630859375
26.48396873474121,0.0006256103515625
26.390302658081055,0.000492095947265625
25.701601028442383,0.000522613525390625
26.044525146484375,0.0004425048828125
26.25054359436035,0.00086212158203125
26.420928955078125,0.00079345703125
26.43675422668457,0.0003376007080078125
26.484195709228516,0.000675201416015625
26.444698333740234,0.00072479248046875
26.554275512695312,0.000629425048828125
26.37495994567871,0.000576019287109375
26.678068161010742,0.000942230224609375
26.56351089477539,0.0008087158203125
26.539152145385742,0.0003719329833984375
26.62021255493164,0.000492095947265625
26.060192108154297,0.00089263916015625
26.12724494934082,0.0005035400390625
26.209226608276367,0.000484466552734375
26.01690101623535,0.000579833984375
26.370967864990234,0.00084686279296875
26.723115921020508,0.0009765625
26.033044815063477,0.0008697509765625
26.465173721313477,0.00069427490234375
26.484291076660156,0.000476837158203125
26.672672271728516,0.000774383544921875
26.368764877319336,0.00069427490234375
26.51597023010254,0.0008697509765625
26.349374771118164,0.000431060791015625
26.321735382080078,0.00051116943359375
26.301719665527344,0.00049591064453125
26.39717674255371,0.000873565673828125
26.55698585510254,0.0004520416259765625
26.437213897705078,0.000614166259765625
26.34173583984375,0.000934600830078125
26.466339111328125,0.000926971435546875
26.39642906188965,0.00064849853515625
26.223159790039062,0.00077056884765625
26.00191879272461,0.0004405975341796875
26.868181228637695,0.000858306884765625
25.998592376708984,0.000507354736328125
26.257734298706055,0.000827789306640625
26.618162155151367,0.000827789306640625
26.606294631958008,0.0004863739013671875
26.207809448242188,0.000827789306640625
26.27766227722168,0.00112152099609375
26.060569763183594,0.000713348388671875
25.825103759765625,0.000583648681640625
26.417234420776367,0.00058746337890625
26.104503631591797,0.00055694580078125
26.731103897094727,0.000720977783203125
25.251644134521484,0.00063323974609375
26.112600326538086,0.000629425048828125
26.13432502746582,0.000705718994140625
26.635272979736328,0.0006561279296875
25.941455841064453,0.000827789306640625
26.0084171295166,0.000713348388671875
26.235061645507812,0.000652313232421875
26.588003158569336,0.0010528564453125
26.684024810791016,0.00067138671875
26.092870712280273,0.00079345703125
26.167539596557617,0.000823974609375
26.468074798583984,0.000644683837890625
26.59861183166504,0.000507354736328125
26.49671745300293,0.000507354736328125
26.625614166259766,0.00051116943359375
26.63433837890625,0.0010528564453125
26.335315704345703,0.000865936279296875
26.499160766601562,0.00058746337890625
26.763269424438477,0.000782012939453125
26.488250732421875,0.000713348388671875
26.69159698486328,0.0004444122314453125
26.504547119140625,0.000885009765625
26.62667465209961,0.00075531005859375
26.732656478881836,0.00118255615234375
26.351531982421875,0.0008697509765625
26.390541076660156,0.000865936279296875
26.63260841369629,0.0006561279296875
26.239595413208008,0.00098419189453125
26.034587860107422,0.00051116943359375
26.48152732849121,0.000865936279296875
25.94715690612793,0.000579833984375
26.722944259643555,0.000827789306640625
25.855287551879883,0.0006561279296875
26.42661476135254,0.000835418701171875
26.40549087524414,0.000736236572265625
26.40044593811035,0.000560760498046875
26.337736129760742,0.0011138916015625
26.05869483947754,0.0008697509765625
26.399675369262695,0.00058746337890625
26.076326370239258,0.00020313262939453125
26.691740036010742,0.000560760498046875
26.755760192871094,0.000701904296875
26.07712173461914,0.000743865966796875
26.6484432220459,0.00063323974609375
26.48143768310547,0.000652313232421875
26.83074951171875,0.0004558563232421875
25.995357513427734,0.000690460205078125
26.593008041381836,0.00048065185546875
26.618791580200195,0.00083160400390625
26.624128341674805,0.00054168701171875
26.348289489746094,0.000732421875
26.34832763671875,0.000682830810546875
26.183509826660156,0.000843048095703125
26.182893753051758,0.00077056884765625
25.81048583984375,0.00083160400390625
25.939712524414062,0.000823974609375
26.308637619018555,0.00054931640625
25.598188400268555,0.0005645751953125
26.16838264465332,0.00070953369140625
26.218873977661133,0.0004863739013671875
26.214059829711914,0.000560760498046875
26.431947708129883,0.000553131103515625
26.127212524414062,0.000713348388671875
26.21518325805664,0.000675201416015625
26.461578369140625,0.000621795654296875
25.760534286499023,0.00069427490234375
26.118038177490234,0.00058746337890625
26.1829776763916,0.0008697509765625
26.122188568115234,0.0004730224609375
26.424896240234375,0.00090789794921875
26.16958236694336,0.000736236572265625
26.38237762451172,0.00054931640625
26.500347137451172,0.00115203857421875
26.205602645874023,0.0006256103515625
26.148006439208984,0.000606536865234375
26.247716903686523,0.00090789794921875
26.521541595458984,0.00041961669921875
26.12530517578125,0.000621795654296875
26.32387351989746,0.0005035400390625
26.814115524291992,0.000579833984375
26.609172821044922,0.000667572021484375
26.440174102783203,0.00066375732421875
25.78464698791504,0.000843048095703125
25.877979278564453,0.00057220458984375
26.538894653320312,0.000629425048828125
26.23836326599121,0.000614166259765625
26.414913177490234,0.0004749298095703125
26.252534866333008,0.0003528594970703125
26.403331756591797,0.000732421875
26.612550735473633,0.00115203857421875
26.183591842651367,0.000507354736328125
26.48260498046875,0.00067138671875
26.266380310058594,0.000804901123046875
26.468847274780273,0.000629425048828125
26.43301773071289,0.00066375732421875
25.907495498657227,0.000606536865234375
26.61317253112793,0.000732421875
26.308759689331055,0.000858306884765625
26.605045318603516,0.000858306884765625
25.884817123413086,0.0005035400390625
26.55103302001953,0.00061798095703125
26.261505126953125,0.0007171630859375
26.35740852355957,0.00092315673828125
26.627016067504883,0.0009307861328125
26.89046859741211,0.00066375732421875
26.671804428100586,0.00063323974609375
26.448543548583984,0.000762939453125
26.733823776245117,0.000858306884765625
26.200685501098633,0.00058746337890625
26.202186584472656,0.000820159912109375
26.320520401000977,0.000698089599609375
26.201074600219727,0.00102996826171875
26.356887817382812,0.000873565673828125
26.299686431884766,0.0008087158203125
26.4366512298584,0.00115203857421875
25.820802688598633,0.00041961669921875
26.679853439331055,0.00122833251953125
26.481508255004883,0.00092315673828125
26.055286407470703,0.001007080078125
26.277976989746094,0.0007476806640625
26.1508846282959,0.000621795654296875
26.685531616210938,0.0006866455078125
26.12622833251953,0.000583648681640625
27.10577964782715,0.00093841552734375
26.11090660095215,0.000957489013671875
26.663496017456055,0.00061798095703125
26.713102340698242,0.00102996826171875
26.420656204223633,0.0007476806640625
26.310447692871094,0.000415802001953125
26.05767059326172,0.000476837158203125
26.07733726501465,0.000675201416015625
26.37480354309082,0.000766754150390625
26.130233764648438,0.00087738037109375
26.173988342285156,0.000713348388671875
25.794374465942383,0.000598907470703125
26.032190322875977,0.0006103515625
26.574968338012695,0.000682830810546875
26.186357498168945,0.000873565673828125
26.551380157470703,0.000682830810546875
26.352880477905273,0.000621795654296875
26.84091567993164,0.00067138671875
26.25315284729004,0.000698089599609375
26.72399139404297,0.000820159912109375
26.17117691040039,0.00093841552734375
26.283226013183594,0.00054168701171875
26.407846450805664,0.00057220458984375
26.445295333862305,0.0006866455078125
26.411470413208008,0.00081634521484375
26.3432674407959,0.000736236572265625
26.588104248046875,0.000804901123046875
25.368179321289062,0.00077056884765625
26.13017463684082,0.000926971435546875
27.052963256835938,0.0006103515625
25.986726760864258,0.000484466552734375
26.842912673950195,0.000720977783203125
26.659685134887695,0.000820159912109375
25.852344512939453,0.00063323974609375
26.315019607543945,0.000713348388671875
25.80300521850586,0.000782012939453125
26.27967643737793,0.000965118408203125
26.5732479095459,0.00069427490234375
26.697023391723633,0.000972747802734375
26.952957153320312,0.0006561279296875
26.352201461791992,0.000759124755859375
26.474916458129883,0.00090789794921875
26.679779052734375,0.00101470947265625
26.279752731323242,0.00113677978515625
26.374677658081055,0.0007171630859375
26.304410934448242,0.001220703125
26.37550163269043,0.000865936279296875
26.450273513793945,0.000701904296875
25.926044464111328,0.000835418701171875
26.072404861450195,0.000553131103515625
25.98615837097168,0.00070953369140625
26.232282638549805,0.0008697509765625
26.485923767089844,0.0011749267578125
26.314760208129883,0.000843048095703125
26.583892822265625,0.000728607177734375
26.128320693969727,0.000743865966796875
26.398096084594727,0.00049591064453125
26.456439971923828,0.000835418701171875
26.98894691467285,0.000652313232421875
26.48151969909668,0.0004100799560546875
25.54388427734375,0.000885009765625
26.035606384277344,0.000774383544921875
26.242706298828125,0.0002994537353515625
26.4782657623291,0.000507354736328125
26.478248596191406,0.00096893310546875
26.519012451171875,0.0007476806640625
26.729595184326172,0.0004482269287109375
26.750574111938477,0.000713348388671875
26.697437286376953,0.0005645751953125
26.771982192993164,0.00079345703125
26.642719268798828,0.00054168701171875
26.467529296875,0.00066375732421875
26.76711654663086,0.0004215240478515625
26.281400680541992,0.000377655029296875
26.678020477294922,0.000896453857421875
26.7195987701416,0.00054931640625
26.36488914489746,0.0006561279296875
26.815887451171875,0.000827789306640625
26.330228805541992,0.000774383544921875
26.28438949584961,0.000843048095703125
27.004037857055664,0.000762939453125
26.339496612548828,0.000705718994140625
26.72209358215332,0.00042724609375
26.191530227661133,0.00103759765625
26.339365005493164,0.00067901611328125
26.46550750732422,0.0009002685546875
26.104948043823242,0.00064849853515625
26.53998565673828,0.000507354736328125
26.248123168945312,0.000782012939453125
26.257614135742188,0.00063323974609375
26.646976470947266,0.0007781982421875
26.475833892822266,0.00069427490234375
26.393028259277344,0.00067901611328125
26.017066955566406,0.00067901611328125
26.034732818603516,0.0009918212890625
26.32040786743164,0.000896453857421875
25.81671142578125,0.00052642822265625
26.485692977905273,0.00080108642578125
26.36040496826172,0.0007171630859375
26.137706756591797,0.000583648681640625
26.376747131347656,0.00055694580078125
26.445589065551758,0.00045013427734375
26.1568660736084,0.000659942626953125
26.528156280517578,0.0008697509765625
26.57227897644043,0.00069427490234375
26.000459671020508,0.00060272216796875
26.472795486450195,0.000759124755859375
26.394344329833984,0.000759124755859375
26.65241050720215,0.0004253387451171875
26.215240478515625,0.000499725341796875
26.333803176879883,0.0009002685546875
26.40755271911621,0.000743865966796875
26.228939056396484,0.00101470947265625
26.18901252746582,0.00045013427734375
26.37943458557129,0.000728607177734375
26.58133316040039,0.000732421875
26.72006607055664,0.0004138946533203125
26.75723648071289,0.00072479248046875
26.370607376098633,0.00052642822265625
26.78348159790039,0.0010223388671875
26.04827880859375,0.00099945068359375
26.176210403442383,0.00070953369140625
26.732402801513672,0.000751495361328125
26.378307342529297,0.000701904296875
26.430727005004883,0.000823974609375
26.3590087890625,0.000499725341796875
26.369117736816406,0.00054931640625
26.011911392211914,0.0005645751953125
26.049972534179688,0.00054168701171875
26.115732192993164,0.00067901611328125
25.87249183654785,0.0003643035888671875
26.340023040771484,0.000797271728515625
26.45505714416504,0.00054931640625
26.513309478759766,0.000568389892578125
26.515195846557617,0.00078582763671875
26.03998565673828,0.000751495361328125
26.3275089263916,0.0007476806640625
26.63421058654785,0.00067901611328125
26.420570373535156,0.000759124755859375
26.714550018310547,0.000591278076171875
26.392559051513672,0.001220703125
26.39342498779297,0.0003299713134765625
26.052330017089844,0.0009002685546875
26.88625144958496,0.00074005126953125
26.33268928527832,0.00048065185546875
26.523563385009766,0.00093841552734375
26.116701126098633,0.000858306884765625
26.324607849121094,0.00061798095703125
26.21245765686035,0.000652313232421875
26.540496826171875,0.000732421875
25.953651428222656,0.000614166259765625
26.3100528717041,0.00091552734375
26.325037002563477,0.000934600830078125
26.544021606445312,0.000713348388671875
26.44362449645996,0.000942230224609375
26.583436965942383,0.000774383544921875
25.587331771850586,0.00048828125
26.418323516845703,0.00074005126953125
26.401052474975586,0.00061798095703125
26.47675895690918,0.000904083251953125
26.971969604492188,0.000354766845703125
26.25334930419922,0.000652313232421875
26.47946548461914,0.000713348388671875
26.687984466552734,0.00081634521484375
26.3638858795166,0.0005035400390625
26.196029663085938,0.00075531005859375
26.0616397857666,0.0004749298095703125
26.246063232421875,0.000537872314453125
26.4255428314209,0.000896453857421875
25.404916763305664,0.000640869140625
26.263765335083008,0.0004673004150390625
26.27182388305664,0.00061798095703125
26.071815490722656,0.000553131103515625
26.229900360107422,0.00090789794921875
26.583354949951172,0.0005035400390625
25.50702476501465,0.000598907470703125
25.74045753479004,0.000576019287109375
26.19207000732422,0.000720977783203125
26.374359130859375,0.00080108642578125
26.59054946899414,0.000701904296875
26.813440322875977,0.000789642333984375
26.65056800842285,0.000518798828125
26.591278076171875,0.0006103515625
26.587888717651367,0.0006103515625
26.822284698486328,0.0007781982421875
26.056291580200195,0.0003910064697265625
26.496435165405273,0.00064849853515625
26.61557960510254,0.00075531005859375
26.346973419189453,0.000705718994140625
26.134836196899414,0.000457763671875
26.956323623657227,0.00080108642578125
26.700700759887695,0.00067901611328125
26.591251373291016,0.000823974609375
26.508996963500977,0.000946044921875
26.55489730834961,0.0003662109375
26.731796264648438,0.00058746337890625
26.41132354736328,0.000759124755859375
26.585729598999023,0.00087738037109375
26.625844955444336,0.000713348388671875
26.629175186157227,0.0004730224609375
26.85834503173828,0.000797271728515625
26.717647552490234,0.00057220458984375
26.449426651000977,0.0010223388671875
26.057748794555664,0.000789642333984375
26.42131233215332,0.00066375732421875
26.42951202392578,0.000682830810546875
26.780031204223633,0.00061798095703125
26.622947692871094,0.000591278076171875
26.508237838745117,0.000690460205078125
26.12525749206543,0.000652313232421875
26.275314331054688,0.00052642822265625
26.645343780517578,0.000850677490234375
26.146888732910156,0.00095367431640625
26.37775230407715,0.000576019287109375
26.036996841430664,0.0004329681396484375
26.647891998291016,0.00075531005859375
26.81974983215332,0.00052642822265625
26.970684051513672,0.0003948211669921875
26.55965232849121,0.0004634857177734375
26.462892532348633,0.000942230224609375
25.55211067199707,0.0005645751953125
26.167705535888672,0.000659942626953125
26.197118759155273,0.00086212158203125
26.662607192993164,0.00057220458984375
26.537723541259766,0.000682830810546875
26.662076950073242,0.000606536865234375
26.401758193969727,0.00060272216796875
26.258834838867188,0.0011138916015625
26.372623443603516,0.000690460205078125
26.633316040039062,0.000789642333984375
26.432470321655273,0.0006103515625
26.183515548706055,0.00061798095703125
26.299835205078125,0.000827789306640625
26.494470596313477,0.000621795654296875
26.4860782623291,0.000728607177734375
26.572473526000977,0.000850677490234375
26.375776290893555,0.00064849853515625
26.176834106445312,0.000396728515625
26.243026733398438,0.000751495361328125
26.61845588684082,0.0003643035888671875
25.83719825744629,0.000682830810546875
26.360824584960938,0.00069427490234375
26.385969161987305,0.000865936279296875
26.431074142456055,0.000537872314453125
26.5252685546875,0.000759124755859375
26.274375915527344,0.000972747802734375
26.540714263916016,0.00072479248046875
26.180068969726562,0.0009765625
26.39078140258789,0.00048828125
26.35486602783203,0.0004482269287109375
26.127971649169922,0.00054931640625
26.69410514831543,0.00048828125
25.721723556518555,0.0006561279296875
26.17583656311035,0.000453948974609375
26.016033172607422,0.000713348388671875
26.38556480407715,0.00052642822265625
26.814682006835938,0.000492095947265625
26.547508239746094,0.000606536865234375
26.29728889465332,0.00091552734375
26.575618743896484,0.000644683837890625
26.755783081054688,0.000518798828125
25.837791442871094,0.0005035400390625
26.155502319335938,0.000579833984375
26.171398162841797,0.000720977783203125
26.202322006225586,0.0008087158203125
26.138275146484375,0.0010223388671875
26.100854873657227,0.000614166259765625
26.699254989624023,0.00091552734375
25.959613800048828,0.000560760498046875
26.787477493286133,0.000675201416015625
26.06206512451172,0.00051116943359375
25.860307693481445,0.0008544921875
26.0855712890625,0.000499725341796875
26.185775756835938,0.0003452301025390625
26.258346557617188,0.00109100341796875
26.272897720336914,0.000926971435546875
25.99488639831543,0.0004367828369140625
26.043182373046875,0.00092315673828125
26.7177734375,0.0004596710205078125
26.24964141845703,0.000408172607421875
26.62357521057129,0.0006103515625
26.3409366607666,0.00063323974609375
25.88865852355957,0.0007476806640625
25.921833038330078,0.000759124755859375
26.390859603881836,0.00058746337890625
26.380762100219727,0.000583648681640625
26.650535583496094,0.000942230224609375
25.99359130859375,0.000492095947265625
26.198375701904297,0.000743865966796875
26.667856216430664,0.000316619873046875
26.688987731933594,0.00067138671875
26.077611923217773,0.000843048095703125
26.05360984802246,0.00061798095703125
26.001441955566406,0.0008697509765625
26.070505142211914,0.000759124755859375
26.080364227294922,0.0004291534423828125
26.74806785583496,0.000507354736328125
26.414600372314453,0.000823974609375
26.852943420410156,0.000568389892578125
26.374664306640625,0.00090789794921875
26.501392364501953,0.000732421875
26.184694290161133,0.000728607177734375
25.587203979492188,0.000904083251953125
26.049753189086914,0.00078582763671875
26.52200698852539,0.000804901123046875
26.70909309387207,0.000713348388671875
26.197568893432617,0.00099945068359375
26.799556732177734,0.000804901123046875
26.49751091003418,0.00057220458984375
26.532184600830078,0.00077056884765625
26.320720672607422,0.00078582763671875
26.278657913208008,0.000415802001953125
26.266260147094727,0.000865936279296875
25.96942710876465,0.0004425048828125
26.40385627746582,0.00096893310546875
26.13629913330078,0.000797271728515625
26.665145874023438,0.000659942626953125
26.726030349731445,0.00078582763671875
26.309812545776367,0.00038909912109375
26.53253746032715,0.00061798095703125
26.52911376953125,0.000396728515625
26.581144332885742,0.0007476806640625
26.462200164794922,0.000675201416015625
26.289325714111328,0.0005645751953125
26.56753158569336,0.000682830810546875
26.140199661254883,0.0013580322265625
26.32288932800293,0.00067901611328125
26.9455623626709,0.000713348388671875
26.69905662536621,0.000457763671875
26.351970672607422,0.0009613037109375
25.65995979309082,0.000606536865234375
26.216142654418945,0.00064849853515625
26.6303653717041,0.000698089599609375
26.270511627197266,0.0009002685546875
26.859224319458008,0.0010833740234375
26.398881912231445,0.0006103515625
26.836475372314453,0.00069427490234375
26.30504608154297,0.000522613525390625
26.443492889404297,0.000698089599609375
26.47611427307129,0.000698089599609375
26.222179412841797,0.0009918212890625
26.52737808227539,0.000759124755859375
26.36758804321289,0.000545501708984375
26.896757125854492,0.00049591064453125
26.492595672607422,0.000896453857421875
26.295793533325195,0.000591278076171875
26.356706619262695,0.000690460205078125
26.43086051940918,0.00084686279296875
26.325090408325195,0.000591278076171875
25.990280151367188,0.000782012939453125
26.467763900756836,0.000865936279296875
26.803699493408203,0.0009918212890625
26.069303512573242,0.000629425048828125
26.605628967285156,0.000858306884765625
26.68840217590332,0.00074005126953125
26.46222496032715,0.000629425048828125
26.553987503051758,0.000782012939453125
26.458585739135742,0.00049591064453125
26.535770416259766,0.0009307861328125
26.66270637512207,0.0007476806640625
26.26555824279785,0.000640869140625
26.611408233642578,0.000812530517578125
26.554489135742188,0.000579833984375
26.639678955078125,0.00090789794921875
26.304676055908203,0.001068115234375
26.814861297607422,0.000797271728515625
26.321704864501953,0.000644683837890625
26.019304275512695,0.000690460205078125
26.42026710510254,0.0009765625
26.1097354888916,0.000614166259765625
26.7430419921875,0.000579833984375
26.54708480834961,0.000530242919921875
26.46402931213379,0.000690460205078125
26.585548400878906,0.000827789306640625
26.548070907592773,0.00063323974609375
26.448026657104492,0.000507354736328125
26.326923370361328,0.0007476806640625
26.563703536987305,0.000720977783203125
26.47075843811035,0.00104522705078125
26.553903579711914,0.0008544921875
26.668481826782227,0.000942230224609375
25.941848754882812,0.000576019287109375
25.97600746154785,0.0006866455078125
26.5660343170166,0.00058746337890625
26.614452362060547,0.00116729736328125
26.455183029174805,0.000423431396484375
26.299453735351562,0.00080108642578125
26.49578285217285,0.0006866455078125
26.556650161743164,0.000766754150390625
26.312177658081055,0.0004634857177734375
25.901411056518555,0.000637054443359375
26.363563537597656,0.00077056884765625
26.751304626464844,0.0007171630859375
26.32227325439453,0.0009307861328125
26.268096923828125,0.000751495361328125
26.456802368164062,0.000858306884765625
26.431974411010742,0.00054931640625
25.800949096679688,0.00095367431640625
26.630483627319336,0.0004787445068359375
26.56523895263672,0.000560760498046875
26.400836944580078,0.000919342041015625
26.282482147216797,0.000461578369140625
26.50177574157715,0.000579833984375
26.712919235229492,0.000621795654296875
25.931020736694336,0.000705718994140625
26.420366287231445,0.000652313232421875
26.313940048217773,0.000690460205078125
26.006305694580078,0.000606536865234375
26.02783966064453,0.0007476806640625
26.529617309570312,0.000835418701171875
26.551599502563477,0.000732421875
26.139816284179688,0.0003948211669921875
25.640607833862305,0.00075531005859375
26.572154998779297,0.00060272216796875
26.280048370361328,0.00060272216796875
26.056306838989258,0.00066375732421875
26.400541305541992,0.000621795654296875
26.643268585205078,0.0006866455078125
26.66062355041504,0.000713348388671875
26.42348861694336,0.00067901611328125
26.41791343688965,0.000652313232421875
26.58357048034668,0.00096893310546875
26.62180519104004,0.000514984130859375
26.22249412536621,0.00054168701171875
26.271202087402344,0.001068115234375
26.46080780029297,0.000835418701171875
25.601486206054688,0.000896453857421875
26.12759017944336,0.000621795654296875
26.39185905456543,0.00087738037109375
26.142915725708008,0.000774383544921875
26.291664123535156,0.000446319580078125
26.04727554321289,0.00083160400390625
26.092342376708984,0.00045013427734375
25.831832885742188,0.000823974609375
26.555028915405273,0.0004405975341796875
26.64552879333496,0.00113677978515625
25.589561462402344,0.00064849853515625
26.738239288330078,0.000701904296875
26.11222267150879,0.000797271728515625
26.3786678314209,0.000667572021484375
26.230331420898438,0.00070953369140625
25.649675369262695,0.0003414154052734375
25.980192184448242,0.000576019287109375
26.91280746459961,0.00067901611328125
26.208845138549805,0.000640869140625
26.510181427001953,0.00074005126953125
26.45947265625,0.00055694580078125
26.60708999633789,0.000881195068359375
26.897397994995117,0.000644683837890625
26.069169998168945,0.00058746337890625
26.400413513183594,0.000583648681640625
26.56328773498535,0.00054931640625
26.8186092376709,0.00087738037109375
26.54041862487793,0.0006866455078125
26.392837524414062,0.0004520416259765625
27.002819061279297,0.000728607177734375
26.753366470336914,0.000705718994140625
26.48512077331543,0.000591278076171875
25.643556594848633,0.0004444122314453125
26.33828353881836,0.0007781982421875
26.20513916015625,0.00055694580078125
25.921445846557617,0.000614166259765625
25.815629959106445,0.00051116943359375
26.384536743164062,0.0004863739013671875
26.488073348999023,0.000789642333984375
25.913959503173828,0.0004119873046875
26.476886749267578,0.000804901123046875
26.717037200927734,0.000896453857421875
26.152721405029297,0.000782012939453125
26.304399490356445,0.000728607177734375
26.274097442626953,0.000713348388671875
26.788270950317383,0.000530242919921875
26.930099487304688,0.001068115234375
26.54815101623535,0.00060272216796875
26.6864070892334,0.0006866455078125
26.407684326171875,0.000946044921875
26.689863204956055,0.0006103515625
26.12557029724121,0.0008697509765625
26.809234619140625,0.00103759765625
26.492708206176758,0.0005645751953125
26.68536376953125,0.0004863739013671875
26.40996551513672,0.000377655029296875
26.554250717163086,0.000728607177734375
26.306838989257812,0.0009613037109375
26.500431060791016,0.0006561279296875
26.540061950683594,0.000789642333984375
26.27652931213379,0.000762939453125
25.754581451416016,0.000705718994140625
26.679906845092773,0.000736236572265625
26.54906463623047,0.00052642822265625
26.007488250732422,0.000579833984375
26.296802520751953,0.00099945068359375
26.85700798034668,0.001190185546875
26.589855194091797,0.000415802001953125
26.665294647216797,0.000499725341796875
26.011125564575195,0.0004329681396484375
26.025436401367188,0.000705718994140625
26.337881088256836,0.000720977783203125
26.176565170288086,0.000553131103515625
26.829248428344727,0.000965118408203125
25.853614807128906,0.000537872314453125
26.216739654541016,0.0006866455078125
25.771282196044922,0.00084686279296875
26.13210105895996,0.00115203857421875
26.450246810913086,0.00061798095703125
26.447172164916992,0.00074005126953125
26.352245330810547,0.000827789306640625
26.588024139404297,0.0008087158203125
26.162927627563477,0.000514984130859375
26.669710159301758,0.00078582763671875
26.379060745239258,0.000606536865234375
26.477346420288086,0.000732421875
26.24602699279785,0.00046539306640625
26.637598037719727,0.00072479248046875
26.286174774169922,0.000675201416015625
26.563608169555664,0.00051116943359375
26.04680824279785,0.000644683837890625
26.37931251525879,0.000492095947265625
26.289386749267578,0.000713348388671875
26.255977630615234,0.000736236572265625
26.21396255493164,0.00069427490234375
26.6806583404541,0.0006256103515625
26.154115676879883,0.00106048583984375
26.29594612121582,0.00060272216796875
26.626453399658203,0.0013275146484375
25.78048324584961,0.000560760498046875
26.35362434387207,0.0008544921875
26.59979820251465,0.000499725341796875
26.5023250579834,0.000644683837890625
26.309364318847656,0.0005950927734375
26.076427459716797,0.000629425048828125
26.782331466674805,0.00119781494140625
26.44007682800293,0.000629425048828125
26.683305740356445,0.0009613037109375
26.25537109375,0.0005645751953125
26.650638580322266,0.00066375732421875
26.3217830657959,0.00074005126953125
26.70988655090332,0.000720977783203125
26.65230369567871,0.000766754150390625
26.64708137512207,0.000629425048828125
26.20418357849121,0.00102996826171875
26.339963912963867,0.000682830810546875
26.70916175842285,0.000690460205078125
26.866470336914062,0.00058746337890625
26.540014266967773,0.0005035400390625
26.0703067779541,0.00075531005859375
26.49554443359375,0.000766754150390625
26.591678619384766,0.000640869140625
26.57436180114746,0.001190185546875
26.54230499267578,0.00064849853515625
26.649633407592773,0.000640869140625
25.976028442382812,0.00078582763671875
26.617551803588867,0.000782012939453125
26.2758731842041,0.00099945068359375
25.933000564575195,0.000682830810546875
26.422664642333984,0.0005340576171875
26.44560432434082,0.000637054443359375
26.42937660217285,0.000606536865234375
26.687070846557617,0.000701904296875
26.287368774414062,0.000934600830078125
25.676584243774414,0.0008087158203125
26.33392333984375,0.00070953369140625
25.79671287536621,0.000621795654296875
25.752878189086914,0.0007476806640625
26.543413162231445,0.000522613525390625
26.061817169189453,0.000720977783203125
26.22711753845215,0.000576019287109375
25.697423934936523,0.0003871917724609375
26.55208396911621,0.000728607177734375
26.601215362548828,0.000438690185546875
26.1473445892334,0.000766754150390625
26.089141845703125,0.0007781982421875
25.469018936157227,0.0005340576171875
25.310335159301758,0.000720977783203125
26.36661720275879,0.00046539306640625
26.320152282714844,0.000743865966796875
25.919906616210938,0.0004634857177734375
26.244264602661133,0.0005645751953125
26.34548568725586,0.000705718994140625
26.058053970336914,0.00064849853515625
26.224454879760742,0.000957489013671875
26.561254501342773,0.000591278076171875
26.578386306762695,0.00057220458984375
26.0844783782959,0.000652313232421875
26.375001907348633,0.000682830810546875
26.554832458496094,0.000530242919921875
26.459449768066406,0.00087738037109375
26.083181381225586,0.00066375732421875
26.486631393432617,0.000720977783203125
25.643789291381836,0.0008087158203125
26.131807327270508,0.000606536865234375
26.310392379760742,0.000667572021484375
26.807415008544922,0.000591278076171875
26.322614669799805,0.000820159912109375
26.756717681884766,0.000926971435546875
26.166532516479492,0.0009918212890625
26.738473892211914,0.000705718994140625
26.968957901000977,0.000640869140625
26.1671199798584,0.00093841552734375
26.031877517700195,0.00061798095703125
26.443069458007812,0.00067901611328125
26.220821380615234,0.000591278076171875
26.78773307800293,0.00086212158203125
26.702800750732422,0.0004825592041015625
26.290983200073242,0.000705718994140625
26.40854835510254,0.000701904296875
26.578920364379883,0.00052642822265625
26.86887550354004,0.000934600830078125
26.018400192260742,0.000530242919921875
26.163991928100586,0.00078582763671875
26.778757095336914,0.0011138916015625
26.25345802307129,0.00058746337890625
26.273826599121094,0.0004215240478515625
26.25541877746582,0.00087738037109375
26.711069107055664,0.000720977783203125
26.326251983642578,0.0005035400390625
26.311687469482422,0.00092315673828125
26.37569236755371,0.000438690185546875
26.307655334472656,0.000499725341796875
25.87165069580078,0.00058746337890625
25.892791748046875,0.000823974609375
26.241016387939453,0.000591278076171875
26.530126571655273,0.000659942626953125
26.362098693847656,0.00064849853515625
26.650901794433594,0.00075531005859375
26.26088523864746,0.000690460205078125
25.938718795776367,0.000446319580078125
25.88930320739746,0.000659942626953125
26.326515197753906,0.000629425048828125
26.36204719543457,0.0006866455078125
26.634428024291992,0.0007171630859375
26.590126037597656,0.000640869140625
26.77984619140625,0.000705718994140625
26.126859664916992,0.00049591064453125
26.13197898864746,0.000560760498046875
26.41120719909668,0.000881195068359375
26.590572357177734,0.00099945068359375
26.47654914855957,0.00083160400390625
26.417766571044922,0.000850677490234375
26.221237182617188,0.000514984130859375
26.63397216796875,0.000698089599609375
26.74988555908203,0.000667572021484375
26.59867286682129,0.000553131103515625
26.32695960998535,0.000751495361328125
26.329822540283203,0.00049591064453125
26.241294860839844,0.000576019287109375
26.288734436035156,0.000644683837890625
26.712787628173828,0.00055694580078125
26.125307083129883,0.000946044921875
26.408443450927734,0.000701904296875
26.25591468811035,0.001007080078125
26.687606811523438,0.000598907470703125
26.311357498168945,0.00081634521484375
25.986921310424805,0.0010528564453125
26.233999252319336,0.000827789306640625
26.756473541259766,0.000606536865234375
26.093685150146484,0.000812530517578125
26.493078231811523,0.0004024505615234375
26.090627670288086,0.0006561279296875
26.638290405273438,0.0006256103515625
25.900840759277344,0.000690460205078125
26.60442352294922,0.00067901611328125
26.53528594970703,0.00069427490234375
26.026321411132812,0.00077056884765625
26.532716751098633,0.00054168701171875
26.458377838134766,0.0009765625
26.189725875854492,0.00051116943359375
26.54201316833496,0.00103759765625
26.598669052124023,0.00086212158203125
25.973907470703125,0.000507354736328125
26.058490753173828,0.00069427490234375
26.800283432006836,0.0008392333984375
26.735015869140625,0.000640869140625
26.240158081054688,0.000698089599609375
26.594209671020508,0.000629425048828125
26.5546932220459,0.000652313232421875
26.532440185546875,0.00066375732421875
26.339887619018555,0.000652313232421875
25.949260711669922,0.0009307861328125
26.170866012573242,0.000499725341796875
26.185901641845703,0.0008087158203125
25.942005157470703,0.000732421875
26.35769271850586,0.000934600830078125
26.008098602294922,0.000720977783203125
26.797109603881836,0.000682830810546875
26.455169677734375,0.000804901123046875
25.74407196044922,0.00087738037109375
26.489521026611328,0.00077056884765625
26.64763069152832,0.00066375732421875
26.36292839050293,0.000705718994140625
26.516576766967773,0.0008544921875
26.38853645324707,0.00054931640625
26.47686004638672,0.000583648681640625
26.307157516479492,0.000732421875
26.374496459960938,0.00099945068359375
26.486299514770508,0.0008392333984375
26.60992431640625,0.000518798828125
26.597158432006836,0.00081634521484375
26.397144317626953,0.00051116943359375
26.595979690551758,0.00054931640625
26.2142276763916,0.0007476806640625
26.585119247436523,0.000701904296875
25.884092330932617,0.000514984130859375
26.34528923034668,0.00048065185546875
26.50773048400879,0.000823974609375
25.818815231323242,0.00060272216796875
26.81377601623535,0.000797271728515625
26.303970336914062,0.00060272216796875
26.457666397094727,0.000701904296875
26.853919982910156,0.00049591064453125
25.995018005371094,0.000881195068359375
26.6961727142334,0.00052642822265625
25.8831729888916,0.00061798095703125
26.029048919677734,0.000728607177734375
26.390953063964844,0.000698089599609375
25.88437271118164,0.0005645751953125
26.063371658325195,0.0005340576171875
26.3491268157959,0.000640869140625
26.463003158569336,0.0008087158203125
26.619873046875,0.000576019287109375
26.158803939819336,0.00102996826171875
26.117366790771484,0.000698089599609375
26.419816970825195,0.00054168701171875
26.32524299621582,0.000713348388671875
26.655668258666992,0.000743865966796875
26.529664993286133,0.000942230224609375
26.258747100830078,0.000591278076171875
26.405141830444336,0.000667572021484375
26.269882202148438,0.000881195068359375
26.761783599853516,0.000682830810546875
26.672605514526367,0.00086212158203125
26.261783599853516,0.00075531005859375
26.348865509033203,0.000827789306640625
26.440061569213867,0.00075531005859375
26.646440505981445,0.000568389892578125
26.165307998657227,0.0005645751953125
26.423519134521484,0.000637054443359375
25.970449447631836,0.00055694580078125
26.50974464416504,0.000423431396484375
26.616901397705078,0.000659942626953125
26.430818557739258,0.000568389892578125
26.806692123413086,0.00040435791015625
26.646587371826172,0.000820159912109375
25.96044158935547,0.000701904296875
26.58841323852539,0.000850677490234375
26.167036056518555,0.0008392333984375
26.666078567504883,0.00070953369140625
26.538267135620117,0.0005950927734375
26.26896095275879,0.00060272216796875
26.06317710876465,0.000583648681640625
26.652013778686523,0.0008544921875
26.46489906311035,0.0010833740234375
26.693246841430664,0.000782012939453125
26.23939323425293,0.00092315673828125
26.544775009155273,0.0005950927734375
26.566089630126953,0.0010833740234375
26.851221084594727,0.000946044921875
26.627161026000977,0.000919342041015625
26.103166580200195,0.00101470947265625
26.811214447021484,0.00091552734375
25.904706954956055,0.00064849853515625
26.829763412475586,0.000614166259765625
26.490243911743164,0.000812530517578125
25.98833656311035,0.000911712646484375
26.41091537475586,0.0005950927734375
25.792268753051758,0.000583648681640625
26.024871826171875,0.00067901611328125
26.300518035888672,0.00087738037109375
26.49558448791504,0.00048828125
26.238903045654297,0.00048065185546875
26.115840911865234,0.00051116943359375
26.732162475585938,0.00049591064453125
26.098434448242188,0.00096893310546875
26.879104614257812,0.00067901611328125
25.39872932434082,0.00074005126953125
26.445186614990234,0.000873565673828125
26.663110733032227,0.00090789794921875
25.833955764770508,0.00067138671875
26.50375747680664,0.00061798095703125
26.65888023376465,0.0009613037109375
26.50140380859375,0.0006561279296875
26.502819061279297,0.0006256103515625
26.54443359375,0.00081634521484375
26.330337524414062,0.00113677978515625
26.008129119873047,0.0008697509765625
26.17841148376465,0.0008544921875
26.516084671020508,0.000675201416015625
26.724624633789062,0.000736236572265625
26.492229461669922,0.000843048095703125
26.401948928833008,0.00069427490234375
26.633609771728516,0.00055694580078125
25.770925521850586,0.000865936279296875
26.682605743408203,0.0007476806640625
26.30182647705078,0.00110626220703125
26.026273727416992,0.000583648681640625
26.093772888183594,0.00074005126953125
26.613636016845703,0.00063323974609375
26.442319869995117,0.00090789794921875
26.618419647216797,0.0005645751953125
26.293458938598633,0.000949859619140625
26.641742706298828,0.0006561279296875
26.189857482910156,0.000732421875
26.314424514770508,0.0008544921875
26.040813446044922,0.00070953369140625
26.325157165527344,0.000881195068359375
26.410690307617188,0.0005950927734375
26.648616790771484,0.000705718994140625
26.40138816833496,0.00067901611328125
26.362579345703125,0.00066375732421875
26.622055053710938,0.00075531005859375
26.25117301940918,0.000946044921875
26.24913787841797,0.00069427490234375
26.79560089111328,0.000614166259765625
26.253093719482422,0.000507354736328125
26.251272201538086,0.000576019287109375
26.431570053100586,0.0006103515625
26.336380004882812,0.000553131103515625
26.424158096313477,0.000850677490234375
26.04361915588379,0.000885009765625
26.655813217163086,0.00075531005859375
26.010610580444336,0.00080108642578125
26.362743377685547,0.0006256103515625
26.389991760253906,0.000530242919921875
26.58344268798828,0.000659942626953125
25.861007690429688,0.000568389892578125
26.72377586364746,0.00048828125
25.949926376342773,0.00093841552734375
26.81936264038086,0.0006256103515625
26.005640029907227,0.000827789306640625
26.589191436767578,0.000850677490234375
26.230504989624023,0.0005035400390625
26.466793060302734,0.00115966796875
25.97356414794922,0.00118255615234375
26.799579620361328,0.00058746337890625
26.024322509765625,0.0007171630859375
26.333629608154297,0.00063323974609375
26.53144645690918,0.0009307861328125
26.737815856933594,0.000873565673828125
26.49061393737793,0.00058746337890625
26.62550163269043,0.00061798095703125
26.66615104675293,0.0009002685546875
27.009727478027344,0.0011444091796875
26.703441619873047,0.000461578369140625
26.32375717163086,0.000652313232421875
26.868358612060547,0.000736236572265625
26.55590057373047,0.000545501708984375
26.245376586914062,0.000644683837890625
26.430471420288086,0.00084686279296875
26.011791229248047,0.000820159912109375
26.42583656311035,0.000843048095703125
26.568588256835938,0.00096893310546875
26.120344161987305,0.0008544921875
26.227855682373047,0.00096893310546875
26.534879684448242,0.000858306884765625
25.66608238220215,0.00074005126953125
26.352481842041016,0.0004425048828125
26.567453384399414,0.00061798095703125
25.90796661376953,0.0006256103515625
26.648181915283203,0.0004024505615234375
26.532146453857422,0.00052642822265625
26.684329986572266,0.00049591064453125
26.78480339050293,0.000797271728515625
26.379493713378906,0.000896453857421875
26.391246795654297,0.000942230224609375
25.896625518798828,0.000545501708984375
26.68536376953125,0.00060272216796875
26.259044647216797,0.0008544921875
26.714191436767578,0.000820159912109375
26.525691986083984,0.0007476806640625
26.271486282348633,0.000957489013671875
26.23362922668457,0.000728607177734375
26.12251853942871,0.0006103515625
26.5859375,0.00066375732421875
26.633256912231445,0.0006561279296875
25.862228393554688,0.00054168701171875
26.163488388061523,0.000591278076171875
26.46884536743164,0.000732421875
26.83635711669922,0.000446319580078125
25.846664428710938,0.001007080078125
26.14781379699707,0.000682830810546875
26.31240463256836,0.000865936279296875
26.50402069091797,0.00052642822265625
26.24643325805664,0.00067138671875
26.492706298828125,0.000705718994140625
26.119436264038086,0.000865936279296875
26.689504623413086,0.000629425048828125
26.161169052124023,0.000659942626953125
26.769439697265625,0.00102996826171875
26.466440200805664,0.000751495361328125
26.749313354492188,0.00061798095703125
26.66668701171875,0.00067138671875
26.629440307617188,0.000614166259765625
26.205158233642578,0.000461578369140625
26.257699966430664,0.00061798095703125
26.387807846069336,0.000553131103515625
26.6175479888916,0.00069427490234375
26.36613655090332,0.000667572021484375
25.37905502319336,0.000675201416015625
26.514469146728516,0.000774383544921875
25.862621307373047,0.000530242919921875
26.45277976989746,0.0009613037109375
25.75790023803711,0.000545501708984375
26.017066955566406,0.00051116943359375
26.3716983795166,0.00057220458984375
26.544357299804688,0.000606536865234375
26.395950317382812,0.00074005126953125
26.207229614257812,0.000652313232421875
26.75749969482422,0.00069427490234375
26.48443603515625,0.000591278076171875
25.851581573486328,0.000637054443359375
26.312807083129883,0.000492095947265625
26.664188385009766,0.000728607177734375
26.29723358154297,0.00092315673828125
26.386890411376953,0.000518798828125
26.879810333251953,0.00066375732421875
26.047460556030273,0.000568389892578125
26.246185302734375,0.00052642822265625
26.863826751708984,0.000537872314453125
26.03961944580078,0.00102996826171875
26.630043029785156,0.00052642822265625
26.511547088623047,0.000637054443359375
26.425003051757812,0.000865936279296875
26.374950408935547,0.000598907470703125
26.43317985534668,0.000492095947265625
25.94877052307129,0.00074005126953125
26.561840057373047,0.000732421875
26.273813247680664,0.000667572021484375
26.44663429260254,0.00055694580078125
25.860139846801758,0.00067901611328125
26.29469871520996,0.0006256103515625
26.33323860168457,0.000797271728515625
26.437606811523438,0.000949859619140625
26.292083740234375,0.000530242919921875
25.566699981689453,0.000812530517578125
26.437786102294922,0.0006866455078125
25.513505935668945,0.00112152099609375
26.775882720947266,0.000675201416015625
26.065204620361328,0.000652313232421875
26.32427406311035,0.0004405975341796875
26.122333526611328,0.000469207763671875
26.747756958007812,0.000690460205078125
26.56114387512207,0.00086212158203125
26.456605911254883,0.000919342041015625
26.429197311401367,0.00057220458984375
26.229841232299805,0.00075531005859375
26.176015853881836,0.00070953369140625
26.187973022460938,0.000843048095703125
26.673324584960938,0.00074005126953125
26.437938690185547,0.00066375732421875
26.744861602783203,0.000736236572265625
25.927932739257812,0.0009613037109375
26.413585662841797,0.00083160400390625
26.095413208007812,0.0007476806640625
26.233346939086914,0.000518798828125
26.246381759643555,0.0011749267578125
26.645944595336914,0.000942230224609375
26.625770568847656,0.000690460205078125
26.38391876220703,0.00079345703125
26.148113250732422,0.000583648681640625
26.252460479736328,0.000629425048828125
26.499887466430664,0.000629425048828125
25.792335510253906,0.00080108642578125
25.794397354125977,0.000782012939453125
26.420541763305664,0.000514984130859375
26.507118225097656,0.000637054443359375
26.326589584350586,0.00061798095703125
26.668275833129883,0.000759124755859375
26.116912841796875,0.000705718994140625
26.180387496948242,0.00084686279296875
26.496618270874023,0.000797271728515625
26.2148380279541,0.0009307861328125
25.52846336364746,0.000507354736328125
26.120128631591797,0.000598907470703125
26.473630905151367,0.000823974609375
26.311840057373047,0.000579833984375
26.84576988220215,0.000461578369140625
26.64509391784668,0.000888824462890625
26.085966110229492,0.000629425048828125
26.39944076538086,0.0007171630859375
26.730144500732422,0.0012054443359375
25.992691040039062,0.000911712646484375
26.509599685668945,0.00057220458984375
25.993122100830078,0.000396728515625
26.394739151000977,0.00086212158203125
25.916677474975586,0.00089263916015625
26.640901565551758,0.000629425048828125
26.364919662475586,0.000946044921875
26.696741104125977,0.000682830810546875
26.640277862548828,0.00067138671875
26.783437728881836,0.000820159912109375
25.983619689941406,0.000949859619140625
26.389148712158203,0.000766754150390625
26.539949417114258,0.000728607177734375
26.151704788208008,0.000766754150390625
25.895524978637695,0.000640869140625
26.536766052246094,0.000545501708984375
25.88939094543457,0.00070953369140625
26.457597732543945,0.0006256103515625
26.11431121826172,0.000804901123046875
26.471542358398438,0.0007781982421875
26.277015686035156,0.0004177093505859375
26.562793731689453,0.00125885009765625
26.402387619018555,0.000514984130859375
26.625532150268555,0.0006866455078125
26.08841323852539,0.0007171630859375
26.581857681274414,0.0008697509765625
26.101564407348633,0.000957489013671875
26.78408432006836,0.00054931640625
26.26272201538086,0.000545501708984375
26.365888595581055,0.00080108642578125
26.84096908569336,0.00054168701171875
26.66665267944336,0.0004825592041015625
26.149036407470703,0.000873565673828125
26.526899337768555,0.000705718994140625
26.3839054107666,0.000553131103515625
26.411422729492188,0.000457763671875
26.289249420166016,0.000774383544921875
26.139978408813477,0.00035858154296875
26.302749633789062,0.00067901611328125
26.890491485595703,0.0006256103515625
26.404205322265625,0.000713348388671875
26.361125946044922,0.00067138671875
26.38352394104004,0.0005645751953125
26.58272933959961,0.00101470947265625
26.77227020263672,0.000545501708984375
26.813318252563477,0.0012359619140625
26.272275924682617,0.00081634521484375
26.865079879760742,0.0004673004150390625
25.9542179107666,0.000812530517578125
26.511085510253906,0.0007171630859375
26.454965591430664,0.0007781982421875
25.952669143676758,0.0006866455078125
26.619901657104492,0.000823974609375
26.424518585205078,0.000423431396484375
26.739351272583008,0.0005645751953125
26.370128631591797,0.00084686279296875
26.45308494567871,0.000652313232421875
25.98725700378418,0.0006103515625
26.41791343688965,0.0009765625
26.45287322998047,0.000553131103515625
25.84899139404297,0.000759124755859375
26.115070343017578,0.00043487548828125
26.22463035583496,0.000518798828125
26.766324996948242,0.000537872314453125
26.279273986816406,0.000720977783203125
26.151094436645508,0.00098419189453125
26.052820205688477,0.000579833984375
26.538721084594727,0.000896453857421875
26.33815574645996,0.00055694580078125
26.279462814331055,0.0007476806640625
26.351926803588867,0.000690460205078125
26.11572265625,0.000827789306640625
26.266246795654297,0.0003719329833984375
26.53524398803711,0.00103759765625
26.070480346679688,0.001190185546875
25.693445205688477,0.00080108642578125
26.713844299316406,0.000583648681640625
26.59552574157715,0.0007171630859375
26.200050354003906,0.000675201416015625
26.493526458740234,0.00080108642578125
26.570920944213867,0.000827789306640625
26.003620147705078,0.000698089599609375
26.718164443969727,0.000762939453125
26.115367889404297,0.000820159912109375
26.458066940307617,0.000606536865234375
25.985429763793945,0.00070953369140625
26.436704635620117,0.00067138671875
26.472454071044922,0.000701904296875
26.300966262817383,0.0005035400390625
26.695714950561523,0.00067138671875
26.42744255065918,0.00078582763671875
26.453222274780273,0.000896453857421875
26.260730743408203,0.0006103515625
26.295236587524414,0.000782012939453125
26.297964096069336,0.00098419189453125
26.395578384399414,0.00083160400390625
26.373493194580078,0.00101470947265625
26.483657836914062,0.00079345703125
26.549711227416992,0.000621795654296875
26.595611572265625,0.000560760498046875
26.321510314941406,0.000888824462890625
26.781801223754883,0.000698089599609375
25.776208877563477,0.000888824462890625
26.81505012512207,0.000972747802734375
26.82976531982422,0.000530242919921875
26.676708221435547,0.00112152099609375
26.503028869628906,0.0004215240478515625
26.531082153320312,0.000629425048828125
26.438535690307617,0.000675201416015625
26.36369514465332,0.00055694580078125
26.258041381835938,0.000782012939453125
26.291913986206055,0.000904083251953125
26.489473342895508,0.000843048095703125
26.652355194091797,0.0007781982421875
25.974557876586914,0.00099945068359375
26.263776779174805,0.000823974609375
26.705745697021484,0.00070953369140625
26.244426727294922,0.000644683837890625
26.606395721435547,0.000972747802734375
25.6352596282959,0.00090789794921875
26.451265335083008,0.00058746337890625
26.274333953857422,0.00054168701171875
26.681743621826172,0.0005340576171875
26.478818893432617,0.000621795654296875
26.211198806762695,0.000766754150390625
26.104721069335938,0.0004119873046875
26.34133529663086,0.000766754150390625
26.033246994018555,0.000774383544921875
26.549543380737305,0.000885009765625
26.613779067993164,0.00080108642578125
26.120830535888672,0.000736236572265625
26.732561111450195,0.000732421875
26.581817626953125,0.00070953369140625
26.23362922668457,0.0004730224609375
26.673471450805664,0.000957489013671875
26.4615478515625,0.00048828125
26.528133392333984,0.000499725341796875
26.839624404907227,0.00067901611328125
26.271678924560547,0.00067901611328125
26.551677703857422,0.000640869140625
26.575965881347656,0.0004482269287109375
26.56063461303711,0.00067138671875
26.620317459106445,0.00104522705078125
26.55016326904297,0.0004482269287109375
26.725358963012695,0.0003223419189453125
26.660526275634766,0.000858306884765625
26.49358558654785,0.00054168701171875
26.530208587646484,0.000865936279296875
25.84241485595703,0.000568389892578125
26.49163055419922,0.00083160400390625
26.5219669342041,0.000629425048828125
26.411479949951172,0.000621795654296875
26.124784469604492,0.00079345703125
26.379528045654297,0.00095367431640625
26.273218154907227,0.00069427490234375
26.38153839111328,0.000492095947265625
26.709360122680664,0.000896453857421875
26.56224250793457,0.000675201416015625
26.525705337524414,0.00049591064453125
25.87068748474121,0.000576019287109375
26.554466247558594,0.000583648681640625
26.17547607421875,0.00060272216796875
26.244091033935547,0.000743865966796875
26.21118927001953,0.000820159912109375
26.16233253479004,0.0005950927734375
26.672094345092773,0.00103759765625
25.989137649536133,0.000667572021484375
26.497840881347656,0.00058746337890625
26.451438903808594,0.000690460205078125
25.92571449279785,0.00099945068359375
26.2012996673584,0.000629425048828125
26.238779067993164,0.000820159912109375
26.151123046875,0.000698089599609375
26.15193748474121,0.00084686279296875
26.139482498168945,0.000698089599609375
26.246889114379883,0.000949859619140625
26.18525505065918,0.000659942626953125
26.441225051879883,0.000659942626953125
26.6108341217041,0.00066375732421875
26.366727828979492,0.0006256103515625
26.393980026245117,0.00081634521484375
26.361413955688477,0.000732421875
26.310461044311523,0.000751495361328125
26.297121047973633,0.0005645751953125
26.229888916015625,0.0008392333984375
26.193572998046875,0.00063323974609375
25.8472957611084,0.00069427490234375
26.04226303100586,0.00078582763671875
26.970766067504883,0.00086212158203125
26.58979034423828,0.000812530517578125
26.49502182006836,0.000820159912109375
26.63414192199707,0.000545501708984375
26.2104549407959,0.00078582763671875
26.483078002929688,0.000644683837890625
26.40486717224121,0.0006561279296875
26.761301040649414,0.0007476806640625
25.959718704223633,0.000682830810546875
26.161245346069336,0.000850677490234375
26.56985092163086,0.00087738037109375
26.889423370361328,0.000698089599609375
26.124330520629883,0.0004825592041015625
26.505741119384766,0.000545501708984375
26.427289962768555,0.000881195068359375
26.40438461303711,0.00063323974609375
26.568925857543945,0.000652313232421875
26.389314651489258,0.000823974609375
26.791013717651367,0.0009765625
26.062583923339844,0.000728607177734375
26.339263916015625,0.000732421875
26.522903442382812,0.0007781982421875
26.29163932800293,0.000553131103515625
26.10030746459961,0.000728607177734375
26.380544662475586,0.0004730224609375
26.238388061523438,0.00070953369140625
26.338119506835938,0.000698089599609375
26.685802459716797,0.000858306884765625
25.6846866607666,0.0004024505615234375
26.33867835998535,0.0009002685546875
26.546924591064453,0.000843048095703125
26.3479061126709,0.000728607177734375
26.517305374145508,0.0003910064697265625
26.701311111450195,0.000579833984375
26.62397003173828,0.0004405975341796875
26.625513076782227,0.00084686279296875
26.465723037719727,0.0010223388671875
26.802963256835938,0.00061798095703125
25.860654830932617,0.00106048583984375
26.273239135742188,0.000583648681640625
26.06434440612793,0.000659942626953125
25.615938186645508,0.000812530517578125
26.05604362487793,0.0006866455078125
26.988264083862305,0.00055694580078125
26.513452529907227,0.000926971435546875
26.350629806518555,0.000919342041015625
26.788482666015625,0.000606536865234375
26.285127639770508,0.00102996826171875
26.114473342895508,0.00052642822265625
26.55322265625,0.000705718994140625
26.64259910583496,0.000888824462890625
25.8406925201416,0.000690460205078125
26.637550354003906,0.00070953369140625
26.353822708129883,0.000579833984375
27.015026092529297,0.000759124755859375
26.816680908203125,0.000579833984375
26.484451293945312,0.000728607177734375
26.707862854003906,0.0005645751953125
26.53445053100586,0.000713348388671875
26.53584861755371,0.000675201416015625
26.14725112915039,0.000659942626953125
26.34506607055664,0.0004558563232421875
26.38839340209961,0.000598907470703125
26.32558822631836,0.00087738037109375
25.5666446685791,0.00080108642578125
26.593917846679688,0.000946044921875
25.418188095092773,0.000728607177734375
26.51486587524414,0.000675201416015625
26.050386428833008,0.00038909912109375
26.371463775634766,0.00061798095703125
26.239410400390625,0.000835418701171875
26.472673416137695,0.000720977783203125
26.53236198425293,0.000530242919921875
26.438982009887695,0.0006561279296875
25.955591201782227,0.000598907470703125
25.94414710998535,0.0007171630859375
25.84278678894043,0.0006866455078125
26.318626403808594,0.00061798095703125
26.310150146484375,0.000537872314453125
26.36576271057129,0.000827789306640625
26.115243911743164,0.000843048095703125
26.496829986572266,0.00084686279296875
26.137592315673828,0.001007080078125
26.84025001525879,0.000705718994140625
26.0684757232666,0.0004482269287109375
26.06817626953125,0.00064849853515625
26.790809631347656,0.000675201416015625
25.997817993164062,0.0007476806640625
26.536638259887695,0.000514984130859375
26.57200050354004,0.0004367828369140625
26.41210174560547,0.000492095947265625
26.324907302856445,0.000667572021484375
25.944259643554688,0.0004367828369140625
26.170236587524414,0.000514984130859375
26.16986083984375,0.0003490447998046875
26.622112274169922,0.00045013427734375
26.63025665283203,0.000518798828125
26.49749755859375,0.00067138671875
26.47678565979004,0.0006256103515625
26.05495262145996,0.000614166259765625
26.60630226135254,0.00067901611328125
26.6195011138916,0.000530242919921875
26.54481315612793,0.0010223388671875
26.441179275512695,0.000835418701171875
26.678857803344727,0.00064849853515625
26.421886444091797,0.000652313232421875
26.036949157714844,0.0009307861328125
25.97648048400879,0.000820159912109375
26.084030151367188,0.000514984130859375
25.717649459838867,0.0009918212890625
26.729930877685547,0.000537872314453125
26.224756240844727,0.000518798828125
26.216487884521484,0.00066375732421875
26.017621994018555,0.0008392333984375
27.076934814453125,0.000522613525390625
26.518049240112305,0.000637054443359375
26.250560760498047,0.0006103515625
25.983352661132812,0.00064849853515625
26.109296798706055,0.000698089599609375
26.27427101135254,0.00069427490234375
26.496917724609375,0.000881195068359375
26.216705322265625,0.00072479248046875
26.14692497253418,0.000522613525390625
26.40107536315918,0.00057220458984375
26.276201248168945,0.0006103515625
26.196556091308594,0.0004405975341796875
26.415754318237305,0.0006256103515625
26.26801300048828,0.000782012939453125
26.368364334106445,0.000598907470703125
26.66319465637207,0.00080108642578125
26.209531784057617,0.00090789794921875
26.66136360168457,0.0003604888916015625
26.56548309326172,0.00030517578125
26.54574966430664,0.000675201416015625
26.225019454956055,0.001312255859375
25.909008026123047,0.000797271728515625
26.843517303466797,0.00119781494140625
26.711259841918945,0.0011138916015625
25.92486572265625,0.00075531005859375
26.555416107177734,0.00066375732421875
26.079221725463867,0.000701904296875
25.517000198364258,0.00061798095703125
26.135923385620117,0.000782012939453125
26.74051856994629,0.0006866455078125
26.25792694091797,0.00067138671875
26.314624786376953,0.00084686279296875
25.68254852294922,0.000675201416015625
26.532405853271484,0.000751495361328125
26.099523544311523,0.00051116943359375
26.510547637939453,0.00078582763671875
26.314043045043945,0.000652313232421875
26.322315216064453,0.0007171630859375
26.53141212463379,0.000629425048828125
26.356538772583008,0.0004291534423828125
26.40604019165039,0.000885009765625
26.330307006835938,0.000698089599609375
26.073081970214844,0.00075531005859375
26.80682945251465,0.00087738037109375
26.609172821044922,0.000659942626953125
26.123743057250977,0.00049591064453125
26.471195220947266,0.000698089599609375
26.77926254272461,0.000926971435546875
26.39204978942871,0.00052642822265625
26.526451110839844,0.000762939453125
26.80605125427246,0.000640869140625
26.189491271972656,0.0010223388671875
26.66661262512207,0.000598907470703125
26.81740379333496,0.00055694580078125
26.509397506713867,0.000667572021484375
26.120365142822266,0.000682830810546875
26.722457885742188,0.000812530517578125
26.804943084716797,0.0008392333984375
25.569046020507812,0.000885009765625
26.435142517089844,0.00072479248046875
26.64031982421875,0.00057220458984375
26.551414489746094,0.000720977783203125
26.647254943847656,0.000774383544921875
26.010982513427734,0.000637054443359375
25.804183959960938,0.0007781982421875
26.70175552368164,0.00058746337890625
26.336088180541992,0.0006561279296875
26.37090301513672,0.00066375732421875
26.415386199951172,0.000720977783203125
26.628278732299805,0.00054931640625
26.11795997619629,0.0007781982421875
26.46150779724121,0.000823974609375
26.82182502746582,0.0010528564453125
25.9990291595459,0.000804901123046875
26.548208236694336,0.00081634521484375
26.248376846313477,0.0006561279296875
25.83136749267578,0.00048828125
26.272829055786133,0.000667572021484375
26.216552734375,0.00067138671875
26.149944305419922,0.00054931640625
26.567062377929688,0.00080108642578125
26.4202880859375,0.00099945068359375
26.882938385009766,0.000919342041015625
26.14906120300293,0.00063323974609375
25.93390464782715,0.0008392333984375
26.647661209106445,0.0009918212890625
26.639968872070312,0.00113677978515625
26.569276809692383,0.000804901123046875
26.654054641723633,0.000629425048828125
26.383058547973633,0.000774383544921875
25.898658752441406,0.00077056884765625
26.211740493774414,0.00070953369140625
26.467355728149414,0.000644683837890625
25.69826889038086,0.001007080078125
25.756155014038086,0.000438690185546875
26.318439483642578,0.000675201416015625
26.207202911376953,0.000614166259765625
26.345497131347656,0.00093841552734375
26.64742088317871,0.00090789794921875
26.3433895111084,0.000568389892578125
27.11220359802246,0.00112152099609375
26.04468536376953,0.000732421875
26.001148223876953,0.0006103515625
26.0450439453125,0.000598907470703125
26.636768341064453,0.000713348388671875
26.22600746154785,0.00060272216796875
26.657140731811523,0.000598907470703125
26.0242977142334,0.0004673004150390625
26.464746475219727,0.000415802001953125
26.4588565826416,0.000640869140625
26.604928970336914,0.00080108642578125
26.40123748779297,0.00091552734375
26.480470657348633,0.000453948974609375
26.581724166870117,0.00098419189453125
26.47772979736328,0.000835418701171875
26.709741592407227,0.000591278076171875
26.40825843811035,0.0005645751953125
26.436511993408203,0.00067138671875
26.129039764404297,0.00074005126953125
26.525714874267578,0.0010223388671875
26.473617553710938,0.0005950927734375
26.46937370300293,0.000476837158203125
26.454578399658203,0.000804901123046875
26.24418067932129,0.00067138671875
26.724506378173828,0.00041961669921875
27.003936767578125,0.00131988525390625
26.748960494995117,0.000865936279296875
26.51013946533203,0.0007171630859375
26.308473587036133,0.00093841552734375
26.289823532104492,0.000957489013671875
26.48537826538086,0.00041961669921875
26.095857620239258,0.00080108642578125
25.800609588623047,0.0008087158203125
26.554147720336914,0.000568389892578125
25.663944244384766,0.000698089599609375
26.633010864257812,0.000934600830078125
26.045726776123047,0.000736236572265625
26.10222816467285,0.000759124755859375
26.646066665649414,0.00103759765625
26.72722053527832,0.00078582763671875
26.25872802734375,0.000499725341796875
26.395708084106445,0.00046539306640625
26.755107879638672,0.00048065185546875
26.654441833496094,0.0007476806640625
26.574100494384766,0.0006256103515625
26.574968338012695,0.000537872314453125
26.77052879333496,0.000762939453125
26.42603874206543,0.000614166259765625
26.28472137451172,0.000812530517578125
26.590627670288086,0.0008544921875
26.046443939208984,0.000576019287109375
26.39225196838379,0.000728607177734375
26.151691436767578,0.0008544921875
26.742551803588867,0.0003223419189453125
25.99927520751953,0.00066375732421875
26.183881759643555,0.000732421875
26.726037979125977,0.000629425048828125
26.64124298095703,0.000949859619140625
26.600845336914062,0.001190185546875
26.47612762451172,0.000583648681640625
26.4287109375,0.0006866455078125
26.433008193969727,0.0006256103515625
26.15491485595703,0.000507354736328125
26.46377182006836,0.000942230224609375
26.140941619873047,0.00067138671875
26.378816604614258,0.0005340576171875
26.687410354614258,0.00070953369140625
26.091632843017578,0.000545501708984375
26.45541763305664,0.000667572021484375
26.729555130004883,0.000553131103515625
26.37052345275879,0.0004673004150390625
26.661489486694336,0.000568389892578125
26.57619285583496,0.00074005126953125
26.010231018066406,0.00083160400390625
26.487079620361328,0.000614166259765625
25.966184616088867,0.000812530517578125
26.67668342590332,0.00069427490234375
26.621368408203125,0.00081634521484375
26.3822021484375,0.000732421875
26.439828872680664,0.00055694580078125
26.02996253967285,0.000331878662109375
26.300451278686523,0.000568389892578125
26.03850746154785,0.000797271728515625
26.706865310668945,0.0003910064697265625
26.67232894897461,0.0004596710205078125
26.633878707885742,0.00052642822265625
26.55229949951172,0.000553131103515625
26.283252716064453,0.000637054443359375
25.91898536682129,0.000614166259765625
26.56610870361328,0.000682830810546875
26.19551658630371,0.00055694580078125
26.274927139282227,0.000614166259765625
26.72857093811035,0.0012359619140625
26.32969856262207,0.000827789306640625
26.636125564575195,0.00081634521484375
26.874921798706055,0.00080108642578125
26.604995727539062,0.000865936279296875
26.70940589904785,0.000568389892578125
25.99329948425293,0.000812530517578125
26.37343406677246,0.00098419189453125
26.63536262512207,0.00058746337890625
26.567930221557617,0.0004749298095703125
26.62244987487793,0.000560760498046875
26.380281448364258,0.00069427490234375
26.392127990722656,0.000614166259765625
26.535690307617188,0.00099945068359375
26.29313087463379,0.00079345703125
26.476396560668945,0.000705718994140625
26.61110496520996,0.00051116943359375
26.790008544921875,0.000583648681640625
26.28831672668457,0.000644683837890625
26.2434024810791,0.000415802001953125
26.087797164916992,0.000621795654296875
26.78854751586914,0.0007171630859375
26.370649337768555,0.0003452301025390625
26.439430236816406,0.000621795654296875
26.379833221435547,0.000484466552734375
26.535228729248047,0.00098419189453125
26.517139434814453,0.000728607177734375
26.48844337463379,0.001129150390625
26.240095138549805,0.00110626220703125
26.001535415649414,0.0004825592041015625
26.025436401367188,0.00096893310546875
26.64747428894043,0.000759124755859375
26.434097290039062,0.00112152099609375
26.628995895385742,0.00096893310546875
26.207300186157227,0.0006561279296875
26.16463851928711,0.00052642822265625
26.036102294921875,0.000797271728515625
26.509403228759766,0.000553131103515625
26.58482551574707,0.0004863739013671875
26.49287986755371,0.0006561279296875
25.9775333404541,0.0007171630859375
26.274742126464844,0.000713348388671875
26.150190353393555,0.0008544921875
25.81574821472168,0.0004367828369140625
26.446945190429688,0.000553131103515625
25.219079971313477,0.0007171630859375
26.123523712158203,0.00089263916015625
26.421003341674805,0.000965118408203125
26.48518180847168,0.00058746337890625
26.457719802856445,0.0009002685546875
26.784137725830078,0.000621795654296875
26.711776733398438,0.00113677978515625
25.970478057861328,0.0010223388671875
26.29486083984375,0.0006561279296875
25.981592178344727,0.00060272216796875
26.25769805908203,0.000720977783203125
26.129833221435547,0.000583648681640625
26.712080001831055,0.000949859619140625
26.54949951171875,0.0007781982421875
26.43121910095215,0.000522613525390625
25.845142364501953,0.000659942626953125
26.484882354736328,0.0006561279296875
26.33795738220215,0.000827789306640625
26.336698532104492,0.00064849853515625
26.836368560791016,0.000518798828125
26.54824447631836,0.000591278076171875
25.919212341308594,0.000644683837890625
26.21125030517578,0.00067138671875
26.5684814453125,0.00054931640625
26.119112014770508,0.000667572021484375
26.479732513427734,0.000640869140625
26.36831283569336,0.000843048095703125
26.669940948486328,0.0004825592041015625
26.446046829223633,0.00079345703125
26.59237289428711,0.000682830810546875
26.906848907470703,0.00069427490234375
26.80413818359375,0.0004444122314453125
26.65752601623535,0.000812530517578125
26.744722366333008,0.00103759765625
26.32000732421875,0.000896453857421875
25.912399291992188,0.000568389892578125
26.994131088256836,0.000751495361328125
25.9290714263916,0.000713348388671875
26.396564483642578,0.0005950927734375
25.83789825439453,0.00061798095703125
26.419219970703125,0.000728607177734375
25.2932071685791,0.000904083251953125
26.097440719604492,0.0004425048828125
26.50736427307129,0.000377655029296875
25.772695541381836,0.00070953369140625
26.18748664855957,0.00069427490234375
26.65431022644043,0.000675201416015625
26.07306480407715,0.000579833984375
26.459951400756836,0.0005035400390625
26.38225746154785,0.00066375732421875
25.907947540283203,0.000545501708984375
25.935949325561523,0.00067138671875
26.190576553344727,0.0006561279296875
26.531633377075195,0.000919342041015625
26.244850158691406,0.00057220458984375
26.324602127075195,0.000583648681640625
26.459228515625,0.00095367431640625
26.04024887084961,0.00069427490234375
26.304285049438477,0.0002994537353515625
26.443857192993164,0.00077056884765625
25.884689331054688,0.0006866455078125
26.51993751525879,0.000591278076171875
25.61540985107422,0.000812530517578125
26.98073959350586,0.00075531005859375
26.16436004638672,0.000728607177734375
26.314529418945312,0.000965118408203125
26.690641403198242,0.000537872314453125
26.303327560424805,0.000835418701171875
26.44478416442871,0.000499725341796875
26.27220344543457,0.000644683837890625
26.722267150878906,0.0006561279296875
26.509719848632812,0.000583648681640625
25.99909019470215,0.0008392333984375
26.312576293945312,0.000560760498046875
26.3768310546875,0.000629425048828125
26.503366470336914,0.00061798095703125
26.299266815185547,0.000499725341796875
25.848236083984375,0.000644683837890625
26.157482147216797,0.0011138916015625
26.345396041870117,0.00049591064453125
25.844114303588867,0.00078582763671875
26.042022705078125,0.00098419189453125
26.8046932220459,0.000728607177734375
26.576454162597656,0.0007476806640625
26.229463577270508,0.0005950927734375
26.571035385131836,0.000324249267578125
26.440998077392578,0.0008544921875
26.581384658813477,0.00081634521484375
25.77857208251953,0.000682830810546875
26.258630752563477,0.000316619873046875
26.171024322509766,0.000640869140625
26.100191116333008,0.0009918212890625
26.40142822265625,0.000682830810546875
26.430620193481445,0.0006561279296875
26.465017318725586,0.0005645751953125
26.285825729370117,0.000514984130859375
26.329805374145508,0.000736236572265625
26.16619873046875,0.000576019287109375
26.16075325012207,0.000751495361328125
26.482280731201172,0.00116729736328125
25.915868759155273,0.00075531005859375
26.414649963378906,0.0003948211669921875
26.366559982299805,0.00072479248046875
26.172283172607422,0.000579833984375
26.3167667388916,0.0005035400390625
26.701152801513672,0.00080108642578125
26.78643226623535,0.000934600830078125
26.103525161743164,0.0004787445068359375
26.69070053100586,0.0009918212890625
26.484519958496094,0.0005950927734375
26.202621459960938,0.00078582763671875
26.225095748901367,0.00049591064453125
26.223594665527344,0.00107574462890625
26.640361785888672,0.00104522705078125
25.862516403198242,0.0005035400390625
26.704633712768555,0.000690460205078125
26.633047103881836,0.000720977783203125
25.82442283630371,0.000637054443359375
26.775789260864258,0.0009765625
26.22671127319336,0.0004520416259765625
26.176025390625,0.000762939453125
26.593534469604492,0.00083160400390625
25.847009658813477,0.00054931640625
26.419170379638672,0.00078582763671875
26.35474967956543,0.000762939453125
26.548742294311523,0.000759124755859375
26.555652618408203,0.000621795654296875
25.902503967285156,0.0007171630859375
26.130701065063477,0.0006103515625
26.52577018737793,0.000911712646484375
26.297414779663086,0.00067138671875
25.637304306030273,0.000804901123046875
26.01324462890625,0.000888824462890625
25.82021713256836,0.0010223388671875
26.790115356445312,0.00057220458984375
26.579532623291016,0.000911712646484375
26.75386619567871,0.000823974609375
26.508380889892578,0.000576019287109375
26.402446746826172,0.0007171630859375
26.634746551513672,0.000606536865234375
26.17833137512207,0.000667572021484375
26.397886276245117,0.0005950927734375
26.795162200927734,0.000743865966796875
26.342344284057617,0.000789642333984375
26.706031799316406,0.000835418701171875
25.96677589416504,0.00096893310546875
26.33395004272461,0.000640869140625
26.474092483520508,0.000736236572265625
26.694046020507812,0.000911712646484375
26.813261032104492,0.000560760498046875
26.043506622314453,0.0007171630859375
26.748851776123047,0.00066375732421875
26.178329467773438,0.0007171630859375
26.392295837402344,0.000774383544921875
26.289093017578125,0.000568389892578125
26.555334091186523,0.00078582763671875
25.886411666870117,0.000637054443359375
26.025114059448242,0.000560760498046875
26.605093002319336,0.0006256103515625
26.671611785888672,0.000652313232421875
26.43626594543457,0.0006866455078125
26.459543228149414,0.000545501708984375
26.04048728942871,0.0005340576171875
25.89366340637207,0.000629425048828125
26.57061767578125,0.000522613525390625
26.490541458129883,0.000720977783203125
26.582481384277344,0.00063323974609375
26.578657150268555,0.000797271728515625
25.55484390258789,0.000614166259765625
26.623577117919922,0.000652313232421875
26.670772552490234,0.00092315673828125
26.19078826904297,0.0006103515625
26.15290641784668,0.000701904296875
26.925809860229492,0.000881195068359375
26.52857208251953,0.00057220458984375
26.3988094329834,0.000774383544921875
25.803251266479492,0.000804901123046875
26.1145076751709,0.000751495361328125
27.105451583862305,0.0004863739013671875
26.685060501098633,0.000598907470703125
26.114519119262695,0.000637054443359375
26.533838272094727,0.000701904296875
26.712888717651367,0.000431060791015625
26.65355682373047,0.0005340576171875
26.30584144592285,0.000629425048828125
26.276899337768555,0.00077056884765625
26.3928279876709,0.00101470947265625
26.52220916748047,0.00048065185546875
26.67612648010254,0.00061798095703125
26.735450744628906,0.0006866455078125
25.73415184020996,0.000701904296875
26.314970016479492,0.00081634521484375
26.27669906616211,0.000934600830078125
26.154340744018555,0.0003337860107421875
26.368186950683594,0.00084686279296875
26.27251625061035,0.0010986328125
26.426067352294922,0.0008544921875
26.89560317993164,0.00052642822265625
26.38208770751953,0.0005035400390625
25.884220123291016,0.000652313232421875
25.98543357849121,0.001007080078125
26.230754852294922,0.000720977783203125
25.76698112487793,0.00078582763671875
26.296743392944336,0.000659942626953125
26.325599670410156,0.000732421875
26.59187126159668,0.000705718994140625
26.32867431640625,0.00075531005859375
26.20369529724121,0.000789642333984375
26.53555679321289,0.000568389892578125
26.214731216430664,0.000827789306640625
26.3850154876709,0.0005340576171875
26.24344253540039,0.000911712646484375
26.84115219116211,0.00066375732421875
26.68018341064453,0.000751495361328125
26.699369430541992,0.00055694580078125
26.687416076660156,0.0005950927734375
26.195131301879883,0.00063323974609375
26.31149673461914,0.000812530517578125
26.240205764770508,0.000598907470703125
26.753026962280273,0.00046539306640625
26.26657485961914,0.00067901611328125
25.728713989257812,0.00041961669921875
26.14317512512207,0.00084686279296875
26.53199577331543,0.000774383544921875
26.081850051879883,0.000591278076171875
26.159809112548828,0.00077056884765625
26.652273178100586,0.000545501708984375
26.44196319580078,0.000823974609375
26.348405838012695,0.00092315673828125
26.311185836791992,0.000553131103515625
25.912662506103516,0.000621795654296875
26.20083999633789,0.000766754150390625
26.359907150268555,0.00066375732421875
26.622989654541016,0.0009307861328125
26.446758270263672,0.000965118408203125
26.083297729492188,0.000522613525390625
26.5660343170166,0.000885009765625
26.372390747070312,0.000766754150390625
26.25020980834961,0.00096893310546875
26.294788360595703,0.0008392333984375
26.157405853271484,0.000568389892578125
26.54815673828125,0.00066375732421875
25.847543716430664,0.00092315673828125
26.22001838684082,0.00098419189453125
26.186227798461914,0.000492095947265625
25.853618621826172,0.00061798095703125
26.805753707885742,0.000812530517578125
26.368999481201172,0.000873565673828125
26.542926788330078,0.000640869140625
26.6844539642334,0.000621795654296875
26.089277267456055,0.00061798095703125
26.631389617919922,0.000904083251953125
26.52709197998047,0.000507354736328125
26.428695678710938,0.0004444122314453125
26.37828826904297,0.00057220458984375
26.555463790893555,0.0008087158203125
26.70119285583496,0.00067138671875
26.459800720214844,0.00092315673828125
26.163841247558594,0.0006866455078125
26.56772232055664,0.000762939453125
26.392465591430664,0.000568389892578125
26.330074310302734,0.000469207763671875
26.688034057617188,0.000762939453125
26.661209106445312,0.00090789794921875
26.254682540893555,0.000751495361328125
26.7458438873291,0.00063323974609375
26.30870819091797,0.000904083251953125
26.49669647216797,0.00051116943359375
26.350337982177734,0.000499725341796875
25.917787551879883,0.000835418701171875
26.384965896606445,0.000637054443359375
26.339597702026367,0.0004444122314453125
26.598093032836914,0.0007781982421875
26.76622772216797,0.000957489013671875
26.250574111938477,0.000461578369140625
26.150218963623047,0.00113677978515625
26.027324676513672,0.000782012939453125
25.324731826782227,0.000644683837890625
25.765600204467773,0.0007476806640625
26.766897201538086,0.0006256103515625
26.568531036376953,0.00104522705078125
26.330936431884766,0.000804901123046875
26.421796798706055,0.00104522705078125
26.43232536315918,0.000461578369140625
26.65123748779297,0.00051116943359375
26.537471771240234,0.000789642333984375
26.820241928100586,0.0004253387451171875
26.031221389770508,0.00051116943359375
26.315916061401367,0.0008392333984375
26.2457332611084,0.000675201416015625
26.36345672607422,0.0009613037109375
26.74666976928711,0.000835418701171875
26.518321990966797,0.001007080078125
26.79280662536621,0.000789642333984375
26.705127716064453,0.000606536865234375
26.238378524780273,0.000675201416015625
25.983417510986328,0.000591278076171875
27.032333374023438,0.00075531005859375
26.684951782226562,0.000804901123046875
26.374366760253906,0.0006103515625
26.20879554748535,0.00080108642578125
26.019500732421875,0.000644683837890625
26.542375564575195,0.00041961669921875
26.26276397705078,0.000690460205078125
26.217937469482422,0.00069427490234375
26.203611373901367,0.00067138671875
27.233938217163086,0.000812530517578125
26.47001838684082,0.0008544921875
26.232423782348633,0.000835418701171875
26.444211959838867,0.00078582763671875
26.32093620300293,0.000675201416015625
26.93637466430664,0.000720977783203125
26.647062301635742,0.00063323974609375
26.80356216430664,0.00070953369140625
26.5367431640625,0.00106048583984375
26.64438247680664,0.000591278076171875
26.346410751342773,0.000629425048828125
26.687602996826172,0.0009002685546875
26.01369285583496,0.000705718994140625
26.473737716674805,0.0007171630859375
26.668607711791992,0.000652313232421875
26.767807006835938,0.000751495361328125
26.557960510253906,0.00093841552734375
26.608386993408203,0.000640869140625
26.32879638671875,0.000598907470703125
26.168060302734375,0.000705718994140625
26.64727783203125,0.0009002685546875
26.467546463012695,0.000904083251953125
26.50151824951172,0.000629425048828125
26.76093101501465,0.0003566741943359375
26.42621612548828,0.000545501708984375
26.407663345336914,0.000896453857421875
26.164546966552734,0.000873565673828125
26.206697463989258,0.000713348388671875
26.59511375427246,0.00080108642578125
26.325090408325195,0.000885009765625
26.46687889099121,0.00051116943359375
26.402982711791992,0.00060272216796875
26.408451080322266,0.0010528564453125
26.551437377929688,0.000774383544921875
26.73899269104004,0.00069427490234375
26.600873947143555,0.000797271728515625
26.633277893066406,0.000827789306640625
26.124263763427734,0.000629425048828125
26.504833221435547,0.00051116943359375
26.510814666748047,0.00079345703125
25.9967041015625,0.000720977783203125
25.890972137451172,0.00054931640625
26.866117477416992,0.000652313232421875
26.562286376953125,0.000579833984375
26.635108947753906,0.000583648681640625
26.210033416748047,0.000690460205078125
26.25977325439453,0.0003833770751953125
26.84632110595703,0.000820159912109375
25.7987060546875,0.00069427490234375
26.122190475463867,0.00080108642578125
26.052410125732422,0.00061798095703125
26.35312843322754,0.000499725341796875
26.467321395874023,0.000705718994140625
26.071189880371094,0.000507354736328125
26.487520217895508,0.0007781982421875
25.89385414123535,0.000568389892578125
26.45706558227539,0.0008392333984375
26.430387496948242,0.000499725341796875
26.60516929626465,0.000896453857421875
26.47812843322754,0.000499725341796875
26.483497619628906,0.000579833984375
25.935354232788086,0.0006866455078125
26.10061264038086,0.00078582763671875
26.235809326171875,0.000499725341796875
26.30453872680664,0.00106048583984375
26.582462310791016,0.000614166259765625
26.194374084472656,0.00090789794921875
26.434621810913086,0.000606536865234375
26.213205337524414,0.00061798095703125
26.05371856689453,0.000690460205078125
26.161895751953125,0.0004634857177734375
26.194982528686523,0.000644683837890625
26.37181854248047,0.0004825592041015625
26.267086029052734,0.00055694580078125
26.267162322998047,0.00064849853515625
26.111595153808594,0.000583648681640625
26.629066467285156,0.00098419189453125
25.44957160949707,0.0008392333984375
26.435556411743164,0.000606536865234375
26.689085006713867,0.000576019287109375
25.895349502563477,0.000690460205078125
26.689611434936523,0.000392913818359375
26.513219833374023,0.000667572021484375
26.305185317993164,0.00052642822265625
26.35430335998535,0.000698089599609375
26.278139114379883,0.00075531005859375
25.96500587463379,0.000812530517578125
25.96607780456543,0.000728607177734375
26.327587127685547,0.00070953369140625
26.26371192932129,0.000659942626953125
26.10049819946289,0.00051116943359375
26.601987838745117,0.000579833984375
26.061172485351562,0.00051116943359375
26.407859802246094,0.000530242919921875
26.293302536010742,0.000705718994140625
26.414323806762695,0.00080108642578125
26.14727783203125,0.00066375732421875
26.439353942871094,0.000644683837890625
26.727102279663086,0.000762939453125
26.77260398864746,0.0005035400390625
26.752531051635742,0.000751495361328125
26.67473030090332,0.000637054443359375
26.37809944152832,0.000732421875
25.912494659423828,0.0006103515625
26.570556640625,0.00067901611328125
26.263694763183594,0.0009765625
26.563486099243164,0.00061798095703125
26.311878204345703,0.000804901123046875
26.567176818847656,0.00074005126953125
26.247575759887695,0.000598907470703125
26.414325714111328,0.000675201416015625
26.56352424621582,0.000640869140625
25.95962142944336,0.000553131103515625
26.370220184326172,0.0005950927734375
26.7939510345459,0.000453948974609375
25.184038162231445,0.000545501708984375
26.173147201538086,0.000614166259765625
26.067678451538086,0.0006103515625
25.956073760986328,0.000652313232421875
26.426176071166992,0.0006103515625
26.628660202026367,0.000644683837890625
26.520017623901367,0.000736236572265625
25.952695846557617,0.000743865966796875
26.686548233032227,0.00092315673828125
26.608705520629883,0.00115966796875
26.388206481933594,0.000667572021484375
25.583168029785156,0.00061798095703125
26.5316219329834,0.000926971435546875
26.46344566345215,0.001129150390625
26.116626739501953,0.000820159912109375
26.360679626464844,0.000545501708984375
25.990337371826172,0.000751495361328125
25.914033889770508,0.0009765625
26.559364318847656,0.000545501708984375
26.568836212158203,0.0006103515625
26.619037628173828,0.00055694580078125
26.570310592651367,0.0004711151123046875
26.530183792114258,0.000720977783203125
25.912490844726562,0.000904083251953125
26.311452865600586,0.0011749267578125
26.152523040771484,0.00064849853515625
26.31672477722168,0.0004825592041015625
26.56894302368164,0.0009918212890625
26.52811050415039,0.000591278076171875
26.463457107543945,0.0005035400390625
26.307321548461914,0.0005950927734375
26.148839950561523,0.00124359130859375
26.614126205444336,0.0006256103515625
26.19011878967285,0.00052642822265625
26.257244110107422,0.000583648681640625
26.39918327331543,0.000934600830078125
26.612220764160156,0.0005340576171875
26.338809967041016,0.0004787445068359375
26.179975509643555,0.000537872314453125
26.251089096069336,0.0003452301025390625
26.40675926208496,0.0005340576171875
26.61042594909668,0.00080108642578125
25.8773250579834,0.00127410888671875
26.185298919677734,0.00069427490234375
25.982019424438477,0.00057220458984375
26.301145553588867,0.000499725341796875
26.767108917236328,0.000591278076171875
26.349210739135742,0.000732421875
26.36914825439453,0.00080108642578125
26.74172592163086,0.00043487548828125
26.585298538208008,0.000850677490234375
26.37677574157715,0.0005340576171875
26.309850692749023,0.000759124755859375
26.351974487304688,0.000644683837890625
26.372894287109375,0.000659942626953125
26.36197853088379,0.00055694580078125
26.481603622436523,0.000751495361328125
26.83902359008789,0.000782012939453125
26.125993728637695,0.0008544921875
26.289655685424805,0.0008392333984375
26.75459861755371,0.000705718994140625
26.4227352142334,0.00075531005859375
26.253740310668945,0.000926971435546875
26.10890769958496,0.000743865966796875
26.575462341308594,0.000774383544921875
26.414718627929688,0.00153350830078125
26.205219268798828,0.000701904296875
26.389875411987305,0.000888824462890625
26.483219146728516,0.000728607177734375
26.043272018432617,0.000782012939453125
25.481115341186523,0.00091552734375
26.439449310302734,0.000560760498046875
26.88641929626465,0.000827789306640625
26.75017547607422,0.0004329681396484375
26.471166610717773,0.000606536865234375
26.558168411254883,0.0009918212890625
26.291114807128906,0.00052642822265625
26.34210968017578,0.001251220703125
26.16339874267578,0.00098419189453125
26.607803344726562,0.000949859619140625
26.29738426208496,0.000919342041015625
26.109954833984375,0.00063323974609375
26.538572311401367,0.000553131103515625
25.50797462463379,0.000888824462890625
26.690872192382812,0.000518798828125
25.755556106567383,0.0005645751953125
26.906553268432617,0.0008392333984375
25.932043075561523,0.000675201416015625
26.82741928100586,0.000820159912109375
26.72124481201172,0.000843048095703125
26.613569259643555,0.000598907470703125
26.212127685546875,0.00078582763671875
26.24772071838379,0.000537872314453125
26.58538246154785,0.0004520416259765625
26.681800842285156,0.000675201416015625
26.07701301574707,0.00067138671875
26.361236572265625,0.00067901611328125
26.40964126586914,0.00060272216796875
26.19685173034668,0.000762939453125
26.446090698242188,0.00061798095703125
26.47814178466797,0.000701904296875
26.596389770507812,0.000942230224609375
26.6136417388916,0.000858306884765625
26.55915069580078,0.00072479248046875
26.702707290649414,0.00087738037109375
26.291213989257812,0.000469207763671875
26.174415588378906,0.00084686279296875
26.693336486816406,0.000667572021484375
26.3858642578125,0.0004558563232421875
26.65376091003418,0.000774383544921875
26.66948127746582,0.000621795654296875
26.576217651367188,0.000823974609375
26.369037628173828,0.000762939453125
26.37767791748047,0.00087738037109375
26.789928436279297,0.000705718994140625
26.159564971923828,0.000820159912109375
26.539337158203125,0.00084686279296875
25.742189407348633,0.000362396240234375
26.66062355041504,0.000518798828125
26.19024085998535,0.000637054443359375
26.270273208618164,0.000591278076171875
26.39447021484375,0.000957489013671875
26.740093231201172,0.00055694580078125
26.53349494934082,0.000514984130859375
26.42240333557129,0.0008697509765625
26.184406280517578,0.00102996826171875
26.35558319091797,0.00063323974609375
26.159421920776367,0.00098419189453125
26.367061614990234,0.000843048095703125
25.538320541381836,0.00115203857421875
26.192237854003906,0.000415802001953125
26.7287654876709,0.0006866455078125
26.139448165893555,0.0003757476806640625
26.55028533935547,0.000568389892578125
26.278966903686523,0.000919342041015625
26.172521591186523,0.0007781982421875
26.563518524169922,0.000530242919921875
26.37506675720215,0.000926971435546875
26.259984970092773,0.0002727508544921875
26.31494140625,0.0006866455078125
26.665857315063477,0.000728607177734375
26.257022857666016,0.000919342041015625
26.489463806152344,0.000762939453125
26.58218002319336,0.000606536865234375
26.378368377685547,0.000690460205078125
26.359657287597656,0.00081634521484375
26.481462478637695,0.000640869140625
26.85643768310547,0.000614166259765625
26.658069610595703,0.000606536865234375
26.27382469177246,0.0009307861328125
26.235851287841797,0.00101470947265625
26.389833450317383,0.00055694580078125
26.51547622680664,0.0007171630859375
26.264118194580078,0.000408172607421875
26.590593338012695,0.0002574920654296875
26.642520904541016,0.000911712646484375
26.487253189086914,0.0006103515625
26.30788230895996,0.00057220458984375
26.319175720214844,0.000492095947265625
26.699806213378906,0.0008697509765625
26.59347915649414,0.000827789306640625
26.387226104736328,0.00046539306640625
26.019838333129883,0.00084686279296875
26.679264068603516,0.0006561279296875
26.36247444152832,0.0005340576171875
26.478111267089844,0.000701904296875
26.53302764892578,0.0012359619140625
26.535842895507812,0.0008087158203125
26.151546478271484,0.000713348388671875
26.306690216064453,0.000591278076171875
26.200481414794922,0.000789642333984375
26.58821678161621,0.000652313232421875
26.67708396911621,0.000743865966796875
26.35329246520996,0.000843048095703125
26.40100860595703,0.00069427490234375
26.18548583984375,0.000701904296875
27.050336837768555,0.000732421875
26.67666244506836,0.000698089599609375
26.349056243896484,0.00083160400390625
26.395572662353516,0.000698089599609375
26.620664596557617,0.000640869140625
25.89858055114746,0.000553131103515625
26.384122848510742,0.0005950927734375
26.073118209838867,0.000568389892578125
26.136125564575195,0.0005340576171875
26.540712356567383,0.00070953369140625
26.164281845092773,0.0007476806640625
25.890588760375977,0.000308990478515625
26.46652603149414,0.00060272216796875
25.742691040039062,0.000415802001953125
26.33770179748535,0.000728607177734375
26.408151626586914,0.00060272216796875
26.46656036376953,0.001312255859375
26.24776268005371,0.000942230224609375
26.37238121032715,0.00081634521484375
26.215681076049805,0.000728607177734375
26.441417694091797,0.000408172607421875
26.203950881958008,0.001007080078125
26.382177352905273,0.000522613525390625
26.562824249267578,0.000640869140625
26.536258697509766,0.0007781982421875
26.392223358154297,0.000591278076171875
26.286895751953125,0.000598907470703125
26.233936309814453,0.001312255859375
25.94059944152832,0.000949859619140625
26.605480194091797,0.00078582763671875
26.39068603515625,0.00066375732421875
26.958982467651367,0.000576019287109375
26.147918701171875,0.000705718994140625
26.099803924560547,0.00104522705078125
25.836637496948242,0.00072479248046875
26.30194854736328,0.0008544921875
26.238706588745117,0.00084686279296875
26.2409725189209,0.000728607177734375
26.35938262939453,0.000797271728515625
26.029258728027344,0.00046539306640625
26.693052291870117,0.000896453857421875
26.635541915893555,0.00099945068359375
26.313589096069336,0.00096893310546875
26.332792282104492,0.0006561279296875
26.079984664916992,0.0003108978271484375
26.487035751342773,0.000835418701171875
26.265642166137695,0.000652313232421875
26.719890594482422,0.000545501708984375
26.680559158325195,0.001220703125
26.568851470947266,0.000537872314453125
26.69695281982422,0.000728607177734375
26.120668411254883,0.000644683837890625
26.202699661254883,0.000743865966796875
26.55870819091797,0.00060272216796875
26.48781967163086,0.000827789306640625
26.148130416870117,0.0008697509765625
26.338396072387695,0.000926971435546875
26.44709014892578,0.00057220458984375
26.73031997680664,0.00070953369140625
26.624860763549805,0.00090789794921875
26.434587478637695,0.00087738037109375
26.18191909790039,0.000759124755859375
26.348342895507812,0.000392913818359375
26.60482406616211,0.0006866455078125
26.74893569946289,0.00069427490234375
26.511125564575195,0.000774383544921875
26.347625732421875,0.000667572021484375
26.222362518310547,0.0006103515625
26.333370208740234,0.00112152099609375
25.953659057617188,0.000896453857421875
26.662548065185547,0.00069427490234375
26.611600875854492,0.000640869140625
26.53278160095215,0.00102996826171875
26.344192504882812,0.000762939453125
26.811792373657227,0.0004062652587890625
26.192949295043945,0.00084686279296875
26.921463012695312,0.000652313232421875
26.420434951782227,0.000701904296875
26.262670516967773,0.000690460205078125
26.527740478515625,0.00074005126953125
26.04627799987793,0.000850677490234375
26.49146842956543,0.000728607177734375
25.944652557373047,0.000537872314453125
26.5275821685791,0.000598907470703125
26.236421585083008,0.000637054443359375
26.67647361755371,0.000568389892578125
26.754087448120117,0.000644683837890625
